Fri 29/05/2026 - 00:00:15,16.51,100.00,1020.15,4.07,97.00
Fri 29/05/2026 - 00:00:49,16.51,100.00,1020.12,4.08,97.00
Fri 29/05/2026 - 00:01:23,16.51,100.00,1020.10,4.08,97.00
Fri 29/05/2026 - 00:01:57,16.51,100.00,1020.15,4.07,97.00
Fri 29/05/2026 - 00:02:31,16.51,100.00,1020.12,4.07,97.00
Fri 29/05/2026 - 00:03:05,16.50,100.00,1020.11,4.07,97.00
Fri 29/05/2026 - 00:03:39,16.50,100.00,1020.17,4.07,97.00
Fri 29/05/2026 - 00:04:13,16.50,100.00,1020.17,4.07,97.00
Fri 29/05/2026 - 00:04:46,16.50,100.00,1020.21,4.07,97.00
Fri 29/05/2026 - 00:05:20,16.50,100.00,1020.17,4.07,97.00
Fri 29/05/2026 - 00:05:54,16.50,100.00,1020.19,4.07,97.00
Fri 29/05/2026 - 00:06:28,16.50,100.00,1020.20,4.07,97.00
Fri 29/05/2026 - 00:07:02,16.49,100.00,1020.20,4.07,97.00
Fri 29/05/2026 - 00:07:36,16.49,100.00,1020.20,4.08,97.00
Fri 29/05/2026 - 00:08:10,16.49,100.00,1020.22,4.08,97.00
Fri 29/05/2026 - 00:08:44,16.49,100.00,1020.20,4.07,97.00
Fri 29/05/2026 - 00:09:18,16.48,100.00,1020.08,4.08,97.00
Fri 29/05/2026 - 00:09:52,16.49,100.00,1020.17,4.08,97.00
Fri 29/05/2026 - 00:10:26,16.49,100.00,1020.17,4.08,97.00
Fri 29/05/2026 - 00:11:00,16.48,100.00,1020.21,4.07,97.00
Fri 29/05/2026 - 00:11:34,16.48,100.00,1020.18,4.07,97.00
Fri 29/05/2026 - 00:12:08,16.48,100.00,1020.18,4.07,97.00
Fri 29/05/2026 - 00:12:42,16.47,100.00,1020.13,4.07,97.00
Fri 29/05/2026 - 00:13:16,16.47,100.00,1020.21,4.07,97.00
Fri 29/05/2026 - 00:13:50,16.46,100.00,1020.15,4.07,97.00
Fri 29/05/2026 - 00:14:24,16.45,100.00,1020.17,4.07,97.00
Fri 29/05/2026 - 00:14:58,16.45,100.00,1020.09,4.07,97.00
Fri 29/05/2026 - 00:15:32,16.45,100.00,1020.16,4.07,97.00
Fri 29/05/2026 - 00:16:06,16.47,100.00,1020.16,4.07,97.00
Fri 29/05/2026 - 00:16:40,16.45,100.00,1020.14,4.07,97.00
Fri 29/05/2026 - 00:17:14,16.44,100.00,1020.13,4.07,97.00
Fri 29/05/2026 - 00:17:48,16.45,100.00,1020.14,4.07,97.00
Fri 29/05/2026 - 00:18:22,16.44,100.00,1020.12,4.07,97.00
Fri 29/05/2026 - 00:18:56,16.43,100.00,1020.16,4.07,97.00
Fri 29/05/2026 - 00:19:30,16.43,100.00,1020.14,4.07,97.00
Fri 29/05/2026 - 00:20:04,16.43,100.00,1020.07,4.07,97.00
Fri 29/05/2026 - 00:20:38,16.43,100.00,1020.11,4.07,97.00
Fri 29/05/2026 - 00:21:12,16.43,100.00,1020.11,4.07,97.00
Fri 29/05/2026 - 00:21:46,16.43,100.00,1020.14,4.07,97.00
Fri 29/05/2026 - 00:22:20,16.42,100.00,1020.09,4.07,97.00
Fri 29/05/2026 - 00:22:54,16.41,100.00,1020.10,4.07,97.00
Fri 29/05/2026 - 00:23:28,16.41,100.00,1020.07,4.07,97.00
Fri 29/05/2026 - 00:24:02,16.40,100.00,1020.11,4.07,97.00
Fri 29/05/2026 - 00:24:36,16.41,100.00,1020.05,4.07,97.00
Fri 29/05/2026 - 00:25:10,16.40,100.00,1020.08,4.07,97.00
Fri 29/05/2026 - 00:25:44,16.40,100.00,1020.14,4.07,97.00
Fri 29/05/2026 - 00:26:18,16.39,100.00,1020.01,4.07,97.00
Fri 29/05/2026 - 00:26:52,16.40,100.00,1020.14,4.07,97.00
Fri 29/05/2026 - 00:27:26,16.39,100.00,1020.09,4.07,97.00
Fri 29/05/2026 - 00:28:00,16.39,100.00,1020.03,4.07,97.00
Fri 29/05/2026 - 00:28:34,16.38,100.00,1020.08,4.07,97.00
Fri 29/05/2026 - 00:29:08,16.37,100.00,1020.06,4.07,97.00
Fri 29/05/2026 - 00:29:42,16.37,100.00,1020.05,4.07,97.00
Fri 29/05/2026 - 00:30:16,16.37,100.00,1020.09,4.07,97.00
Fri 29/05/2026 - 00:30:50,16.37,100.00,1020.02,4.07,97.00
Fri 29/05/2026 - 00:31:24,16.37,100.00,1020.10,4.07,97.00
Fri 29/05/2026 - 00:31:57,16.36,100.00,1020.07,4.07,97.00
Fri 29/05/2026 - 00:32:31,16.36,100.00,1020.03,4.07,97.00
Fri 29/05/2026 - 00:33:05,16.35,100.00,1020.02,4.07,97.00
Fri 29/05/2026 - 00:33:39,16.35,100.00,1020.05,4.07,97.00
Fri 29/05/2026 - 00:34:13,16.34,100.00,1020.05,4.07,97.00
Fri 29/05/2026 - 00:34:47,16.34,100.00,1020.06,4.07,97.00
Fri 29/05/2026 - 00:35:21,16.33,100.00,1020.02,4.07,97.00
Fri 29/05/2026 - 00:35:55,16.33,100.00,1020.02,4.07,97.00
Fri 29/05/2026 - 00:36:29,16.32,100.00,1019.97,4.07,97.00
Fri 29/05/2026 - 00:37:03,16.32,100.00,1020.00,4.07,97.00
Fri 29/05/2026 - 00:37:37,16.31,100.00,1020.06,4.07,97.00
Fri 29/05/2026 - 00:38:11,16.30,100.00,1019.99,4.07,97.00
Fri 29/05/2026 - 00:38:45,16.31,100.00,1020.01,4.07,97.00
Fri 29/05/2026 - 00:39:19,16.29,100.00,1020.00,4.07,97.00
Fri 29/05/2026 - 00:39:53,16.29,100.00,1019.98,4.07,97.00
Fri 29/05/2026 - 00:40:27,16.30,100.00,1020.04,4.07,97.00
Fri 29/05/2026 - 00:41:01,16.30,100.00,1020.04,4.07,97.00
Fri 29/05/2026 - 00:41:35,16.29,100.00,1020.03,4.07,97.00
Fri 29/05/2026 - 00:42:09,16.28,100.00,1020.01,4.07,97.00
Fri 29/05/2026 - 00:42:43,16.27,100.00,1019.99,4.07,97.00
Fri 29/05/2026 - 00:43:17,16.28,100.00,1019.96,4.07,97.00
Fri 29/05/2026 - 00:43:51,16.26,100.00,1019.98,4.07,97.00
Fri 29/05/2026 - 00:44:25,16.27,100.00,1019.94,4.07,97.00
Fri 29/05/2026 - 00:44:59,16.26,100.00,1020.00,4.07,97.00
Fri 29/05/2026 - 00:45:33,16.25,100.00,1020.04,4.07,97.00
Fri 29/05/2026 - 00:46:07,16.25,100.00,1019.91,4.07,97.00
Fri 29/05/2026 - 00:46:41,16.24,100.00,1020.00,4.07,97.00
Fri 29/05/2026 - 00:47:15,16.24,100.00,1020.02,4.07,97.00
Fri 29/05/2026 - 00:47:49,16.24,100.00,1020.00,4.07,97.00
Fri 29/05/2026 - 00:48:23,16.24,100.00,1019.88,4.07,97.00
Fri 29/05/2026 - 00:48:57,16.24,100.00,1019.94,4.07,97.00
Fri 29/05/2026 - 00:49:31,16.23,100.00,1019.82,4.07,97.00
Fri 29/05/2026 - 00:50:05,16.23,100.00,1019.86,4.07,97.00
Fri 29/05/2026 - 00:50:39,16.21,100.00,1019.89,4.07,97.00
Fri 29/05/2026 - 00:51:13,16.23,100.00,1019.92,4.07,97.00
Fri 29/05/2026 - 00:51:47,16.22,100.00,1019.90,4.07,97.00
Fri 29/05/2026 - 00:52:21,16.20,100.00,1019.87,4.07,97.00
Fri 29/05/2026 - 00:52:55,16.21,100.00,1019.89,4.07,97.00
Fri 29/05/2026 - 00:53:29,16.20,100.00,1019.87,4.07,97.00
Fri 29/05/2026 - 00:54:03,16.21,100.00,1019.94,4.07,97.00
Fri 29/05/2026 - 00:54:37,16.20,100.00,1019.87,4.07,97.00
Fri 29/05/2026 - 00:55:11,16.20,100.00,1019.85,4.07,97.00
Fri 29/05/2026 - 00:55:45,16.20,100.00,1019.87,4.07,97.00
Fri 29/05/2026 - 00:56:19,16.19,100.00,1019.91,4.07,97.00
Fri 29/05/2026 - 00:56:53,16.19,100.00,1019.88,4.07,97.00
Fri 29/05/2026 - 00:57:27,16.18,100.00,1019.86,4.07,97.00
Fri 29/05/2026 - 00:58:01,16.17,100.00,1019.82,4.07,97.00
Fri 29/05/2026 - 00:58:34,16.17,100.00,1019.88,4.07,97.00
Fri 29/05/2026 - 00:59:08,16.16,100.00,1019.83,4.07,97.00
Fri 29/05/2026 - 00:59:42,16.16,100.00,1019.83,4.07,97.00
Fri 29/05/2026 - 01:00:16,16.15,100.00,1019.79,4.07,97.00
Fri 29/05/2026 - 01:00:50,16.17,100.00,1019.81,4.07,97.00
Fri 29/05/2026 - 01:01:24,16.15,100.00,1019.81,4.07,97.00
Fri 29/05/2026 - 01:01:58,16.16,100.00,1019.82,4.07,97.00
Fri 29/05/2026 - 01:02:32,16.16,100.00,1019.75,4.07,97.00
Fri 29/05/2026 - 01:03:06,16.15,100.00,1019.79,4.07,97.00
Fri 29/05/2026 - 01:03:40,16.15,100.00,1019.78,4.07,97.00
Fri 29/05/2026 - 01:04:14,16.15,100.00,1019.73,4.07,97.00
Fri 29/05/2026 - 01:04:48,16.14,100.00,1019.77,4.07,97.00
Fri 29/05/2026 - 01:05:22,16.13,100.00,1019.78,4.07,97.00
Fri 29/05/2026 - 01:05:56,16.14,100.00,1019.79,4.07,97.00
Fri 29/05/2026 - 01:06:30,16.13,100.00,1019.81,4.07,97.00
Fri 29/05/2026 - 01:07:04,16.13,100.00,1019.80,4.07,97.00
Fri 29/05/2026 - 01:07:38,16.12,100.00,1019.70,4.07,97.00
Fri 29/05/2026 - 01:08:12,16.12,100.00,1019.74,4.07,97.00
Fri 29/05/2026 - 01:08:46,16.11,100.00,1019.75,4.07,97.00
Fri 29/05/2026 - 01:09:20,16.11,100.00,1019.77,4.07,97.00
Fri 29/05/2026 - 01:09:54,16.11,100.00,1019.80,4.07,97.00
Fri 29/05/2026 - 01:10:28,16.10,100.00,1019.73,4.07,97.00
Fri 29/05/2026 - 01:11:02,16.10,100.00,1019.76,4.07,97.00
Fri 29/05/2026 - 01:11:36,16.11,100.00,1019.76,4.07,97.00
Fri 29/05/2026 - 01:12:10,16.10,100.00,1019.70,4.07,97.00
Fri 29/05/2026 - 01:12:44,16.10,100.00,1019.75,4.07,97.00
Fri 29/05/2026 - 01:13:18,16.09,100.00,1019.79,4.07,97.00
Fri 29/05/2026 - 01:13:52,16.09,100.00,1019.74,4.07,97.00
Fri 29/05/2026 - 01:14:26,16.09,100.00,1019.76,4.07,97.00
Fri 29/05/2026 - 01:15:00,16.09,100.00,1019.73,4.07,97.00
Fri 29/05/2026 - 01:15:34,16.09,100.00,1019.79,4.07,97.00
Fri 29/05/2026 - 01:16:08,16.09,100.00,1019.76,4.07,97.00
Fri 29/05/2026 - 01:16:42,16.08,100.00,1019.71,4.07,97.00
Fri 29/05/2026 - 01:17:16,16.09,100.00,1019.73,4.07,97.00
Fri 29/05/2026 - 01:17:50,16.08,100.00,1019.80,4.07,97.00
Fri 29/05/2026 - 01:18:24,16.07,100.00,1019.73,4.07,97.00
Fri 29/05/2026 - 01:18:58,16.07,100.00,1019.76,4.07,97.00
Fri 29/05/2026 - 01:19:32,16.08,100.00,1019.79,4.07,97.00
Fri 29/05/2026 - 01:20:06,16.07,100.00,1019.81,4.07,97.00
Fri 29/05/2026 - 01:20:40,16.05,100.00,1019.78,4.07,97.00
Fri 29/05/2026 - 01:21:14,16.07,100.00,1019.81,4.07,97.00
Fri 29/05/2026 - 01:21:48,16.07,100.00,1019.75,4.07,97.00
Fri 29/05/2026 - 01:22:22,16.06,100.00,1019.77,4.07,97.00
Fri 29/05/2026 - 01:22:56,16.07,100.00,1019.80,4.07,97.00
Fri 29/05/2026 - 01:23:30,16.05,100.00,1019.77,4.07,97.00
Fri 29/05/2026 - 01:24:04,16.05,100.00,1019.83,4.07,97.00
Fri 29/05/2026 - 01:24:38,16.03,100.00,1019.77,4.07,97.00
Fri 29/05/2026 - 01:25:12,16.04,100.00,1019.76,4.07,97.00
Fri 29/05/2026 - 01:25:46,16.04,100.00,1019.73,4.07,97.00
Fri 29/05/2026 - 01:26:20,16.04,100.00,1019.73,4.07,97.00
Fri 29/05/2026 - 01:26:53,16.04,100.00,1019.76,4.07,97.00
Fri 29/05/2026 - 01:27:27,16.05,100.00,1019.69,4.07,97.00
Fri 29/05/2026 - 01:28:01,16.04,100.00,1019.78,4.07,97.00
Fri 29/05/2026 - 01:28:35,16.04,100.00,1019.73,4.07,97.00
Fri 29/05/2026 - 01:29:09,16.03,100.00,1019.77,4.07,97.00
Fri 29/05/2026 - 01:29:43,16.02,100.00,1019.70,4.07,97.00
Fri 29/05/2026 - 01:30:17,16.03,100.00,1019.68,4.07,97.00
Fri 29/05/2026 - 01:30:51,16.02,100.00,1019.67,4.07,97.00
Fri 29/05/2026 - 01:31:25,16.03,100.00,1019.71,4.07,97.00
Fri 29/05/2026 - 01:31:59,16.03,100.00,1019.69,4.07,97.00
Fri 29/05/2026 - 01:32:33,16.03,100.00,1019.71,4.07,97.00
Fri 29/05/2026 - 01:33:07,16.02,100.00,1019.72,4.07,97.00
Fri 29/05/2026 - 01:33:41,16.02,100.00,1019.72,4.07,97.00
Fri 29/05/2026 - 01:34:15,16.02,100.00,1019.72,4.07,97.00
Fri 29/05/2026 - 01:34:49,16.02,100.00,1019.70,4.07,97.00
Fri 29/05/2026 - 01:35:23,16.02,100.00,1019.72,4.07,97.00
Fri 29/05/2026 - 01:35:57,16.02,100.00,1019.72,4.07,97.00
Fri 29/05/2026 - 01:36:31,16.02,100.00,1019.70,4.07,97.00
Fri 29/05/2026 - 01:37:05,16.02,100.00,1019.66,4.07,97.00
Fri 29/05/2026 - 01:37:39,16.02,100.00,1019.70,4.07,97.00
Fri 29/05/2026 - 01:38:13,16.02,100.00,1019.64,4.07,97.00
Fri 29/05/2026 - 01:38:47,16.01,100.00,1019.68,4.07,97.00
Fri 29/05/2026 - 01:39:21,16.01,100.00,1019.65,4.07,97.00
Fri 29/05/2026 - 01:39:55,16.01,100.00,1019.57,4.07,97.00
Fri 29/05/2026 - 01:40:29,16.01,100.00,1019.68,4.07,97.00
Fri 29/05/2026 - 01:41:03,16.01,100.00,1019.64,4.07,97.00
Fri 29/05/2026 - 01:41:37,16.01,100.00,1019.60,4.07,97.00
Fri 29/05/2026 - 01:42:11,16.01,100.00,1019.67,4.07,97.00
Fri 29/05/2026 - 01:42:45,16.01,100.00,1019.65,4.07,97.00
Fri 29/05/2026 - 01:43:19,16.01,100.00,1019.71,4.07,97.00
Fri 29/05/2026 - 01:43:53,16.01,100.00,1019.67,4.07,97.00
Fri 29/05/2026 - 01:44:27,16.00,100.00,1019.69,4.07,97.00
Fri 29/05/2026 - 01:45:01,15.99,100.00,1019.68,4.07,97.00
Fri 29/05/2026 - 01:45:35,15.99,100.00,1019.68,4.06,97.00
Fri 29/05/2026 - 01:46:09,16.01,100.00,1019.79,4.07,97.00
Fri 29/05/2026 - 01:46:43,15.99,100.00,1019.73,4.06,97.00
Fri 29/05/2026 - 01:47:17,15.99,100.00,1019.78,4.06,97.00
Fri 29/05/2026 - 01:47:51,15.99,100.00,1019.73,4.07,97.00
Fri 29/05/2026 - 01:48:25,16.01,100.00,1019.75,4.07,97.00
Fri 29/05/2026 - 01:48:59,15.99,100.00,1019.74,4.07,97.00
Fri 29/05/2026 - 01:49:33,15.99,100.00,1019.79,4.07,97.00
Fri 29/05/2026 - 01:50:07,15.99,100.00,1019.78,4.07,97.00
Fri 29/05/2026 - 01:50:41,15.99,100.00,1019.81,4.06,97.00
Fri 29/05/2026 - 01:51:15,15.99,100.00,1019.84,4.06,97.00
Fri 29/05/2026 - 01:51:49,15.99,100.00,1019.81,4.07,97.00
Fri 29/05/2026 - 01:52:23,15.99,100.00,1019.83,4.07,97.00
Fri 29/05/2026 - 01:52:57,15.98,100.00,1019.76,4.06,97.00
Fri 29/05/2026 - 01:53:31,15.98,100.00,1019.76,4.07,97.00
Fri 29/05/2026 - 01:54:05,15.98,100.00,1019.83,4.07,97.00
Fri 29/05/2026 - 01:54:39,15.99,100.00,1019.81,4.07,97.00
Fri 29/05/2026 - 01:55:13,15.98,100.00,1019.82,4.07,97.00
Fri 29/05/2026 - 01:55:46,15.97,100.00,1019.80,4.07,97.00
Fri 29/05/2026 - 01:56:20,15.98,100.00,1019.82,4.06,97.00
Fri 29/05/2026 - 01:56:54,15.97,100.00,1019.86,4.06,97.00
Fri 29/05/2026 - 01:57:28,15.97,100.00,1019.83,4.06,97.00
Fri 29/05/2026 - 01:58:02,15.98,100.00,1019.84,4.07,97.00
Fri 29/05/2026 - 01:58:36,15.97,100.00,1019.85,4.06,97.00
Fri 29/05/2026 - 01:59:10,15.97,100.00,1019.92,4.07,97.00
Fri 29/05/2026 - 01:59:44,15.96,100.00,1019.84,4.06,97.00
Fri 29/05/2026 - 02:00:18,15.96,100.00,1019.85,4.07,97.00
Fri 29/05/2026 - 02:00:52,15.96,100.00,1019.86,4.06,97.00
Fri 29/05/2026 - 02:01:26,15.96,100.00,1019.84,4.07,97.00
Fri 29/05/2026 - 02:02:00,15.95,100.00,1019.82,4.07,97.00
Fri 29/05/2026 - 02:02:34,15.96,100.00,1019.89,4.06,97.00
Fri 29/05/2026 - 02:03:08,15.96,100.00,1019.84,4.07,97.00
Fri 29/05/2026 - 02:03:42,15.96,100.00,1019.84,4.06,97.00
Fri 29/05/2026 - 02:04:16,15.95,100.00,1019.85,4.06,97.00
Fri 29/05/2026 - 02:04:50,15.95,100.00,1019.82,4.06,97.00
Fri 29/05/2026 - 02:05:24,15.95,100.00,1019.91,4.07,97.00
Fri 29/05/2026 - 02:05:58,15.95,100.00,1019.90,4.06,97.00
Fri 29/05/2026 - 02:06:32,15.95,100.00,1019.95,4.06,97.00
Fri 29/05/2026 - 02:07:06,15.94,100.00,1019.91,4.06,97.00
Fri 29/05/2026 - 02:07:40,15.93,100.00,1019.85,4.07,97.00
Fri 29/05/2026 - 02:08:14,15.93,100.00,1019.87,4.06,97.00
Fri 29/05/2026 - 02:08:48,15.92,100.00,1019.83,4.06,97.00
Fri 29/05/2026 - 02:09:22,15.93,100.00,1019.85,4.06,97.00
Fri 29/05/2026 - 02:09:56,15.93,100.00,1019.78,4.06,97.00
Fri 29/05/2026 - 02:10:30,15.92,100.00,1019.83,4.06,97.00
Fri 29/05/2026 - 02:11:04,15.92,100.00,1019.71,4.07,97.00
Fri 29/05/2026 - 02:11:38,15.91,100.00,1019.87,4.07,97.00
Fri 29/05/2026 - 02:12:12,15.91,100.00,1019.84,4.07,97.00
Fri 29/05/2026 - 02:12:46,15.91,100.00,1019.80,4.06,97.00
Fri 29/05/2026 - 02:13:20,15.91,100.00,1019.84,4.06,97.00
Fri 29/05/2026 - 02:13:54,15.90,100.00,1019.82,4.06,97.00
Fri 29/05/2026 - 02:14:28,15.91,100.00,1019.86,4.06,97.00
Fri 29/05/2026 - 02:15:02,15.91,100.00,1019.86,4.07,97.00
Fri 29/05/2026 - 02:15:36,15.90,100.00,1019.85,4.06,97.00
Fri 29/05/2026 - 02:16:10,15.90,100.00,1019.84,4.06,97.00
Fri 29/05/2026 - 02:16:44,15.90,100.00,1019.84,4.06,97.00
Fri 29/05/2026 - 02:17:18,15.89,100.00,1019.82,4.06,97.00
Fri 29/05/2026 - 02:17:52,15.89,100.00,1019.82,4.06,97.00
Fri 29/05/2026 - 02:18:26,15.88,100.00,1019.81,4.06,97.00
Fri 29/05/2026 - 02:19:00,15.89,100.00,1019.81,4.06,97.00
Fri 29/05/2026 - 02:19:34,15.88,100.00,1019.81,4.06,97.00
Fri 29/05/2026 - 02:20:08,15.88,100.00,1019.78,4.06,97.00
Fri 29/05/2026 - 02:20:42,15.88,100.00,1019.84,4.06,97.00
Fri 29/05/2026 - 02:21:16,15.87,100.00,1019.85,4.06,97.00
Fri 29/05/2026 - 02:21:50,15.87,100.00,1019.79,4.06,97.00
Fri 29/05/2026 - 02:22:24,15.86,100.00,1019.83,4.06,97.00
Fri 29/05/2026 - 02:22:58,15.87,100.00,1019.84,4.06,97.00
Fri 29/05/2026 - 02:23:32,15.86,100.00,1019.83,4.06,97.00
Fri 29/05/2026 - 02:24:06,15.87,100.00,1019.84,4.06,97.00
Fri 29/05/2026 - 02:24:39,15.87,100.00,1019.84,4.06,97.00
Fri 29/05/2026 - 02:25:13,15.85,100.00,1019.86,4.06,97.00
Fri 29/05/2026 - 02:25:47,15.85,100.00,1019.87,4.06,97.00
Fri 29/05/2026 - 02:26:21,15.84,100.00,1019.84,4.06,97.00
Fri 29/05/2026 - 02:26:55,15.84,100.00,1019.85,4.06,97.00
Fri 29/05/2026 - 02:27:29,15.85,100.00,1019.81,4.06,97.00
Fri 29/05/2026 - 02:28:03,15.84,100.00,1019.93,4.06,97.00
Fri 29/05/2026 - 02:28:37,15.83,100.00,1019.92,4.06,97.00
Fri 29/05/2026 - 02:29:11,15.83,100.00,1019.88,4.06,97.00
Fri 29/05/2026 - 02:29:45,15.83,100.00,1019.84,4.06,97.00
Fri 29/05/2026 - 02:30:19,15.82,100.00,1019.79,4.06,97.00
Fri 29/05/2026 - 02:30:53,15.82,100.00,1019.87,4.06,97.00
Fri 29/05/2026 - 02:31:27,15.82,100.00,1019.82,4.06,97.00
Fri 29/05/2026 - 02:32:01,15.83,100.00,1019.83,4.06,97.00
Fri 29/05/2026 - 02:32:35,15.83,100.00,1019.83,4.06,97.00
Fri 29/05/2026 - 02:33:09,15.81,100.00,1019.82,4.06,97.00
Fri 29/05/2026 - 02:33:43,15.81,100.00,1019.75,4.06,97.00
Fri 29/05/2026 - 02:34:17,15.81,100.00,1019.79,4.06,97.00
Fri 29/05/2026 - 02:34:51,15.81,100.00,1019.79,4.06,97.00
Fri 29/05/2026 - 02:35:25,15.81,100.00,1019.80,4.06,97.00
Fri 29/05/2026 - 02:35:59,15.80,100.00,1019.78,4.06,97.00
Fri 29/05/2026 - 02:36:33,15.79,100.00,1019.73,4.06,97.00
Fri 29/05/2026 - 02:37:07,15.79,100.00,1019.82,4.06,97.00
Fri 29/05/2026 - 02:37:41,15.80,100.00,1019.84,4.06,97.00
Fri 29/05/2026 - 02:38:15,15.79,100.00,1019.85,4.06,97.00
Fri 29/05/2026 - 02:38:49,15.79,100.00,1019.76,4.06,97.00
Fri 29/05/2026 - 02:39:23,15.79,100.00,1019.74,4.06,97.00
Fri 29/05/2026 - 02:39:57,15.79,100.00,1019.84,4.06,97.00
Fri 29/05/2026 - 02:40:31,15.78,100.00,1019.80,4.06,97.00
Fri 29/05/2026 - 02:41:05,15.79,100.00,1019.81,4.06,97.00
Fri 29/05/2026 - 02:41:39,15.78,100.00,1019.85,4.06,97.00
Fri 29/05/2026 - 02:42:13,15.79,100.00,1019.79,4.06,97.00
Fri 29/05/2026 - 02:42:47,15.79,100.00,1019.79,4.06,97.00
Fri 29/05/2026 - 02:43:21,15.79,100.00,1019.87,4.06,97.00
Fri 29/05/2026 - 02:43:55,15.78,100.00,1019.85,4.06,97.00
Fri 29/05/2026 - 02:44:29,15.78,100.00,1019.75,4.06,97.00
Fri 29/05/2026 - 02:45:03,15.77,100.00,1019.72,4.06,97.00
Fri 29/05/2026 - 02:45:37,15.77,100.00,1019.80,4.06,97.00
Fri 29/05/2026 - 02:46:11,15.78,100.00,1019.71,4.06,97.00
Fri 29/05/2026 - 02:46:45,15.78,100.00,1019.77,4.06,97.00
Fri 29/05/2026 - 02:47:19,15.77,100.00,1019.73,4.06,97.00
Fri 29/05/2026 - 02:47:53,15.77,100.00,1019.72,4.06,97.00
Fri 29/05/2026 - 02:48:27,15.78,100.00,1019.66,4.06,97.00
Fri 29/05/2026 - 02:49:00,15.77,100.00,1019.67,4.06,97.00
Fri 29/05/2026 - 02:49:34,15.77,100.00,1019.76,4.06,97.00
Fri 29/05/2026 - 02:50:08,15.78,100.00,1019.71,4.06,97.00
Fri 29/05/2026 - 02:50:42,15.77,100.00,1019.73,4.06,97.00
Fri 29/05/2026 - 02:51:16,15.78,100.00,1019.72,4.06,97.00
Fri 29/05/2026 - 02:51:50,15.78,100.00,1019.71,4.06,97.00
Fri 29/05/2026 - 02:52:24,15.78,100.00,1019.71,4.06,97.00
Fri 29/05/2026 - 02:52:58,15.78,100.00,1019.77,4.06,97.00
Fri 29/05/2026 - 02:53:32,15.77,100.00,1019.76,4.06,97.00
Fri 29/05/2026 - 02:54:06,15.77,100.00,1019.73,4.06,97.00
Fri 29/05/2026 - 02:54:40,15.78,100.00,1019.85,4.06,97.00
Fri 29/05/2026 - 02:55:14,15.77,100.00,1019.76,4.06,97.00
Fri 29/05/2026 - 02:55:48,15.78,100.00,1019.77,4.06,97.00
Fri 29/05/2026 - 02:56:22,15.77,100.00,1019.73,4.06,97.00
Fri 29/05/2026 - 02:56:56,15.79,100.00,1019.84,4.06,97.00
Fri 29/05/2026 - 02:57:30,15.78,100.00,1019.78,4.06,97.00
Fri 29/05/2026 - 02:58:04,15.78,100.00,1019.82,4.06,97.00
Fri 29/05/2026 - 02:58:38,15.79,100.00,1019.69,4.06,97.00
Fri 29/05/2026 - 02:59:12,15.78,100.00,1019.74,4.06,97.00
Fri 29/05/2026 - 02:59:46,15.79,100.00,1019.74,4.06,97.00
Fri 29/05/2026 - 03:00:20,15.79,100.00,1019.73,4.06,97.00
Fri 29/05/2026 - 03:00:54,15.80,100.00,1019.70,4.06,97.00
Fri 29/05/2026 - 03:01:28,15.79,100.00,1019.71,4.06,97.00
Fri 29/05/2026 - 03:02:02,15.80,100.00,1019.72,4.06,97.00
Fri 29/05/2026 - 03:02:36,15.80,100.00,1019.67,4.06,97.00
Fri 29/05/2026 - 03:03:10,15.80,100.00,1019.73,4.06,97.00
Fri 29/05/2026 - 03:03:44,15.80,100.00,1019.72,4.06,97.00
Fri 29/05/2026 - 03:04:18,15.80,100.00,1019.78,4.06,97.00
Fri 29/05/2026 - 03:04:52,15.79,100.00,1019.76,4.06,97.00
Fri 29/05/2026 - 03:05:26,15.80,100.00,1019.72,4.06,97.00
Fri 29/05/2026 - 03:06:00,15.81,100.00,1019.79,4.06,97.00
Fri 29/05/2026 - 03:06:34,15.81,100.00,1019.75,4.06,97.00
Fri 29/05/2026 - 03:07:08,15.80,100.00,1019.78,4.06,97.00
Fri 29/05/2026 - 03:07:42,15.81,100.00,1019.74,4.06,97.00
Fri 29/05/2026 - 03:08:16,15.82,100.00,1019.84,4.06,97.00
Fri 29/05/2026 - 03:08:50,15.81,100.00,1019.75,4.06,97.00
Fri 29/05/2026 - 03:09:24,15.81,100.00,1019.74,4.06,97.00
Fri 29/05/2026 - 03:09:58,15.80,100.00,1019.70,4.06,97.00
Fri 29/05/2026 - 03:10:32,15.82,100.00,1019.81,4.06,97.00
Fri 29/05/2026 - 03:11:06,15.81,100.00,1019.71,4.06,97.00
Fri 29/05/2026 - 03:11:40,15.81,100.00,1019.74,4.06,97.00
Fri 29/05/2026 - 03:12:14,15.82,100.00,1019.78,4.06,97.00
Fri 29/05/2026 - 03:12:48,15.81,100.00,1019.69,4.06,97.00
Fri 29/05/2026 - 03:13:22,15.81,100.00,1019.69,4.06,97.00
Fri 29/05/2026 - 03:13:55,15.82,100.00,1019.77,4.06,97.00
Fri 29/05/2026 - 03:14:29,15.82,100.00,1019.71,4.06,97.00
Fri 29/05/2026 - 03:15:03,15.83,100.00,1019.80,4.06,97.00
Fri 29/05/2026 - 03:15:37,15.82,100.00,1019.82,4.06,97.00
Fri 29/05/2026 - 03:16:11,15.82,100.00,1019.77,4.06,97.00
Fri 29/05/2026 - 03:16:45,15.83,100.00,1019.67,4.06,97.00
Fri 29/05/2026 - 03:17:19,15.83,100.00,1019.72,4.06,97.00
Fri 29/05/2026 - 03:17:53,15.83,100.00,1019.72,4.06,97.00
Fri 29/05/2026 - 03:18:27,15.83,100.00,1019.72,4.06,97.00
Fri 29/05/2026 - 03:19:01,15.83,100.00,1019.75,4.06,97.00
Fri 29/05/2026 - 03:19:35,15.83,100.00,1019.73,4.06,97.00
Fri 29/05/2026 - 03:20:09,15.83,100.00,1019.73,4.06,97.00
Fri 29/05/2026 - 03:20:43,15.83,100.00,1019.78,4.06,97.00
Fri 29/05/2026 - 03:21:17,15.84,100.00,1019.76,4.06,97.00
Fri 29/05/2026 - 03:21:51,15.84,100.00,1019.71,4.06,97.00
Fri 29/05/2026 - 03:22:25,15.84,100.00,1019.80,4.06,97.00
Fri 29/05/2026 - 03:22:59,15.84,100.00,1019.68,4.06,97.00
Fri 29/05/2026 - 03:23:33,15.84,100.00,1019.66,4.06,97.00
Fri 29/05/2026 - 03:24:07,15.84,100.00,1019.74,4.06,97.00
Fri 29/05/2026 - 03:24:41,15.84,100.00,1019.76,4.06,97.00
Fri 29/05/2026 - 03:25:15,15.84,100.00,1019.77,4.06,97.00
Fri 29/05/2026 - 03:25:49,15.85,100.00,1019.73,4.06,97.00
Fri 29/05/2026 - 03:26:23,15.85,100.00,1019.81,4.06,97.00
Fri 29/05/2026 - 03:26:57,15.84,100.00,1019.71,4.06,97.00
Fri 29/05/2026 - 03:27:31,15.85,100.00,1019.73,4.06,97.00
Fri 29/05/2026 - 03:28:05,15.85,100.00,1019.75,4.06,97.00
Fri 29/05/2026 - 03:28:39,15.85,100.00,1019.74,4.06,97.00
Fri 29/05/2026 - 03:29:13,15.84,100.00,1019.71,4.06,97.00
Fri 29/05/2026 - 03:29:47,15.84,100.00,1019.72,4.06,97.00
Fri 29/05/2026 - 03:30:21,15.85,100.00,1019.76,4.06,97.00
Fri 29/05/2026 - 03:30:55,15.84,100.00,1019.75,4.06,97.00
Fri 29/05/2026 - 03:31:29,15.85,100.00,1019.73,4.06,97.00
Fri 29/05/2026 - 03:32:03,15.86,100.00,1019.72,4.06,97.00
Fri 29/05/2026 - 03:32:37,15.86,100.00,1019.77,4.06,97.00
Fri 29/05/2026 - 03:33:11,15.86,100.00,1019.72,4.06,97.00
Fri 29/05/2026 - 03:33:45,15.86,100.00,1019.72,4.06,97.00
Fri 29/05/2026 - 03:34:19,15.86,100.00,1019.72,4.06,97.00
Fri 29/05/2026 - 03:34:53,15.86,100.00,1019.69,4.06,97.00
Fri 29/05/2026 - 03:35:27,15.86,100.00,1019.69,4.06,97.00
Fri 29/05/2026 - 03:36:01,15.87,100.00,1019.65,4.06,97.00
Fri 29/05/2026 - 03:36:35,15.87,100.00,1019.65,4.06,97.00
Fri 29/05/2026 - 03:37:09,15.86,100.00,1019.66,4.06,97.00
Fri 29/05/2026 - 03:37:43,15.87,100.00,1019.68,4.06,97.00
Fri 29/05/2026 - 03:38:17,15.87,100.00,1019.65,4.06,97.00
Fri 29/05/2026 - 03:38:51,15.87,100.00,1019.57,4.06,97.00
Fri 29/05/2026 - 03:39:25,15.87,100.00,1019.52,4.06,97.00
Fri 29/05/2026 - 03:39:59,15.87,100.00,1019.63,4.06,97.00
Fri 29/05/2026 - 03:40:33,15.87,100.00,1019.58,4.06,97.00
Fri 29/05/2026 - 03:41:07,15.89,100.00,1019.55,4.06,97.00
Fri 29/05/2026 - 03:41:41,15.88,100.00,1019.59,4.06,97.00
Fri 29/05/2026 - 03:42:14,15.88,100.00,1019.59,4.06,97.00
Fri 29/05/2026 - 03:42:48,15.88,100.00,1019.54,4.06,97.00
Fri 29/05/2026 - 03:43:22,15.88,100.00,1019.64,4.06,97.00
Fri 29/05/2026 - 03:43:56,15.87,100.00,1019.57,4.06,97.00
Fri 29/05/2026 - 03:44:30,15.88,100.00,1019.54,4.06,97.00
Fri 29/05/2026 - 03:45:04,15.88,100.00,1019.62,4.06,97.00
Fri 29/05/2026 - 03:45:38,15.87,100.00,1019.58,4.06,97.00
Fri 29/05/2026 - 03:46:12,15.87,100.00,1019.56,4.06,97.00
Fri 29/05/2026 - 03:46:46,15.88,100.00,1019.54,4.06,97.00
Fri 29/05/2026 - 03:47:20,15.89,100.00,1019.53,4.06,97.00
Fri 29/05/2026 - 03:47:54,15.89,100.00,1019.55,4.06,97.00
Fri 29/05/2026 - 03:48:28,15.87,100.00,1019.50,4.06,97.00
Fri 29/05/2026 - 03:49:02,15.88,100.00,1019.59,4.06,97.00
Fri 29/05/2026 - 03:49:36,15.88,100.00,1019.59,4.06,97.00
Fri 29/05/2026 - 03:50:10,15.88,100.00,1019.48,4.06,97.00
Fri 29/05/2026 - 03:50:44,15.88,100.00,1019.55,4.06,97.00
Fri 29/05/2026 - 03:51:18,15.88,100.00,1019.52,4.06,97.00
Fri 29/05/2026 - 03:51:52,15.89,100.00,1019.53,4.06,97.00
Fri 29/05/2026 - 03:52:26,15.89,100.00,1019.53,4.06,97.00
Fri 29/05/2026 - 03:53:00,15.89,100.00,1019.50,4.06,97.00
Fri 29/05/2026 - 03:53:34,15.88,100.00,1019.51,4.06,97.00
Fri 29/05/2026 - 03:54:08,15.88,100.00,1019.46,4.06,97.00
Fri 29/05/2026 - 03:54:42,15.89,100.00,1019.45,4.06,97.00
Fri 29/05/2026 - 03:55:16,15.88,100.00,1019.51,4.06,97.00
Fri 29/05/2026 - 03:55:50,15.89,100.00,1019.43,4.06,97.00
Fri 29/05/2026 - 03:56:24,15.88,100.00,1019.40,4.06,97.00
Fri 29/05/2026 - 03:56:58,15.89,100.00,1019.39,4.06,97.00
Fri 29/05/2026 - 03:57:32,15.89,100.00,1019.50,4.06,97.00
Fri 29/05/2026 - 03:58:06,15.90,100.00,1019.46,4.06,97.00
Fri 29/05/2026 - 03:58:40,15.89,100.00,1019.50,4.06,97.00
Fri 29/05/2026 - 03:59:14,15.89,100.00,1019.45,4.06,97.00
Fri 29/05/2026 - 03:59:48,15.88,100.00,1019.44,4.06,97.00
Fri 29/05/2026 - 04:00:22,15.89,100.00,1019.55,4.06,97.00
Fri 29/05/2026 - 04:00:56,15.88,100.00,1019.51,4.06,97.00
Fri 29/05/2026 - 04:01:30,15.89,100.00,1019.50,4.06,97.00
Fri 29/05/2026 - 04:02:04,15.89,100.00,1019.47,4.06,97.00
Fri 29/05/2026 - 04:02:38,15.89,100.00,1019.50,4.06,97.00
Fri 29/05/2026 - 04:03:12,15.88,100.00,1019.51,4.06,97.00
Fri 29/05/2026 - 04:03:46,15.89,100.00,1019.45,4.06,97.00
Fri 29/05/2026 - 04:04:20,15.89,100.00,1019.50,4.06,97.00
Fri 29/05/2026 - 04:04:54,15.88,100.00,1019.43,4.06,97.00
Fri 29/05/2026 - 04:05:28,15.88,100.00,1019.54,4.06,97.00
Fri 29/05/2026 - 04:06:02,15.89,100.00,1019.55,4.06,97.00
Fri 29/05/2026 - 04:06:36,15.89,100.00,1019.58,4.06,97.00
Fri 29/05/2026 - 04:07:10,15.88,100.00,1019.48,4.06,97.00
Fri 29/05/2026 - 04:07:44,15.89,100.00,1019.55,4.05,97.00
Fri 29/05/2026 - 04:08:18,15.88,100.00,1019.54,4.06,97.00
Fri 29/05/2026 - 04:08:52,15.88,100.00,1019.48,4.06,97.00
Fri 29/05/2026 - 04:09:26,15.88,100.00,1019.46,4.06,97.00
Fri 29/05/2026 - 04:10:00,15.88,100.00,1019.54,4.06,97.00
Fri 29/05/2026 - 04:10:34,15.88,100.00,1019.54,4.06,97.00
Fri 29/05/2026 - 04:11:08,15.88,100.00,1019.48,4.06,97.00
Fri 29/05/2026 - 04:11:42,15.87,100.00,1019.47,4.06,97.00
Fri 29/05/2026 - 04:12:16,15.88,100.00,1019.48,4.06,97.00
Fri 29/05/2026 - 04:12:49,15.88,100.00,1019.48,4.06,97.00
Fri 29/05/2026 - 04:13:23,15.88,100.00,1019.54,4.06,97.00
Fri 29/05/2026 - 04:13:57,15.88,100.00,1019.51,4.06,97.00
Fri 29/05/2026 - 04:14:31,15.87,100.00,1019.47,4.06,97.00
Fri 29/05/2026 - 04:15:05,15.88,100.00,1019.43,4.06,97.00
Fri 29/05/2026 - 04:15:39,15.87,100.00,1019.47,4.06,97.00
Fri 29/05/2026 - 04:16:13,15.87,100.00,1019.53,4.06,97.00
Fri 29/05/2026 - 04:16:47,15.87,100.00,1019.47,4.06,97.00
Fri 29/05/2026 - 04:17:21,15.86,100.00,1019.48,4.06,97.00
Fri 29/05/2026 - 04:17:55,15.87,100.00,1019.47,4.06,97.00
Fri 29/05/2026 - 04:18:29,15.87,100.00,1019.47,4.06,97.00
Fri 29/05/2026 - 04:19:03,15.86,100.00,1019.46,4.05,97.00
Fri 29/05/2026 - 04:19:37,15.86,100.00,1019.45,4.06,97.00
Fri 29/05/2026 - 04:20:11,15.87,100.00,1019.52,4.06,97.00
Fri 29/05/2026 - 04:20:45,15.85,100.00,1019.44,4.05,97.00
Fri 29/05/2026 - 04:21:19,15.86,100.00,1019.40,4.06,97.00
Fri 29/05/2026 - 04:21:53,15.86,100.00,1019.45,4.05,97.00
Fri 29/05/2026 - 04:22:27,15.86,100.00,1019.40,4.05,97.00
Fri 29/05/2026 - 04:23:01,15.86,100.00,1019.40,4.06,97.00
Fri 29/05/2026 - 04:23:35,15.86,100.00,1019.42,4.06,97.00
Fri 29/05/2026 - 04:24:09,15.85,100.00,1019.38,4.06,97.00
Fri 29/05/2026 - 04:24:43,15.85,100.00,1019.44,4.05,97.00
Fri 29/05/2026 - 04:25:17,15.85,100.00,1019.41,4.05,97.00
Fri 29/05/2026 - 04:25:51,15.84,100.00,1019.42,4.05,97.00
Fri 29/05/2026 - 04:26:25,15.84,100.00,1019.40,4.05,97.00
Fri 29/05/2026 - 04:26:59,15.85,100.00,1019.43,4.06,97.00
Fri 29/05/2026 - 04:27:33,15.84,100.00,1019.41,4.05,97.00
Fri 29/05/2026 - 04:28:07,15.84,100.00,1019.41,4.05,97.00
Fri 29/05/2026 - 04:28:41,15.84,100.00,1019.36,4.05,97.00
Fri 29/05/2026 - 04:29:15,15.82,100.00,1019.28,4.05,97.00
Fri 29/05/2026 - 04:29:49,15.84,100.00,1019.39,4.05,97.00
Fri 29/05/2026 - 04:30:23,15.83,100.00,1019.37,4.05,97.00
Fri 29/05/2026 - 04:30:57,15.83,100.00,1019.38,4.05,97.00
Fri 29/05/2026 - 04:31:31,15.82,100.00,1019.36,4.05,97.00
Fri 29/05/2026 - 04:32:05,15.82,100.00,1019.38,4.05,96.00
Fri 29/05/2026 - 04:32:39,15.82,100.00,1019.41,4.05,97.00
Fri 29/05/2026 - 04:33:13,15.82,100.00,1019.38,4.05,97.00
Fri 29/05/2026 - 04:33:47,15.81,100.00,1019.32,4.05,97.00
Fri 29/05/2026 - 04:34:21,15.81,100.00,1019.32,4.05,97.00
Fri 29/05/2026 - 04:34:55,15.82,100.00,1019.33,4.05,97.00
Fri 29/05/2026 - 04:35:29,15.81,100.00,1019.32,4.05,96.00
Fri 29/05/2026 - 04:36:03,15.82,100.00,1019.43,4.05,97.00
Fri 29/05/2026 - 04:36:37,15.82,100.00,1019.39,4.05,97.00
Fri 29/05/2026 - 04:37:11,15.82,100.00,1019.38,4.05,97.00
Fri 29/05/2026 - 04:37:45,15.82,100.00,1019.43,4.05,97.00
Fri 29/05/2026 - 04:38:19,15.81,100.00,1019.40,4.05,97.00
Fri 29/05/2026 - 04:38:53,15.82,100.00,1019.46,4.05,97.00
Fri 29/05/2026 - 04:39:27,15.81,100.00,1019.32,4.05,97.00
Fri 29/05/2026 - 04:40:01,15.81,100.00,1019.42,4.05,97.00
Fri 29/05/2026 - 04:40:35,15.81,100.00,1019.40,4.05,97.00
Fri 29/05/2026 - 04:41:09,15.81,100.00,1019.42,4.05,96.00
Fri 29/05/2026 - 04:41:43,15.81,100.00,1019.42,4.05,97.00
Fri 29/05/2026 - 04:42:17,15.81,100.00,1019.44,4.05,97.00
Fri 29/05/2026 - 04:42:51,15.81,100.00,1019.47,4.05,97.00
Fri 29/05/2026 - 04:43:25,15.80,100.00,1019.35,4.05,96.00
Fri 29/05/2026 - 04:43:59,15.80,100.00,1019.51,4.05,97.00
Fri 29/05/2026 - 04:44:33,15.80,100.00,1019.46,4.05,96.00
Fri 29/05/2026 - 04:45:07,15.80,100.00,1019.45,4.05,97.00
Fri 29/05/2026 - 04:45:41,15.81,100.00,1019.47,4.05,96.00
Fri 29/05/2026 - 04:46:15,15.79,100.00,1019.44,4.05,97.00
Fri 29/05/2026 - 04:46:49,15.79,100.00,1019.39,4.05,96.00
Fri 29/05/2026 - 04:47:23,15.79,100.00,1019.39,4.05,96.00
Fri 29/05/2026 - 04:47:57,15.80,100.00,1019.48,4.05,97.00
Fri 29/05/2026 - 04:48:31,15.80,100.00,1019.51,4.05,97.00
Fri 29/05/2026 - 04:49:05,15.79,100.00,1019.44,4.05,96.00
Fri 29/05/2026 - 04:49:39,15.79,100.00,1019.47,4.05,96.00
Fri 29/05/2026 - 04:50:13,15.79,100.00,1019.52,4.05,96.00
Fri 29/05/2026 - 04:50:47,15.78,100.00,1019.48,4.05,97.00
Fri 29/05/2026 - 04:51:20,15.78,100.00,1019.47,4.05,96.00
Fri 29/05/2026 - 04:51:54,15.78,100.00,1019.50,4.05,96.00
Fri 29/05/2026 - 04:52:28,15.78,100.00,1019.51,4.05,96.00
Fri 29/05/2026 - 04:53:02,15.78,100.00,1019.47,4.05,96.00
Fri 29/05/2026 - 04:53:36,15.78,100.00,1019.53,4.05,96.00
Fri 29/05/2026 - 04:54:10,15.77,100.00,1019.54,4.05,96.00
Fri 29/05/2026 - 04:54:44,15.77,100.00,1019.54,4.05,96.00
Fri 29/05/2026 - 04:55:18,15.76,100.00,1019.42,4.05,96.00
Fri 29/05/2026 - 04:55:52,15.77,100.00,1019.51,4.05,96.00
Fri 29/05/2026 - 04:56:26,15.77,100.00,1019.52,4.05,96.00
Fri 29/05/2026 - 04:57:00,15.76,100.00,1019.46,4.05,96.00
Fri 29/05/2026 - 04:57:34,15.76,100.00,1019.49,4.05,96.00
Fri 29/05/2026 - 04:58:08,15.76,100.00,1019.58,4.05,96.00
Fri 29/05/2026 - 04:58:42,15.76,100.00,1019.52,4.05,96.00
Fri 29/05/2026 - 04:59:16,15.76,100.00,1019.52,4.05,96.00
Fri 29/05/2026 - 04:59:50,15.74,100.00,1019.46,4.05,96.00
Fri 29/05/2026 - 05:00:24,15.74,100.00,1019.47,4.05,96.00
Fri 29/05/2026 - 05:00:58,15.74,100.00,1019.47,4.05,96.00
Fri 29/05/2026 - 05:01:32,15.73,100.00,1019.50,4.05,97.00
Fri 29/05/2026 - 05:02:06,15.74,100.00,1019.46,4.05,96.00
Fri 29/05/2026 - 05:02:40,15.73,100.00,1019.45,4.05,96.00
Fri 29/05/2026 - 05:03:14,15.73,100.00,1019.50,4.05,96.00
Fri 29/05/2026 - 05:03:48,15.73,100.00,1019.49,4.05,96.00
Fri 29/05/2026 - 05:04:22,15.73,100.00,1019.44,4.05,96.00
Fri 29/05/2026 - 05:04:56,15.72,100.00,1019.42,4.05,96.00
Fri 29/05/2026 - 05:05:30,15.72,100.00,1019.45,4.05,96.00
Fri 29/05/2026 - 05:06:04,15.71,100.00,1019.41,4.05,96.00
Fri 29/05/2026 - 05:06:38,15.71,100.00,1019.49,4.05,96.00
Fri 29/05/2026 - 05:07:12,15.71,100.00,1019.41,4.05,96.00
Fri 29/05/2026 - 05:07:46,15.70,100.00,1019.48,4.05,96.00
Fri 29/05/2026 - 05:08:20,15.70,100.00,1019.45,4.05,96.00
Fri 29/05/2026 - 05:08:54,15.70,100.00,1019.44,4.05,96.00
Fri 29/05/2026 - 05:09:28,15.70,100.00,1019.47,4.05,96.00
Fri 29/05/2026 - 05:10:02,15.69,100.00,1019.48,4.05,96.00
Fri 29/05/2026 - 05:10:36,15.69,100.00,1019.45,4.05,96.00
Fri 29/05/2026 - 05:11:10,15.69,100.00,1019.42,4.05,96.00
Fri 29/05/2026 - 05:11:44,15.68,100.00,1019.44,4.05,96.00
Fri 29/05/2026 - 05:12:18,15.69,100.00,1019.53,4.05,96.00
Fri 29/05/2026 - 05:12:52,15.68,100.00,1019.47,4.05,96.00
Fri 29/05/2026 - 05:13:26,15.68,100.00,1019.57,4.05,96.00
Fri 29/05/2026 - 05:14:00,15.68,100.00,1019.49,4.05,96.00
Fri 29/05/2026 - 05:14:34,15.67,100.00,1019.53,4.05,96.00
Fri 29/05/2026 - 05:15:08,15.68,100.00,1019.50,4.05,96.00
Fri 29/05/2026 - 05:15:42,15.67,100.00,1019.51,4.05,96.00
Fri 29/05/2026 - 05:16:16,15.67,100.00,1019.44,4.05,96.00
Fri 29/05/2026 - 05:16:50,15.66,100.00,1019.48,4.05,96.00
Fri 29/05/2026 - 05:17:24,15.66,100.00,1019.48,4.05,96.00
Fri 29/05/2026 - 05:17:58,15.66,100.00,1019.52,4.05,96.00
Fri 29/05/2026 - 05:18:32,15.65,100.00,1019.50,4.05,96.00
Fri 29/05/2026 - 05:19:05,15.66,100.00,1019.56,4.05,96.00
Fri 29/05/2026 - 05:19:39,15.65,100.00,1019.52,4.05,96.00
Fri 29/05/2026 - 05:20:13,15.65,100.00,1019.53,4.05,96.00
Fri 29/05/2026 - 05:20:47,15.65,100.00,1019.60,4.05,96.00
Fri 29/05/2026 - 05:21:21,15.65,100.00,1019.62,4.05,96.00
Fri 29/05/2026 - 05:21:55,15.65,100.00,1019.61,4.05,96.00
Fri 29/05/2026 - 05:22:29,15.65,100.00,1019.62,4.05,96.00
Fri 29/05/2026 - 05:23:03,15.64,100.00,1019.62,4.05,96.00
Fri 29/05/2026 - 05:23:37,15.64,100.00,1019.54,4.05,96.00
Fri 29/05/2026 - 05:24:11,15.64,100.00,1019.51,4.05,96.00
Fri 29/05/2026 - 05:24:45,15.65,100.00,1019.68,4.05,96.00
Fri 29/05/2026 - 05:25:19,15.64,100.00,1019.67,4.05,96.00
Fri 29/05/2026 - 05:25:53,15.64,100.00,1019.58,4.05,96.00
Fri 29/05/2026 - 05:26:27,15.65,100.00,1019.71,4.05,96.00
Fri 29/05/2026 - 05:27:01,15.63,100.00,1019.68,4.05,96.00
Fri 29/05/2026 - 05:27:35,15.63,100.00,1019.65,4.05,96.00
Fri 29/05/2026 - 05:28:09,15.63,100.00,1019.73,4.05,96.00
Fri 29/05/2026 - 05:28:43,15.63,100.00,1019.65,4.05,96.00
Fri 29/05/2026 - 05:29:17,15.64,100.00,1019.77,4.05,96.00
Fri 29/05/2026 - 05:29:51,15.63,100.00,1019.70,4.05,96.00
Fri 29/05/2026 - 05:30:25,15.64,100.00,1019.72,4.05,96.00
Fri 29/05/2026 - 05:30:59,15.64,100.00,1019.77,4.05,96.00
Fri 29/05/2026 - 05:31:33,15.63,100.00,1019.79,4.05,96.00
Fri 29/05/2026 - 05:32:07,15.63,100.00,1019.75,4.05,96.00
Fri 29/05/2026 - 05:32:41,15.63,100.00,1019.75,4.05,96.00
Fri 29/05/2026 - 05:33:15,15.63,100.00,1019.81,4.05,96.00
Fri 29/05/2026 - 05:33:49,15.63,100.00,1019.81,4.05,96.00
Fri 29/05/2026 - 05:34:23,15.63,100.00,1019.83,4.05,96.00
Fri 29/05/2026 - 05:34:57,15.62,100.00,1019.76,4.05,96.00
Fri 29/05/2026 - 05:35:31,15.63,100.00,1019.81,4.05,96.00
Fri 29/05/2026 - 05:36:05,15.62,100.00,1019.76,4.05,96.00
Fri 29/05/2026 - 05:36:39,15.62,100.00,1019.80,4.05,96.00
Fri 29/05/2026 - 05:37:13,15.63,100.00,1019.78,4.05,96.00
Fri 29/05/2026 - 05:37:47,15.62,100.00,1019.77,4.05,96.00
Fri 29/05/2026 - 05:38:21,15.63,100.00,1019.86,4.05,96.00
Fri 29/05/2026 - 05:38:55,15.62,100.00,1019.80,4.05,96.00
Fri 29/05/2026 - 05:39:29,15.62,100.00,1019.84,4.05,96.00
Fri 29/05/2026 - 05:40:03,15.62,100.00,1019.81,4.05,96.00
Fri 29/05/2026 - 05:40:37,15.62,100.00,1019.84,4.05,96.00
Fri 29/05/2026 - 05:41:11,15.62,100.00,1019.81,4.05,96.00
Fri 29/05/2026 - 05:41:45,15.62,100.00,1019.88,4.05,96.00
Fri 29/05/2026 - 05:42:19,15.62,100.00,1019.84,4.05,96.00
Fri 29/05/2026 - 05:42:53,15.62,100.00,1019.87,4.05,96.00
Fri 29/05/2026 - 05:43:27,15.62,100.00,1019.90,4.05,96.00
Fri 29/05/2026 - 05:44:01,15.61,100.00,1019.83,4.05,96.00
Fri 29/05/2026 - 05:44:35,15.62,100.00,1019.84,4.05,96.00
Fri 29/05/2026 - 05:45:09,15.62,100.00,1019.87,4.05,96.00
Fri 29/05/2026 - 05:45:43,15.61,100.00,1019.86,4.05,96.00
Fri 29/05/2026 - 05:46:17,15.61,100.00,1019.89,4.05,96.00
Fri 29/05/2026 - 05:46:51,15.62,100.00,1019.92,4.05,96.00
Fri 29/05/2026 - 05:47:25,15.61,100.00,1019.88,4.05,96.00
Fri 29/05/2026 - 05:47:59,15.61,100.00,1019.88,4.05,96.00
Fri 29/05/2026 - 05:48:33,15.61,100.00,1019.88,4.05,96.00
Fri 29/05/2026 - 05:49:07,15.61,100.00,1019.91,4.05,96.00
Fri 29/05/2026 - 05:49:41,15.61,100.00,1019.89,4.05,96.00
Fri 29/05/2026 - 05:50:15,15.61,100.00,1019.93,4.05,96.00
Fri 29/05/2026 - 05:50:49,15.60,100.00,1019.86,4.05,96.00
Fri 29/05/2026 - 05:51:23,15.61,100.00,1019.99,4.05,96.00
Fri 29/05/2026 - 05:51:56,15.60,100.00,1019.86,4.05,96.00
Fri 29/05/2026 - 05:52:31,15.61,100.00,1019.88,4.05,96.00
Fri 29/05/2026 - 05:53:04,15.60,100.00,1019.97,4.05,96.00
Fri 29/05/2026 - 05:53:38,15.60,100.00,1019.90,4.05,96.00
Fri 29/05/2026 - 05:54:12,15.61,100.00,1019.91,4.05,96.00
Fri 29/05/2026 - 05:54:46,15.60,100.00,1019.89,4.05,96.00
Fri 29/05/2026 - 05:55:20,15.59,100.00,1019.93,4.05,96.00
Fri 29/05/2026 - 05:55:54,15.59,100.00,1019.91,4.05,96.00
Fri 29/05/2026 - 05:56:28,15.60,100.00,1019.92,4.05,96.00
Fri 29/05/2026 - 05:57:02,15.59,100.00,1019.85,4.05,96.00
Fri 29/05/2026 - 05:57:36,15.59,100.00,1019.90,4.05,96.00
Fri 29/05/2026 - 05:58:10,15.58,100.00,1019.92,4.05,96.00
Fri 29/05/2026 - 05:58:44,15.59,100.00,1019.84,4.05,96.00
Fri 29/05/2026 - 05:59:18,15.60,100.00,1019.87,4.05,96.00
Fri 29/05/2026 - 05:59:52,15.59,100.00,1019.90,4.05,96.00
Fri 29/05/2026 - 06:00:26,15.60,100.00,1019.92,4.05,96.00
Fri 29/05/2026 - 06:01:00,15.59,100.00,1019.95,4.05,96.00
Fri 29/05/2026 - 06:01:34,15.59,100.00,1019.91,4.05,96.00
Fri 29/05/2026 - 06:02:08,15.59,100.00,1019.93,4.05,96.00
Fri 29/05/2026 - 06:02:42,15.59,100.00,1020.01,4.05,96.00
Fri 29/05/2026 - 06:03:16,15.60,100.00,1019.97,4.05,96.00
Fri 29/05/2026 - 06:03:50,15.59,100.00,1019.98,4.05,96.00
Fri 29/05/2026 - 06:04:24,15.60,100.00,1020.00,4.05,96.00
Fri 29/05/2026 - 06:04:58,15.59,100.00,1020.01,4.05,96.00
Fri 29/05/2026 - 06:05:32,15.59,100.00,1020.01,4.05,96.00
Fri 29/05/2026 - 06:06:06,15.58,100.00,1020.02,4.05,96.00
Fri 29/05/2026 - 06:06:40,15.60,100.00,1019.97,4.05,96.00
Fri 29/05/2026 - 06:07:14,15.60,100.00,1020.02,4.05,96.00
Fri 29/05/2026 - 06:07:48,15.59,100.00,1020.04,4.05,96.00
Fri 29/05/2026 - 06:08:22,15.59,100.00,1019.96,4.05,96.00
Fri 29/05/2026 - 06:08:56,15.60,100.00,1020.02,4.05,96.00
Fri 29/05/2026 - 06:09:30,15.60,100.00,1019.97,4.05,96.00
Fri 29/05/2026 - 06:10:04,15.61,100.00,1020.01,4.05,96.00
Fri 29/05/2026 - 06:10:38,15.60,100.00,1020.03,4.05,96.00
Fri 29/05/2026 - 06:11:12,15.60,100.00,1020.00,4.05,96.00
Fri 29/05/2026 - 06:11:46,15.60,100.00,1019.98,4.05,96.00
Fri 29/05/2026 - 06:12:20,15.61,100.00,1019.99,4.05,96.00
Fri 29/05/2026 - 06:12:54,15.62,100.00,1020.03,4.05,96.00
Fri 29/05/2026 - 06:13:28,15.62,100.00,1019.95,4.05,96.00
Fri 29/05/2026 - 06:14:02,15.61,100.00,1019.94,4.05,96.00
Fri 29/05/2026 - 06:14:36,15.61,100.00,1020.04,4.05,96.00
Fri 29/05/2026 - 06:15:10,15.61,100.00,1019.99,4.05,96.00
Fri 29/05/2026 - 06:15:44,15.62,100.00,1019.98,4.05,96.00
Fri 29/05/2026 - 06:16:18,15.61,100.00,1019.93,4.05,96.00
Fri 29/05/2026 - 06:16:52,15.62,100.00,1019.98,4.05,96.00
Fri 29/05/2026 - 06:17:26,15.62,100.00,1019.96,4.05,96.00
Fri 29/05/2026 - 06:18:00,15.61,100.00,1019.93,4.05,96.00
Fri 29/05/2026 - 06:18:34,15.61,100.00,1019.99,4.05,96.00
Fri 29/05/2026 - 06:19:08,15.61,100.00,1019.97,4.05,96.00
Fri 29/05/2026 - 06:19:42,15.62,100.00,1019.96,4.05,96.00
Fri 29/05/2026 - 06:20:16,15.63,100.00,1020.05,4.05,96.00
Fri 29/05/2026 - 06:20:50,15.61,100.00,1020.02,4.05,96.00
Fri 29/05/2026 - 06:21:24,15.61,100.00,1019.97,4.05,96.00
Fri 29/05/2026 - 06:21:57,15.62,100.00,1019.98,4.05,96.00
Fri 29/05/2026 - 06:22:31,15.61,100.00,1020.01,4.05,96.00
Fri 29/05/2026 - 06:23:05,15.62,100.00,1020.01,4.05,96.00
Fri 29/05/2026 - 06:23:39,15.62,100.00,1020.01,4.05,96.00
Fri 29/05/2026 - 06:24:13,15.62,100.00,1020.08,4.05,96.00
Fri 29/05/2026 - 06:24:47,15.62,100.00,1019.99,4.05,96.00
Fri 29/05/2026 - 06:25:21,15.61,100.00,1019.99,4.05,96.00
Fri 29/05/2026 - 06:25:55,15.61,100.00,1020.09,4.05,96.00
Fri 29/05/2026 - 06:26:29,15.60,100.00,1020.06,4.05,96.00
Fri 29/05/2026 - 06:27:03,15.60,100.00,1020.02,4.05,96.00
Fri 29/05/2026 - 06:27:37,15.60,100.00,1020.06,4.05,96.00
Fri 29/05/2026 - 06:28:11,15.61,100.00,1020.07,4.04,96.00
Fri 29/05/2026 - 06:28:45,15.60,100.00,1020.03,4.05,96.00
Fri 29/05/2026 - 06:29:19,15.60,100.00,1020.06,4.05,96.00
Fri 29/05/2026 - 06:29:53,15.60,100.00,1020.08,4.05,96.00
Fri 29/05/2026 - 06:30:27,15.60,100.00,1020.03,4.05,96.00
Fri 29/05/2026 - 06:31:01,15.59,100.00,1020.06,4.05,96.00
Fri 29/05/2026 - 06:31:35,15.60,100.00,1020.02,4.05,96.00
Fri 29/05/2026 - 06:32:09,15.60,100.00,1020.08,4.05,96.00
Fri 29/05/2026 - 06:32:43,15.59,100.00,1020.06,4.05,96.00
Fri 29/05/2026 - 06:33:17,15.59,100.00,1020.04,4.04,96.00
Fri 29/05/2026 - 06:33:51,15.59,100.00,1020.06,4.05,96.00
Fri 29/05/2026 - 06:34:25,15.59,100.00,1020.12,4.04,96.00
Fri 29/05/2026 - 06:34:59,15.59,100.00,1020.09,4.05,96.00
Fri 29/05/2026 - 06:35:33,15.60,100.00,1020.10,4.05,96.00
Fri 29/05/2026 - 06:36:07,15.59,100.00,1020.12,4.04,96.00
Fri 29/05/2026 - 06:36:41,15.59,100.00,1020.14,4.05,96.00
Fri 29/05/2026 - 06:37:15,15.59,100.00,1020.12,4.05,96.00
Fri 29/05/2026 - 06:37:49,15.59,100.00,1020.09,4.05,96.00
Fri 29/05/2026 - 06:38:23,15.59,100.00,1020.11,4.05,96.00
Fri 29/05/2026 - 06:38:57,15.58,100.00,1020.10,4.05,96.00
Fri 29/05/2026 - 06:39:31,15.59,100.00,1020.17,4.05,96.00
Fri 29/05/2026 - 06:40:05,15.58,100.00,1020.16,4.04,96.00
Fri 29/05/2026 - 06:40:39,15.58,100.00,1020.15,4.05,96.00
Fri 29/05/2026 - 06:41:13,15.58,100.00,1020.18,4.04,96.00
Fri 29/05/2026 - 06:41:47,15.58,100.00,1020.12,4.05,96.00
Fri 29/05/2026 - 06:42:21,15.58,100.00,1020.15,4.05,96.00
Fri 29/05/2026 - 06:42:55,15.59,100.00,1020.17,4.04,96.00
Fri 29/05/2026 - 06:43:29,15.58,100.00,1020.20,4.05,96.00
Fri 29/05/2026 - 06:44:03,15.57,100.00,1020.22,4.04,96.00
Fri 29/05/2026 - 06:44:37,15.58,100.00,1020.15,4.05,96.00
Fri 29/05/2026 - 06:45:11,15.57,100.00,1020.25,4.04,96.00
Fri 29/05/2026 - 06:45:45,15.56,100.00,1020.23,4.04,96.00
Fri 29/05/2026 - 06:46:18,15.56,100.00,1020.18,4.04,96.00
Fri 29/05/2026 - 06:46:52,15.58,100.00,1020.26,4.04,96.00
Fri 29/05/2026 - 06:47:26,15.58,100.00,1020.27,4.05,96.00
Fri 29/05/2026 - 06:48:00,15.57,100.00,1020.19,4.04,96.00
Fri 29/05/2026 - 06:48:34,15.57,100.00,1020.25,4.04,96.00
Fri 29/05/2026 - 06:49:08,15.57,100.00,1020.29,4.05,96.00
Fri 29/05/2026 - 06:49:42,15.57,100.00,1020.21,4.04,96.00
Fri 29/05/2026 - 06:50:16,15.56,100.00,1020.23,4.04,96.00
Fri 29/05/2026 - 06:50:50,15.57,100.00,1020.24,4.04,96.00
Fri 29/05/2026 - 06:51:24,15.57,100.00,1020.29,4.05,96.00
Fri 29/05/2026 - 06:51:58,15.56,100.00,1020.31,4.04,96.00
Fri 29/05/2026 - 06:52:32,15.56,100.00,1020.29,4.04,96.00
Fri 29/05/2026 - 06:53:06,15.57,100.00,1020.29,4.04,96.00
Fri 29/05/2026 - 06:53:40,15.57,100.00,1020.24,4.05,96.00
Fri 29/05/2026 - 06:54:14,15.56,100.00,1020.33,4.04,96.00
Fri 29/05/2026 - 06:54:48,15.56,100.00,1020.33,4.04,96.00
Fri 29/05/2026 - 06:55:22,15.57,100.00,1020.40,4.05,96.00
Fri 29/05/2026 - 06:55:56,15.56,100.00,1020.34,4.04,96.00
Fri 29/05/2026 - 06:56:30,15.56,100.00,1020.34,4.04,96.00
Fri 29/05/2026 - 06:57:04,15.56,100.00,1020.41,4.04,96.00
Fri 29/05/2026 - 06:57:38,15.56,100.00,1020.29,4.04,96.00
Fri 29/05/2026 - 06:58:12,15.56,100.00,1020.36,4.04,96.00
Fri 29/05/2026 - 06:58:46,15.55,100.00,1020.37,4.04,96.00
Fri 29/05/2026 - 06:59:20,15.56,100.00,1020.38,4.04,96.00
Fri 29/05/2026 - 06:59:54,15.55,100.00,1020.32,4.05,96.00
Fri 29/05/2026 - 07:00:28,15.55,100.00,1020.38,4.04,96.00
Fri 29/05/2026 - 07:01:02,15.56,100.00,1020.44,4.04,96.00
Fri 29/05/2026 - 07:01:36,15.55,100.00,1020.35,4.04,96.00
Fri 29/05/2026 - 07:02:10,15.56,100.00,1020.33,4.04,96.00
Fri 29/05/2026 - 07:02:44,15.55,100.00,1020.39,4.04,96.00
Fri 29/05/2026 - 07:03:18,15.55,100.00,1020.39,4.04,96.00
Fri 29/05/2026 - 07:03:52,15.55,100.00,1020.42,4.04,96.00
Fri 29/05/2026 - 07:04:26,15.55,100.00,1020.40,4.04,96.00
Fri 29/05/2026 - 07:05:00,15.56,100.00,1020.41,4.04,96.00
Fri 29/05/2026 - 07:05:34,15.55,100.00,1020.47,4.04,96.00
Fri 29/05/2026 - 07:06:08,15.55,100.00,1020.39,4.04,96.00
Fri 29/05/2026 - 07:06:42,15.55,100.00,1020.37,4.04,96.00
Fri 29/05/2026 - 07:07:16,15.55,100.00,1020.38,4.04,96.00
Fri 29/05/2026 - 07:07:50,15.53,100.00,1020.40,4.04,96.00
Fri 29/05/2026 - 07:08:24,15.55,100.00,1020.46,4.04,96.00
Fri 29/05/2026 - 07:08:58,15.56,100.00,1020.52,4.04,96.00
Fri 29/05/2026 - 07:09:32,15.55,100.00,1020.51,4.04,96.00
Fri 29/05/2026 - 07:10:06,15.56,100.00,1020.45,4.04,96.00
Fri 29/05/2026 - 07:10:40,15.55,100.00,1020.37,4.04,96.00
Fri 29/05/2026 - 07:11:14,15.56,100.00,1020.52,4.04,96.00
Fri 29/05/2026 - 07:11:48,15.55,100.00,1020.46,4.04,96.00
Fri 29/05/2026 - 07:12:22,15.56,100.00,1020.44,4.04,96.00
Fri 29/05/2026 - 07:12:56,15.55,100.00,1020.40,4.04,96.00
Fri 29/05/2026 - 07:13:30,15.56,100.00,1020.52,4.04,96.00
Fri 29/05/2026 - 07:14:04,15.56,100.00,1020.45,4.04,96.00
Fri 29/05/2026 - 07:14:38,15.55,100.00,1020.48,4.04,96.00
Fri 29/05/2026 - 07:15:12,15.55,100.00,1020.43,4.04,96.00
Fri 29/05/2026 - 07:15:46,15.55,100.00,1020.50,4.04,96.00
Fri 29/05/2026 - 07:16:20,15.56,100.00,1020.55,4.04,96.00
Fri 29/05/2026 - 07:16:54,15.55,100.00,1020.53,4.04,96.00
Fri 29/05/2026 - 07:17:28,15.55,100.00,1020.43,4.04,96.00
Fri 29/05/2026 - 07:18:01,15.56,100.00,1020.44,4.04,96.00
Fri 29/05/2026 - 07:18:35,15.55,100.00,1020.50,4.04,96.00
Fri 29/05/2026 - 07:19:09,15.55,100.00,1020.43,4.04,96.00
Fri 29/05/2026 - 07:19:43,15.55,100.00,1020.43,4.04,96.00
Fri 29/05/2026 - 07:20:17,15.55,100.00,1020.42,4.04,96.00
Fri 29/05/2026 - 07:20:51,15.55,100.00,1020.43,4.04,96.00
Fri 29/05/2026 - 07:21:25,15.56,100.00,1020.41,4.04,96.00
Fri 29/05/2026 - 07:21:59,15.56,100.00,1020.46,4.04,96.00
Fri 29/05/2026 - 07:22:33,15.56,100.00,1020.50,4.04,96.00
Fri 29/05/2026 - 07:23:07,15.55,100.00,1020.53,4.04,96.00
Fri 29/05/2026 - 07:23:41,15.56,100.00,1020.46,4.04,96.00
Fri 29/05/2026 - 07:24:15,15.55,100.00,1020.43,4.04,96.00
Fri 29/05/2026 - 07:24:49,15.56,100.00,1020.52,4.04,96.00
Fri 29/05/2026 - 07:25:23,15.55,100.00,1020.54,4.04,96.00
Fri 29/05/2026 - 07:25:57,15.54,100.00,1020.49,4.04,96.00
Fri 29/05/2026 - 07:26:31,15.55,100.00,1020.53,4.04,96.00
Fri 29/05/2026 - 07:27:05,15.55,100.00,1020.56,4.04,96.00
Fri 29/05/2026 - 07:27:39,15.55,100.00,1020.58,4.04,96.00
Fri 29/05/2026 - 07:28:13,15.57,100.00,1020.59,4.04,96.00
Fri 29/05/2026 - 07:28:47,15.60,100.00,1020.61,4.04,96.00
Fri 29/05/2026 - 07:29:21,15.61,100.00,1020.64,4.04,96.00
Fri 29/05/2026 - 07:29:55,15.62,100.00,1020.55,4.04,96.00
Fri 29/05/2026 - 07:30:29,15.64,100.00,1020.69,4.04,96.00
Fri 29/05/2026 - 07:31:03,15.65,100.00,1020.55,4.04,96.00
Fri 29/05/2026 - 07:31:37,15.68,100.00,1020.51,4.04,96.00
Fri 29/05/2026 - 07:32:11,15.69,100.00,1020.50,4.04,96.00
Fri 29/05/2026 - 07:32:45,15.70,100.00,1020.52,4.04,96.00
Fri 29/05/2026 - 07:33:19,15.71,100.00,1020.60,4.04,96.00
Fri 29/05/2026 - 07:33:53,15.72,100.00,1020.50,4.04,96.00
Fri 29/05/2026 - 07:34:27,15.74,100.00,1020.64,4.04,96.00
Fri 29/05/2026 - 07:35:01,15.72,100.00,1020.56,4.04,96.00
Fri 29/05/2026 - 07:35:35,15.73,100.00,1020.52,4.04,96.00
Fri 29/05/2026 - 07:36:09,15.73,100.00,1020.54,4.04,96.00
Fri 29/05/2026 - 07:36:43,15.75,100.00,1020.53,4.04,96.00
Fri 29/05/2026 - 07:37:17,15.76,100.00,1020.57,4.04,96.00
Fri 29/05/2026 - 07:37:51,15.78,100.00,1020.55,4.04,96.00
Fri 29/05/2026 - 07:38:25,15.80,100.00,1020.48,4.04,96.00
Fri 29/05/2026 - 07:38:59,15.81,100.00,1020.50,4.04,96.00
Fri 29/05/2026 - 07:39:33,15.83,100.00,1020.50,4.04,96.00
Fri 29/05/2026 - 07:40:07,15.85,100.00,1020.54,4.04,96.00
Fri 29/05/2026 - 07:40:41,15.87,100.00,1020.46,4.04,96.00
Fri 29/05/2026 - 07:41:15,15.90,100.00,1020.57,4.04,96.00
Fri 29/05/2026 - 07:41:49,15.91,100.00,1020.45,4.05,96.00
Fri 29/05/2026 - 07:42:23,15.92,100.00,1020.53,4.05,96.00
Fri 29/05/2026 - 07:42:57,15.95,100.00,1020.56,4.04,96.00
Fri 29/05/2026 - 07:43:31,15.99,100.00,1020.53,4.04,96.00
Fri 29/05/2026 - 07:44:05,16.01,100.00,1020.60,4.04,96.00
Fri 29/05/2026 - 07:44:39,16.03,100.00,1020.63,4.04,96.00
Fri 29/05/2026 - 07:45:12,16.06,100.00,1020.60,4.04,96.00
Fri 29/05/2026 - 07:45:46,16.09,100.00,1020.56,4.05,96.00
Fri 29/05/2026 - 07:46:20,16.11,100.00,1020.66,4.04,96.00
Fri 29/05/2026 - 07:46:54,16.15,100.00,1020.60,4.04,96.00
Fri 29/05/2026 - 07:47:28,16.18,100.00,1020.59,4.05,96.00
Fri 29/05/2026 - 07:48:02,16.23,100.00,1020.67,4.05,96.00
Fri 29/05/2026 - 07:48:36,16.25,100.00,1020.66,4.04,96.00
Fri 29/05/2026 - 07:49:10,16.28,100.00,1020.66,4.05,96.00
Fri 29/05/2026 - 07:49:44,16.30,100.00,1020.67,4.05,96.00
Fri 29/05/2026 - 07:50:18,16.36,100.00,1020.71,4.05,96.00
Fri 29/05/2026 - 07:50:52,16.38,100.00,1020.71,4.05,96.00
Fri 29/05/2026 - 07:51:26,16.41,100.00,1020.78,4.05,96.00
Fri 29/05/2026 - 07:52:00,16.44,100.00,1020.76,4.05,96.00
Fri 29/05/2026 - 07:52:34,16.47,100.00,1020.76,4.05,96.00
Fri 29/05/2026 - 07:53:08,16.50,100.00,1020.70,4.05,96.00
Fri 29/05/2026 - 07:53:42,16.53,100.00,1020.78,4.05,96.00
Fri 29/05/2026 - 07:54:16,16.54,100.00,1020.75,4.05,96.00
Fri 29/05/2026 - 07:54:50,16.57,100.00,1020.77,4.05,96.00
Fri 29/05/2026 - 07:55:24,16.60,100.00,1020.68,4.05,96.00
Fri 29/05/2026 - 07:55:58,16.64,100.00,1020.72,4.05,96.00
Fri 29/05/2026 - 07:56:32,16.65,100.00,1020.70,4.05,96.00
Fri 29/05/2026 - 07:57:06,16.64,100.00,1020.81,4.05,96.00
Fri 29/05/2026 - 07:57:40,16.63,100.00,1020.76,4.05,96.00
Fri 29/05/2026 - 07:58:14,16.62,100.00,1020.80,4.05,96.00
Fri 29/05/2026 - 07:58:48,16.66,100.00,1020.81,4.05,96.00
Fri 29/05/2026 - 07:59:22,16.72,100.00,1020.78,4.05,96.00
Fri 29/05/2026 - 07:59:56,16.76,100.00,1020.88,4.04,96.00
Fri 29/05/2026 - 08:00:30,16.79,100.00,1020.86,4.05,96.00
Fri 29/05/2026 - 08:01:04,16.83,100.00,1020.89,4.05,96.00
Fri 29/05/2026 - 08:01:38,16.84,100.00,1020.85,4.05,96.00
Fri 29/05/2026 - 08:02:12,16.85,100.00,1020.88,4.05,96.00
Fri 29/05/2026 - 08:02:46,16.88,100.00,1020.87,4.05,96.00
Fri 29/05/2026 - 08:03:20,16.89,100.00,1020.89,4.05,96.00
Fri 29/05/2026 - 08:03:54,16.91,100.00,1020.91,4.05,96.00
Fri 29/05/2026 - 08:04:28,16.94,100.00,1020.88,4.05,96.00
Fri 29/05/2026 - 08:05:02,16.98,100.00,1020.83,4.05,96.00
Fri 29/05/2026 - 08:05:36,17.00,100.00,1020.83,4.05,96.00
Fri 29/05/2026 - 08:06:10,17.03,100.00,1020.85,4.05,96.00
Fri 29/05/2026 - 08:06:44,17.06,100.00,1020.88,4.05,96.00
Fri 29/05/2026 - 08:07:18,17.07,100.00,1020.90,4.05,96.00
Fri 29/05/2026 - 08:07:52,17.10,100.00,1020.87,4.05,96.00
Fri 29/05/2026 - 08:08:26,17.17,100.00,1020.93,4.05,96.00
Fri 29/05/2026 - 08:09:00,17.23,100.00,1020.88,4.05,97.00
Fri 29/05/2026 - 08:09:34,17.30,100.00,1020.95,4.05,97.00
Fri 29/05/2026 - 08:10:08,17.33,100.00,1020.89,4.05,96.00
Fri 29/05/2026 - 08:10:42,17.37,100.00,1020.90,4.05,96.00
Fri 29/05/2026 - 08:11:16,17.37,100.00,1020.94,4.05,96.00
Fri 29/05/2026 - 08:11:50,17.39,100.00,1020.90,4.05,96.00
Fri 29/05/2026 - 08:12:24,17.45,100.00,1020.92,4.05,96.00
Fri 29/05/2026 - 08:12:57,17.51,100.00,1020.97,4.05,96.00
Fri 29/05/2026 - 08:13:31,17.51,100.00,1020.91,4.05,96.00
Fri 29/05/2026 - 08:14:05,17.57,100.00,1020.91,4.05,96.00
Fri 29/05/2026 - 08:14:39,17.59,100.00,1020.94,4.05,96.00
Fri 29/05/2026 - 08:15:13,17.65,100.00,1020.95,4.05,96.00
Fri 29/05/2026 - 08:15:47,17.72,100.00,1021.01,4.05,96.00
Fri 29/05/2026 - 08:16:21,17.75,100.00,1021.01,4.05,96.00
Fri 29/05/2026 - 08:16:55,17.75,100.00,1020.99,4.05,96.00
Fri 29/05/2026 - 08:17:29,17.81,100.00,1021.00,4.05,96.00
Fri 29/05/2026 - 08:18:03,17.87,100.00,1021.05,4.05,97.00
Fri 29/05/2026 - 08:18:37,17.91,100.00,1020.98,4.05,97.00
Fri 29/05/2026 - 08:19:11,17.96,100.00,1020.98,4.05,97.00
Fri 29/05/2026 - 08:19:45,17.98,100.00,1020.97,4.05,97.00
Fri 29/05/2026 - 08:20:19,18.05,100.00,1020.98,4.05,97.00
Fri 29/05/2026 - 08:20:53,18.07,100.00,1020.94,4.05,97.00
Fri 29/05/2026 - 08:21:27,18.08,100.00,1021.03,4.06,97.00
Fri 29/05/2026 - 08:22:01,18.14,100.00,1021.03,4.06,97.00
Fri 29/05/2026 - 08:22:35,18.19,100.00,1020.97,4.06,97.00
Fri 29/05/2026 - 08:23:09,18.25,100.00,1021.00,4.06,97.00
Fri 29/05/2026 - 08:23:43,18.28,100.00,1020.98,4.06,97.00
Fri 29/05/2026 - 08:24:17,18.23,100.00,1021.01,4.06,97.00
Fri 29/05/2026 - 08:24:51,18.20,100.00,1021.02,4.05,97.00
Fri 29/05/2026 - 08:25:25,18.22,100.00,1020.95,4.05,97.00
Fri 29/05/2026 - 08:25:59,18.22,100.00,1021.01,4.05,97.00
Fri 29/05/2026 - 08:26:33,18.22,100.00,1021.09,4.05,97.00
Fri 29/05/2026 - 08:27:07,18.19,100.00,1021.06,4.06,97.00
Fri 29/05/2026 - 08:27:41,18.22,100.00,1021.01,4.05,97.00
Fri 29/05/2026 - 08:28:15,18.27,100.00,1021.03,4.05,97.00
Fri 29/05/2026 - 08:28:49,18.32,100.00,1021.11,4.05,97.00
Fri 29/05/2026 - 08:29:23,18.33,100.00,1021.15,4.06,97.00
Fri 29/05/2026 - 08:29:57,18.33,100.00,1021.07,4.05,97.00
Fri 29/05/2026 - 08:30:31,18.39,100.00,1021.15,4.05,97.00
Fri 29/05/2026 - 08:31:05,18.43,100.00,1021.14,4.05,97.00
Fri 29/05/2026 - 08:31:39,18.48,100.00,1021.09,4.05,97.00
Fri 29/05/2026 - 08:32:13,18.49,100.00,1021.18,4.05,96.00
Fri 29/05/2026 - 08:32:47,18.54,100.00,1021.19,4.05,96.00
Fri 29/05/2026 - 08:33:21,18.59,100.00,1021.19,4.05,96.00
Fri 29/05/2026 - 08:33:55,18.61,100.00,1021.15,4.05,96.00
Fri 29/05/2026 - 08:34:29,18.63,100.00,1021.16,4.05,96.00
Fri 29/05/2026 - 08:35:03,18.60,100.00,1021.11,4.05,96.00
Fri 29/05/2026 - 08:35:37,18.58,100.00,1021.12,4.05,96.00
Fri 29/05/2026 - 08:36:11,18.57,100.00,1021.20,4.05,97.00
Fri 29/05/2026 - 08:36:45,18.56,100.00,1021.18,4.05,96.00
Fri 29/05/2026 - 08:37:19,18.58,100.00,1021.23,4.05,97.00
Fri 29/05/2026 - 08:37:53,18.54,100.00,1021.17,4.05,97.00
Fri 29/05/2026 - 08:38:27,18.59,100.00,1021.19,4.05,97.00
Fri 29/05/2026 - 08:39:01,18.65,100.00,1021.19,4.05,97.00
Fri 29/05/2026 - 08:39:35,18.63,100.00,1021.18,4.05,97.00
Fri 29/05/2026 - 08:40:09,18.66,100.00,1021.23,4.05,97.00
Fri 29/05/2026 - 08:40:43,18.66,100.00,1021.21,4.05,97.00
Fri 29/05/2026 - 08:41:17,18.67,100.00,1021.22,4.05,97.00
Fri 29/05/2026 - 08:41:51,18.71,100.00,1021.24,4.05,97.00
Fri 29/05/2026 - 08:42:25,18.74,100.00,1021.21,4.05,97.00
Fri 29/05/2026 - 08:42:59,18.69,100.00,1021.26,4.05,97.00
Fri 29/05/2026 - 08:43:33,18.69,100.00,1021.20,4.05,97.00
Fri 29/05/2026 - 08:44:07,18.67,100.00,1021.30,4.05,97.00
Fri 29/05/2026 - 08:44:41,18.62,100.00,1021.25,4.05,97.00
Fri 29/05/2026 - 08:45:15,18.61,100.00,1021.24,4.05,96.00
Fri 29/05/2026 - 08:45:49,18.70,100.00,1021.25,4.05,97.00
Fri 29/05/2026 - 08:46:23,18.69,100.00,1021.27,4.05,97.00
Fri 29/05/2026 - 08:46:57,18.74,100.00,1021.29,4.05,97.00
Fri 29/05/2026 - 08:47:31,18.80,100.00,1021.23,4.05,97.00
Fri 29/05/2026 - 08:48:05,18.81,100.00,1021.30,4.05,96.00
Fri 29/05/2026 - 08:48:38,18.85,100.00,1021.36,4.05,97.00
Fri 29/05/2026 - 08:49:12,18.77,100.00,1021.29,4.05,97.00
Fri 29/05/2026 - 08:49:46,18.82,100.00,1021.29,4.05,97.00
Fri 29/05/2026 - 08:50:20,18.83,100.00,1021.28,4.05,96.00
Fri 29/05/2026 - 08:50:54,18.86,100.00,1021.33,4.05,97.00
Fri 29/05/2026 - 08:51:28,18.83,100.00,1021.26,4.05,97.00
Fri 29/05/2026 - 08:52:02,18.86,100.00,1021.31,4.05,96.00
Fri 29/05/2026 - 08:52:36,18.84,100.00,1021.30,4.05,97.00
Fri 29/05/2026 - 08:53:10,18.89,100.00,1021.32,4.05,97.00
Fri 29/05/2026 - 08:53:44,18.92,100.00,1021.29,4.05,97.00
Fri 29/05/2026 - 08:54:18,18.93,100.00,1021.27,4.05,96.00
Fri 29/05/2026 - 08:54:52,18.92,100.00,1021.33,4.05,97.00
Fri 29/05/2026 - 08:55:26,18.97,100.00,1021.30,4.05,96.00
Fri 29/05/2026 - 08:56:00,18.92,100.00,1021.33,4.05,97.00
Fri 29/05/2026 - 08:56:34,18.97,100.00,1021.30,4.05,97.00
Fri 29/05/2026 - 08:57:08,19.00,100.00,1021.31,4.05,97.00
Fri 29/05/2026 - 08:57:42,19.03,100.00,1021.33,4.05,97.00
Fri 29/05/2026 - 08:58:16,19.07,100.00,1021.36,4.06,97.00
Fri 29/05/2026 - 08:58:50,19.08,100.00,1021.31,4.05,97.00
Fri 29/05/2026 - 08:59:24,18.99,100.00,1021.36,4.05,97.00
Fri 29/05/2026 - 08:59:58,18.90,100.00,1021.35,4.05,97.00
Fri 29/05/2026 - 09:00:32,18.85,100.00,1021.32,4.05,97.00
Fri 29/05/2026 - 09:01:06,18.90,100.00,1021.34,4.05,97.00
Fri 29/05/2026 - 09:01:40,18.94,100.00,1021.33,4.06,97.00
Fri 29/05/2026 - 09:02:14,18.93,100.00,1021.37,4.06,97.00
Fri 29/05/2026 - 09:02:48,18.96,100.00,1021.34,4.06,97.00
Fri 29/05/2026 - 09:03:22,18.96,100.00,1021.34,4.06,97.00
Fri 29/05/2026 - 09:03:56,18.90,100.00,1021.31,4.06,97.00
Fri 29/05/2026 - 09:04:30,18.92,100.00,1021.29,4.05,97.00
Fri 29/05/2026 - 09:05:04,18.94,100.00,1021.34,4.06,97.00
Fri 29/05/2026 - 09:05:38,18.96,100.00,1021.34,4.06,97.00
Fri 29/05/2026 - 09:06:12,18.95,100.00,1021.33,4.06,97.00
Fri 29/05/2026 - 09:06:46,18.89,100.00,1021.28,4.06,97.00
Fri 29/05/2026 - 09:07:20,18.88,100.00,1021.32,4.06,97.00
Fri 29/05/2026 - 09:07:54,18.87,100.00,1021.24,4.06,97.00
Fri 29/05/2026 - 09:08:28,18.82,100.00,1021.29,4.06,97.00
Fri 29/05/2026 - 09:09:02,18.83,100.00,1021.34,4.06,97.00
Fri 29/05/2026 - 09:09:36,18.86,100.00,1021.28,4.06,97.00
Fri 29/05/2026 - 09:10:10,18.79,100.00,1021.27,4.06,97.00
Fri 29/05/2026 - 09:10:44,18.79,100.00,1021.32,4.06,97.00
Fri 29/05/2026 - 09:11:18,18.83,100.00,1021.28,4.06,97.00
Fri 29/05/2026 - 09:11:52,18.83,100.00,1021.42,4.06,97.00
Fri 29/05/2026 - 09:12:26,18.90,100.00,1021.35,4.06,97.00
Fri 29/05/2026 - 09:13:00,18.98,100.00,1021.37,4.06,97.00
Fri 29/05/2026 - 09:13:34,18.90,100.00,1021.40,4.06,97.00
Fri 29/05/2026 - 09:14:08,18.96,100.00,1021.37,4.05,97.00
Fri 29/05/2026 - 09:14:42,19.01,100.00,1021.37,4.06,97.00
Fri 29/05/2026 - 09:15:16,19.08,100.00,1021.44,4.06,97.00
Fri 29/05/2026 - 09:15:49,19.12,100.00,1021.35,4.06,97.00
Fri 29/05/2026 - 09:16:23,19.15,100.00,1021.38,4.06,97.00
Fri 29/05/2026 - 09:16:57,19.19,100.00,1021.41,4.06,97.00
Fri 29/05/2026 - 09:17:31,19.21,100.00,1021.38,4.06,97.00
Fri 29/05/2026 - 09:18:05,19.23,100.00,1021.37,4.06,97.00
Fri 29/05/2026 - 09:18:39,19.20,100.00,1021.39,4.06,97.00
Fri 29/05/2026 - 09:19:13,19.25,100.00,1021.31,4.06,97.00
Fri 29/05/2026 - 09:19:47,19.25,100.00,1021.35,4.06,97.00
Fri 29/05/2026 - 09:20:21,19.25,100.00,1021.35,4.06,97.00
Fri 29/05/2026 - 09:20:55,19.27,100.00,1021.38,4.06,97.00
Fri 29/05/2026 - 09:21:29,19.31,100.00,1021.36,4.06,97.00
Fri 29/05/2026 - 09:22:03,19.32,100.00,1021.30,4.06,97.00
Fri 29/05/2026 - 09:22:37,19.39,100.00,1021.35,4.06,97.00
Fri 29/05/2026 - 09:23:11,19.41,99.81,1021.35,4.06,97.00
Fri 29/05/2026 - 09:23:45,19.37,98.08,1021.39,4.06,97.00
Fri 29/05/2026 - 09:24:19,19.24,97.22,1021.33,4.06,97.00
Fri 29/05/2026 - 09:24:53,19.18,97.83,1021.34,4.06,97.00
Fri 29/05/2026 - 09:25:27,19.20,99.78,1021.36,4.06,97.00
Fri 29/05/2026 - 09:26:01,19.32,100.00,1021.31,4.06,97.00
Fri 29/05/2026 - 09:26:35,19.26,97.14,1021.25,4.06,97.00
Fri 29/05/2026 - 09:27:09,19.17,96.74,1021.27,4.06,97.00
Fri 29/05/2026 - 09:27:43,19.17,98.84,1021.27,4.06,97.00
Fri 29/05/2026 - 09:28:17,19.12,96.96,1021.27,4.06,97.00
Fri 29/05/2026 - 09:28:51,19.10,97.10,1021.32,4.06,97.00
Fri 29/05/2026 - 09:29:25,19.18,97.29,1021.39,4.07,97.00
Fri 29/05/2026 - 09:29:59,19.15,96.76,1021.29,4.07,97.00
Fri 29/05/2026 - 09:30:33,19.17,98.88,1021.33,4.07,97.00
Fri 29/05/2026 - 09:31:07,19.28,100.00,1021.37,4.07,97.00
Fri 29/05/2026 - 09:31:41,19.28,96.37,1021.31,4.07,97.00
Fri 29/05/2026 - 09:32:15,19.40,98.11,1021.36,4.07,97.00
Fri 29/05/2026 - 09:32:49,19.46,97.63,1021.28,4.07,97.00
Fri 29/05/2026 - 09:33:23,19.65,94.99,1021.26,4.07,97.00
Fri 29/05/2026 - 09:33:57,19.59,93.86,1021.28,4.07,97.00
Fri 29/05/2026 - 09:34:31,19.67,95.36,1021.25,4.07,97.00
Fri 29/05/2026 - 09:35:05,19.68,94.81,1021.27,4.07,97.00
Fri 29/05/2026 - 09:35:39,19.65,93.23,1021.32,4.07,97.00
Fri 29/05/2026 - 09:36:13,19.64,94.33,1021.34,4.07,97.00
Fri 29/05/2026 - 09:36:47,19.66,94.48,1021.29,4.07,97.00
Fri 29/05/2026 - 09:37:21,19.74,94.63,1021.31,4.07,97.00
Fri 29/05/2026 - 09:37:55,19.76,93.91,1021.30,4.07,97.00
Fri 29/05/2026 - 09:38:29,19.90,94.92,1021.27,4.07,97.00
Fri 29/05/2026 - 09:39:03,19.92,93.08,1021.30,4.07,97.00
Fri 29/05/2026 - 09:39:37,19.93,96.71,1021.27,4.07,97.00
Fri 29/05/2026 - 09:40:11,20.00,93.60,1021.36,4.07,97.00
Fri 29/05/2026 - 09:40:45,20.12,93.66,1021.26,4.07,97.00
Fri 29/05/2026 - 09:41:19,20.12,90.95,1021.22,4.07,97.00
Fri 29/05/2026 - 09:41:53,20.06,91.52,1021.33,4.07,97.00
Fri 29/05/2026 - 09:42:27,20.06,91.20,1021.38,4.09,97.00
Fri 29/05/2026 - 09:43:01,20.15,91.25,1021.30,4.09,97.00
Fri 29/05/2026 - 09:43:35,20.21,92.03,1021.20,4.09,97.00
Fri 29/05/2026 - 09:44:09,20.31,92.12,1021.24,4.08,97.00
Fri 29/05/2026 - 09:44:43,20.45,92.41,1021.26,4.08,97.00
Fri 29/05/2026 - 09:45:17,20.56,90.41,1021.22,4.06,97.00
Fri 29/05/2026 - 09:45:51,20.50,89.24,1021.26,4.06,97.00
Fri 29/05/2026 - 09:46:25,20.20,91.80,1021.20,4.06,97.00
Fri 29/05/2026 - 09:46:59,20.11,90.85,1021.27,4.06,97.00
Fri 29/05/2026 - 09:47:33,20.19,92.80,1021.24,4.06,97.00
Fri 29/05/2026 - 09:48:07,20.25,92.15,1021.26,4.06,97.00
Fri 29/05/2026 - 09:48:41,20.07,90.10,1021.34,4.06,97.00
Fri 29/05/2026 - 09:49:15,19.89,93.25,1021.25,4.05,97.00
Fri 29/05/2026 - 09:49:49,19.83,91.54,1021.31,4.06,97.00
Fri 29/05/2026 - 09:50:23,19.85,93.56,1021.29,4.06,97.00
Fri 29/05/2026 - 09:50:57,19.84,91.34,1021.32,4.06,97.00
Fri 29/05/2026 - 09:51:31,19.83,91.33,1021.31,4.05,97.00
Fri 29/05/2026 - 09:52:05,19.87,91.76,1021.32,4.06,97.00
Fri 29/05/2026 - 09:52:39,19.90,90.85,1021.26,4.05,97.00
Fri 29/05/2026 - 09:53:13,19.89,92.94,1021.28,4.06,97.00
Fri 29/05/2026 - 09:53:47,19.74,91.07,1021.32,4.05,97.00
Fri 29/05/2026 - 09:54:21,19.83,92.74,1021.34,4.06,97.00
Fri 29/05/2026 - 09:54:55,19.72,91.67,1021.28,4.05,97.00
Fri 29/05/2026 - 09:55:29,19.87,91.57,1021.33,4.05,97.00
Fri 29/05/2026 - 09:56:03,19.85,93.46,1021.34,4.05,97.00
Fri 29/05/2026 - 09:56:37,19.93,91.41,1021.29,4.05,97.00
Fri 29/05/2026 - 09:57:11,19.96,92.24,1021.23,4.05,97.00
Fri 29/05/2026 - 09:57:45,19.88,91.16,1021.34,4.05,97.00
Fri 29/05/2026 - 09:58:18,19.74,94.05,1021.35,4.05,96.00
Fri 29/05/2026 - 09:58:52,19.88,92.33,1021.32,4.05,97.00
Fri 29/05/2026 - 09:59:26,19.97,92.25,1021.23,4.05,97.00
Fri 29/05/2026 - 10:00:00,20.08,91.41,1021.35,4.05,97.00
Fri 29/05/2026 - 10:00:34,20.15,90.53,1021.28,4.05,97.00
Fri 29/05/2026 - 10:01:08,20.18,89.66,1021.28,4.05,97.00
Fri 29/05/2026 - 10:01:42,20.14,89.15,1021.27,4.05,97.00
Fri 29/05/2026 - 10:02:16,20.12,89.24,1021.25,4.05,97.00
Fri 29/05/2026 - 10:02:50,20.06,90.49,1021.33,4.05,96.00
Fri 29/05/2026 - 10:03:24,20.06,90.80,1021.33,4.05,96.00
Fri 29/05/2026 - 10:03:58,19.97,90.66,1021.31,4.05,97.00
Fri 29/05/2026 - 10:04:32,19.80,90.65,1021.31,4.05,96.00
Fri 29/05/2026 - 10:05:06,19.85,91.54,1021.29,4.05,97.00
Fri 29/05/2026 - 10:05:40,19.93,90.90,1021.32,4.05,97.00
Fri 29/05/2026 - 10:06:14,20.03,89.76,1021.39,4.05,97.00
Fri 29/05/2026 - 10:06:48,20.09,90.36,1021.37,4.05,97.00
Fri 29/05/2026 - 10:07:22,20.06,88.76,1021.30,4.05,97.00
Fri 29/05/2026 - 10:07:56,20.04,89.75,1021.40,4.05,97.00
Fri 29/05/2026 - 10:08:30,20.04,89.58,1021.35,4.05,96.00
Fri 29/05/2026 - 10:09:04,19.97,89.09,1021.39,4.05,97.00
Fri 29/05/2026 - 10:09:38,19.95,90.12,1021.44,4.05,97.00
Fri 29/05/2026 - 10:10:12,19.85,91.77,1021.42,4.05,96.00
Fri 29/05/2026 - 10:10:46,19.74,91.80,1021.43,4.05,96.00
Fri 29/05/2026 - 10:11:20,19.73,91.79,1021.38,4.05,97.00
Fri 29/05/2026 - 10:11:54,19.76,90.91,1021.40,4.05,97.00
Fri 29/05/2026 - 10:12:28,19.83,91.71,1021.41,4.05,96.00
Fri 29/05/2026 - 10:13:02,19.87,92.95,1021.34,4.05,97.00
Fri 29/05/2026 - 10:13:36,19.92,90.67,1021.36,4.05,96.00
Fri 29/05/2026 - 10:14:10,19.98,91.47,1021.46,4.05,97.00
Fri 29/05/2026 - 10:14:44,19.99,92.26,1021.37,4.05,96.00
Fri 29/05/2026 - 10:15:18,20.07,91.97,1021.45,4.05,96.00
Fri 29/05/2026 - 10:15:52,20.06,90.15,1021.49,4.05,97.00
Fri 29/05/2026 - 10:16:26,19.94,91.01,1021.39,4.05,96.00
Fri 29/05/2026 - 10:17:00,19.97,91.71,1021.44,4.05,96.00
Fri 29/05/2026 - 10:17:34,20.03,89.17,1021.44,4.05,96.00
Fri 29/05/2026 - 10:18:08,20.10,89.51,1021.39,4.05,96.00
Fri 29/05/2026 - 10:18:42,20.17,89.96,1021.39,4.05,97.00
Fri 29/05/2026 - 10:19:16,20.16,91.49,1021.38,4.05,96.00
Fri 29/05/2026 - 10:19:50,20.19,89.81,1021.44,4.05,96.00
Fri 29/05/2026 - 10:20:24,20.30,90.68,1021.40,4.05,96.00
Fri 29/05/2026 - 10:20:58,20.34,90.08,1021.37,4.05,96.00
Fri 29/05/2026 - 10:21:32,20.35,89.79,1021.41,4.05,96.00
Fri 29/05/2026 - 10:22:06,20.36,89.51,1021.35,4.05,96.00
Fri 29/05/2026 - 10:22:40,20.37,89.30,1021.41,4.05,96.00
Fri 29/05/2026 - 10:23:14,20.38,89.24,1021.32,4.05,96.00
Fri 29/05/2026 - 10:23:48,20.38,89.15,1021.38,4.05,96.00
Fri 29/05/2026 - 10:24:22,20.38,89.08,1021.43,4.05,96.00
Fri 29/05/2026 - 10:24:56,20.39,89.03,1021.39,4.05,96.00
Fri 29/05/2026 - 10:25:30,20.39,88.91,1021.43,4.05,96.00
Fri 29/05/2026 - 10:26:03,20.42,88.79,1021.42,4.05,96.00
Fri 29/05/2026 - 10:26:37,20.43,88.70,1021.44,4.05,96.00
Fri 29/05/2026 - 10:27:11,20.44,89.11,1021.37,4.05,96.00
Fri 29/05/2026 - 10:27:45,20.48,89.15,1021.36,4.05,96.00
Fri 29/05/2026 - 10:28:19,20.49,88.65,1021.29,4.05,96.00
Fri 29/05/2026 - 10:28:53,20.50,88.34,1021.42,4.05,96.00
Fri 29/05/2026 - 10:29:27,20.49,88.15,1021.36,4.05,96.00
Fri 29/05/2026 - 10:30:01,20.50,88.04,1021.32,4.05,96.00
Fri 29/05/2026 - 10:30:35,20.53,87.93,1021.33,4.05,96.00
Fri 29/05/2026 - 10:31:09,20.53,87.98,1021.36,4.05,96.00
Fri 29/05/2026 - 10:31:43,20.53,87.85,1021.25,4.05,96.00
Fri 29/05/2026 - 10:32:17,20.53,87.87,1021.31,4.05,96.00
Fri 29/05/2026 - 10:32:51,20.54,87.95,1021.32,4.05,96.00
Fri 29/05/2026 - 10:33:25,20.55,87.89,1021.34,4.05,96.00
Fri 29/05/2026 - 10:33:59,20.55,87.88,1021.29,4.05,96.00
Fri 29/05/2026 - 10:34:33,20.56,87.85,1021.30,4.05,96.00
Fri 29/05/2026 - 10:35:07,20.56,87.95,1021.30,4.05,96.00
Fri 29/05/2026 - 10:35:41,20.56,87.94,1021.25,4.05,96.00
Fri 29/05/2026 - 10:36:15,20.57,87.96,1021.29,4.05,96.00
Fri 29/05/2026 - 10:36:49,20.57,87.93,1021.27,4.05,96.00
Fri 29/05/2026 - 10:37:23,20.57,87.95,1021.32,4.05,96.00
Fri 29/05/2026 - 10:37:57,20.59,87.94,1021.28,4.05,96.00
Fri 29/05/2026 - 10:38:31,20.62,87.92,1021.30,4.05,96.00
Fri 29/05/2026 - 10:39:05,20.61,87.75,1021.26,4.05,96.00
Fri 29/05/2026 - 10:39:39,20.63,87.76,1021.28,4.05,96.00
Fri 29/05/2026 - 10:40:13,20.64,87.74,1021.30,4.05,96.00
Fri 29/05/2026 - 10:40:47,20.65,87.71,1021.27,4.05,96.00
Fri 29/05/2026 - 10:41:21,20.68,87.71,1021.24,4.05,96.00
Fri 29/05/2026 - 10:41:55,20.70,87.65,1021.21,4.05,96.00
Fri 29/05/2026 - 10:42:29,20.71,87.46,1021.29,4.05,96.00
Fri 29/05/2026 - 10:43:03,20.69,87.48,1021.31,4.05,96.00
Fri 29/05/2026 - 10:43:37,20.69,87.45,1021.26,4.05,96.00
Fri 29/05/2026 - 10:44:11,20.69,87.37,1021.31,4.05,96.00
Fri 29/05/2026 - 10:44:45,20.70,87.44,1021.32,4.05,96.00
Fri 29/05/2026 - 10:45:19,20.70,87.40,1021.21,4.05,96.00
Fri 29/05/2026 - 10:45:53,20.69,87.39,1021.14,4.05,96.00
Fri 29/05/2026 - 10:46:27,20.70,87.68,1021.27,4.05,96.00
Fri 29/05/2026 - 10:47:01,20.70,87.73,1021.21,4.05,96.00
Fri 29/05/2026 - 10:47:35,20.70,87.50,1021.22,4.05,96.00
Fri 29/05/2026 - 10:48:09,20.71,87.96,1021.24,4.05,96.00
Fri 29/05/2026 - 10:48:43,20.71,87.88,1021.16,4.05,96.00
Fri 29/05/2026 - 10:49:17,20.71,87.81,1021.29,4.05,96.00
Fri 29/05/2026 - 10:49:51,20.70,87.80,1021.22,4.05,96.00
Fri 29/05/2026 - 10:50:25,20.70,87.71,1021.22,4.05,96.00
Fri 29/05/2026 - 10:50:59,20.69,87.55,1021.30,4.05,96.00
Fri 29/05/2026 - 10:51:33,20.69,87.51,1021.31,4.05,96.00
Fri 29/05/2026 - 10:52:07,20.70,87.48,1021.22,4.05,96.00
Fri 29/05/2026 - 10:52:41,20.71,87.44,1021.29,4.05,96.00
Fri 29/05/2026 - 10:53:15,20.73,87.45,1021.26,4.05,96.00
Fri 29/05/2026 - 10:53:49,20.73,87.40,1021.24,4.05,96.00
Fri 29/05/2026 - 10:54:23,20.72,87.32,1021.17,4.05,96.00
Fri 29/05/2026 - 10:54:57,20.72,87.36,1021.20,4.05,96.00
Fri 29/05/2026 - 10:55:31,20.72,87.37,1021.19,4.05,96.00
Fri 29/05/2026 - 10:56:05,20.72,87.40,1021.25,4.05,96.00
Fri 29/05/2026 - 10:56:39,20.72,87.41,1021.23,4.05,96.00
Fri 29/05/2026 - 10:57:13,20.73,87.42,1021.22,4.05,96.00
Fri 29/05/2026 - 10:57:47,20.72,87.42,1021.20,4.05,96.00
Fri 29/05/2026 - 10:58:20,20.73,87.38,1021.13,4.05,96.00
Fri 29/05/2026 - 10:58:54,20.72,87.33,1021.20,4.05,96.00
Fri 29/05/2026 - 10:59:28,20.74,87.23,1021.18,4.05,96.00
Fri 29/05/2026 - 11:00:02,20.74,87.19,1021.18,4.05,96.00
Fri 29/05/2026 - 11:00:36,20.76,87.14,1021.16,4.05,96.00
Fri 29/05/2026 - 11:01:10,20.74,87.07,1021.18,4.05,96.00
Fri 29/05/2026 - 11:01:44,20.74,86.99,1021.13,4.05,96.00
Fri 29/05/2026 - 11:02:18,20.73,86.96,1021.16,4.05,96.00
Fri 29/05/2026 - 11:02:52,20.73,86.98,1021.11,4.05,96.00
Fri 29/05/2026 - 11:03:26,20.74,86.96,1021.15,4.05,96.00
Fri 29/05/2026 - 11:04:00,20.73,86.83,1021.14,4.05,96.00
Fri 29/05/2026 - 11:04:34,20.75,86.83,1021.16,4.05,96.00
Fri 29/05/2026 - 11:05:08,20.77,86.83,1021.17,4.05,96.00
Fri 29/05/2026 - 11:05:42,20.76,86.84,1021.13,4.05,96.00
Fri 29/05/2026 - 11:06:16,20.79,86.59,1021.13,4.05,96.00
Fri 29/05/2026 - 11:06:50,20.78,86.44,1021.14,4.05,96.00
Fri 29/05/2026 - 11:07:24,20.78,86.27,1021.13,4.05,96.00
Fri 29/05/2026 - 11:07:58,20.77,86.18,1021.09,4.05,96.00
Fri 29/05/2026 - 11:08:32,20.79,86.04,1021.10,4.05,96.00
Fri 29/05/2026 - 11:09:06,20.77,85.98,1021.07,4.05,96.00
Fri 29/05/2026 - 11:09:40,20.77,85.91,1021.02,4.05,96.00
Fri 29/05/2026 - 11:10:14,20.77,85.76,1021.12,4.05,96.00
Fri 29/05/2026 - 11:10:48,20.78,85.60,1021.09,4.05,96.00
Fri 29/05/2026 - 11:11:22,20.78,85.40,1021.08,4.05,96.00
Fri 29/05/2026 - 11:11:56,20.80,85.21,1021.04,4.05,96.00
Fri 29/05/2026 - 11:12:30,20.80,85.14,1021.01,4.05,96.00
Fri 29/05/2026 - 11:13:04,20.79,85.00,1021.05,4.05,96.00
Fri 29/05/2026 - 11:13:38,20.78,84.99,1021.01,4.05,96.00
Fri 29/05/2026 - 11:14:12,20.78,84.96,1021.03,4.05,96.00
Fri 29/05/2026 - 11:14:46,20.80,84.84,1020.98,4.05,96.00
Fri 29/05/2026 - 11:15:20,20.81,84.75,1021.02,4.05,96.00
Fri 29/05/2026 - 11:15:54,20.79,84.72,1021.02,4.05,96.00
Fri 29/05/2026 - 11:16:28,20.80,84.68,1021.07,4.05,96.00
Fri 29/05/2026 - 11:17:02,20.81,84.64,1021.03,4.05,96.00
Fri 29/05/2026 - 11:17:36,20.82,84.45,1021.05,4.05,96.00
Fri 29/05/2026 - 11:18:10,20.82,84.19,1021.01,4.05,96.00
Fri 29/05/2026 - 11:18:44,20.83,84.00,1021.04,4.05,96.00
Fri 29/05/2026 - 11:19:18,20.84,83.94,1021.00,4.05,96.00
Fri 29/05/2026 - 11:19:52,20.86,83.77,1020.95,4.05,96.00
Fri 29/05/2026 - 11:20:26,20.86,83.77,1020.95,4.05,96.00
Fri 29/05/2026 - 11:21:00,20.86,83.67,1020.93,4.05,96.00
Fri 29/05/2026 - 11:21:34,20.88,83.72,1020.93,4.05,96.00
Fri 29/05/2026 - 11:22:08,20.87,83.57,1020.92,4.05,96.00
Fri 29/05/2026 - 11:22:42,20.90,83.41,1020.93,4.05,96.00
Fri 29/05/2026 - 11:23:16,20.90,83.38,1020.91,4.05,96.00
Fri 29/05/2026 - 11:23:50,20.91,83.21,1020.88,4.05,96.00
Fri 29/05/2026 - 11:24:24,20.92,83.18,1020.89,4.05,96.00
Fri 29/05/2026 - 11:24:58,20.94,83.23,1020.93,4.05,96.00
Fri 29/05/2026 - 11:25:32,20.93,83.14,1020.87,4.05,96.00
Fri 29/05/2026 - 11:26:06,20.94,83.13,1020.85,4.05,96.00
Fri 29/05/2026 - 11:26:40,20.95,82.92,1020.83,4.05,96.00
Fri 29/05/2026 - 11:27:14,20.95,82.97,1020.89,4.05,96.00
Fri 29/05/2026 - 11:27:48,20.96,82.80,1020.85,4.05,96.00
Fri 29/05/2026 - 11:28:22,20.97,82.64,1020.82,4.05,96.00
Fri 29/05/2026 - 11:28:56,21.00,82.59,1020.82,4.05,96.00
Fri 29/05/2026 - 11:29:30,21.00,82.54,1020.81,4.05,96.00
Fri 29/05/2026 - 11:30:04,21.02,82.38,1020.84,4.05,96.00
Fri 29/05/2026 - 11:30:38,21.03,82.30,1020.77,4.05,96.00
Fri 29/05/2026 - 11:31:12,21.05,82.16,1020.80,4.05,96.00
Fri 29/05/2026 - 11:31:45,21.06,82.09,1020.74,4.05,96.00
Fri 29/05/2026 - 11:32:19,21.09,81.95,1020.73,4.05,96.00
Fri 29/05/2026 - 11:32:53,21.11,81.81,1020.80,4.05,96.00
Fri 29/05/2026 - 11:33:27,21.12,81.63,1020.85,4.05,96.00
Fri 29/05/2026 - 11:34:01,21.14,81.54,1020.77,4.05,96.00
Fri 29/05/2026 - 11:34:35,21.16,81.31,1020.77,4.05,96.00
Fri 29/05/2026 - 11:35:09,21.18,81.16,1020.84,4.05,96.00
Fri 29/05/2026 - 11:35:43,21.18,80.92,1020.76,4.05,96.00
Fri 29/05/2026 - 11:36:17,21.19,80.86,1020.80,4.05,96.00
Fri 29/05/2026 - 11:36:51,21.20,80.78,1020.76,4.05,96.00
Fri 29/05/2026 - 11:37:25,21.22,80.66,1020.80,4.05,96.00
Fri 29/05/2026 - 11:37:59,21.25,80.59,1020.79,4.05,96.00
Fri 29/05/2026 - 11:38:33,21.25,80.54,1020.77,4.05,96.00
Fri 29/05/2026 - 11:39:07,21.25,80.50,1020.80,4.05,96.00
Fri 29/05/2026 - 11:39:41,21.27,80.50,1020.84,4.05,96.00
Fri 29/05/2026 - 11:40:15,21.27,80.38,1020.77,4.05,96.00
Fri 29/05/2026 - 11:40:49,21.27,80.36,1020.72,4.05,96.00
Fri 29/05/2026 - 11:41:23,21.28,80.24,1020.71,4.05,96.00
Fri 29/05/2026 - 11:41:57,21.30,80.14,1020.70,4.05,96.00
Fri 29/05/2026 - 11:42:31,21.31,80.13,1020.71,4.05,96.00
Fri 29/05/2026 - 11:43:05,21.30,80.09,1020.72,4.05,96.00
Fri 29/05/2026 - 11:43:39,21.29,80.07,1020.65,4.05,96.00
Fri 29/05/2026 - 11:44:13,21.29,80.20,1020.70,4.05,96.00
Fri 29/05/2026 - 11:44:47,21.28,80.18,1020.68,4.05,96.00
Fri 29/05/2026 - 11:45:21,21.28,80.12,1020.68,4.05,96.00
Fri 29/05/2026 - 11:45:55,21.27,80.22,1020.77,4.04,96.00
Fri 29/05/2026 - 11:46:29,21.25,80.28,1020.74,4.05,96.00
Fri 29/05/2026 - 11:47:03,21.24,80.45,1020.69,4.04,96.00
Fri 29/05/2026 - 11:47:37,21.23,80.51,1020.76,4.05,96.00
Fri 29/05/2026 - 11:48:11,21.22,80.69,1020.63,4.05,96.00
Fri 29/05/2026 - 11:48:45,21.20,80.99,1020.72,4.04,96.00
Fri 29/05/2026 - 11:49:19,21.20,81.10,1020.66,4.04,96.00
Fri 29/05/2026 - 11:49:53,21.22,81.09,1020.63,4.05,96.00
Fri 29/05/2026 - 11:50:27,21.20,81.09,1020.60,4.05,96.00
Fri 29/05/2026 - 11:51:01,21.20,81.26,1020.66,4.04,96.00
Fri 29/05/2026 - 11:51:35,21.19,81.32,1020.64,4.05,96.00
Fri 29/05/2026 - 11:52:09,21.19,81.48,1020.67,4.04,96.00
Fri 29/05/2026 - 11:52:43,21.19,81.57,1020.64,4.05,96.00
Fri 29/05/2026 - 11:53:17,21.19,81.45,1020.69,4.05,96.00
Fri 29/05/2026 - 11:53:51,21.18,81.62,1020.64,4.05,96.00
Fri 29/05/2026 - 11:54:25,21.17,81.70,1020.63,4.04,96.00
Fri 29/05/2026 - 11:54:59,21.16,81.64,1020.67,4.04,96.00
Fri 29/05/2026 - 11:55:33,21.15,81.77,1020.65,4.05,96.00
Fri 29/05/2026 - 11:56:07,21.13,81.80,1020.64,4.04,96.00
Fri 29/05/2026 - 11:56:41,21.10,81.93,1020.62,4.05,96.00
Fri 29/05/2026 - 11:57:15,21.09,82.01,1020.61,4.04,96.00
Fri 29/05/2026 - 11:57:49,21.09,81.99,1020.68,4.05,96.00
Fri 29/05/2026 - 11:58:23,21.09,82.25,1020.66,4.04,96.00
Fri 29/05/2026 - 11:58:57,21.07,82.16,1020.65,4.04,96.00
Fri 29/05/2026 - 11:59:30,21.06,82.45,1020.57,4.05,96.00
Fri 29/05/2026 - 12:00:04,21.05,82.41,1020.57,4.04,96.00
Fri 29/05/2026 - 12:00:38,21.08,82.76,1020.53,4.04,96.00
Fri 29/05/2026 - 12:01:12,21.06,82.80,1020.52,4.04,96.00
Fri 29/05/2026 - 12:01:46,21.06,82.99,1020.61,4.04,96.00
Fri 29/05/2026 - 12:02:20,21.03,83.18,1020.59,4.04,96.00
Fri 29/05/2026 - 12:02:54,21.00,83.58,1020.55,4.04,96.00
Fri 29/05/2026 - 12:03:28,21.03,83.62,1020.50,4.04,96.00
Fri 29/05/2026 - 12:04:02,21.01,83.71,1020.60,4.04,96.00
Fri 29/05/2026 - 12:04:36,21.01,83.68,1020.53,4.04,96.00
Fri 29/05/2026 - 12:05:10,21.01,83.55,1020.60,4.04,96.00
Fri 29/05/2026 - 12:05:44,21.00,83.71,1020.52,4.04,96.00
Fri 29/05/2026 - 12:06:18,21.00,83.57,1020.66,4.04,96.00
Fri 29/05/2026 - 12:06:52,20.97,83.25,1020.60,4.04,96.00
Fri 29/05/2026 - 12:07:26,20.96,83.68,1020.60,4.04,96.00
Fri 29/05/2026 - 12:08:00,21.02,84.07,1020.59,4.04,96.00
Fri 29/05/2026 - 12:08:34,21.05,84.11,1020.58,4.04,96.00
Fri 29/05/2026 - 12:09:08,21.06,83.84,1020.56,4.04,96.00
Fri 29/05/2026 - 12:09:42,21.09,83.82,1020.54,4.04,96.00
Fri 29/05/2026 - 12:10:16,21.09,83.77,1020.52,4.04,96.00
Fri 29/05/2026 - 12:10:50,21.07,83.52,1020.51,4.04,96.00
Fri 29/05/2026 - 12:11:24,21.08,83.53,1020.47,4.04,96.00
Fri 29/05/2026 - 12:11:58,21.08,83.37,1020.53,4.04,96.00
Fri 29/05/2026 - 12:12:32,21.09,83.26,1020.46,4.04,96.00
Fri 29/05/2026 - 12:13:06,21.11,83.19,1020.44,4.04,96.00
Fri 29/05/2026 - 12:13:40,21.12,83.09,1020.46,4.04,96.00
Fri 29/05/2026 - 12:14:14,21.12,83.04,1020.39,4.04,96.00
Fri 29/05/2026 - 12:14:48,21.12,83.02,1020.43,4.04,96.00
Fri 29/05/2026 - 12:15:22,21.14,82.91,1020.39,4.04,96.00
Fri 29/05/2026 - 12:15:56,21.11,82.91,1020.45,4.04,96.00
Fri 29/05/2026 - 12:16:30,21.11,83.04,1020.44,4.04,96.00
Fri 29/05/2026 - 12:17:04,21.11,83.01,1020.44,4.04,96.00
Fri 29/05/2026 - 12:17:38,21.12,83.01,1020.35,4.04,96.00
Fri 29/05/2026 - 12:18:12,21.11,83.03,1020.33,4.04,96.00
Fri 29/05/2026 - 12:18:46,21.14,82.84,1020.34,4.04,96.00
Fri 29/05/2026 - 12:19:20,21.14,82.90,1020.39,4.04,96.00
Fri 29/05/2026 - 12:19:54,21.15,82.92,1020.33,4.04,96.00
Fri 29/05/2026 - 12:20:28,21.18,82.83,1020.26,4.04,96.00
Fri 29/05/2026 - 12:21:02,21.18,82.86,1020.35,4.04,96.00
Fri 29/05/2026 - 12:21:36,21.16,82.72,1020.35,4.04,96.00
Fri 29/05/2026 - 12:22:10,21.18,82.71,1020.35,4.04,96.00
Fri 29/05/2026 - 12:22:44,21.17,82.84,1020.27,4.04,96.00
Fri 29/05/2026 - 12:23:18,21.16,82.93,1020.23,4.04,96.00
Fri 29/05/2026 - 12:23:52,21.16,83.04,1020.28,4.04,96.00
Fri 29/05/2026 - 12:24:26,21.14,84.70,1020.20,4.04,96.00
Fri 29/05/2026 - 12:25:00,21.23,84.59,1020.11,4.04,96.00
Fri 29/05/2026 - 12:25:34,21.32,84.30,1020.10,4.04,96.00
Fri 29/05/2026 - 12:26:08,21.37,84.17,1020.18,4.04,96.00
Fri 29/05/2026 - 12:26:42,21.42,83.95,1020.15,4.04,96.00
Fri 29/05/2026 - 12:27:16,21.44,83.68,1020.14,4.04,96.00
Fri 29/05/2026 - 12:27:50,21.44,83.68,1020.03,4.04,96.00
Fri 29/05/2026 - 12:28:24,21.46,83.58,1020.06,4.04,96.00
Fri 29/05/2026 - 12:28:58,21.45,83.68,1020.02,4.04,96.00
Fri 29/05/2026 - 12:29:32,21.44,83.78,1020.00,4.04,96.00
Fri 29/05/2026 - 12:30:06,21.43,83.95,1020.07,4.04,96.00
Fri 29/05/2026 - 12:30:40,21.41,84.07,1020.04,4.04,96.00
Fri 29/05/2026 - 12:31:14,21.34,84.60,1020.00,4.04,96.00
Fri 29/05/2026 - 12:31:48,21.34,84.57,1020.08,4.04,96.00
Fri 29/05/2026 - 12:32:22,21.33,84.64,1020.03,4.04,96.00
Fri 29/05/2026 - 12:32:56,21.32,84.63,1020.04,4.04,96.00
Fri 29/05/2026 - 12:33:30,21.28,84.57,1020.04,4.04,96.00
Fri 29/05/2026 - 12:34:04,21.27,84.75,1020.08,4.04,96.00
Fri 29/05/2026 - 12:34:38,21.26,85.78,1020.08,4.04,96.00
Fri 29/05/2026 - 12:35:12,21.22,85.76,1020.03,4.04,96.00
Fri 29/05/2026 - 12:35:46,21.21,85.71,1019.99,4.04,96.00
Fri 29/05/2026 - 12:36:19,21.19,85.68,1019.98,4.04,96.00
Fri 29/05/2026 - 12:36:53,21.18,85.82,1019.97,4.04,96.00
Fri 29/05/2026 - 12:37:27,21.17,85.95,1019.95,4.04,96.00
Fri 29/05/2026 - 12:38:01,21.15,86.00,1019.97,4.04,96.00
Fri 29/05/2026 - 12:38:35,21.13,86.32,1020.00,4.04,96.00
Fri 29/05/2026 - 12:39:09,21.10,86.66,1020.00,4.04,96.00
Fri 29/05/2026 - 12:39:43,21.09,87.11,1019.96,4.04,96.00
Fri 29/05/2026 - 12:40:17,21.07,87.45,1019.94,4.04,96.00
Fri 29/05/2026 - 12:40:51,21.06,87.08,1019.93,4.04,96.00
Fri 29/05/2026 - 12:41:25,21.05,87.02,1019.91,4.04,96.00
Fri 29/05/2026 - 12:41:59,21.05,87.03,1019.91,4.04,96.00
Fri 29/05/2026 - 12:42:33,21.03,87.19,1019.93,4.04,96.00
Fri 29/05/2026 - 12:43:07,21.02,87.60,1019.96,4.04,96.00
Fri 29/05/2026 - 12:43:41,21.01,87.92,1020.00,4.04,96.00
Fri 29/05/2026 - 12:44:15,20.99,88.00,1019.92,4.04,96.00
Fri 29/05/2026 - 12:44:49,20.97,88.03,1019.92,4.04,96.00
Fri 29/05/2026 - 12:45:23,20.96,88.01,1019.89,4.04,96.00
Fri 29/05/2026 - 12:45:57,20.95,88.17,1019.85,4.04,96.00
Fri 29/05/2026 - 12:46:31,20.94,88.12,1019.87,4.04,96.00
Fri 29/05/2026 - 12:47:05,20.93,88.07,1019.91,4.04,96.00
Fri 29/05/2026 - 12:47:39,20.92,88.09,1019.85,4.04,96.00
Fri 29/05/2026 - 12:48:13,20.91,88.43,1019.87,4.04,96.00
Fri 29/05/2026 - 12:48:47,20.89,88.50,1019.86,4.04,96.00
Fri 29/05/2026 - 12:49:21,20.88,88.62,1019.85,4.04,96.00
Fri 29/05/2026 - 12:49:55,20.87,88.63,1019.94,4.04,96.00
Fri 29/05/2026 - 12:50:29,20.86,88.53,1019.87,4.04,96.00
Fri 29/05/2026 - 12:51:03,20.84,88.71,1019.86,4.04,96.00
Fri 29/05/2026 - 12:51:37,20.83,88.76,1019.86,4.04,96.00
Fri 29/05/2026 - 12:52:11,20.82,88.79,1019.80,4.04,96.00
Fri 29/05/2026 - 12:52:45,20.80,88.68,1019.82,4.04,96.00
Fri 29/05/2026 - 12:53:19,20.80,88.81,1019.87,4.04,96.00
Fri 29/05/2026 - 12:53:53,20.79,88.87,1019.91,4.04,96.00
Fri 29/05/2026 - 12:54:27,20.79,88.78,1019.90,4.04,96.00
Fri 29/05/2026 - 12:55:01,20.77,88.73,1019.82,4.04,96.00
Fri 29/05/2026 - 12:55:35,20.77,88.73,1019.82,4.04,96.00
Fri 29/05/2026 - 12:56:09,20.75,88.74,1019.81,4.04,96.00
Fri 29/05/2026 - 12:56:43,20.75,88.82,1019.81,4.04,96.00
Fri 29/05/2026 - 12:57:17,20.74,88.87,1019.82,4.04,96.00
Fri 29/05/2026 - 12:57:51,20.73,88.95,1019.81,4.04,96.00
Fri 29/05/2026 - 12:58:25,20.73,88.99,1019.74,4.04,96.00
Fri 29/05/2026 - 12:58:59,20.71,89.08,1019.80,4.04,96.00
Fri 29/05/2026 - 12:59:33,20.70,89.12,1019.75,4.04,96.00
Fri 29/05/2026 - 13:00:07,20.70,89.26,1019.75,4.04,96.00
Fri 29/05/2026 - 13:00:41,20.69,89.35,1019.85,4.04,96.00
Fri 29/05/2026 - 13:01:15,20.68,89.44,1019.83,4.04,96.00
Fri 29/05/2026 - 13:01:49,20.67,89.46,1019.70,4.04,96.00
Fri 29/05/2026 - 13:02:23,20.67,89.40,1019.76,4.04,96.00
Fri 29/05/2026 - 13:02:57,20.67,89.52,1019.69,4.04,96.00
Fri 29/05/2026 - 13:03:31,20.66,89.60,1019.77,4.04,96.00
Fri 29/05/2026 - 13:04:05,20.66,89.69,1019.74,4.04,96.00
Fri 29/05/2026 - 13:04:39,20.66,89.70,1019.65,4.04,96.00
Fri 29/05/2026 - 13:05:13,20.65,89.63,1019.75,4.04,96.00
Fri 29/05/2026 - 13:05:47,20.64,89.61,1019.70,4.04,96.00
Fri 29/05/2026 - 13:06:21,20.64,89.62,1019.65,4.04,96.00
Fri 29/05/2026 - 13:06:55,20.64,89.57,1019.68,4.04,96.00
Fri 29/05/2026 - 13:07:29,20.64,89.53,1019.70,4.04,96.00
Fri 29/05/2026 - 13:08:03,20.63,89.50,1019.63,4.04,96.00
Fri 29/05/2026 - 13:08:37,20.56,91.93,1019.68,4.05,96.00
Fri 29/05/2026 - 13:09:11,20.66,90.42,1019.67,4.05,96.00
Fri 29/05/2026 - 13:09:45,20.72,89.79,1019.73,4.05,96.00
Fri 29/05/2026 - 13:10:19,20.76,89.56,1019.75,4.05,96.00
Fri 29/05/2026 - 13:10:53,20.79,89.27,1019.67,4.05,96.00
Fri 29/05/2026 - 13:11:27,20.76,89.29,1019.67,4.05,96.00
Fri 29/05/2026 - 13:12:00,20.84,89.59,1019.67,4.05,96.00
Fri 29/05/2026 - 13:12:34,20.91,89.08,1019.74,4.05,96.00
Fri 29/05/2026 - 13:13:08,20.99,88.85,1019.76,4.05,96.00
Fri 29/05/2026 - 13:13:42,21.03,88.76,1019.60,4.05,96.00
Fri 29/05/2026 - 13:14:16,21.05,88.48,1019.74,4.05,96.00
Fri 29/05/2026 - 13:14:50,21.05,88.28,1019.69,4.05,96.00
Fri 29/05/2026 - 13:15:24,21.08,88.28,1019.64,4.05,96.00
Fri 29/05/2026 - 13:15:58,21.11,87.96,1019.72,4.05,96.00
Fri 29/05/2026 - 13:16:32,21.12,87.98,1019.67,4.05,96.00
Fri 29/05/2026 - 13:17:06,21.15,87.94,1019.64,4.05,96.00
Fri 29/05/2026 - 13:17:40,21.19,87.93,1019.63,4.05,97.00
Fri 29/05/2026 - 13:18:14,21.28,88.07,1019.68,4.06,97.00
Fri 29/05/2026 - 13:18:48,21.42,87.55,1019.66,4.07,97.00
Fri 29/05/2026 - 13:19:22,21.69,86.85,1019.65,4.08,97.00
Fri 29/05/2026 - 13:19:56,22.06,84.69,1019.61,4.10,98.00
Fri 29/05/2026 - 13:20:30,22.42,83.66,1019.58,4.10,98.00
Fri 29/05/2026 - 13:21:04,22.71,82.66,1019.63,4.10,98.00
Fri 29/05/2026 - 13:21:38,22.96,81.55,1019.57,4.09,97.00
Fri 29/05/2026 - 13:22:12,22.84,80.74,1019.57,4.06,97.00
Fri 29/05/2026 - 13:22:46,22.72,80.36,1019.58,4.06,97.00
Fri 29/05/2026 - 13:23:20,22.67,80.42,1019.56,4.06,97.00
Fri 29/05/2026 - 13:23:54,22.66,80.02,1019.57,4.06,97.00
Fri 29/05/2026 - 13:24:28,22.62,80.25,1019.60,4.06,97.00
Fri 29/05/2026 - 13:25:02,22.64,79.92,1019.60,4.06,97.00
Fri 29/05/2026 - 13:25:36,22.64,79.51,1019.52,4.06,97.00
Fri 29/05/2026 - 13:26:10,22.65,79.55,1019.54,4.06,97.00
Fri 29/05/2026 - 13:26:44,22.66,79.48,1019.57,4.06,97.00
Fri 29/05/2026 - 13:27:18,22.65,79.30,1019.58,4.06,97.00
Fri 29/05/2026 - 13:27:52,22.61,79.92,1019.58,4.06,97.00
Fri 29/05/2026 - 13:28:26,22.59,79.88,1019.54,4.06,97.00
Fri 29/05/2026 - 13:29:00,22.57,80.12,1019.56,4.06,97.00
Fri 29/05/2026 - 13:29:34,22.58,80.34,1019.52,4.06,97.00
Fri 29/05/2026 - 13:30:08,22.59,79.85,1019.54,4.06,97.00
Fri 29/05/2026 - 13:30:42,22.60,79.66,1019.56,4.06,97.00
Fri 29/05/2026 - 13:31:16,22.60,79.62,1019.56,4.06,97.00
Fri 29/05/2026 - 13:31:50,22.61,79.48,1019.60,4.06,97.00
Fri 29/05/2026 - 13:32:24,22.61,79.13,1019.54,4.06,97.00
Fri 29/05/2026 - 13:32:58,22.61,79.07,1019.57,4.06,97.00
Fri 29/05/2026 - 13:33:32,22.61,79.16,1019.58,4.06,97.00
Fri 29/05/2026 - 13:34:06,22.61,79.08,1019.55,4.06,97.00
Fri 29/05/2026 - 13:34:40,22.61,78.95,1019.51,4.06,97.00
Fri 29/05/2026 - 13:35:14,22.58,79.03,1019.55,4.06,97.00
Fri 29/05/2026 - 13:35:48,22.57,79.51,1019.51,4.06,97.00
Fri 29/05/2026 - 13:36:22,22.57,79.37,1019.50,4.06,97.00
Fri 29/05/2026 - 13:36:56,22.56,79.45,1019.52,4.06,97.00
Fri 29/05/2026 - 13:37:30,22.54,79.52,1019.50,4.06,97.00
Fri 29/05/2026 - 13:38:04,22.55,79.32,1019.52,4.06,97.00
Fri 29/05/2026 - 13:38:38,22.55,79.22,1019.50,4.06,97.00
Fri 29/05/2026 - 13:39:12,22.57,79.37,1019.50,4.06,97.00
Fri 29/05/2026 - 13:39:46,22.56,79.12,1019.44,4.06,97.00
Fri 29/05/2026 - 13:40:20,22.55,79.40,1019.50,4.06,97.00
Fri 29/05/2026 - 13:40:54,22.56,79.20,1019.49,4.06,97.00
Fri 29/05/2026 - 13:41:28,22.58,79.24,1019.53,4.06,97.00
Fri 29/05/2026 - 13:42:02,22.58,78.93,1019.47,4.06,97.00
Fri 29/05/2026 - 13:42:36,22.56,78.96,1019.51,4.06,97.00
Fri 29/05/2026 - 13:43:10,22.55,79.01,1019.48,4.06,97.00
Fri 29/05/2026 - 13:43:44,22.55,79.07,1019.53,4.06,97.00
Fri 29/05/2026 - 13:44:18,22.55,78.94,1019.53,4.06,97.00
Fri 29/05/2026 - 13:44:52,22.55,79.01,1019.56,4.06,97.00
Fri 29/05/2026 - 13:45:26,22.71,78.72,1019.47,4.09,97.00
Fri 29/05/2026 - 13:46:00,22.86,78.38,1019.45,4.08,97.00
Fri 29/05/2026 - 13:46:34,22.88,78.68,1019.51,4.07,97.00
Fri 29/05/2026 - 13:47:08,22.91,78.46,1019.50,4.08,97.00
Fri 29/05/2026 - 13:47:42,22.94,78.28,1019.48,4.07,97.00
Fri 29/05/2026 - 13:48:16,22.88,78.53,1019.53,4.07,97.00
Fri 29/05/2026 - 13:48:50,22.82,78.50,1019.52,4.06,97.00
Fri 29/05/2026 - 13:49:24,22.79,78.22,1019.44,4.06,97.00
Fri 29/05/2026 - 13:49:58,22.77,78.32,1019.46,4.06,97.00
Fri 29/05/2026 - 13:50:32,22.75,78.08,1019.44,4.06,97.00
Fri 29/05/2026 - 13:51:06,22.74,78.13,1019.47,4.06,97.00
Fri 29/05/2026 - 13:51:40,22.74,78.18,1019.47,4.06,97.00
Fri 29/05/2026 - 13:52:14,22.72,78.32,1019.46,4.06,97.00
Fri 29/05/2026 - 13:52:48,22.70,78.37,1019.40,4.06,97.00
Fri 29/05/2026 - 13:53:22,22.66,78.33,1019.45,4.06,97.00
Fri 29/05/2026 - 13:53:56,22.62,78.89,1019.46,4.06,97.00
Fri 29/05/2026 - 13:54:30,22.54,79.05,1019.50,4.06,97.00
Fri 29/05/2026 - 13:55:04,22.52,79.52,1019.52,4.06,97.00
Fri 29/05/2026 - 13:55:37,22.47,80.19,1019.58,4.06,97.00
Fri 29/05/2026 - 13:56:11,22.43,80.14,1019.46,4.06,97.00
Fri 29/05/2026 - 13:56:45,22.42,80.03,1019.47,4.06,97.00
Fri 29/05/2026 - 13:57:19,22.39,80.09,1019.47,4.06,97.00
Fri 29/05/2026 - 13:57:53,22.35,80.30,1019.46,4.06,97.00
Fri 29/05/2026 - 13:58:27,22.32,80.44,1019.46,4.06,97.00
Fri 29/05/2026 - 13:59:01,22.28,80.49,1019.51,4.06,97.00
Fri 29/05/2026 - 13:59:35,22.25,80.79,1019.50,4.06,97.00
Fri 29/05/2026 - 14:00:09,22.20,80.72,1019.47,4.06,97.00
Fri 29/05/2026 - 14:00:43,22.18,80.53,1019.50,4.05,97.00
Fri 29/05/2026 - 14:01:17,22.14,80.35,1019.49,4.06,97.00
Fri 29/05/2026 - 14:01:51,22.12,80.38,1019.50,4.06,97.00
Fri 29/05/2026 - 14:02:25,22.08,80.43,1019.54,4.06,97.00
Fri 29/05/2026 - 14:02:59,22.05,80.28,1019.43,4.05,97.00
Fri 29/05/2026 - 14:03:33,22.01,80.44,1019.49,4.06,97.00
Fri 29/05/2026 - 14:04:07,21.98,80.28,1019.46,4.05,97.00
Fri 29/05/2026 - 14:04:41,21.95,80.35,1019.47,4.05,97.00
Fri 29/05/2026 - 14:05:15,21.92,80.43,1019.43,4.05,97.00
Fri 29/05/2026 - 14:05:49,21.87,80.29,1019.41,4.05,97.00
Fri 29/05/2026 - 14:06:23,21.83,80.52,1019.45,4.06,97.00
Fri 29/05/2026 - 14:06:57,21.82,80.63,1019.43,4.05,97.00
Fri 29/05/2026 - 14:07:31,21.79,80.69,1019.40,4.05,97.00
Fri 29/05/2026 - 14:08:05,21.76,80.77,1019.41,4.06,97.00
Fri 29/05/2026 - 14:08:39,21.74,80.78,1019.46,4.06,97.00
Fri 29/05/2026 - 14:09:13,21.72,80.92,1019.36,4.05,97.00
Fri 29/05/2026 - 14:09:47,21.69,80.93,1019.32,4.05,97.00
Fri 29/05/2026 - 14:10:21,21.67,81.00,1019.39,4.05,97.00
Fri 29/05/2026 - 14:10:55,21.64,81.03,1019.34,4.05,97.00
Fri 29/05/2026 - 14:11:29,21.62,81.09,1019.46,4.05,97.00
Fri 29/05/2026 - 14:12:03,21.60,81.11,1019.43,4.05,97.00
Fri 29/05/2026 - 14:12:37,21.56,81.14,1019.45,4.05,97.00
Fri 29/05/2026 - 14:13:11,21.55,81.19,1019.43,4.05,97.00
Fri 29/05/2026 - 14:13:45,21.53,81.34,1019.45,4.05,97.00
Fri 29/05/2026 - 14:14:19,21.51,81.47,1019.45,4.05,97.00
Fri 29/05/2026 - 14:14:53,21.51,81.48,1019.44,4.05,97.00
Fri 29/05/2026 - 14:15:27,21.49,81.48,1019.43,4.05,97.00
Fri 29/05/2026 - 14:16:01,21.46,81.58,1019.36,4.05,97.00
Fri 29/05/2026 - 14:16:35,21.45,81.55,1019.44,4.05,97.00
Fri 29/05/2026 - 14:17:09,21.43,81.60,1019.42,4.05,97.00
Fri 29/05/2026 - 14:17:43,21.42,81.68,1019.45,4.05,97.00
Fri 29/05/2026 - 14:18:17,21.39,81.76,1019.40,4.05,97.00
Fri 29/05/2026 - 14:18:51,21.38,81.95,1019.44,4.05,97.00
Fri 29/05/2026 - 14:19:25,21.37,81.84,1019.38,4.05,97.00
Fri 29/05/2026 - 14:19:59,21.36,81.83,1019.41,4.05,96.00
Fri 29/05/2026 - 14:20:33,21.34,81.91,1019.38,4.05,97.00
Fri 29/05/2026 - 14:21:07,21.33,81.86,1019.36,4.05,97.00
Fri 29/05/2026 - 14:21:41,21.31,81.88,1019.36,4.05,97.00
Fri 29/05/2026 - 14:22:15,21.31,81.95,1019.38,4.05,97.00
Fri 29/05/2026 - 14:22:49,21.30,81.99,1019.36,4.05,97.00
Fri 29/05/2026 - 14:23:23,21.30,82.02,1019.36,4.05,97.00
Fri 29/05/2026 - 14:23:57,21.28,82.00,1019.39,4.05,97.00
Fri 29/05/2026 - 14:24:31,21.28,81.96,1019.38,4.05,96.00
Fri 29/05/2026 - 14:25:05,21.28,81.94,1019.40,4.05,97.00
Fri 29/05/2026 - 14:25:39,21.27,81.96,1019.44,4.06,97.00
Fri 29/05/2026 - 14:26:13,21.26,82.39,1019.40,4.05,97.00
Fri 29/05/2026 - 14:26:47,21.24,82.38,1019.42,4.05,97.00
Fri 29/05/2026 - 14:27:21,21.24,82.58,1019.43,4.05,97.00
Fri 29/05/2026 - 14:27:55,21.24,82.69,1019.37,4.06,97.00
Fri 29/05/2026 - 14:28:29,21.23,82.92,1019.35,4.05,97.00
Fri 29/05/2026 - 14:29:03,21.21,83.05,1019.32,4.05,97.00
Fri 29/05/2026 - 14:29:37,21.21,83.25,1019.31,4.06,97.00
Fri 29/05/2026 - 14:30:11,21.20,83.08,1019.38,4.05,97.00
Fri 29/05/2026 - 14:30:45,21.19,83.29,1019.42,4.05,97.00
Fri 29/05/2026 - 14:31:19,21.20,83.53,1019.29,4.05,97.00
Fri 29/05/2026 - 14:31:53,21.19,83.39,1019.36,4.05,97.00
Fri 29/05/2026 - 14:32:27,21.19,83.31,1019.37,4.05,97.00
Fri 29/05/2026 - 14:33:00,21.19,83.48,1019.34,4.05,97.00
Fri 29/05/2026 - 14:33:34,21.19,83.71,1019.33,4.06,97.00
Fri 29/05/2026 - 14:34:08,21.19,83.42,1019.36,4.06,97.00
Fri 29/05/2026 - 14:34:42,21.21,83.60,1019.37,4.05,97.00
Fri 29/05/2026 - 14:35:16,21.18,83.64,1019.27,4.06,97.00
Fri 29/05/2026 - 14:35:50,21.19,83.63,1019.34,4.06,97.00
Fri 29/05/2026 - 14:36:24,21.17,84.19,1019.25,4.06,97.00
Fri 29/05/2026 - 14:36:58,21.18,83.87,1019.31,4.05,97.00
Fri 29/05/2026 - 14:37:32,21.18,84.03,1019.29,4.05,97.00
Fri 29/05/2026 - 14:38:06,21.17,84.25,1019.32,4.05,97.00
Fri 29/05/2026 - 14:38:40,21.17,84.31,1019.30,4.05,97.00
Fri 29/05/2026 - 14:39:14,21.17,84.14,1019.30,4.06,97.00
Fri 29/05/2026 - 14:39:48,21.19,84.33,1019.33,4.06,97.00
Fri 29/05/2026 - 14:40:22,21.18,83.98,1019.32,4.05,97.00
Fri 29/05/2026 - 14:40:56,21.17,84.34,1019.36,4.06,97.00
Fri 29/05/2026 - 14:41:30,21.18,84.48,1019.31,4.05,97.00
Fri 29/05/2026 - 14:42:04,21.18,84.23,1019.31,4.06,97.00
Fri 29/05/2026 - 14:42:38,21.18,84.38,1019.21,4.06,97.00
Fri 29/05/2026 - 14:43:12,21.18,84.38,1019.31,4.05,97.00
Fri 29/05/2026 - 14:43:46,21.17,84.36,1019.28,4.05,97.00
Fri 29/05/2026 - 14:44:20,21.18,84.54,1019.27,4.05,97.00
Fri 29/05/2026 - 14:44:54,21.17,84.67,1019.30,4.05,97.00
Fri 29/05/2026 - 14:45:28,21.17,84.67,1019.24,4.05,97.00
Fri 29/05/2026 - 14:46:02,21.17,84.69,1019.31,4.05,97.00
Fri 29/05/2026 - 14:46:36,21.19,84.71,1019.30,4.05,97.00
Fri 29/05/2026 - 14:47:10,21.19,84.64,1019.22,4.05,97.00
Fri 29/05/2026 - 14:47:44,21.19,84.67,1019.26,4.05,97.00
Fri 29/05/2026 - 14:48:18,21.19,84.39,1019.23,4.05,97.00
Fri 29/05/2026 - 14:48:52,21.19,84.58,1019.22,4.05,97.00
Fri 29/05/2026 - 14:49:26,21.19,84.61,1019.20,4.05,97.00
Fri 29/05/2026 - 14:50:00,21.20,84.61,1019.25,4.05,97.00
Fri 29/05/2026 - 14:50:34,21.20,84.65,1019.22,4.06,97.00
Fri 29/05/2026 - 14:51:08,21.21,84.82,1019.26,4.05,97.00
Fri 29/05/2026 - 14:51:42,21.19,84.77,1019.23,4.06,97.00
Fri 29/05/2026 - 14:52:16,21.19,84.93,1019.25,4.06,97.00
Fri 29/05/2026 - 14:52:50,21.18,84.65,1019.26,4.06,97.00
Fri 29/05/2026 - 14:53:24,21.18,84.67,1019.21,4.06,97.00
Fri 29/05/2026 - 14:53:58,21.19,84.81,1019.17,4.06,97.00
Fri 29/05/2026 - 14:54:32,21.21,84.81,1019.16,4.06,97.00
Fri 29/05/2026 - 14:55:06,21.22,84.90,1019.22,4.06,97.00
Fri 29/05/2026 - 14:55:40,21.21,84.92,1019.23,4.06,97.00
Fri 29/05/2026 - 14:56:14,21.23,84.93,1019.16,4.06,97.00
Fri 29/05/2026 - 14:56:48,21.26,84.73,1019.18,4.06,97.00
Fri 29/05/2026 - 14:57:22,21.25,84.65,1019.23,4.06,97.00
Fri 29/05/2026 - 14:57:56,21.27,84.88,1019.31,4.06,97.00
Fri 29/05/2026 - 14:58:30,21.27,84.75,1019.22,4.06,97.00
Fri 29/05/2026 - 14:59:04,21.27,84.93,1019.25,4.06,97.00
Fri 29/05/2026 - 14:59:38,21.28,84.75,1019.24,4.06,97.00
Fri 29/05/2026 - 15:00:12,21.28,84.61,1019.24,4.06,97.00
Fri 29/05/2026 - 15:00:46,21.30,84.75,1019.25,4.06,97.00
Fri 29/05/2026 - 15:01:20,21.30,84.35,1019.15,4.06,97.00
Fri 29/05/2026 - 15:01:54,21.31,84.23,1019.16,4.06,97.00
Fri 29/05/2026 - 15:02:28,21.30,84.56,1019.20,4.06,97.00
Fri 29/05/2026 - 15:03:02,21.31,84.62,1019.24,4.06,97.00
Fri 29/05/2026 - 15:03:36,21.31,84.53,1019.21,4.06,97.00
Fri 29/05/2026 - 15:04:10,21.31,84.61,1019.17,4.06,97.00
Fri 29/05/2026 - 15:04:44,21.32,84.40,1019.13,4.06,97.00
Fri 29/05/2026 - 15:05:18,21.34,84.51,1019.18,4.06,97.00
Fri 29/05/2026 - 15:05:52,21.34,84.24,1019.13,4.06,97.00
Fri 29/05/2026 - 15:06:26,21.36,83.73,1019.19,4.06,97.00
Fri 29/05/2026 - 15:07:00,21.37,83.72,1019.16,4.06,97.00
Fri 29/05/2026 - 15:07:34,21.39,83.71,1019.19,4.06,97.00
Fri 29/05/2026 - 15:08:08,21.39,83.60,1019.13,4.06,97.00
Fri 29/05/2026 - 15:08:42,21.39,83.57,1019.17,4.06,97.00
Fri 29/05/2026 - 15:09:16,21.41,83.64,1019.27,4.06,97.00
Fri 29/05/2026 - 15:09:50,21.42,83.68,1019.20,4.06,97.00
Fri 29/05/2026 - 15:10:24,21.42,83.62,1019.15,4.06,97.00
Fri 29/05/2026 - 15:10:58,21.42,83.74,1019.25,4.06,97.00
Fri 29/05/2026 - 15:11:32,21.44,83.71,1019.27,4.06,97.00
Fri 29/05/2026 - 15:12:06,21.44,83.68,1019.22,4.06,97.00
Fri 29/05/2026 - 15:12:40,21.46,83.60,1019.25,4.06,97.00
Fri 29/05/2026 - 15:13:14,21.47,83.61,1019.30,4.06,97.00
Fri 29/05/2026 - 15:13:48,21.48,83.54,1019.28,4.06,97.00
Fri 29/05/2026 - 15:14:22,21.46,83.59,1019.22,4.06,97.00
Fri 29/05/2026 - 15:14:56,21.48,83.56,1019.20,4.06,97.00
Fri 29/05/2026 - 15:15:30,21.49,83.52,1019.19,4.06,97.00
Fri 29/05/2026 - 15:16:04,21.50,83.57,1019.21,4.06,97.00
Fri 29/05/2026 - 15:16:38,21.51,83.65,1019.27,4.06,97.00
Fri 29/05/2026 - 15:17:12,21.50,83.54,1019.23,4.06,97.00
Fri 29/05/2026 - 15:17:46,21.51,83.88,1019.27,4.06,97.00
Fri 29/05/2026 - 15:18:20,21.51,83.92,1019.26,4.06,97.00
Fri 29/05/2026 - 15:18:54,21.50,83.89,1019.26,4.06,97.00
Fri 29/05/2026 - 15:19:28,21.51,84.02,1019.27,4.06,97.00
Fri 29/05/2026 - 15:20:02,21.51,83.99,1019.22,4.06,97.00
Fri 29/05/2026 - 15:20:36,21.52,83.87,1019.25,4.06,97.00
Fri 29/05/2026 - 15:21:10,21.53,83.86,1019.26,4.06,97.00
Fri 29/05/2026 - 15:21:44,21.53,83.92,1019.21,4.06,97.00
Fri 29/05/2026 - 15:22:18,21.55,83.92,1019.18,4.06,97.00
Fri 29/05/2026 - 15:22:51,21.56,83.89,1019.28,4.06,97.00
Fri 29/05/2026 - 15:23:25,21.56,83.79,1019.17,4.06,97.00
Fri 29/05/2026 - 15:23:59,21.57,83.70,1019.22,4.06,97.00
Fri 29/05/2026 - 15:24:33,21.56,83.76,1019.15,4.06,97.00
Fri 29/05/2026 - 15:25:07,21.57,83.57,1019.17,4.06,97.00
Fri 29/05/2026 - 15:25:41,21.56,83.45,1019.26,4.06,97.00
Fri 29/05/2026 - 15:26:15,21.56,83.48,1019.18,4.06,97.00
Fri 29/05/2026 - 15:26:49,21.57,83.34,1019.16,4.06,97.00
Fri 29/05/2026 - 15:27:23,21.56,82.85,1019.15,4.06,97.00
Fri 29/05/2026 - 15:27:57,21.58,82.42,1019.13,4.06,97.00
Fri 29/05/2026 - 15:28:31,21.56,81.36,1019.10,4.06,97.00
Fri 29/05/2026 - 15:29:05,21.56,81.47,1019.12,4.06,97.00
Fri 29/05/2026 - 15:29:39,21.55,80.62,1019.08,4.06,97.00
Fri 29/05/2026 - 15:30:13,21.56,80.75,1019.17,4.06,97.00
Fri 29/05/2026 - 15:30:47,21.55,80.64,1019.13,4.06,97.00
Fri 29/05/2026 - 15:31:21,21.54,80.23,1019.12,4.06,97.00
Fri 29/05/2026 - 15:31:55,21.53,81.84,1019.21,4.06,97.00
Fri 29/05/2026 - 15:32:29,21.52,80.25,1019.08,4.06,97.00
Fri 29/05/2026 - 15:33:03,21.52,81.85,1019.07,4.06,97.00
Fri 29/05/2026 - 15:33:37,21.50,81.60,1019.10,4.06,97.00
Fri 29/05/2026 - 15:34:11,21.51,81.87,1019.20,4.06,97.00
Fri 29/05/2026 - 15:34:45,21.50,80.53,1019.16,4.06,97.00
Fri 29/05/2026 - 15:35:19,21.50,79.99,1019.10,4.06,97.00
Fri 29/05/2026 - 15:35:53,21.50,79.90,1019.09,4.06,97.00
Fri 29/05/2026 - 15:36:27,21.49,79.81,1019.08,4.06,97.00
Fri 29/05/2026 - 15:37:01,21.48,79.80,1019.17,4.06,97.00
Fri 29/05/2026 - 15:37:35,21.48,79.67,1019.07,4.06,97.00
Fri 29/05/2026 - 15:38:09,21.46,79.23,1019.08,4.06,97.00
Fri 29/05/2026 - 15:38:43,21.44,80.54,1019.14,4.06,97.00
Fri 29/05/2026 - 15:39:17,21.44,79.49,1019.07,4.06,97.00
Fri 29/05/2026 - 15:39:51,21.44,79.15,1019.06,4.06,97.00
Fri 29/05/2026 - 15:40:25,21.42,79.01,1019.18,4.06,97.00
Fri 29/05/2026 - 15:40:59,21.41,78.87,1019.06,4.06,97.00
Fri 29/05/2026 - 15:41:33,21.41,79.48,1019.11,4.06,97.00
Fri 29/05/2026 - 15:42:07,21.40,80.01,1019.07,4.06,97.00
Fri 29/05/2026 - 15:42:41,21.38,78.62,1019.01,4.06,97.00
Fri 29/05/2026 - 15:43:15,21.38,79.20,1019.12,4.05,97.00
Fri 29/05/2026 - 15:43:49,21.38,79.45,1019.11,4.06,97.00
Fri 29/05/2026 - 15:44:23,21.35,78.07,1019.07,4.06,97.00
Fri 29/05/2026 - 15:44:57,21.34,78.98,1019.11,4.06,97.00
Fri 29/05/2026 - 15:45:31,21.35,78.79,1019.12,4.06,97.00
Fri 29/05/2026 - 15:46:05,21.34,79.62,1019.05,4.06,97.00
Fri 29/05/2026 - 15:46:39,21.34,80.70,1019.11,4.06,97.00
Fri 29/05/2026 - 15:47:13,21.34,79.91,1019.15,4.06,97.00
Fri 29/05/2026 - 15:47:47,21.33,79.45,1019.08,4.06,97.00
Fri 29/05/2026 - 15:48:21,21.33,79.50,1019.14,4.06,97.00
Fri 29/05/2026 - 15:48:55,21.31,80.57,1019.08,4.05,97.00
Fri 29/05/2026 - 15:49:29,21.32,79.35,1019.15,4.06,97.00
Fri 29/05/2026 - 15:50:03,21.31,80.88,1019.13,4.06,97.00
Fri 29/05/2026 - 15:50:37,21.30,80.19,1019.15,4.06,97.00
Fri 29/05/2026 - 15:51:11,21.28,80.59,1019.01,4.06,97.00
Fri 29/05/2026 - 15:51:45,21.27,81.47,1019.12,4.06,97.00
Fri 29/05/2026 - 15:52:19,21.25,82.19,1019.16,4.06,97.00
Fri 29/05/2026 - 15:52:53,21.22,82.02,1019.11,4.05,97.00
Fri 29/05/2026 - 15:53:27,21.20,82.05,1019.10,4.05,97.00
Fri 29/05/2026 - 15:54:01,21.19,82.52,1019.11,4.05,97.00
Fri 29/05/2026 - 15:54:35,21.17,81.65,1019.06,4.05,97.00
Fri 29/05/2026 - 15:55:09,21.16,82.52,1019.07,4.05,97.00
Fri 29/05/2026 - 15:55:43,21.14,80.91,1019.09,4.05,97.00
Fri 29/05/2026 - 15:56:17,21.14,82.71,1019.14,4.05,97.00
Fri 29/05/2026 - 15:56:51,21.12,82.54,1019.06,4.05,97.00
Fri 29/05/2026 - 15:57:25,21.11,83.11,1019.09,4.05,97.00
Fri 29/05/2026 - 15:57:59,21.09,83.37,1019.08,4.05,97.00
Fri 29/05/2026 - 15:58:33,21.09,82.64,1019.11,4.05,97.00
Fri 29/05/2026 - 15:59:07,21.08,82.73,1019.03,4.05,97.00
Fri 29/05/2026 - 15:59:41,21.06,83.20,1019.05,4.05,97.00
Fri 29/05/2026 - 16:00:15,21.04,83.09,1019.03,4.05,96.00
Fri 29/05/2026 - 16:00:49,21.03,83.35,1019.06,4.05,97.00
Fri 29/05/2026 - 16:01:22,21.01,83.14,1019.05,4.05,97.00
Fri 29/05/2026 - 16:01:56,21.01,81.65,1019.08,4.05,97.00
Fri 29/05/2026 - 16:02:30,21.00,83.65,1019.06,4.05,97.00
Fri 29/05/2026 - 16:03:04,20.99,83.52,1019.10,4.05,97.00
Fri 29/05/2026 - 16:03:38,20.96,81.73,1019.09,4.05,97.00
Fri 29/05/2026 - 16:04:12,20.97,83.87,1019.04,4.05,97.00
Fri 29/05/2026 - 16:04:46,20.96,84.15,1019.12,4.05,97.00
Fri 29/05/2026 - 16:05:20,20.94,84.49,1019.03,4.05,97.00
Fri 29/05/2026 - 16:05:54,20.92,84.44,1019.05,4.06,97.00
Fri 29/05/2026 - 16:06:28,20.90,84.79,1019.07,4.05,97.00
Fri 29/05/2026 - 16:07:02,20.88,84.92,1019.09,4.05,96.00
Fri 29/05/2026 - 16:07:36,20.86,84.97,1019.11,4.05,97.00
Fri 29/05/2026 - 16:08:10,20.86,84.83,1019.10,4.05,97.00
Fri 29/05/2026 - 16:08:44,20.84,84.62,1019.06,4.05,96.00
Fri 29/05/2026 - 16:09:18,20.82,84.85,1019.12,4.05,97.00
Fri 29/05/2026 - 16:09:52,20.81,84.39,1019.02,4.05,97.00
Fri 29/05/2026 - 16:10:26,20.80,85.03,1019.09,4.05,97.00
Fri 29/05/2026 - 16:11:00,20.80,84.70,1019.08,4.05,97.00
Fri 29/05/2026 - 16:11:34,20.79,85.30,1019.10,4.05,97.00
Fri 29/05/2026 - 16:12:08,20.77,85.21,1019.06,4.05,97.00
Fri 29/05/2026 - 16:12:42,20.78,85.23,1019.04,4.05,97.00
Fri 29/05/2026 - 16:13:16,20.76,84.71,1019.04,4.05,97.00
Fri 29/05/2026 - 16:13:50,20.76,84.98,1019.04,4.06,97.00
Fri 29/05/2026 - 16:14:24,20.76,85.15,1019.01,4.05,97.00
Fri 29/05/2026 - 16:14:58,20.75,84.84,1019.05,4.05,97.00
Fri 29/05/2026 - 16:15:32,20.75,84.79,1018.97,4.05,97.00
Fri 29/05/2026 - 16:16:06,20.76,85.06,1019.04,4.05,97.00
Fri 29/05/2026 - 16:16:40,20.75,84.47,1019.05,4.05,97.00
Fri 29/05/2026 - 16:17:14,20.75,84.66,1019.03,4.05,97.00
Fri 29/05/2026 - 16:17:48,20.75,84.76,1019.02,4.05,97.00
Fri 29/05/2026 - 16:18:22,20.74,84.81,1019.01,4.05,97.00
Fri 29/05/2026 - 16:18:56,20.74,84.82,1019.04,4.05,97.00
Fri 29/05/2026 - 16:19:30,20.74,85.12,1019.06,4.05,97.00
Fri 29/05/2026 - 16:20:04,20.74,85.06,1019.06,4.05,97.00
Fri 29/05/2026 - 16:20:38,20.73,84.74,1019.07,4.05,97.00
Fri 29/05/2026 - 16:21:12,20.75,84.67,1018.99,4.05,96.00
Fri 29/05/2026 - 16:21:46,20.74,84.75,1019.09,4.05,97.00
Fri 29/05/2026 - 16:22:20,20.73,84.96,1018.94,4.05,96.00
Fri 29/05/2026 - 16:22:54,20.74,84.58,1019.04,4.05,96.00
Fri 29/05/2026 - 16:23:28,20.73,84.79,1019.01,4.05,96.00
Fri 29/05/2026 - 16:24:02,20.73,84.52,1019.02,4.05,96.00
Fri 29/05/2026 - 16:24:36,20.72,83.91,1018.98,4.05,96.00
Fri 29/05/2026 - 16:25:10,20.72,83.85,1019.00,4.05,96.00
Fri 29/05/2026 - 16:25:44,20.72,84.08,1019.08,4.05,96.00
Fri 29/05/2026 - 16:26:18,20.72,84.23,1019.03,4.05,97.00
Fri 29/05/2026 - 16:26:52,20.72,83.72,1019.03,4.05,96.00
Fri 29/05/2026 - 16:27:26,20.71,83.37,1019.01,4.05,96.00
Fri 29/05/2026 - 16:28:00,20.71,82.92,1019.06,4.05,96.00
Fri 29/05/2026 - 16:28:34,20.71,82.85,1019.06,4.05,96.00
Fri 29/05/2026 - 16:29:08,20.70,82.47,1019.02,4.05,96.00
Fri 29/05/2026 - 16:29:42,20.71,82.25,1019.12,4.05,96.00
Fri 29/05/2026 - 16:30:16,20.71,82.04,1019.07,4.05,96.00
Fri 29/05/2026 - 16:30:50,20.71,81.87,1019.06,4.05,96.00
Fri 29/05/2026 - 16:31:24,20.72,81.77,1019.10,4.05,96.00
Fri 29/05/2026 - 16:31:58,20.71,81.57,1019.09,4.05,96.00
Fri 29/05/2026 - 16:32:32,20.71,81.62,1019.01,4.05,96.00
Fri 29/05/2026 - 16:33:06,20.68,81.84,1019.12,4.05,96.00
Fri 29/05/2026 - 16:33:40,20.64,81.90,1019.08,4.05,96.00
Fri 29/05/2026 - 16:34:14,20.61,81.84,1019.06,4.05,96.00
Fri 29/05/2026 - 16:34:48,20.65,82.06,1019.04,4.05,96.00
Fri 29/05/2026 - 16:35:22,20.64,82.20,1019.05,4.05,96.00
Fri 29/05/2026 - 16:35:56,20.67,82.19,1019.10,4.05,96.00
Fri 29/05/2026 - 16:36:30,20.66,82.12,1019.06,4.05,96.00
Fri 29/05/2026 - 16:37:04,20.66,81.67,1019.12,4.05,96.00
Fri 29/05/2026 - 16:37:38,20.66,81.57,1019.03,4.05,96.00
Fri 29/05/2026 - 16:38:12,20.67,81.28,1019.13,4.05,96.00
Fri 29/05/2026 - 16:38:46,20.64,81.23,1019.03,4.05,96.00
Fri 29/05/2026 - 16:39:20,20.64,81.21,1019.05,4.05,96.00
Fri 29/05/2026 - 16:39:54,20.61,81.25,1018.97,4.05,96.00
Fri 29/05/2026 - 16:40:28,20.61,81.39,1019.00,4.05,96.00
Fri 29/05/2026 - 16:41:02,20.59,81.29,1019.01,4.05,96.00
Fri 29/05/2026 - 16:41:36,20.57,81.51,1019.03,4.05,96.00
Fri 29/05/2026 - 16:42:10,20.56,81.44,1019.07,4.05,96.00
Fri 29/05/2026 - 16:42:44,20.55,81.56,1019.09,4.05,96.00
Fri 29/05/2026 - 16:43:18,20.53,81.61,1019.08,4.05,96.00
Fri 29/05/2026 - 16:43:52,20.52,81.81,1019.12,4.05,96.00
Fri 29/05/2026 - 16:44:26,20.51,81.74,1019.10,4.05,96.00
Fri 29/05/2026 - 16:45:00,20.50,81.81,1019.11,4.05,96.00
Fri 29/05/2026 - 16:45:34,20.49,81.86,1019.18,4.05,96.00
Fri 29/05/2026 - 16:46:08,20.48,82.02,1019.19,4.05,96.00
Fri 29/05/2026 - 16:46:42,20.47,82.07,1019.07,4.05,96.00
Fri 29/05/2026 - 16:47:16,20.47,82.07,1019.09,4.05,96.00
Fri 29/05/2026 - 16:47:49,20.46,82.16,1019.13,4.05,96.00
Fri 29/05/2026 - 16:48:23,20.46,82.19,1019.13,4.05,96.00
Fri 29/05/2026 - 16:48:57,20.44,82.32,1019.15,4.05,96.00
Fri 29/05/2026 - 16:49:31,20.43,82.32,1019.06,4.05,96.00
Fri 29/05/2026 - 16:50:05,20.42,82.37,1019.11,4.05,96.00
Fri 29/05/2026 - 16:50:39,20.41,82.37,1019.09,4.05,96.00
Fri 29/05/2026 - 16:51:13,20.40,82.49,1019.08,4.05,96.00
Fri 29/05/2026 - 16:51:47,20.39,82.59,1019.11,4.05,96.00
Fri 29/05/2026 - 16:52:21,20.38,82.76,1019.10,4.05,96.00
Fri 29/05/2026 - 16:52:55,20.37,82.74,1019.02,4.05,96.00
Fri 29/05/2026 - 16:53:29,20.37,82.88,1019.13,4.05,96.00
Fri 29/05/2026 - 16:54:03,20.35,82.87,1019.05,4.05,96.00
Fri 29/05/2026 - 16:54:37,20.34,83.03,1019.08,4.05,96.00
Fri 29/05/2026 - 16:55:11,20.32,83.25,1019.08,4.05,96.00
Fri 29/05/2026 - 16:55:45,20.30,83.38,1019.09,4.05,96.00
Fri 29/05/2026 - 16:56:19,20.29,83.32,1019.13,4.05,96.00
Fri 29/05/2026 - 16:56:53,20.27,83.33,1019.12,4.05,96.00
Fri 29/05/2026 - 16:57:27,20.24,83.33,1019.10,4.05,96.00
Fri 29/05/2026 - 16:58:01,20.22,83.92,1019.12,4.05,96.00
Fri 29/05/2026 - 16:58:35,20.18,84.20,1019.09,4.05,96.00
Fri 29/05/2026 - 16:59:09,20.16,84.20,1019.10,4.05,96.00
Fri 29/05/2026 - 16:59:43,20.15,84.37,1019.16,4.05,96.00
Fri 29/05/2026 - 17:00:17,20.11,84.63,1019.09,4.05,96.00
Fri 29/05/2026 - 17:00:51,20.11,84.77,1019.09,4.05,96.00
Fri 29/05/2026 - 17:01:25,20.07,84.97,1019.10,4.05,96.00
Fri 29/05/2026 - 17:01:59,20.06,85.05,1019.10,4.05,96.00
Fri 29/05/2026 - 17:02:33,20.04,85.09,1019.02,4.05,96.00
Fri 29/05/2026 - 17:03:07,20.01,85.22,1019.07,4.05,96.00
Fri 29/05/2026 - 17:03:41,20.00,85.32,1019.06,4.05,96.00
Fri 29/05/2026 - 17:04:15,19.97,85.38,1019.10,4.05,96.00
Fri 29/05/2026 - 17:04:49,19.95,85.60,1019.11,4.05,96.00
Fri 29/05/2026 - 17:05:23,19.93,85.71,1019.07,4.05,96.00
Fri 29/05/2026 - 17:05:57,19.91,85.84,1019.06,4.05,96.00
Fri 29/05/2026 - 17:06:31,19.89,86.03,1019.13,4.05,96.00
Fri 29/05/2026 - 17:07:05,19.87,85.99,1019.07,4.05,96.00
Fri 29/05/2026 - 17:07:39,19.85,86.10,1019.12,4.05,96.00
Fri 29/05/2026 - 17:08:13,19.84,86.19,1019.08,4.05,96.00
Fri 29/05/2026 - 17:08:47,19.82,86.28,1019.06,4.05,96.00
Fri 29/05/2026 - 17:09:21,19.80,86.42,1019.08,4.05,96.00
Fri 29/05/2026 - 17:09:55,19.77,86.56,1019.12,4.05,96.00
Fri 29/05/2026 - 17:10:29,19.77,86.70,1019.14,4.05,96.00
Fri 29/05/2026 - 17:11:03,19.75,86.78,1019.14,4.05,96.00
Fri 29/05/2026 - 17:11:37,19.73,86.91,1019.11,4.05,96.00
Fri 29/05/2026 - 17:12:11,19.70,87.01,1019.08,4.05,96.00
Fri 29/05/2026 - 17:12:45,19.69,87.18,1019.07,4.05,96.00
Fri 29/05/2026 - 17:13:19,19.66,87.38,1019.12,4.05,96.00
Fri 29/05/2026 - 17:13:53,19.66,87.52,1019.09,4.05,96.00
Fri 29/05/2026 - 17:14:27,19.62,87.59,1019.11,4.05,96.00
Fri 29/05/2026 - 17:15:01,19.60,87.62,1019.07,4.05,96.00
Fri 29/05/2026 - 17:15:35,19.59,87.92,1019.16,4.05,96.00
Fri 29/05/2026 - 17:16:09,19.57,87.88,1019.08,4.04,96.00
Fri 29/05/2026 - 17:16:43,19.55,88.05,1019.15,4.05,96.00
Fri 29/05/2026 - 17:17:17,19.54,88.21,1019.17,4.05,96.00
Fri 29/05/2026 - 17:17:51,19.51,88.33,1019.14,4.05,96.00
Fri 29/05/2026 - 17:18:25,19.50,88.53,1019.13,4.05,96.00
Fri 29/05/2026 - 17:18:59,19.48,88.54,1019.08,4.05,96.00
Fri 29/05/2026 - 17:19:33,19.47,88.64,1019.20,4.05,96.00
Fri 29/05/2026 - 17:20:07,19.45,88.71,1019.09,4.04,96.00
Fri 29/05/2026 - 17:20:40,19.44,88.79,1019.12,4.05,96.00
Fri 29/05/2026 - 17:21:14,19.42,88.99,1019.18,4.05,96.00
Fri 29/05/2026 - 17:21:48,19.40,89.10,1019.14,4.05,96.00
Fri 29/05/2026 - 17:22:22,19.39,89.11,1019.20,4.04,96.00
Fri 29/05/2026 - 17:22:56,19.37,89.29,1019.28,4.04,96.00
Fri 29/05/2026 - 17:23:30,19.36,89.37,1019.25,4.05,96.00
Fri 29/05/2026 - 17:24:04,19.33,89.34,1019.29,4.04,96.00
Fri 29/05/2026 - 17:24:38,19.32,89.56,1019.23,4.05,96.00
Fri 29/05/2026 - 17:25:12,19.28,89.75,1019.24,4.05,96.00
Fri 29/05/2026 - 17:25:46,19.28,89.83,1019.20,4.05,96.00
Fri 29/05/2026 - 17:26:20,19.26,89.84,1019.20,4.05,96.00
Fri 29/05/2026 - 17:26:54,19.24,90.06,1019.21,4.05,96.00
Fri 29/05/2026 - 17:27:28,19.23,90.04,1019.19,4.04,96.00
Fri 29/05/2026 - 17:28:02,19.22,90.04,1019.29,4.05,96.00
Fri 29/05/2026 - 17:28:36,19.21,90.28,1019.32,4.04,96.00
Fri 29/05/2026 - 17:29:10,19.19,90.33,1019.24,4.04,96.00
Fri 29/05/2026 - 17:29:44,19.15,90.51,1019.24,4.05,96.00
Fri 29/05/2026 - 17:30:18,19.13,90.73,1019.30,4.04,96.00
Fri 29/05/2026 - 17:30:52,19.12,90.89,1019.28,4.05,96.00
Fri 29/05/2026 - 17:31:26,19.10,90.86,1019.26,4.04,96.00
Fri 29/05/2026 - 17:32:00,19.10,91.22,1019.26,4.05,96.00
Fri 29/05/2026 - 17:32:34,19.09,91.34,1019.23,4.04,96.00
Fri 29/05/2026 - 17:33:08,19.08,91.47,1019.38,4.04,96.00
Fri 29/05/2026 - 17:33:42,19.06,91.76,1019.35,4.04,96.00
Fri 29/05/2026 - 17:34:16,19.04,91.73,1019.32,4.04,96.00
Fri 29/05/2026 - 17:34:50,19.04,91.44,1019.26,4.05,96.00
Fri 29/05/2026 - 17:35:24,19.04,91.85,1019.34,4.04,96.00
Fri 29/05/2026 - 17:35:58,18.97,91.63,1019.36,4.04,96.00
Fri 29/05/2026 - 17:36:32,18.90,91.82,1019.37,4.04,96.00
Fri 29/05/2026 - 17:37:06,18.87,92.28,1019.30,4.04,96.00
Fri 29/05/2026 - 17:37:40,18.85,92.50,1019.31,4.04,96.00
Fri 29/05/2026 - 17:38:14,18.82,92.72,1019.34,4.05,96.00
Fri 29/05/2026 - 17:38:48,18.79,93.01,1019.32,4.04,96.00
Fri 29/05/2026 - 17:39:22,18.77,93.18,1019.34,4.04,96.00
Fri 29/05/2026 - 17:39:56,18.76,93.31,1019.40,4.04,96.00
Fri 29/05/2026 - 17:40:30,18.74,93.44,1019.33,4.04,96.00
Fri 29/05/2026 - 17:41:04,18.71,93.54,1019.40,4.04,96.00
Fri 29/05/2026 - 17:41:38,18.68,93.66,1019.37,4.04,96.00
Fri 29/05/2026 - 17:42:12,18.67,93.82,1019.38,4.04,96.00
Fri 29/05/2026 - 17:42:46,18.63,93.95,1019.38,4.04,96.00
Fri 29/05/2026 - 17:43:20,18.61,94.26,1019.34,4.04,96.00
Fri 29/05/2026 - 17:43:54,18.58,94.44,1019.36,4.04,96.00
Fri 29/05/2026 - 17:44:28,18.56,94.56,1019.36,4.04,96.00
Fri 29/05/2026 - 17:45:02,18.54,94.74,1019.39,4.04,96.00
Fri 29/05/2026 - 17:45:36,18.52,94.94,1019.35,4.04,96.00
Fri 29/05/2026 - 17:46:10,18.50,95.05,1019.36,4.04,96.00
Fri 29/05/2026 - 17:46:44,18.49,95.14,1019.35,4.04,96.00
Fri 29/05/2026 - 17:47:18,18.47,95.27,1019.36,4.04,96.00
Fri 29/05/2026 - 17:47:52,18.45,95.41,1019.38,4.04,96.00
Fri 29/05/2026 - 17:48:26,18.42,95.53,1019.36,4.04,96.00
Fri 29/05/2026 - 17:49:00,18.40,95.66,1019.32,4.04,96.00
Fri 29/05/2026 - 17:49:34,18.37,95.86,1019.35,4.04,96.00
Fri 29/05/2026 - 17:50:08,18.35,95.94,1019.32,4.04,96.00
Fri 29/05/2026 - 17:50:42,18.32,96.04,1019.30,4.04,96.00
Fri 29/05/2026 - 17:51:16,18.30,96.18,1019.30,4.04,96.00
Fri 29/05/2026 - 17:51:50,18.28,96.31,1019.31,4.04,96.00
Fri 29/05/2026 - 17:52:24,18.27,96.42,1019.43,4.04,96.00
Fri 29/05/2026 - 17:52:58,18.25,96.50,1019.35,4.04,96.00
Fri 29/05/2026 - 17:53:32,18.21,96.69,1019.45,4.04,96.00
Fri 29/05/2026 - 17:54:06,18.20,96.87,1019.35,4.04,96.00
Fri 29/05/2026 - 17:54:40,18.17,96.97,1019.41,4.04,96.00
Fri 29/05/2026 - 17:55:14,18.15,97.10,1019.42,4.04,96.00
Fri 29/05/2026 - 17:55:48,18.13,97.20,1019.42,4.04,96.00
Fri 29/05/2026 - 17:56:22,18.12,97.27,1019.42,4.04,96.00
Fri 29/05/2026 - 17:56:56,18.09,97.44,1019.43,4.04,96.00
Fri 29/05/2026 - 17:57:30,18.06,97.67,1019.43,4.04,96.00
Fri 29/05/2026 - 17:58:04,18.05,97.72,1019.41,4.04,96.00
Fri 29/05/2026 - 17:58:38,18.01,97.85,1019.45,4.04,96.00
Fri 29/05/2026 - 17:59:12,17.99,97.93,1019.47,4.04,96.00
Fri 29/05/2026 - 17:59:46,17.98,97.98,1019.47,4.04,96.00
Fri 29/05/2026 - 18:00:20,17.96,98.14,1019.49,4.04,96.00
Fri 29/05/2026 - 18:00:54,17.94,98.21,1019.47,4.04,96.00
Fri 29/05/2026 - 18:01:28,17.91,98.36,1019.44,4.04,96.00
Fri 29/05/2026 - 18:02:02,17.90,98.45,1019.48,4.04,96.00
Fri 29/05/2026 - 18:02:36,17.88,98.56,1019.47,4.04,96.00
Fri 29/05/2026 - 18:03:10,17.86,98.63,1019.52,4.04,96.00
Fri 29/05/2026 - 18:03:44,17.83,98.75,1019.50,4.04,96.00
Fri 29/05/2026 - 18:04:18,17.82,98.88,1019.56,4.04,96.00
Fri 29/05/2026 - 18:04:51,17.80,99.02,1019.50,4.04,96.00
Fri 29/05/2026 - 18:05:25,17.78,99.12,1019.53,4.04,96.00
Fri 29/05/2026 - 18:05:59,17.75,99.26,1019.58,4.04,96.00
Fri 29/05/2026 - 18:06:33,17.75,99.36,1019.60,4.04,96.00
Fri 29/05/2026 - 18:07:07,17.71,99.44,1019.67,4.04,96.00
Fri 29/05/2026 - 18:07:41,17.70,99.59,1019.60,4.04,96.00
Fri 29/05/2026 - 18:08:15,17.68,99.76,1019.64,4.04,96.00
Fri 29/05/2026 - 18:08:49,17.66,99.81,1019.48,4.04,96.00
Fri 29/05/2026 - 18:09:23,17.63,100.00,1019.62,4.04,96.00
Fri 29/05/2026 - 18:09:57,17.61,100.00,1019.55,4.04,96.00
Fri 29/05/2026 - 18:10:31,17.60,100.00,1019.61,4.04,96.00
Fri 29/05/2026 - 18:11:05,17.57,100.00,1019.54,4.04,96.00
Fri 29/05/2026 - 18:11:39,17.56,100.00,1019.60,4.04,96.00
Fri 29/05/2026 - 18:12:13,17.54,100.00,1019.68,4.04,96.00
Fri 29/05/2026 - 18:12:47,17.52,100.00,1019.59,4.04,96.00
Fri 29/05/2026 - 18:13:21,17.50,100.00,1019.64,4.04,96.00
Fri 29/05/2026 - 18:13:55,17.48,100.00,1019.71,4.04,96.00
Fri 29/05/2026 - 18:14:29,17.46,100.00,1019.70,4.04,96.00
Fri 29/05/2026 - 18:15:03,17.45,100.00,1019.71,4.04,96.00
Fri 29/05/2026 - 18:15:37,17.44,100.00,1019.71,4.04,96.00
Fri 29/05/2026 - 18:16:11,17.41,100.00,1019.72,4.04,96.00
Fri 29/05/2026 - 18:16:45,17.39,100.00,1019.74,4.04,96.00
Fri 29/05/2026 - 18:17:19,17.38,100.00,1019.83,4.04,96.00
Fri 29/05/2026 - 18:17:53,17.37,100.00,1019.75,4.04,96.00
Fri 29/05/2026 - 18:18:27,17.34,100.00,1019.83,4.04,96.00
Fri 29/05/2026 - 18:19:01,17.32,100.00,1019.85,4.04,96.00
Fri 29/05/2026 - 18:19:35,17.31,100.00,1019.88,4.04,96.00
Fri 29/05/2026 - 18:20:09,17.30,100.00,1019.91,4.04,96.00
Fri 29/05/2026 - 18:20:43,17.27,100.00,1019.79,4.04,96.00
Fri 29/05/2026 - 18:21:17,17.26,100.00,1019.85,4.04,96.00
Fri 29/05/2026 - 18:21:51,17.23,100.00,1019.83,4.04,96.00
Fri 29/05/2026 - 18:22:25,17.24,100.00,1019.97,4.04,96.00
Fri 29/05/2026 - 18:22:59,17.22,100.00,1019.95,4.04,96.00
Fri 29/05/2026 - 18:23:33,17.19,100.00,1020.02,4.04,96.00
Fri 29/05/2026 - 18:24:07,17.17,100.00,1019.93,4.04,96.00
Fri 29/05/2026 - 18:24:41,17.16,100.00,1020.00,4.04,96.00
Fri 29/05/2026 - 18:25:15,17.15,100.00,1019.99,4.04,96.00
Fri 29/05/2026 - 18:25:49,17.14,100.00,1019.99,4.04,96.00
Fri 29/05/2026 - 18:26:23,17.11,100.00,1020.00,4.04,96.00
Fri 29/05/2026 - 18:26:57,17.10,100.00,1020.00,4.04,96.00
Fri 29/05/2026 - 18:27:31,17.09,100.00,1020.04,4.04,96.00
Fri 29/05/2026 - 18:28:05,17.08,100.00,1020.05,4.04,96.00
Fri 29/05/2026 - 18:28:39,17.05,100.00,1020.03,4.04,96.00
Fri 29/05/2026 - 18:29:13,17.04,100.00,1020.08,4.04,96.00
Fri 29/05/2026 - 18:29:47,17.01,100.00,1020.07,4.04,96.00
Fri 29/05/2026 - 18:30:21,17.00,100.00,1020.05,4.04,96.00
Fri 29/05/2026 - 18:30:55,17.00,100.00,1020.11,4.04,96.00
Fri 29/05/2026 - 18:31:29,16.98,100.00,1020.12,4.04,96.00
Fri 29/05/2026 - 18:32:03,16.96,100.00,1020.04,4.04,96.00
Fri 29/05/2026 - 18:32:37,16.95,100.00,1020.15,4.04,96.00
Fri 29/05/2026 - 18:33:11,16.94,100.00,1020.11,4.04,96.00
Fri 29/05/2026 - 18:33:45,16.91,100.00,1020.08,4.04,96.00
Fri 29/05/2026 - 18:34:19,16.90,100.00,1020.04,4.04,96.00
Fri 29/05/2026 - 18:34:53,16.90,100.00,1020.09,4.04,96.00
Fri 29/05/2026 - 18:35:27,16.88,100.00,1020.12,4.04,96.00
Fri 29/05/2026 - 18:36:01,16.86,100.00,1020.11,4.04,96.00
Fri 29/05/2026 - 18:36:35,16.85,100.00,1020.12,4.04,96.00
Fri 29/05/2026 - 18:37:09,16.82,100.00,1020.06,4.04,96.00
Fri 29/05/2026 - 18:37:43,16.81,100.00,1020.16,4.04,96.00
Fri 29/05/2026 - 18:38:17,16.79,100.00,1020.21,4.04,96.00
Fri 29/05/2026 - 18:38:51,16.78,100.00,1020.22,4.04,96.00
Fri 29/05/2026 - 18:39:25,16.77,100.00,1020.17,4.04,96.00
Fri 29/05/2026 - 18:39:59,16.75,100.00,1020.22,4.04,96.00
Fri 29/05/2026 - 18:40:33,16.73,100.00,1020.21,4.04,96.00
Fri 29/05/2026 - 18:41:07,16.71,100.00,1020.17,4.04,96.00
Fri 29/05/2026 - 18:41:41,16.70,100.00,1020.21,4.04,96.00
Fri 29/05/2026 - 18:42:15,16.69,100.00,1020.19,4.04,96.00
Fri 29/05/2026 - 18:42:49,16.68,100.00,1020.24,4.04,96.00
Fri 29/05/2026 - 18:43:23,16.67,100.00,1020.32,4.04,96.00
Fri 29/05/2026 - 18:43:57,16.66,100.00,1020.33,4.04,96.00
Fri 29/05/2026 - 18:44:31,16.65,100.00,1020.26,4.04,96.00
Fri 29/05/2026 - 18:45:05,16.63,100.00,1020.28,4.04,96.00
Fri 29/05/2026 - 18:45:39,16.63,100.00,1020.34,4.04,96.00
Fri 29/05/2026 - 18:46:13,16.61,100.00,1020.35,4.04,96.00
Fri 29/05/2026 - 18:46:47,16.60,100.00,1020.33,4.04,96.00
Fri 29/05/2026 - 18:47:21,16.58,100.00,1020.25,4.04,96.00
Fri 29/05/2026 - 18:47:55,16.58,100.00,1020.32,4.04,96.00
Fri 29/05/2026 - 18:48:29,16.58,100.00,1020.38,4.04,96.00
Fri 29/05/2026 - 18:49:03,16.56,100.00,1020.34,4.04,96.00
Fri 29/05/2026 - 18:49:37,16.56,100.00,1020.34,4.04,96.00
Fri 29/05/2026 - 18:50:11,16.53,100.00,1020.44,4.04,96.00
Fri 29/05/2026 - 18:50:44,16.53,100.00,1020.41,4.04,96.00
Fri 29/05/2026 - 18:51:18,16.52,100.00,1020.36,4.04,96.00
Fri 29/05/2026 - 18:51:52,16.51,100.00,1020.36,4.04,96.00
Fri 29/05/2026 - 18:52:26,16.50,100.00,1020.44,4.04,96.00
Fri 29/05/2026 - 18:53:00,16.49,100.00,1020.36,4.04,96.00
Fri 29/05/2026 - 18:53:34,16.49,100.00,1020.38,4.04,96.00
Fri 29/05/2026 - 18:54:08,16.48,100.00,1020.39,4.04,96.00
Fri 29/05/2026 - 18:54:42,16.47,100.00,1020.41,4.04,96.00
Fri 29/05/2026 - 18:55:16,16.45,100.00,1020.44,4.04,96.00
Fri 29/05/2026 - 18:55:50,16.44,100.00,1020.44,4.04,96.00
Fri 29/05/2026 - 18:56:24,16.44,100.00,1020.45,4.04,96.00
Fri 29/05/2026 - 18:56:58,16.42,100.00,1020.47,4.04,96.00
Fri 29/05/2026 - 18:57:32,16.41,100.00,1020.48,4.04,96.00
Fri 29/05/2026 - 18:58:06,16.41,100.00,1020.50,4.04,96.00
Fri 29/05/2026 - 18:58:40,16.39,100.00,1020.50,4.04,96.00
Fri 29/05/2026 - 18:59:14,16.39,100.00,1020.47,4.04,96.00
Fri 29/05/2026 - 18:59:48,16.38,100.00,1020.50,4.04,96.00
Fri 29/05/2026 - 19:00:22,16.38,100.00,1020.51,4.04,96.00
Fri 29/05/2026 - 19:00:56,16.37,100.00,1020.46,4.04,96.00
Fri 29/05/2026 - 19:01:30,16.35,100.00,1020.56,4.04,96.00
Fri 29/05/2026 - 19:02:04,16.34,100.00,1020.55,4.04,96.00
Fri 29/05/2026 - 19:02:38,16.34,100.00,1020.55,4.03,96.00
Fri 29/05/2026 - 19:03:12,16.33,100.00,1020.49,4.04,96.00
Fri 29/05/2026 - 19:03:46,16.31,100.00,1020.51,4.04,96.00
Fri 29/05/2026 - 19:04:20,16.30,100.00,1020.52,4.04,96.00
Fri 29/05/2026 - 19:04:54,16.27,100.00,1020.53,4.04,96.00
Fri 29/05/2026 - 19:05:28,16.27,100.00,1020.56,4.04,96.00
Fri 29/05/2026 - 19:06:02,16.26,100.00,1020.49,4.04,96.00
Fri 29/05/2026 - 19:06:36,16.26,100.00,1020.52,4.04,96.00
Fri 29/05/2026 - 19:07:10,16.25,100.00,1020.53,4.04,96.00
Fri 29/05/2026 - 19:07:44,16.25,100.00,1020.54,4.04,96.00
Fri 29/05/2026 - 19:08:18,16.23,100.00,1020.57,4.04,96.00
Fri 29/05/2026 - 19:08:52,16.22,100.00,1020.47,4.04,96.00
Fri 29/05/2026 - 19:09:26,16.22,100.00,1020.57,4.04,96.00
Fri 29/05/2026 - 19:10:00,16.21,100.00,1020.59,4.04,96.00
Fri 29/05/2026 - 19:10:34,16.20,100.00,1020.60,4.04,96.00
Fri 29/05/2026 - 19:11:08,16.19,100.00,1020.66,4.04,96.00
Fri 29/05/2026 - 19:11:42,16.19,100.00,1020.71,4.04,96.00
Fri 29/05/2026 - 19:12:16,16.17,100.00,1020.63,4.04,96.00
Fri 29/05/2026 - 19:12:50,16.16,100.00,1020.67,4.04,96.00
Fri 29/05/2026 - 19:13:24,16.15,100.00,1020.65,4.04,96.00
Fri 29/05/2026 - 19:13:58,16.14,100.00,1020.63,4.04,96.00
Fri 29/05/2026 - 19:14:32,16.13,100.00,1020.67,4.03,96.00
Fri 29/05/2026 - 19:15:06,16.13,100.00,1020.69,4.03,96.00
Fri 29/05/2026 - 19:15:40,16.12,100.00,1020.76,4.04,96.00
Fri 29/05/2026 - 19:16:14,16.10,100.00,1020.70,4.03,96.00
Fri 29/05/2026 - 19:16:48,16.10,100.00,1020.72,4.04,96.00
Fri 29/05/2026 - 19:17:22,16.10,100.00,1020.78,4.04,96.00
Fri 29/05/2026 - 19:17:56,16.08,100.00,1020.68,4.04,96.00
Fri 29/05/2026 - 19:18:30,16.07,100.00,1020.73,4.04,96.00
Fri 29/05/2026 - 19:19:04,16.07,100.00,1020.73,4.03,96.00
Fri 29/05/2026 - 19:19:38,16.06,100.00,1020.70,4.04,96.00
Fri 29/05/2026 - 19:20:12,16.05,100.00,1020.74,4.04,96.00
Fri 29/05/2026 - 19:20:46,16.05,100.00,1020.68,4.04,96.00
Fri 29/05/2026 - 19:21:20,16.02,100.00,1020.69,4.03,96.00
Fri 29/05/2026 - 19:21:54,16.01,100.00,1020.73,4.03,96.00
Fri 29/05/2026 - 19:22:28,16.01,100.00,1020.70,4.04,96.00
Fri 29/05/2026 - 19:23:02,16.00,100.00,1020.71,4.03,96.00
Fri 29/05/2026 - 19:23:36,16.00,100.00,1020.77,4.04,96.00
Fri 29/05/2026 - 19:24:10,15.99,100.00,1020.80,4.04,96.00
Fri 29/05/2026 - 19:24:44,15.98,100.00,1020.80,4.03,96.00
Fri 29/05/2026 - 19:25:18,15.98,100.00,1020.81,4.03,96.00
Fri 29/05/2026 - 19:25:52,15.97,100.00,1020.77,4.03,96.00
Fri 29/05/2026 - 19:26:26,15.96,100.00,1020.76,4.03,96.00
Fri 29/05/2026 - 19:27:00,15.96,100.00,1020.73,4.04,96.00
Fri 29/05/2026 - 19:27:34,15.96,100.00,1020.83,4.03,96.00
Fri 29/05/2026 - 19:28:08,15.94,100.00,1020.83,4.03,96.00
Fri 29/05/2026 - 19:28:42,15.93,100.00,1020.79,4.03,96.00
Fri 29/05/2026 - 19:29:16,15.94,100.00,1020.88,4.03,96.00
Fri 29/05/2026 - 19:29:50,15.92,100.00,1020.84,4.03,96.00
Fri 29/05/2026 - 19:30:24,15.91,100.00,1020.83,4.03,96.00
Fri 29/05/2026 - 19:30:58,15.89,100.00,1020.86,4.03,96.00
Fri 29/05/2026 - 19:31:32,15.89,100.00,1020.88,4.03,96.00
Fri 29/05/2026 - 19:32:06,15.88,100.00,1020.88,4.03,96.00
Fri 29/05/2026 - 19:32:39,15.87,100.00,1020.84,4.03,96.00
Fri 29/05/2026 - 19:33:14,15.86,100.00,1020.88,4.03,96.00
Fri 29/05/2026 - 19:33:47,15.86,100.00,1020.82,4.03,96.00
Fri 29/05/2026 - 19:34:21,15.86,100.00,1020.91,4.03,96.00
Fri 29/05/2026 - 19:34:55,15.85,100.00,1020.78,4.03,96.00
Fri 29/05/2026 - 19:35:29,15.85,100.00,1020.97,4.03,96.00
Fri 29/05/2026 - 19:36:03,15.84,100.00,1020.92,4.03,96.00
Fri 29/05/2026 - 19:36:37,15.82,100.00,1021.00,4.04,96.00
Fri 29/05/2026 - 19:37:11,15.81,100.00,1020.88,4.03,96.00
Fri 29/05/2026 - 19:37:45,15.81,100.00,1020.99,4.03,96.00
Fri 29/05/2026 - 19:38:19,15.80,100.00,1020.96,4.03,96.00
Fri 29/05/2026 - 19:38:53,15.81,100.00,1020.98,4.03,96.00
Fri 29/05/2026 - 19:39:27,15.79,100.00,1020.97,4.03,96.00
Fri 29/05/2026 - 19:40:01,15.79,100.00,1021.02,4.03,96.00
Fri 29/05/2026 - 19:40:35,15.78,100.00,1021.04,4.04,96.00
Fri 29/05/2026 - 19:41:09,15.78,100.00,1021.04,4.03,96.00
Fri 29/05/2026 - 19:41:43,15.78,100.00,1021.03,4.03,96.00
Fri 29/05/2026 - 19:42:17,15.77,100.00,1021.04,4.03,96.00
Fri 29/05/2026 - 19:42:51,15.77,100.00,1021.07,4.03,96.00
Fri 29/05/2026 - 19:43:25,15.74,100.00,1021.03,4.03,96.00
Fri 29/05/2026 - 19:43:59,15.74,100.00,1021.02,4.03,96.00
Fri 29/05/2026 - 19:44:33,15.73,100.00,1021.04,4.03,96.00
Fri 29/05/2026 - 19:45:07,15.73,100.00,1021.05,4.03,96.00
Fri 29/05/2026 - 19:45:41,15.72,100.00,1021.06,4.03,96.00
Fri 29/05/2026 - 19:46:15,15.71,100.00,1021.02,4.03,96.00
Fri 29/05/2026 - 19:46:49,15.71,100.00,1021.05,4.03,96.00
Fri 29/05/2026 - 19:47:23,15.70,100.00,1021.03,4.03,96.00
Fri 29/05/2026 - 19:47:57,15.69,100.00,1020.99,4.03,96.00
Fri 29/05/2026 - 19:48:31,15.69,100.00,1021.04,4.03,96.00
Fri 29/05/2026 - 19:49:05,15.69,100.00,1021.04,4.03,96.00
Fri 29/05/2026 - 19:49:39,15.67,100.00,1021.12,4.03,96.00
Fri 29/05/2026 - 19:50:13,15.69,100.00,1021.07,4.03,96.00
Fri 29/05/2026 - 19:50:47,15.68,100.00,1021.02,4.03,96.00
Fri 29/05/2026 - 19:51:21,15.69,100.00,1021.15,4.03,96.00
Fri 29/05/2026 - 19:51:55,15.68,100.00,1021.14,4.03,96.00
Fri 29/05/2026 - 19:52:29,15.67,100.00,1021.07,4.03,96.00
Fri 29/05/2026 - 19:53:03,15.67,100.00,1021.11,4.03,96.00
Fri 29/05/2026 - 19:53:37,15.67,100.00,1021.11,4.03,96.00
Fri 29/05/2026 - 19:54:11,15.67,100.00,1021.11,4.03,96.00
Fri 29/05/2026 - 19:54:45,15.67,100.00,1021.11,4.03,96.00
Fri 29/05/2026 - 19:55:19,15.67,100.00,1021.17,4.03,96.00
Fri 29/05/2026 - 19:55:53,15.66,100.00,1021.15,4.03,96.00
Fri 29/05/2026 - 19:56:27,15.66,100.00,1021.15,4.03,96.00
Fri 29/05/2026 - 19:57:01,15.65,100.00,1021.19,4.03,96.00
Fri 29/05/2026 - 19:57:35,15.66,100.00,1021.23,4.03,96.00
Fri 29/05/2026 - 19:58:09,15.66,100.00,1021.15,4.03,96.00
Fri 29/05/2026 - 19:58:43,15.66,100.00,1021.20,4.03,96.00
Fri 29/05/2026 - 19:59:17,15.65,100.00,1021.19,4.03,96.00
Fri 29/05/2026 - 19:59:51,15.65,100.00,1021.11,4.03,96.00
Fri 29/05/2026 - 20:00:25,15.65,100.00,1021.29,4.03,96.00
Fri 29/05/2026 - 20:00:59,15.65,100.00,1021.16,4.03,96.00
Fri 29/05/2026 - 20:01:33,15.65,100.00,1021.13,4.03,96.00
Fri 29/05/2026 - 20:02:07,15.64,100.00,1021.12,4.03,96.00
Fri 29/05/2026 - 20:02:41,15.65,100.00,1021.19,4.03,96.00
Fri 29/05/2026 - 20:03:15,15.64,100.00,1021.14,4.03,96.00
Fri 29/05/2026 - 20:03:49,15.64,100.00,1021.15,4.03,96.00
Fri 29/05/2026 - 20:04:23,15.64,100.00,1021.11,4.03,96.00
Fri 29/05/2026 - 20:04:57,15.64,100.00,1021.11,4.03,96.00
Fri 29/05/2026 - 20:05:31,15.64,100.00,1021.14,4.03,96.00
Fri 29/05/2026 - 20:06:05,15.64,100.00,1021.11,4.03,96.00
Fri 29/05/2026 - 20:06:39,15.64,100.00,1021.20,4.03,96.00
Fri 29/05/2026 - 20:07:13,15.64,100.00,1021.14,4.03,96.00
Fri 29/05/2026 - 20:07:46,15.64,100.00,1021.17,4.03,96.00
Fri 29/05/2026 - 20:08:20,15.64,100.00,1021.22,4.03,96.00
Fri 29/05/2026 - 20:08:54,15.62,100.00,1021.20,4.03,96.00
Fri 29/05/2026 - 20:09:28,15.63,100.00,1021.19,4.03,96.00
Fri 29/05/2026 - 20:10:02,15.64,100.00,1021.22,4.03,96.00
Fri 29/05/2026 - 20:10:36,15.64,100.00,1021.20,4.03,96.00
Fri 29/05/2026 - 20:11:10,15.64,100.00,1021.22,4.03,96.00
Fri 29/05/2026 - 20:11:44,15.63,100.00,1021.16,4.03,96.00
Fri 29/05/2026 - 20:12:18,15.63,100.00,1021.20,4.03,96.00
Fri 29/05/2026 - 20:12:52,15.64,100.00,1021.22,4.03,96.00
Fri 29/05/2026 - 20:13:26,15.63,100.00,1021.26,4.03,96.00
Fri 29/05/2026 - 20:14:00,15.63,100.00,1021.20,4.03,96.00
Fri 29/05/2026 - 20:14:34,15.63,100.00,1021.26,4.03,96.00
Fri 29/05/2026 - 20:15:08,15.62,100.00,1021.25,4.03,96.00
Fri 29/05/2026 - 20:15:42,15.63,100.00,1021.23,4.03,96.00
Fri 29/05/2026 - 20:16:16,15.63,100.00,1021.26,4.03,96.00
Fri 29/05/2026 - 20:16:50,15.62,100.00,1021.30,4.03,96.00
Fri 29/05/2026 - 20:17:24,15.63,100.00,1021.26,4.03,96.00
Fri 29/05/2026 - 20:17:58,15.63,100.00,1021.26,4.03,96.00
Fri 29/05/2026 - 20:18:32,15.63,100.00,1021.26,4.03,96.00
Fri 29/05/2026 - 20:19:06,15.63,100.00,1021.26,4.03,96.00
Fri 29/05/2026 - 20:19:40,15.63,100.00,1021.27,4.03,96.00
Fri 29/05/2026 - 20:20:14,15.63,100.00,1021.26,4.03,96.00
Fri 29/05/2026 - 20:20:48,15.64,100.00,1021.28,4.03,96.00
Fri 29/05/2026 - 20:21:22,15.64,100.00,1021.22,4.03,96.00
Fri 29/05/2026 - 20:21:56,15.64,100.00,1021.20,4.03,96.00
Fri 29/05/2026 - 20:22:30,15.64,100.00,1021.28,4.03,96.00
Fri 29/05/2026 - 20:23:04,15.64,100.00,1021.28,4.03,96.00
Fri 29/05/2026 - 20:23:38,15.65,100.00,1021.24,4.03,96.00
Fri 29/05/2026 - 20:24:12,15.65,100.00,1021.33,4.03,96.00
Fri 29/05/2026 - 20:24:46,15.65,100.00,1021.25,4.03,96.00
Fri 29/05/2026 - 20:25:20,15.66,100.00,1021.35,4.03,96.00
Fri 29/05/2026 - 20:25:54,15.66,100.00,1021.28,4.03,96.00
Fri 29/05/2026 - 20:26:28,15.65,100.00,1021.24,4.03,96.00
Fri 29/05/2026 - 20:27:02,15.65,100.00,1021.19,4.03,96.00
Fri 29/05/2026 - 20:27:36,15.66,100.00,1021.31,4.03,96.00
Fri 29/05/2026 - 20:28:10,15.66,100.00,1021.24,4.03,96.00
Fri 29/05/2026 - 20:28:44,15.67,100.00,1021.30,4.03,96.00
Fri 29/05/2026 - 20:29:18,15.67,100.00,1021.34,4.03,96.00
Fri 29/05/2026 - 20:29:52,15.67,100.00,1021.25,4.03,96.00
Fri 29/05/2026 - 20:30:26,15.68,100.00,1021.26,4.03,96.00
Fri 29/05/2026 - 20:31:00,15.67,100.00,1021.26,4.03,96.00
Fri 29/05/2026 - 20:31:34,15.68,100.00,1021.24,4.03,96.00
Fri 29/05/2026 - 20:32:08,15.69,100.00,1021.26,4.03,96.00
Fri 29/05/2026 - 20:32:42,15.68,100.00,1021.25,4.03,96.00
Fri 29/05/2026 - 20:33:16,15.69,100.00,1021.31,4.03,96.00
Fri 29/05/2026 - 20:33:50,15.68,100.00,1021.24,4.03,96.00
Fri 29/05/2026 - 20:34:24,15.70,100.00,1021.22,4.03,96.00
Fri 29/05/2026 - 20:34:58,15.68,100.00,1021.14,4.03,96.00
Fri 29/05/2026 - 20:35:32,15.67,100.00,1021.17,4.03,96.00
Fri 29/05/2026 - 20:36:06,15.64,100.00,1021.17,4.03,96.00
Fri 29/05/2026 - 20:36:40,15.63,100.00,1021.15,4.03,96.00
Fri 29/05/2026 - 20:37:14,15.62,100.00,1021.13,4.03,96.00
Fri 29/05/2026 - 20:37:48,15.61,100.00,1021.12,4.03,96.00
Fri 29/05/2026 - 20:38:22,15.60,100.00,1021.18,4.03,96.00
Fri 29/05/2026 - 20:38:56,15.58,100.00,1021.09,4.03,96.00
Fri 29/05/2026 - 20:39:30,15.58,100.00,1021.13,4.03,96.00
Fri 29/05/2026 - 20:40:04,15.58,100.00,1021.17,4.03,96.00
Fri 29/05/2026 - 20:40:38,15.57,100.00,1021.18,4.03,96.00
Fri 29/05/2026 - 20:41:12,15.56,100.00,1021.17,4.03,96.00
Fri 29/05/2026 - 20:41:46,15.57,100.00,1021.15,4.03,96.00
Fri 29/05/2026 - 20:42:20,15.57,100.00,1021.24,4.03,96.00
Fri 29/05/2026 - 20:42:54,15.56,100.00,1021.27,4.03,96.00
Fri 29/05/2026 - 20:43:28,15.56,100.00,1021.19,4.03,96.00
Fri 29/05/2026 - 20:44:02,15.55,100.00,1021.31,4.03,96.00
Fri 29/05/2026 - 20:44:36,15.56,100.00,1021.19,4.03,96.00
Fri 29/05/2026 - 20:45:10,15.57,100.00,1021.26,4.03,96.00
Fri 29/05/2026 - 20:45:44,15.58,100.00,1021.28,4.03,96.00
Fri 29/05/2026 - 20:46:18,15.58,100.00,1021.34,4.03,96.00
Fri 29/05/2026 - 20:46:52,15.59,100.00,1021.32,4.03,96.00
Fri 29/05/2026 - 20:47:26,15.59,100.00,1021.33,4.03,96.00
Fri 29/05/2026 - 20:48:00,15.59,100.00,1021.33,4.03,96.00
Fri 29/05/2026 - 20:48:34,15.61,100.00,1021.37,4.03,96.00
Fri 29/05/2026 - 20:49:08,15.60,100.00,1021.35,4.03,96.00
Fri 29/05/2026 - 20:49:42,15.62,100.00,1021.30,4.03,96.00
Fri 29/05/2026 - 20:50:16,15.62,100.00,1021.35,4.03,96.00
Fri 29/05/2026 - 20:50:50,15.62,100.00,1021.32,4.03,96.00
Fri 29/05/2026 - 20:51:24,15.63,100.00,1021.26,4.03,96.00
Fri 29/05/2026 - 20:51:58,15.63,100.00,1021.31,4.03,96.00
Fri 29/05/2026 - 20:52:32,15.64,100.00,1021.36,4.03,96.00
Fri 29/05/2026 - 20:53:06,15.64,100.00,1021.26,4.03,96.00
Fri 29/05/2026 - 20:53:40,15.65,100.00,1021.27,4.03,96.00
Fri 29/05/2026 - 20:54:14,15.66,100.00,1021.20,4.03,96.00
Fri 29/05/2026 - 20:54:48,15.66,100.00,1021.18,4.03,96.00
Fri 29/05/2026 - 20:55:22,15.67,100.00,1021.20,4.03,96.00
Fri 29/05/2026 - 20:55:56,15.68,100.00,1021.10,4.03,96.00
Fri 29/05/2026 - 20:56:30,15.68,100.00,1021.13,4.03,96.00
Fri 29/05/2026 - 20:57:04,15.72,100.00,1021.12,4.03,96.00
Fri 29/05/2026 - 20:57:38,15.72,100.00,1021.15,4.03,96.00
Fri 29/05/2026 - 20:58:12,15.71,100.00,1021.16,4.03,96.00
Fri 29/05/2026 - 20:58:46,15.71,100.00,1021.21,4.03,96.00
Fri 29/05/2026 - 20:59:20,15.71,100.00,1021.19,4.03,96.00
Fri 29/05/2026 - 20:59:54,15.71,100.00,1021.21,4.03,96.00
Fri 29/05/2026 - 21:00:28,15.70,100.00,1021.16,4.03,96.00
Fri 29/05/2026 - 21:01:02,15.72,100.00,1021.20,4.03,96.00
Fri 29/05/2026 - 21:01:36,15.70,100.00,1021.28,4.03,96.00
Fri 29/05/2026 - 21:02:10,15.70,100.00,1021.25,4.03,96.00
Fri 29/05/2026 - 21:02:44,15.71,100.00,1021.24,4.03,96.00
Fri 29/05/2026 - 21:03:18,15.70,100.00,1021.27,4.03,96.00
Fri 29/05/2026 - 21:03:52,15.71,100.00,1021.24,4.03,96.00
Fri 29/05/2026 - 21:04:26,15.70,100.00,1021.27,4.03,96.00
Fri 29/05/2026 - 21:05:00,15.69,100.00,1021.21,4.03,96.00
Fri 29/05/2026 - 21:05:34,15.69,100.00,1021.26,4.03,96.00
Fri 29/05/2026 - 21:06:08,15.69,100.00,1021.32,4.03,96.00
Fri 29/05/2026 - 21:06:41,15.70,100.00,1021.30,4.03,96.00
Fri 29/05/2026 - 21:07:15,15.69,100.00,1021.31,4.03,96.00
Fri 29/05/2026 - 21:07:49,15.69,100.00,1021.28,4.03,96.00
Fri 29/05/2026 - 21:08:23,15.69,100.00,1021.34,4.03,96.00
Fri 29/05/2026 - 21:08:57,15.69,100.00,1021.29,4.03,96.00
Fri 29/05/2026 - 21:09:31,15.68,100.00,1021.25,4.03,96.00
Fri 29/05/2026 - 21:10:05,15.69,100.00,1021.34,4.03,96.00
Fri 29/05/2026 - 21:10:39,15.69,100.00,1021.21,4.03,96.00
Fri 29/05/2026 - 21:11:13,15.68,100.00,1021.21,4.03,96.00
Fri 29/05/2026 - 21:11:47,15.68,100.00,1021.27,4.03,96.00
Fri 29/05/2026 - 21:12:21,15.67,100.00,1021.33,4.03,96.00
Fri 29/05/2026 - 21:12:55,15.66,100.00,1021.28,4.03,96.00
Fri 29/05/2026 - 21:13:29,15.65,100.00,1021.25,4.03,96.00
Fri 29/05/2026 - 21:14:03,15.65,100.00,1021.24,4.03,96.00
Fri 29/05/2026 - 21:14:37,15.63,100.00,1021.27,4.03,96.00
Fri 29/05/2026 - 21:15:11,15.63,100.00,1021.20,4.03,96.00
Fri 29/05/2026 - 21:15:45,15.63,100.00,1021.21,4.03,96.00
Fri 29/05/2026 - 21:16:19,15.64,100.00,1021.28,4.03,96.00
Fri 29/05/2026 - 21:16:53,15.63,100.00,1021.26,4.03,96.00
Fri 29/05/2026 - 21:17:27,15.62,100.00,1021.21,4.03,96.00
Fri 29/05/2026 - 21:18:01,15.61,100.00,1021.29,4.03,96.00
Fri 29/05/2026 - 21:18:35,15.62,100.00,1021.30,4.03,96.00
Fri 29/05/2026 - 21:19:09,15.61,100.00,1021.26,4.03,96.00
Fri 29/05/2026 - 21:19:43,15.60,100.00,1021.21,4.03,96.00
Fri 29/05/2026 - 21:20:17,15.60,100.00,1021.27,4.03,96.00
Fri 29/05/2026 - 21:20:51,15.59,100.00,1021.27,4.03,96.00
Fri 29/05/2026 - 21:21:25,15.57,100.00,1021.26,4.03,96.00
Fri 29/05/2026 - 21:21:59,15.56,100.00,1021.28,4.03,96.00
Fri 29/05/2026 - 21:22:33,15.55,100.00,1021.28,4.03,96.00
Fri 29/05/2026 - 21:23:07,15.52,100.00,1021.30,4.03,96.00
Fri 29/05/2026 - 21:23:41,15.51,100.00,1021.23,4.03,96.00
Fri 29/05/2026 - 21:24:15,15.50,100.00,1021.27,4.03,96.00
Fri 29/05/2026 - 21:24:49,15.49,100.00,1021.27,4.03,96.00
Fri 29/05/2026 - 21:25:23,15.48,100.00,1021.30,4.03,96.00
Fri 29/05/2026 - 21:25:57,15.48,100.00,1021.35,4.03,96.00
Fri 29/05/2026 - 21:26:31,15.47,100.00,1021.31,4.03,96.00
Fri 29/05/2026 - 21:27:05,15.45,100.00,1021.40,4.03,96.00
Fri 29/05/2026 - 21:27:39,15.46,100.00,1021.30,4.03,96.00
Fri 29/05/2026 - 21:28:13,15.44,100.00,1021.35,4.03,96.00
Fri 29/05/2026 - 21:28:47,15.44,100.00,1021.32,4.03,96.00
Fri 29/05/2026 - 21:29:21,15.44,100.00,1021.40,4.03,96.00
Fri 29/05/2026 - 21:29:55,15.43,100.00,1021.33,4.03,96.00
Fri 29/05/2026 - 21:30:29,15.43,100.00,1021.41,4.03,96.00
Fri 29/05/2026 - 21:31:03,15.43,100.00,1021.41,4.03,96.00
Fri 29/05/2026 - 21:31:37,15.42,100.00,1021.42,4.03,96.00
Fri 29/05/2026 - 21:32:11,15.42,100.00,1021.39,4.03,96.00
Fri 29/05/2026 - 21:32:45,15.40,100.00,1021.38,4.03,96.00
Fri 29/05/2026 - 21:33:19,15.40,100.00,1021.39,4.03,96.00
Fri 29/05/2026 - 21:33:53,15.40,100.00,1021.39,4.03,96.00
Fri 29/05/2026 - 21:34:27,15.39,100.00,1021.32,4.03,96.00
Fri 29/05/2026 - 21:35:01,15.39,100.00,1021.40,4.03,96.00
Fri 29/05/2026 - 21:35:35,15.38,100.00,1021.41,4.03,96.00
Fri 29/05/2026 - 21:36:09,15.38,100.00,1021.40,4.03,96.00
Fri 29/05/2026 - 21:36:43,15.38,100.00,1021.37,4.03,96.00
Fri 29/05/2026 - 21:37:17,15.38,100.00,1021.37,4.03,96.00
Fri 29/05/2026 - 21:37:51,15.36,100.00,1021.35,4.03,96.00
Fri 29/05/2026 - 21:38:25,15.36,100.00,1021.32,4.03,96.00
Fri 29/05/2026 - 21:38:59,15.36,100.00,1021.40,4.03,96.00
Fri 29/05/2026 - 21:39:33,15.35,100.00,1021.38,4.03,96.00
Fri 29/05/2026 - 21:40:07,15.34,100.00,1021.31,4.03,96.00
Fri 29/05/2026 - 21:40:41,15.35,100.00,1021.44,4.03,96.00
Fri 29/05/2026 - 21:41:15,15.35,100.00,1021.40,4.03,96.00
Fri 29/05/2026 - 21:41:49,15.34,100.00,1021.41,4.03,96.00
Fri 29/05/2026 - 21:42:23,15.34,100.00,1021.39,4.03,96.00
Fri 29/05/2026 - 21:42:57,15.34,100.00,1021.47,4.03,96.00
Fri 29/05/2026 - 21:43:31,15.33,100.00,1021.51,4.03,96.00
Fri 29/05/2026 - 21:44:05,15.32,100.00,1021.44,4.03,96.00
Fri 29/05/2026 - 21:44:39,15.31,100.00,1021.50,4.03,96.00
Fri 29/05/2026 - 21:45:13,15.32,100.00,1021.54,4.03,96.00
Fri 29/05/2026 - 21:45:47,15.31,100.00,1021.55,4.03,96.00
Fri 29/05/2026 - 21:46:21,15.31,100.00,1021.53,4.03,96.00
Fri 29/05/2026 - 21:46:55,15.31,100.00,1021.56,4.03,96.00
Fri 29/05/2026 - 21:47:29,15.30,100.00,1021.62,4.03,96.00
Fri 29/05/2026 - 21:48:03,15.29,100.00,1021.60,4.03,96.00
Fri 29/05/2026 - 21:48:37,15.29,100.00,1021.66,4.03,96.00
Fri 29/05/2026 - 21:49:11,15.29,100.00,1021.59,4.02,96.00
Fri 29/05/2026 - 21:49:45,15.29,100.00,1021.67,4.03,96.00
Fri 29/05/2026 - 21:50:18,15.29,100.00,1021.66,4.02,96.00
Fri 29/05/2026 - 21:50:52,15.27,100.00,1021.59,4.03,96.00
Fri 29/05/2026 - 21:51:26,15.29,100.00,1021.67,4.03,96.00
Fri 29/05/2026 - 21:52:00,15.28,100.00,1021.66,4.03,96.00
Fri 29/05/2026 - 21:52:34,15.27,100.00,1021.65,4.03,96.00
Fri 29/05/2026 - 21:53:08,15.27,100.00,1021.62,4.02,96.00
Fri 29/05/2026 - 21:53:42,15.27,100.00,1021.61,4.03,96.00
Fri 29/05/2026 - 21:54:16,15.26,100.00,1021.65,4.03,96.00
Fri 29/05/2026 - 21:54:50,15.25,100.00,1021.64,4.02,96.00
Fri 29/05/2026 - 21:55:24,15.25,100.00,1021.63,4.02,96.00
Fri 29/05/2026 - 21:55:58,15.24,100.00,1021.68,4.03,96.00
Fri 29/05/2026 - 21:56:32,15.25,100.00,1021.64,4.02,96.00
Fri 29/05/2026 - 21:57:06,15.22,100.00,1021.67,4.02,96.00
Fri 29/05/2026 - 21:57:40,15.23,100.00,1021.61,4.03,96.00
Fri 29/05/2026 - 21:58:14,15.23,100.00,1021.66,4.02,96.00
Fri 29/05/2026 - 21:58:48,15.22,100.00,1021.70,4.02,96.00
Fri 29/05/2026 - 21:59:22,15.21,100.00,1021.73,4.03,96.00
Fri 29/05/2026 - 21:59:56,15.21,100.00,1021.73,4.02,96.00
Fri 29/05/2026 - 22:00:30,15.21,100.00,1021.75,4.03,96.00
Fri 29/05/2026 - 22:01:04,15.19,100.00,1021.69,4.02,96.00
Fri 29/05/2026 - 22:01:38,15.19,100.00,1021.81,4.02,96.00
Fri 29/05/2026 - 22:02:12,15.19,100.00,1021.70,4.02,96.00
Fri 29/05/2026 - 22:02:46,15.19,100.00,1021.77,4.02,96.00
Fri 29/05/2026 - 22:03:20,15.18,100.00,1021.79,4.02,96.00
Fri 29/05/2026 - 22:03:54,15.18,100.00,1021.76,4.02,96.00
Fri 29/05/2026 - 22:04:28,15.18,100.00,1021.73,4.02,96.00
Fri 29/05/2026 - 22:05:02,15.18,100.00,1021.71,4.02,96.00
Fri 29/05/2026 - 22:05:36,15.17,100.00,1021.72,4.02,96.00
Fri 29/05/2026 - 22:06:10,15.17,100.00,1021.72,4.02,96.00
Fri 29/05/2026 - 22:06:44,15.16,100.00,1021.70,4.02,96.00
Fri 29/05/2026 - 22:07:18,15.15,100.00,1021.70,4.02,96.00
Fri 29/05/2026 - 22:07:52,15.14,100.00,1021.64,4.02,96.00
Fri 29/05/2026 - 22:08:26,15.14,100.00,1021.64,4.02,96.00
Fri 29/05/2026 - 22:09:00,15.13,100.00,1021.68,4.02,96.00
Fri 29/05/2026 - 22:09:34,15.12,100.00,1021.66,4.02,96.00
Fri 29/05/2026 - 22:10:08,15.11,100.00,1021.61,4.03,96.00
Fri 29/05/2026 - 22:10:42,15.11,100.00,1021.59,4.02,96.00
Fri 29/05/2026 - 22:11:16,15.11,100.00,1021.63,4.02,96.00
Fri 29/05/2026 - 22:11:50,15.11,100.00,1021.59,4.02,96.00
Fri 29/05/2026 - 22:12:24,15.09,100.00,1021.63,4.02,96.00
Fri 29/05/2026 - 22:12:58,15.08,100.00,1021.62,4.02,96.00
Fri 29/05/2026 - 22:13:32,15.08,100.00,1021.64,4.02,96.00
Fri 29/05/2026 - 22:14:06,15.07,100.00,1021.60,4.02,96.00
Fri 29/05/2026 - 22:14:40,15.07,100.00,1021.57,4.02,96.00
Fri 29/05/2026 - 22:15:14,15.06,100.00,1021.63,4.02,96.00
Fri 29/05/2026 - 22:15:48,15.06,100.00,1021.66,4.02,96.00
Fri 29/05/2026 - 22:16:22,15.04,100.00,1021.66,4.02,96.00
Fri 29/05/2026 - 22:16:56,15.04,100.00,1021.60,4.02,96.00
Fri 29/05/2026 - 22:17:30,15.04,100.00,1021.60,4.02,96.00
Fri 29/05/2026 - 22:18:04,15.03,100.00,1021.66,4.02,96.00
Fri 29/05/2026 - 22:18:38,15.02,100.00,1021.68,4.02,96.00
Fri 29/05/2026 - 22:19:12,15.02,100.00,1021.67,4.02,96.00
Fri 29/05/2026 - 22:19:46,15.01,100.00,1021.72,4.02,96.00
Fri 29/05/2026 - 22:20:20,15.01,100.00,1021.66,4.02,96.00
Fri 29/05/2026 - 22:20:54,15.00,100.00,1021.69,4.02,96.00
Fri 29/05/2026 - 22:21:28,15.00,100.00,1021.64,4.02,96.00
Fri 29/05/2026 - 22:22:02,14.98,100.00,1021.69,4.02,96.00
Fri 29/05/2026 - 22:22:36,14.98,100.00,1021.66,4.02,96.00
Fri 29/05/2026 - 22:23:10,14.98,100.00,1021.71,4.02,96.00
Fri 29/05/2026 - 22:23:44,14.96,100.00,1021.74,4.02,96.00
Fri 29/05/2026 - 22:24:18,14.95,100.00,1021.75,4.02,96.00
Fri 29/05/2026 - 22:24:52,14.95,100.00,1021.67,4.02,96.00
Fri 29/05/2026 - 22:25:26,14.94,100.00,1021.73,4.02,96.00
Fri 29/05/2026 - 22:26:00,14.94,100.00,1021.78,4.02,96.00
Fri 29/05/2026 - 22:26:34,14.93,100.00,1021.85,4.02,96.00
Fri 29/05/2026 - 22:27:08,14.93,100.00,1021.87,4.02,96.00
Fri 29/05/2026 - 22:27:41,14.92,100.00,1021.89,4.02,96.00
Fri 29/05/2026 - 22:28:15,14.91,100.00,1021.87,4.02,96.00
Fri 29/05/2026 - 22:28:49,14.91,100.00,1021.86,4.02,96.00
Fri 29/05/2026 - 22:29:23,14.90,100.00,1021.92,4.02,96.00
Fri 29/05/2026 - 22:29:57,14.90,100.00,1021.90,4.02,96.00
Fri 29/05/2026 - 22:30:31,14.88,100.00,1021.78,4.02,96.00
Fri 29/05/2026 - 22:31:05,14.88,100.00,1021.86,4.02,96.00
Fri 29/05/2026 - 22:31:39,14.88,100.00,1021.84,4.02,96.00
Fri 29/05/2026 - 22:32:13,14.86,100.00,1021.78,4.02,96.00
Fri 29/05/2026 - 22:32:47,14.87,100.00,1021.84,4.02,96.00
Fri 29/05/2026 - 22:33:21,14.85,100.00,1021.81,4.02,96.00
Fri 29/05/2026 - 22:33:55,14.85,100.00,1021.78,4.02,96.00
Fri 29/05/2026 - 22:34:29,14.84,100.00,1021.79,4.02,96.00
Fri 29/05/2026 - 22:35:03,14.84,100.00,1021.79,4.02,96.00
Fri 29/05/2026 - 22:35:37,14.82,100.00,1021.82,4.02,96.00
Fri 29/05/2026 - 22:36:11,14.82,100.00,1021.76,4.02,96.00
Fri 29/05/2026 - 22:36:45,14.81,100.00,1021.78,4.02,96.00
Fri 29/05/2026 - 22:37:19,14.81,100.00,1021.79,4.02,96.00
Fri 29/05/2026 - 22:37:53,14.80,100.00,1021.84,4.02,96.00
Fri 29/05/2026 - 22:38:27,14.80,100.00,1021.80,4.02,96.00
Fri 29/05/2026 - 22:39:01,14.80,100.00,1021.86,4.02,96.00
Fri 29/05/2026 - 22:39:35,14.80,100.00,1021.83,4.02,96.00
Fri 29/05/2026 - 22:40:09,14.80,100.00,1021.80,4.02,96.00
Fri 29/05/2026 - 22:40:43,14.79,100.00,1021.87,4.02,96.00
Fri 29/05/2026 - 22:41:17,14.79,100.00,1021.87,4.02,96.00
Fri 29/05/2026 - 22:41:51,14.77,100.00,1021.89,4.02,96.00
Fri 29/05/2026 - 22:42:25,14.77,100.00,1021.91,4.02,96.00
Fri 29/05/2026 - 22:42:59,14.77,100.00,1021.89,4.02,96.00
Fri 29/05/2026 - 22:43:33,14.75,100.00,1021.88,4.02,96.00
Fri 29/05/2026 - 22:44:07,14.75,100.00,1021.89,4.02,96.00
Fri 29/05/2026 - 22:44:41,14.75,100.00,1021.90,4.02,96.00
Fri 29/05/2026 - 22:45:15,14.74,100.00,1021.97,4.02,96.00
Fri 29/05/2026 - 22:45:49,14.75,100.00,1021.90,4.02,96.00
Fri 29/05/2026 - 22:46:23,14.74,100.00,1021.89,4.02,96.00
Fri 29/05/2026 - 22:46:57,14.73,100.00,1021.88,4.02,96.00
Fri 29/05/2026 - 22:47:31,14.72,100.00,1021.88,4.02,96.00
Fri 29/05/2026 - 22:48:05,14.71,100.00,1021.92,4.02,96.00
Fri 29/05/2026 - 22:48:39,14.71,100.00,1021.86,4.02,96.00
Fri 29/05/2026 - 22:49:13,14.71,100.00,1021.89,4.02,96.00
Fri 29/05/2026 - 22:49:47,14.71,100.00,1021.89,4.02,96.00
Fri 29/05/2026 - 22:50:21,14.69,100.00,1021.84,4.02,96.00
Fri 29/05/2026 - 22:50:55,14.68,100.00,1021.79,4.02,96.00
Fri 29/05/2026 - 22:51:29,14.68,100.00,1021.85,4.02,96.00
Fri 29/05/2026 - 22:52:03,14.67,100.00,1021.82,4.02,96.00
Fri 29/05/2026 - 22:52:37,14.67,100.00,1021.87,4.02,96.00
Fri 29/05/2026 - 22:53:11,14.66,100.00,1021.91,4.02,96.00
Fri 29/05/2026 - 22:53:45,14.65,100.00,1021.85,4.02,96.00
Fri 29/05/2026 - 22:54:19,14.65,100.00,1021.90,4.02,96.00
Fri 29/05/2026 - 22:54:53,14.63,100.00,1021.85,4.02,96.00
Fri 29/05/2026 - 22:55:27,14.63,100.00,1021.90,4.02,96.00
Fri 29/05/2026 - 22:56:01,14.62,100.00,1021.85,4.02,96.00
Fri 29/05/2026 - 22:56:35,14.63,100.00,1021.88,4.02,96.00
Fri 29/05/2026 - 22:57:09,14.62,100.00,1021.90,4.02,96.00
Fri 29/05/2026 - 22:57:43,14.61,100.00,1022.00,4.02,96.00
Fri 29/05/2026 - 22:58:17,14.61,100.00,1021.89,4.02,96.00
Fri 29/05/2026 - 22:58:51,14.60,100.00,1021.88,4.02,96.00
Fri 29/05/2026 - 22:59:25,14.60,100.00,1021.93,4.02,96.00
Fri 29/05/2026 - 22:59:59,14.59,100.00,1021.93,4.02,96.00
Fri 29/05/2026 - 23:00:33,14.58,100.00,1021.89,4.02,96.00
Fri 29/05/2026 - 23:01:07,14.58,100.00,1021.90,4.02,96.00
Fri 29/05/2026 - 23:01:41,14.57,100.00,1021.76,4.02,96.00
Fri 29/05/2026 - 23:02:15,14.56,100.00,1021.89,4.02,96.00
Fri 29/05/2026 - 23:02:49,14.56,100.00,1021.86,4.02,96.00
Fri 29/05/2026 - 23:03:23,14.57,100.00,1021.87,4.02,96.00
Fri 29/05/2026 - 23:03:57,14.56,100.00,1021.85,4.02,96.00
Fri 29/05/2026 - 23:04:31,14.55,100.00,1021.78,4.02,96.00
Fri 29/05/2026 - 23:05:05,14.55,100.00,1021.79,4.02,96.00
Fri 29/05/2026 - 23:05:39,14.55,100.00,1021.84,4.02,96.00
Fri 29/05/2026 - 23:06:13,14.54,100.00,1021.83,4.02,96.00
Fri 29/05/2026 - 23:06:47,14.55,100.00,1021.84,4.02,96.00
Fri 29/05/2026 - 23:07:21,14.54,100.00,1021.85,4.02,96.00
Fri 29/05/2026 - 23:07:55,14.54,100.00,1021.88,4.02,96.00
Fri 29/05/2026 - 23:08:29,14.54,100.00,1021.82,4.02,96.00
Fri 29/05/2026 - 23:09:03,14.54,100.00,1021.82,4.02,96.00
Fri 29/05/2026 - 23:09:37,14.52,100.00,1021.79,4.02,96.00
Fri 29/05/2026 - 23:10:11,14.54,100.00,1021.85,4.02,96.00
Fri 29/05/2026 - 23:10:45,14.53,100.00,1021.84,4.02,96.00
Fri 29/05/2026 - 23:11:19,14.52,100.00,1021.85,4.02,96.00
Fri 29/05/2026 - 23:11:53,14.52,100.00,1021.85,4.02,96.00
Fri 29/05/2026 - 23:12:27,14.52,100.00,1021.82,4.02,96.00
Fri 29/05/2026 - 23:13:01,14.52,100.00,1021.79,4.02,96.00
Fri 29/05/2026 - 23:13:35,14.52,100.00,1021.79,4.02,96.00
Fri 29/05/2026 - 23:14:09,14.51,100.00,1021.88,4.02,96.00
Fri 29/05/2026 - 23:14:43,14.52,100.00,1021.84,4.02,96.00
Fri 29/05/2026 - 23:15:17,14.53,100.00,1021.84,4.02,96.00
Fri 29/05/2026 - 23:15:51,14.53,100.00,1021.81,4.02,96.00
Fri 29/05/2026 - 23:16:25,14.54,100.00,1021.82,4.02,96.00
Fri 29/05/2026 - 23:16:59,14.54,100.00,1021.85,4.02,96.00
Fri 29/05/2026 - 23:17:33,14.55,100.00,1021.78,4.02,96.00
Fri 29/05/2026 - 23:18:07,14.55,100.00,1021.79,4.02,96.00
Fri 29/05/2026 - 23:18:40,14.55,100.00,1021.81,4.02,96.00
Fri 29/05/2026 - 23:19:15,14.55,100.00,1021.82,4.02,96.00
Fri 29/05/2026 - 23:19:48,14.55,100.00,1021.82,4.02,96.00
Fri 29/05/2026 - 23:20:22,14.55,100.00,1021.71,4.02,96.00
Fri 29/05/2026 - 23:20:56,14.56,100.00,1021.78,4.02,96.00
Fri 29/05/2026 - 23:21:30,14.55,100.00,1021.76,4.02,96.00
Fri 29/05/2026 - 23:22:04,14.55,100.00,1021.78,4.02,96.00
Fri 29/05/2026 - 23:22:38,14.55,100.00,1021.74,4.02,96.00
Fri 29/05/2026 - 23:23:12,14.55,100.00,1021.78,4.02,96.00
Fri 29/05/2026 - 23:23:46,14.54,100.00,1021.75,4.02,96.00
Fri 29/05/2026 - 23:24:20,14.55,100.00,1021.67,4.02,96.00
Fri 29/05/2026 - 23:24:54,14.55,100.00,1021.68,4.02,96.00
Fri 29/05/2026 - 23:25:28,14.55,100.00,1021.74,4.02,96.00
Fri 29/05/2026 - 23:26:02,14.54,100.00,1021.69,4.02,96.00
Fri 29/05/2026 - 23:26:36,14.54,100.00,1021.67,4.02,96.00
Fri 29/05/2026 - 23:27:10,14.54,100.00,1021.67,4.02,96.00
Fri 29/05/2026 - 23:27:44,14.54,100.00,1021.66,4.02,96.00
Fri 29/05/2026 - 23:28:18,14.54,100.00,1021.69,4.02,96.00
Fri 29/05/2026 - 23:28:52,14.53,100.00,1021.70,4.02,96.00
Fri 29/05/2026 - 23:29:26,14.53,100.00,1021.68,4.02,96.00
Fri 29/05/2026 - 23:30:00,14.55,100.00,1021.73,4.02,96.00
Fri 29/05/2026 - 23:30:34,14.54,100.00,1021.71,4.02,96.00
Fri 29/05/2026 - 23:31:08,14.53,100.00,1021.65,4.02,96.00
Fri 29/05/2026 - 23:31:42,14.53,100.00,1021.76,4.02,96.00
Fri 29/05/2026 - 23:32:16,14.52,100.00,1021.63,4.02,96.00
Fri 29/05/2026 - 23:32:50,14.52,100.00,1021.71,4.02,96.00
Fri 29/05/2026 - 23:33:24,14.53,100.00,1021.65,4.02,96.00
Fri 29/05/2026 - 23:33:58,14.53,100.00,1021.69,4.02,96.00
Fri 29/05/2026 - 23:34:32,14.53,100.00,1021.67,4.02,96.00
Fri 29/05/2026 - 23:35:06,14.52,100.00,1021.71,4.02,96.00
Fri 29/05/2026 - 23:35:40,14.51,100.00,1021.67,4.02,96.00
Fri 29/05/2026 - 23:36:14,14.51,100.00,1021.72,4.02,96.00
Fri 29/05/2026 - 23:36:48,14.51,100.00,1021.67,4.02,96.00
Fri 29/05/2026 - 23:37:22,14.51,100.00,1021.71,4.02,96.00
Fri 29/05/2026 - 23:37:56,14.49,100.00,1021.71,4.02,96.00
Fri 29/05/2026 - 23:38:30,14.50,100.00,1021.70,4.02,96.00
Fri 29/05/2026 - 23:39:04,14.50,100.00,1021.76,4.02,96.00
Fri 29/05/2026 - 23:39:38,14.49,100.00,1021.68,4.02,96.00
Fri 29/05/2026 - 23:40:12,14.49,100.00,1021.71,4.02,96.00
Fri 29/05/2026 - 23:40:46,14.49,100.00,1021.77,4.02,96.00
Fri 29/05/2026 - 23:41:20,14.48,100.00,1021.78,4.02,96.00
Fri 29/05/2026 - 23:41:54,14.48,100.00,1021.83,4.02,96.00
Fri 29/05/2026 - 23:42:28,14.47,100.00,1021.71,4.02,96.00
Fri 29/05/2026 - 23:43:02,14.47,100.00,1021.76,4.02,96.00
Fri 29/05/2026 - 23:43:36,14.47,100.00,1021.75,4.02,96.00
Fri 29/05/2026 - 23:44:10,14.47,100.00,1021.71,4.02,96.00
Fri 29/05/2026 - 23:44:44,14.45,100.00,1021.72,4.02,96.00
Fri 29/05/2026 - 23:45:18,14.46,100.00,1021.69,4.02,96.00
Fri 29/05/2026 - 23:45:52,14.46,100.00,1021.74,4.02,96.00
Fri 29/05/2026 - 23:46:26,14.45,100.00,1021.72,4.02,96.00
Fri 29/05/2026 - 23:47:00,14.44,100.00,1021.71,4.02,96.00
Fri 29/05/2026 - 23:47:34,14.44,100.00,1021.71,4.02,96.00
Fri 29/05/2026 - 23:48:08,14.45,100.00,1021.66,4.02,96.00
Fri 29/05/2026 - 23:48:42,14.43,100.00,1021.74,4.02,96.00
Fri 29/05/2026 - 23:49:16,14.43,100.00,1021.74,4.02,96.00
Fri 29/05/2026 - 23:49:50,14.44,100.00,1021.73,4.02,96.00
Fri 29/05/2026 - 23:50:23,14.44,100.00,1021.71,4.02,96.00
Fri 29/05/2026 - 23:50:57,14.43,100.00,1021.74,4.02,96.00
Fri 29/05/2026 - 23:51:31,14.43,100.00,1021.66,4.02,96.00
Fri 29/05/2026 - 23:52:05,14.43,100.00,1021.69,4.02,96.00
Fri 29/05/2026 - 23:52:39,14.43,100.00,1021.74,4.02,96.00
Fri 29/05/2026 - 23:53:13,14.43,100.00,1021.72,4.02,96.00
Fri 29/05/2026 - 23:53:47,14.43,100.00,1021.74,4.02,96.00
Fri 29/05/2026 - 23:54:21,14.43,100.00,1021.68,4.02,96.00
Fri 29/05/2026 - 23:54:55,14.42,100.00,1021.67,4.02,96.00
Fri 29/05/2026 - 23:55:29,14.42,100.00,1021.65,4.02,96.00
Fri 29/05/2026 - 23:56:03,14.42,100.00,1021.65,4.02,96.00
Fri 29/05/2026 - 23:56:37,14.42,100.00,1021.69,4.02,96.00
Fri 29/05/2026 - 23:57:11,14.41,100.00,1021.60,4.02,96.00
Fri 29/05/2026 - 23:57:45,14.41,100.00,1021.71,4.02,96.00
Fri 29/05/2026 - 23:58:19,14.41,100.00,1021.60,4.02,96.00
Fri 29/05/2026 - 23:58:53,14.41,100.00,1021.70,4.02,96.00
Fri 29/05/2026 - 23:59:27,14.40,100.00,1021.63,4.02,96.00
