Mon 25/05/2026 - 00:00:06,18.61,100.00,1024.37,4.05,96.00
Mon 25/05/2026 - 00:00:40,18.61,100.00,1024.32,4.05,96.00
Mon 25/05/2026 - 00:01:14,18.61,100.00,1024.39,4.05,96.00
Mon 25/05/2026 - 00:01:48,18.61,100.00,1024.37,4.05,96.00
Mon 25/05/2026 - 00:02:22,18.61,100.00,1024.39,4.05,96.00
Mon 25/05/2026 - 00:02:56,18.61,100.00,1024.37,4.05,96.00
Mon 25/05/2026 - 00:03:30,18.61,100.00,1024.45,4.05,96.00
Mon 25/05/2026 - 00:04:04,18.60,100.00,1024.35,4.05,96.00
Mon 25/05/2026 - 00:04:38,18.60,100.00,1024.47,4.05,96.00
Mon 25/05/2026 - 00:05:12,18.59,100.00,1024.39,4.05,96.00
Mon 25/05/2026 - 00:05:46,18.59,100.00,1024.34,4.05,96.00
Mon 25/05/2026 - 00:06:20,18.59,100.00,1024.33,4.05,96.00
Mon 25/05/2026 - 00:06:54,18.60,100.00,1024.38,4.05,96.00
Mon 25/05/2026 - 00:07:28,18.59,100.00,1024.34,4.05,96.00
Mon 25/05/2026 - 00:08:02,18.59,100.00,1024.39,4.05,96.00
Mon 25/05/2026 - 00:08:36,18.58,100.00,1024.38,4.05,96.00
Mon 25/05/2026 - 00:09:10,18.58,100.00,1024.37,4.05,96.00
Mon 25/05/2026 - 00:09:44,18.58,100.00,1024.37,4.05,96.00
Mon 25/05/2026 - 00:10:18,18.57,100.00,1024.33,4.05,96.00
Mon 25/05/2026 - 00:10:52,18.57,100.00,1024.30,4.05,96.00
Mon 25/05/2026 - 00:11:26,18.57,100.00,1024.36,4.05,96.00
Mon 25/05/2026 - 00:12:00,18.58,100.00,1024.35,4.05,96.00
Mon 25/05/2026 - 00:12:34,18.57,100.00,1024.28,4.05,96.00
Mon 25/05/2026 - 00:13:08,18.57,100.00,1024.36,4.05,96.00
Mon 25/05/2026 - 00:13:42,18.57,100.00,1024.35,4.05,96.00
Mon 25/05/2026 - 00:14:16,18.58,100.00,1024.37,4.05,96.00
Mon 25/05/2026 - 00:14:50,18.57,100.00,1024.35,4.05,96.00
Mon 25/05/2026 - 00:15:24,18.58,100.00,1024.42,4.05,96.00
Mon 25/05/2026 - 00:15:57,18.55,100.00,1024.38,4.05,96.00
Mon 25/05/2026 - 00:16:31,18.56,100.00,1024.37,4.05,96.00
Mon 25/05/2026 - 00:17:05,18.56,100.00,1024.39,4.05,96.00
Mon 25/05/2026 - 00:17:39,18.56,100.00,1024.39,4.05,96.00
Mon 25/05/2026 - 00:18:13,18.56,100.00,1024.40,4.05,96.00
Mon 25/05/2026 - 00:18:47,18.56,100.00,1024.31,4.04,96.00
Mon 25/05/2026 - 00:19:21,18.56,100.00,1024.33,4.05,96.00
Mon 25/05/2026 - 00:19:55,18.56,100.00,1024.40,4.05,96.00
Mon 25/05/2026 - 00:20:29,18.56,100.00,1024.33,4.05,96.00
Mon 25/05/2026 - 00:21:03,18.55,100.00,1024.32,4.05,96.00
Mon 25/05/2026 - 00:21:37,18.56,100.00,1024.39,4.05,96.00
Mon 25/05/2026 - 00:22:11,18.56,100.00,1024.39,4.05,96.00
Mon 25/05/2026 - 00:22:45,18.55,100.00,1024.38,4.05,96.00
Mon 25/05/2026 - 00:23:19,18.56,100.00,1024.34,4.05,96.00
Mon 25/05/2026 - 00:23:53,18.56,100.00,1024.44,4.05,96.00
Mon 25/05/2026 - 00:24:27,18.56,100.00,1024.33,4.05,96.00
Mon 25/05/2026 - 00:25:01,18.55,100.00,1024.37,4.05,96.00
Mon 25/05/2026 - 00:25:35,18.55,100.00,1024.43,4.04,96.00
Mon 25/05/2026 - 00:26:09,18.55,100.00,1024.40,4.05,96.00
Mon 25/05/2026 - 00:26:43,18.55,100.00,1024.38,4.05,96.00
Mon 25/05/2026 - 00:27:17,18.55,100.00,1024.37,4.05,96.00
Mon 25/05/2026 - 00:27:51,18.55,100.00,1024.41,4.05,96.00
Mon 25/05/2026 - 00:28:25,18.54,100.00,1024.35,4.05,96.00
Mon 25/05/2026 - 00:28:59,18.55,100.00,1024.40,4.05,96.00
Mon 25/05/2026 - 00:29:33,18.56,100.00,1024.44,4.05,96.00
Mon 25/05/2026 - 00:30:07,18.54,100.00,1024.39,4.05,96.00
Mon 25/05/2026 - 00:30:41,18.54,100.00,1024.35,4.05,96.00
Mon 25/05/2026 - 00:31:15,18.53,100.00,1024.34,4.05,96.00
Mon 25/05/2026 - 00:31:49,18.54,100.00,1024.38,4.04,96.00
Mon 25/05/2026 - 00:32:23,18.54,100.00,1024.35,4.04,96.00
Mon 25/05/2026 - 00:32:57,18.53,100.00,1024.42,4.05,96.00
Mon 25/05/2026 - 00:33:31,18.53,100.00,1024.51,4.05,96.00
Mon 25/05/2026 - 00:34:05,18.52,100.00,1024.38,4.04,96.00
Mon 25/05/2026 - 00:34:39,18.52,100.00,1024.38,4.04,96.00
Mon 25/05/2026 - 00:35:13,18.53,100.00,1024.47,4.04,96.00
Mon 25/05/2026 - 00:35:47,18.52,100.00,1024.51,4.05,96.00
Mon 25/05/2026 - 00:36:20,18.51,100.00,1024.50,4.05,96.00
Mon 25/05/2026 - 00:36:54,18.51,100.00,1024.42,4.04,96.00
Mon 25/05/2026 - 00:37:28,18.51,100.00,1024.52,4.04,96.00
Mon 25/05/2026 - 00:38:02,18.51,100.00,1024.53,4.05,96.00
Mon 25/05/2026 - 00:38:36,18.51,100.00,1024.52,4.04,96.00
Mon 25/05/2026 - 00:39:10,18.51,100.00,1024.44,4.04,96.00
Mon 25/05/2026 - 00:39:44,18.50,100.00,1024.40,4.04,96.00
Mon 25/05/2026 - 00:40:18,18.50,100.00,1024.50,4.05,96.00
Mon 25/05/2026 - 00:40:52,18.50,100.00,1024.47,4.04,96.00
Mon 25/05/2026 - 00:41:26,18.49,100.00,1024.54,4.04,96.00
Mon 25/05/2026 - 00:42:00,18.49,100.00,1024.55,4.04,96.00
Mon 25/05/2026 - 00:42:34,18.49,100.00,1024.54,4.04,96.00
Mon 25/05/2026 - 00:43:08,18.49,100.00,1024.54,4.04,96.00
Mon 25/05/2026 - 00:43:42,18.49,100.00,1024.56,4.04,96.00
Mon 25/05/2026 - 00:44:16,18.48,100.00,1024.55,4.04,96.00
Mon 25/05/2026 - 00:44:50,18.48,100.00,1024.61,4.04,96.00
Mon 25/05/2026 - 00:45:24,18.49,100.00,1024.59,4.04,96.00
Mon 25/05/2026 - 00:45:58,18.48,100.00,1024.57,4.05,96.00
Mon 25/05/2026 - 00:46:32,18.47,100.00,1024.59,4.05,96.00
Mon 25/05/2026 - 00:47:06,18.47,100.00,1024.56,4.04,96.00
Mon 25/05/2026 - 00:47:40,18.47,100.00,1024.62,4.04,96.00
Mon 25/05/2026 - 00:48:14,18.46,100.00,1024.59,4.04,96.00
Mon 25/05/2026 - 00:48:48,18.46,100.00,1024.66,4.05,96.00
Mon 25/05/2026 - 00:49:22,18.46,100.00,1024.59,4.04,96.00
Mon 25/05/2026 - 00:49:56,18.46,100.00,1024.57,4.04,96.00
Mon 25/05/2026 - 00:50:30,18.46,100.00,1024.54,4.04,96.00
Mon 25/05/2026 - 00:51:04,18.44,100.00,1024.54,4.04,96.00
Mon 25/05/2026 - 00:51:38,18.44,100.00,1024.59,4.04,96.00
Mon 25/05/2026 - 00:52:12,18.45,100.00,1024.55,4.04,96.00
Mon 25/05/2026 - 00:52:46,18.44,100.00,1024.53,4.05,96.00
Mon 25/05/2026 - 00:53:20,18.44,100.00,1024.56,4.04,96.00
Mon 25/05/2026 - 00:53:54,18.43,100.00,1024.55,4.04,96.00
Mon 25/05/2026 - 00:54:28,18.43,100.00,1024.52,4.04,96.00
Mon 25/05/2026 - 00:55:02,18.44,100.00,1024.56,4.04,96.00
Mon 25/05/2026 - 00:55:36,18.42,100.00,1024.51,4.04,96.00
Mon 25/05/2026 - 00:56:10,18.43,100.00,1024.49,4.04,96.00
Mon 25/05/2026 - 00:56:44,18.42,100.00,1024.53,4.04,96.00
Mon 25/05/2026 - 00:57:18,18.42,100.00,1024.51,4.04,96.00
Mon 25/05/2026 - 00:57:52,18.43,100.00,1024.54,4.04,96.00
Mon 25/05/2026 - 00:58:25,18.41,100.00,1024.51,4.04,96.00
Mon 25/05/2026 - 00:58:59,18.41,100.00,1024.46,4.04,96.00
Mon 25/05/2026 - 00:59:33,18.42,100.00,1024.55,4.04,96.00
Mon 25/05/2026 - 01:00:07,18.40,100.00,1024.47,4.04,96.00
Mon 25/05/2026 - 01:00:41,18.41,100.00,1024.54,4.04,96.00
Mon 25/05/2026 - 01:01:15,18.40,100.00,1024.52,4.04,96.00
Mon 25/05/2026 - 01:01:49,18.40,100.00,1024.44,4.04,96.00
Mon 25/05/2026 - 01:02:23,18.39,100.00,1024.47,4.04,96.00
Mon 25/05/2026 - 01:02:57,18.39,100.00,1024.42,4.04,96.00
Mon 25/05/2026 - 01:03:31,18.38,100.00,1024.46,4.04,96.00
Mon 25/05/2026 - 01:04:05,18.39,100.00,1024.50,4.04,96.00
Mon 25/05/2026 - 01:04:39,18.38,100.00,1024.52,4.04,96.00
Mon 25/05/2026 - 01:05:13,18.38,100.00,1024.43,4.04,96.00
Mon 25/05/2026 - 01:05:47,18.37,100.00,1024.45,4.04,96.00
Mon 25/05/2026 - 01:06:21,18.37,100.00,1024.44,4.04,96.00
Mon 25/05/2026 - 01:06:55,18.36,100.00,1024.42,4.04,96.00
Mon 25/05/2026 - 01:07:29,18.37,100.00,1024.41,4.04,96.00
Mon 25/05/2026 - 01:08:03,18.35,100.00,1024.38,4.04,96.00
Mon 25/05/2026 - 01:08:37,18.36,100.00,1024.46,4.04,96.00
Mon 25/05/2026 - 01:09:11,18.35,100.00,1024.41,4.04,96.00
Mon 25/05/2026 - 01:09:45,18.34,100.00,1024.36,4.04,96.00
Mon 25/05/2026 - 01:10:19,18.35,100.00,1024.38,4.04,96.00
Mon 25/05/2026 - 01:10:53,18.35,100.00,1024.43,4.04,96.00
Mon 25/05/2026 - 01:11:27,18.33,100.00,1024.45,4.04,96.00
Mon 25/05/2026 - 01:12:01,18.33,100.00,1024.37,4.04,96.00
Mon 25/05/2026 - 01:12:35,18.33,100.00,1024.37,4.04,96.00
Mon 25/05/2026 - 01:13:09,18.32,100.00,1024.35,4.04,96.00
Mon 25/05/2026 - 01:13:43,18.32,100.00,1024.40,4.04,96.00
Mon 25/05/2026 - 01:14:17,18.31,100.00,1024.37,4.04,96.00
Mon 25/05/2026 - 01:14:51,18.31,100.00,1024.45,4.04,96.00
Mon 25/05/2026 - 01:15:25,18.32,100.00,1024.38,4.04,96.00
Mon 25/05/2026 - 01:15:59,18.31,100.00,1024.34,4.04,96.00
Mon 25/05/2026 - 01:16:33,18.31,100.00,1024.39,4.04,96.00
Mon 25/05/2026 - 01:17:07,18.31,100.00,1024.29,4.04,96.00
Mon 25/05/2026 - 01:17:41,18.29,100.00,1024.36,4.04,96.00
Mon 25/05/2026 - 01:18:15,18.30,100.00,1024.40,4.04,96.00
Mon 25/05/2026 - 01:18:49,18.29,100.00,1024.36,4.04,96.00
Mon 25/05/2026 - 01:19:23,18.30,100.00,1024.32,4.04,96.00
Mon 25/05/2026 - 01:19:56,18.29,100.00,1024.30,4.04,96.00
Mon 25/05/2026 - 01:20:30,18.29,100.00,1024.31,4.04,96.00
Mon 25/05/2026 - 01:21:04,18.29,100.00,1024.27,4.04,96.00
Mon 25/05/2026 - 01:21:38,18.28,100.00,1024.34,4.04,96.00
Mon 25/05/2026 - 01:22:12,18.28,100.00,1024.28,4.04,96.00
Mon 25/05/2026 - 01:22:46,18.27,100.00,1024.27,4.04,96.00
Mon 25/05/2026 - 01:23:20,18.27,100.00,1024.29,4.04,96.00
Mon 25/05/2026 - 01:23:54,18.27,100.00,1024.27,4.04,96.00
Mon 25/05/2026 - 01:24:28,18.27,100.00,1024.32,4.04,96.00
Mon 25/05/2026 - 01:25:02,18.25,100.00,1024.30,4.04,96.00
Mon 25/05/2026 - 01:25:36,18.27,100.00,1024.21,4.04,96.00
Mon 25/05/2026 - 01:26:10,18.26,100.00,1024.31,4.04,96.00
Mon 25/05/2026 - 01:26:44,18.24,100.00,1024.28,4.04,96.00
Mon 25/05/2026 - 01:27:18,18.24,100.00,1024.34,4.04,96.00
Mon 25/05/2026 - 01:27:52,18.25,100.00,1024.30,4.04,96.00
Mon 25/05/2026 - 01:28:26,18.23,100.00,1024.19,4.04,96.00
Mon 25/05/2026 - 01:29:00,18.23,100.00,1024.29,4.04,96.00
Mon 25/05/2026 - 01:29:34,18.23,100.00,1024.27,4.04,96.00
Mon 25/05/2026 - 01:30:08,18.23,100.00,1024.24,4.04,96.00
Mon 25/05/2026 - 01:30:42,18.23,100.00,1024.27,4.04,96.00
Mon 25/05/2026 - 01:31:16,18.22,100.00,1024.25,4.04,96.00
Mon 25/05/2026 - 01:31:50,18.23,100.00,1024.27,4.04,96.00
Mon 25/05/2026 - 01:32:24,18.23,100.00,1024.20,4.04,96.00
Mon 25/05/2026 - 01:32:58,18.23,100.00,1024.27,4.04,96.00
Mon 25/05/2026 - 01:33:32,18.22,100.00,1024.25,4.04,96.00
Mon 25/05/2026 - 01:34:06,18.22,100.00,1024.30,4.04,96.00
Mon 25/05/2026 - 01:34:40,18.21,100.00,1024.34,4.04,96.00
Mon 25/05/2026 - 01:35:14,18.21,100.00,1024.26,4.04,96.00
Mon 25/05/2026 - 01:35:48,18.21,100.00,1024.23,4.04,96.00
Mon 25/05/2026 - 01:36:22,18.21,100.00,1024.31,4.04,96.00
Mon 25/05/2026 - 01:36:56,18.20,100.00,1024.30,4.04,96.00
Mon 25/05/2026 - 01:37:30,18.21,100.00,1024.29,4.04,96.00
Mon 25/05/2026 - 01:38:04,18.21,100.00,1024.28,4.04,96.00
Mon 25/05/2026 - 01:38:38,18.20,100.00,1024.34,4.04,96.00
Mon 25/05/2026 - 01:39:12,18.20,100.00,1024.31,4.04,96.00
Mon 25/05/2026 - 01:39:46,18.20,100.00,1024.26,4.04,96.00
Mon 25/05/2026 - 01:40:20,18.19,100.00,1024.36,4.04,96.00
Mon 25/05/2026 - 01:40:54,18.19,100.00,1024.32,4.04,96.00
Mon 25/05/2026 - 01:41:28,18.19,100.00,1024.36,4.04,96.00
Mon 25/05/2026 - 01:42:01,18.19,100.00,1024.36,4.04,96.00
Mon 25/05/2026 - 01:42:35,18.17,100.00,1024.32,4.04,96.00
Mon 25/05/2026 - 01:43:09,18.17,100.00,1024.45,4.04,96.00
Mon 25/05/2026 - 01:43:44,18.16,100.00,1024.36,4.04,96.00
Mon 25/05/2026 - 01:44:18,18.16,100.00,1024.28,4.04,96.00
Mon 25/05/2026 - 01:44:51,18.17,100.00,1024.32,4.04,96.00
Mon 25/05/2026 - 01:45:25,18.16,100.00,1024.31,4.04,96.00
Mon 25/05/2026 - 01:45:59,18.17,100.00,1024.32,4.04,96.00
Mon 25/05/2026 - 01:46:33,18.15,100.00,1024.32,4.04,96.00
Mon 25/05/2026 - 01:47:07,18.15,100.00,1024.40,4.04,96.00
Mon 25/05/2026 - 01:47:41,18.15,100.00,1024.32,4.04,96.00
Mon 25/05/2026 - 01:48:15,18.15,100.00,1024.36,4.04,96.00
Mon 25/05/2026 - 01:48:49,18.14,100.00,1024.35,4.04,96.00
Mon 25/05/2026 - 01:49:23,18.13,100.00,1024.39,4.04,96.00
Mon 25/05/2026 - 01:49:57,18.13,100.00,1024.42,4.04,96.00
Mon 25/05/2026 - 01:50:31,18.13,100.00,1024.33,4.04,96.00
Mon 25/05/2026 - 01:51:05,18.13,100.00,1024.35,4.04,96.00
Mon 25/05/2026 - 01:51:39,18.12,100.00,1024.37,4.04,96.00
Mon 25/05/2026 - 01:52:13,18.12,100.00,1024.45,4.04,96.00
Mon 25/05/2026 - 01:52:47,18.13,100.00,1024.41,4.04,96.00
Mon 25/05/2026 - 01:53:21,18.11,100.00,1024.41,4.04,96.00
Mon 25/05/2026 - 01:53:55,18.12,100.00,1024.40,4.04,96.00
Mon 25/05/2026 - 01:54:29,18.10,100.00,1024.39,4.04,96.00
Mon 25/05/2026 - 01:55:03,18.10,100.00,1024.42,4.04,96.00
Mon 25/05/2026 - 01:55:37,18.10,100.00,1024.36,4.04,96.00
Mon 25/05/2026 - 01:56:11,18.10,100.00,1024.44,4.04,96.00
Mon 25/05/2026 - 01:56:45,18.09,100.00,1024.35,4.04,96.00
Mon 25/05/2026 - 01:57:19,18.08,100.00,1024.38,4.04,96.00
Mon 25/05/2026 - 01:57:53,18.08,100.00,1024.41,4.04,96.00
Mon 25/05/2026 - 01:58:27,18.09,100.00,1024.37,4.04,96.00
Mon 25/05/2026 - 01:59:01,18.07,100.00,1024.39,4.04,96.00
Mon 25/05/2026 - 01:59:35,18.07,100.00,1024.44,4.04,96.00
Mon 25/05/2026 - 02:00:09,18.06,100.00,1024.40,4.04,96.00
Mon 25/05/2026 - 02:00:43,18.06,100.00,1024.38,4.04,96.00
Mon 25/05/2026 - 02:01:17,18.05,100.00,1024.43,4.04,96.00
Mon 25/05/2026 - 02:01:51,18.06,100.00,1024.40,4.04,96.00
Mon 25/05/2026 - 02:02:25,18.05,100.00,1024.39,4.04,96.00
Mon 25/05/2026 - 02:02:59,18.05,100.00,1024.38,4.04,96.00
Mon 25/05/2026 - 02:03:33,18.05,100.00,1024.32,4.04,96.00
Mon 25/05/2026 - 02:04:07,18.03,100.00,1024.35,4.04,96.00
Mon 25/05/2026 - 02:04:41,18.03,100.00,1024.30,4.04,96.00
Mon 25/05/2026 - 02:05:15,18.01,100.00,1024.37,4.04,96.00
Mon 25/05/2026 - 02:05:49,18.01,100.00,1024.29,4.04,96.00
Mon 25/05/2026 - 02:06:23,18.00,100.00,1024.24,4.04,96.00
Mon 25/05/2026 - 02:06:56,18.01,100.00,1024.31,4.04,96.00
Mon 25/05/2026 - 02:07:30,18.00,100.00,1024.29,4.04,96.00
Mon 25/05/2026 - 02:08:04,17.99,100.00,1024.26,4.04,96.00
Mon 25/05/2026 - 02:08:38,17.99,100.00,1024.26,4.04,96.00
Mon 25/05/2026 - 02:09:12,17.99,100.00,1024.34,4.04,96.00
Mon 25/05/2026 - 02:09:46,17.98,100.00,1024.32,4.04,96.00
Mon 25/05/2026 - 02:10:20,17.99,100.00,1024.22,4.04,96.00
Mon 25/05/2026 - 02:10:54,17.98,100.00,1024.26,4.04,96.00
Mon 25/05/2026 - 02:11:28,17.97,100.00,1024.24,4.04,96.00
Mon 25/05/2026 - 02:12:02,17.96,100.00,1024.26,4.04,96.00
Mon 25/05/2026 - 02:12:36,17.95,100.00,1024.21,4.04,96.00
Mon 25/05/2026 - 02:13:10,17.96,100.00,1024.17,4.04,96.00
Mon 25/05/2026 - 02:13:44,17.95,100.00,1024.24,4.04,96.00
Mon 25/05/2026 - 02:14:18,17.95,100.00,1024.21,4.04,96.00
Mon 25/05/2026 - 02:14:52,17.95,100.00,1024.29,4.04,96.00
Mon 25/05/2026 - 02:15:26,17.95,100.00,1024.21,4.04,96.00
Mon 25/05/2026 - 02:16:00,17.94,100.00,1024.27,4.04,96.00
Mon 25/05/2026 - 02:16:34,17.94,100.00,1024.28,4.04,96.00
Mon 25/05/2026 - 02:17:08,17.92,100.00,1024.22,4.04,96.00
Mon 25/05/2026 - 02:17:42,17.93,100.00,1024.28,4.04,96.00
Mon 25/05/2026 - 02:18:16,17.93,100.00,1024.21,4.04,96.00
Mon 25/05/2026 - 02:18:50,17.92,100.00,1024.27,4.04,96.00
Mon 25/05/2026 - 02:19:24,17.93,100.00,1024.29,4.04,96.00
Mon 25/05/2026 - 02:19:58,17.93,100.00,1024.28,4.04,96.00
Mon 25/05/2026 - 02:20:32,17.91,100.00,1024.27,4.04,96.00
Mon 25/05/2026 - 02:21:06,17.91,100.00,1024.20,4.04,96.00
Mon 25/05/2026 - 02:21:40,17.90,100.00,1024.29,4.04,96.00
Mon 25/05/2026 - 02:22:14,17.90,100.00,1024.24,4.04,96.00
Mon 25/05/2026 - 02:22:48,17.90,100.00,1024.24,4.04,96.00
Mon 25/05/2026 - 02:23:22,17.89,100.00,1024.19,4.04,96.00
Mon 25/05/2026 - 02:23:56,17.89,100.00,1024.22,4.04,96.00
Mon 25/05/2026 - 02:24:30,17.89,100.00,1024.34,4.04,96.00
Mon 25/05/2026 - 02:25:04,17.88,100.00,1024.20,4.04,96.00
Mon 25/05/2026 - 02:25:38,17.88,100.00,1024.25,4.04,96.00
Mon 25/05/2026 - 02:26:12,17.86,100.00,1024.25,4.03,96.00
Mon 25/05/2026 - 02:26:46,17.87,100.00,1024.20,4.04,96.00
Mon 25/05/2026 - 02:27:20,17.87,100.00,1024.20,4.04,96.00
Mon 25/05/2026 - 02:27:54,17.87,100.00,1024.26,4.04,96.00
Mon 25/05/2026 - 02:28:27,17.86,100.00,1024.22,4.04,96.00
Mon 25/05/2026 - 02:29:01,17.85,100.00,1024.15,4.04,96.00
Mon 25/05/2026 - 02:29:35,17.86,100.00,1024.21,4.04,96.00
Mon 25/05/2026 - 02:30:09,17.85,100.00,1024.12,4.04,96.00
Mon 25/05/2026 - 02:30:43,17.85,100.00,1024.15,4.03,96.00
Mon 25/05/2026 - 02:31:17,17.84,100.00,1024.19,4.04,96.00
Mon 25/05/2026 - 02:31:51,17.86,100.00,1024.21,4.03,96.00
Mon 25/05/2026 - 02:32:25,17.84,100.00,1024.16,4.03,96.00
Mon 25/05/2026 - 02:32:59,17.85,100.00,1024.19,4.04,96.00
Mon 25/05/2026 - 02:33:33,17.84,100.00,1024.19,4.04,96.00
Mon 25/05/2026 - 02:34:07,17.83,100.00,1024.11,4.03,96.00
Mon 25/05/2026 - 02:34:41,17.83,100.00,1024.16,4.04,96.00
Mon 25/05/2026 - 02:35:15,17.84,100.00,1024.23,4.04,96.00
Mon 25/05/2026 - 02:35:49,17.83,100.00,1024.22,4.04,96.00
Mon 25/05/2026 - 02:36:23,17.83,100.00,1024.22,4.04,96.00
Mon 25/05/2026 - 02:36:57,17.83,100.00,1024.11,4.04,96.00
Mon 25/05/2026 - 02:37:31,17.83,100.00,1024.17,4.03,96.00
Mon 25/05/2026 - 02:38:05,17.82,100.00,1024.20,4.04,96.00
Mon 25/05/2026 - 02:38:39,17.81,100.00,1024.23,4.04,96.00
Mon 25/05/2026 - 02:39:13,17.82,100.00,1024.25,4.04,96.00
Mon 25/05/2026 - 02:39:47,17.82,100.00,1024.22,4.03,96.00
Mon 25/05/2026 - 02:40:21,17.80,100.00,1024.28,4.04,96.00
Mon 25/05/2026 - 02:40:55,17.80,100.00,1024.22,4.04,96.00
Mon 25/05/2026 - 02:41:29,17.80,100.00,1024.22,4.04,96.00
Mon 25/05/2026 - 02:42:03,17.80,100.00,1024.17,4.04,96.00
Mon 25/05/2026 - 02:42:37,17.80,100.00,1024.25,4.04,96.00
Mon 25/05/2026 - 02:43:11,17.79,100.00,1024.23,4.03,96.00
Mon 25/05/2026 - 02:43:45,17.80,100.00,1024.28,4.04,96.00
Mon 25/05/2026 - 02:44:19,17.78,100.00,1024.14,4.03,96.00
Mon 25/05/2026 - 02:44:53,17.78,100.00,1024.22,4.03,96.00
Mon 25/05/2026 - 02:45:27,17.79,100.00,1024.18,4.03,96.00
Mon 25/05/2026 - 02:46:01,17.78,100.00,1024.25,4.04,96.00
Mon 25/05/2026 - 02:46:35,17.77,100.00,1024.24,4.04,96.00
Mon 25/05/2026 - 02:47:09,17.78,100.00,1024.31,4.04,96.00
Mon 25/05/2026 - 02:47:43,17.77,100.00,1024.21,4.04,96.00
Mon 25/05/2026 - 02:48:17,17.77,100.00,1024.17,4.04,96.00
Mon 25/05/2026 - 02:48:51,17.78,100.00,1024.24,4.03,96.00
Mon 25/05/2026 - 02:49:25,17.77,100.00,1024.20,4.04,96.00
Mon 25/05/2026 - 02:49:59,17.77,100.00,1024.20,4.03,96.00
Mon 25/05/2026 - 02:50:33,17.77,100.00,1024.23,4.04,96.00
Mon 25/05/2026 - 02:51:07,17.76,100.00,1024.22,4.03,96.00
Mon 25/05/2026 - 02:51:41,17.77,100.00,1024.20,4.03,96.00
Mon 25/05/2026 - 02:52:15,17.77,100.00,1024.17,4.03,96.00
Mon 25/05/2026 - 02:52:49,17.77,100.00,1024.17,4.03,96.00
Mon 25/05/2026 - 02:53:23,17.76,100.00,1024.13,4.03,96.00
Mon 25/05/2026 - 02:53:57,17.76,100.00,1024.22,4.03,96.00
Mon 25/05/2026 - 02:54:30,17.76,100.00,1024.16,4.03,96.00
Mon 25/05/2026 - 02:55:04,17.76,100.00,1024.21,4.03,96.00
Mon 25/05/2026 - 02:55:38,17.76,100.00,1024.22,4.04,96.00
Mon 25/05/2026 - 02:56:12,17.75,100.00,1024.28,4.03,96.00
Mon 25/05/2026 - 02:56:46,17.75,100.00,1024.15,4.03,96.00
Mon 25/05/2026 - 02:57:20,17.76,100.00,1024.18,4.03,96.00
Mon 25/05/2026 - 02:57:54,17.75,100.00,1024.08,4.03,96.00
Mon 25/05/2026 - 02:58:28,17.76,100.00,1024.13,4.03,96.00
Mon 25/05/2026 - 02:59:02,17.75,100.00,1024.19,4.03,96.00
Mon 25/05/2026 - 02:59:36,17.76,100.00,1024.13,4.03,96.00
Mon 25/05/2026 - 03:00:10,17.75,100.00,1024.16,4.03,96.00
Mon 25/05/2026 - 03:00:44,17.75,100.00,1024.16,4.03,96.00
Mon 25/05/2026 - 03:01:18,17.76,100.00,1024.16,4.03,96.00
Mon 25/05/2026 - 03:01:52,17.74,100.00,1024.12,4.03,96.00
Mon 25/05/2026 - 03:02:26,17.76,100.00,1024.10,4.03,96.00
Mon 25/05/2026 - 03:03:00,17.75,100.00,1024.15,4.03,96.00
Mon 25/05/2026 - 03:03:34,17.76,100.00,1024.22,4.03,96.00
Mon 25/05/2026 - 03:04:08,17.75,100.00,1024.15,4.03,96.00
Mon 25/05/2026 - 03:04:42,17.75,100.00,1024.14,4.03,96.00
Mon 25/05/2026 - 03:05:16,17.75,100.00,1024.12,4.03,96.00
Mon 25/05/2026 - 03:05:50,17.76,100.00,1024.19,4.03,96.00
Mon 25/05/2026 - 03:06:24,17.75,100.00,1024.19,4.03,96.00
Mon 25/05/2026 - 03:06:58,17.74,100.00,1024.12,4.03,96.00
Mon 25/05/2026 - 03:07:32,17.75,100.00,1024.08,4.03,96.00
Mon 25/05/2026 - 03:08:06,17.75,100.00,1024.11,4.03,96.00
Mon 25/05/2026 - 03:08:40,17.75,100.00,1024.12,4.03,96.00
Mon 25/05/2026 - 03:09:14,17.75,100.00,1024.16,4.03,96.00
Mon 25/05/2026 - 03:09:48,17.76,100.00,1024.08,4.03,96.00
Mon 25/05/2026 - 03:10:22,17.75,100.00,1024.08,4.03,96.00
Mon 25/05/2026 - 03:10:56,17.76,100.00,1024.16,4.03,96.00
Mon 25/05/2026 - 03:11:30,17.76,100.00,1024.16,4.03,96.00
Mon 25/05/2026 - 03:12:04,17.75,100.00,1024.08,4.03,96.00
Mon 25/05/2026 - 03:12:38,17.74,100.00,1024.02,4.03,96.00
Mon 25/05/2026 - 03:13:12,17.75,100.00,1024.04,4.03,96.00
Mon 25/05/2026 - 03:13:46,17.75,100.00,1024.06,4.03,96.00
Mon 25/05/2026 - 03:14:20,17.76,100.00,1024.10,4.03,96.00
Mon 25/05/2026 - 03:14:54,17.75,100.00,1024.08,4.03,96.00
Mon 25/05/2026 - 03:15:27,17.75,100.00,1024.09,4.03,96.00
Mon 25/05/2026 - 03:16:01,17.75,100.00,1024.06,4.03,96.00
Mon 25/05/2026 - 03:16:35,17.75,100.00,1024.01,4.03,96.00
Mon 25/05/2026 - 03:17:09,17.76,100.00,1024.10,4.03,96.00
Mon 25/05/2026 - 03:17:43,17.76,100.00,1024.07,4.03,96.00
Mon 25/05/2026 - 03:18:17,17.77,100.00,1023.98,4.03,96.00
Mon 25/05/2026 - 03:18:51,17.77,100.00,1024.01,4.03,96.00
Mon 25/05/2026 - 03:19:25,17.76,100.00,1023.95,4.03,96.00
Mon 25/05/2026 - 03:19:59,17.76,100.00,1023.95,4.03,96.00
Mon 25/05/2026 - 03:20:33,17.76,100.00,1023.94,4.03,96.00
Mon 25/05/2026 - 03:21:07,17.76,100.00,1023.94,4.03,96.00
Mon 25/05/2026 - 03:21:41,17.78,100.00,1023.97,4.03,96.00
Mon 25/05/2026 - 03:22:15,17.77,100.00,1024.01,4.03,96.00
Mon 25/05/2026 - 03:22:49,17.77,100.00,1023.93,4.03,96.00
Mon 25/05/2026 - 03:23:23,17.78,100.00,1023.92,4.03,96.00
Mon 25/05/2026 - 03:23:57,17.77,100.00,1023.94,4.03,96.00
Mon 25/05/2026 - 03:24:31,17.77,100.00,1023.96,4.03,96.00
Mon 25/05/2026 - 03:25:05,17.78,100.00,1023.87,4.03,96.00
Mon 25/05/2026 - 03:25:39,17.77,100.00,1023.90,4.03,96.00
Mon 25/05/2026 - 03:26:13,17.79,100.00,1023.96,4.03,96.00
Mon 25/05/2026 - 03:26:47,17.78,100.00,1023.87,4.03,96.00
Mon 25/05/2026 - 03:27:21,17.79,100.00,1023.91,4.03,96.00
Mon 25/05/2026 - 03:27:55,17.78,100.00,1023.87,4.03,96.00
Mon 25/05/2026 - 03:28:29,17.77,100.00,1023.80,4.03,96.00
Mon 25/05/2026 - 03:29:03,17.78,100.00,1023.87,4.03,96.00
Mon 25/05/2026 - 03:29:37,17.78,100.00,1023.84,4.03,96.00
Mon 25/05/2026 - 03:30:11,17.78,100.00,1023.87,4.03,96.00
Mon 25/05/2026 - 03:30:45,17.78,100.00,1023.87,4.03,96.00
Mon 25/05/2026 - 03:31:19,17.79,100.00,1023.88,4.03,96.00
Mon 25/05/2026 - 03:31:53,17.77,100.00,1023.88,4.03,96.00
Mon 25/05/2026 - 03:32:27,17.79,100.00,1023.88,4.03,96.00
Mon 25/05/2026 - 03:33:01,17.78,100.00,1023.85,4.03,96.00
Mon 25/05/2026 - 03:33:35,17.79,100.00,1023.88,4.03,96.00
Mon 25/05/2026 - 03:34:09,17.79,100.00,1023.88,4.03,96.00
Mon 25/05/2026 - 03:34:43,17.78,100.00,1023.87,4.03,96.00
Mon 25/05/2026 - 03:35:17,17.78,100.00,1023.92,4.03,96.00
Mon 25/05/2026 - 03:35:51,17.78,100.00,1023.87,4.03,96.00
Mon 25/05/2026 - 03:36:25,17.78,100.00,1023.87,4.03,96.00
Mon 25/05/2026 - 03:36:59,17.78,100.00,1023.82,4.03,96.00
Mon 25/05/2026 - 03:37:33,17.77,100.00,1023.86,4.03,96.00
Mon 25/05/2026 - 03:38:07,17.78,100.00,1023.87,4.03,96.00
Mon 25/05/2026 - 03:38:40,17.77,100.00,1023.85,4.03,96.00
Mon 25/05/2026 - 03:39:14,17.78,100.00,1023.78,4.03,96.00
Mon 25/05/2026 - 03:39:48,17.78,100.00,1023.89,4.03,96.00
Mon 25/05/2026 - 03:40:22,17.78,100.00,1023.87,4.03,96.00
Mon 25/05/2026 - 03:40:56,17.77,100.00,1023.79,4.03,96.00
Mon 25/05/2026 - 03:41:30,17.76,100.00,1023.83,4.03,96.00
Mon 25/05/2026 - 03:42:04,17.77,100.00,1023.82,4.03,96.00
Mon 25/05/2026 - 03:42:38,17.76,100.00,1023.86,4.03,96.00
Mon 25/05/2026 - 03:43:12,17.76,100.00,1023.83,4.03,96.00
Mon 25/05/2026 - 03:43:46,17.76,100.00,1023.94,4.03,96.00
Mon 25/05/2026 - 03:44:20,17.75,100.00,1023.77,4.03,96.00
Mon 25/05/2026 - 03:44:54,17.74,100.00,1023.74,4.03,96.00
Mon 25/05/2026 - 03:45:28,17.75,100.00,1023.73,4.03,96.00
Mon 25/05/2026 - 03:46:02,17.76,100.00,1023.75,4.03,96.00
Mon 25/05/2026 - 03:46:36,17.74,100.00,1023.74,4.03,96.00
Mon 25/05/2026 - 03:47:10,17.74,100.00,1023.69,4.03,96.00
Mon 25/05/2026 - 03:47:44,17.74,100.00,1023.82,4.03,96.00
Mon 25/05/2026 - 03:48:18,17.73,100.00,1023.72,4.03,96.00
Mon 25/05/2026 - 03:48:52,17.73,100.00,1023.79,4.03,96.00
Mon 25/05/2026 - 03:49:26,17.73,100.00,1023.79,4.03,96.00
Mon 25/05/2026 - 03:50:00,17.73,100.00,1023.83,4.03,96.00
Mon 25/05/2026 - 03:50:34,17.73,100.00,1023.81,4.03,96.00
Mon 25/05/2026 - 03:51:08,17.72,100.00,1023.77,4.03,96.00
Mon 25/05/2026 - 03:51:42,17.72,100.00,1023.80,4.03,96.00
Mon 25/05/2026 - 03:52:16,17.71,100.00,1023.78,4.03,96.00
Mon 25/05/2026 - 03:52:50,17.71,100.00,1023.85,4.03,96.00
Mon 25/05/2026 - 03:53:24,17.71,100.00,1023.85,4.03,96.00
Mon 25/05/2026 - 03:53:58,17.70,100.00,1023.81,4.03,96.00
Mon 25/05/2026 - 03:54:32,17.69,100.00,1023.83,4.03,96.00
Mon 25/05/2026 - 03:55:06,17.69,100.00,1023.79,4.03,96.00
Mon 25/05/2026 - 03:55:40,17.70,100.00,1023.84,4.03,96.00
Mon 25/05/2026 - 03:56:14,17.67,100.00,1023.79,4.03,96.00
Mon 25/05/2026 - 03:56:48,17.68,100.00,1023.77,4.03,96.00
Mon 25/05/2026 - 03:57:22,17.67,100.00,1023.78,4.03,96.00
Mon 25/05/2026 - 03:57:56,17.66,100.00,1023.77,4.03,96.00
Mon 25/05/2026 - 03:58:30,17.65,100.00,1023.81,4.03,96.00
Mon 25/05/2026 - 03:59:04,17.65,100.00,1023.76,4.03,96.00
Mon 25/05/2026 - 03:59:38,17.64,100.00,1023.73,4.03,96.00
Mon 25/05/2026 - 04:00:12,17.65,100.00,1023.75,4.03,96.00
Mon 25/05/2026 - 04:00:45,17.63,100.00,1023.67,4.03,96.00
Mon 25/05/2026 - 04:01:19,17.64,100.00,1023.76,4.03,96.00
Mon 25/05/2026 - 04:01:53,17.63,100.00,1023.67,4.03,96.00
Mon 25/05/2026 - 04:02:27,17.63,100.00,1023.71,4.03,96.00
Mon 25/05/2026 - 04:03:01,17.62,100.00,1023.70,4.03,96.00
Mon 25/05/2026 - 04:03:35,17.62,100.00,1023.70,4.03,96.00
Mon 25/05/2026 - 04:04:09,17.60,100.00,1023.67,4.03,96.00
Mon 25/05/2026 - 04:04:43,17.60,100.00,1023.75,4.03,96.00
Mon 25/05/2026 - 04:05:17,17.60,100.00,1023.72,4.03,96.00
Mon 25/05/2026 - 04:05:51,17.60,100.00,1023.77,4.03,96.00
Mon 25/05/2026 - 04:06:25,17.59,100.00,1023.75,4.03,96.00
Mon 25/05/2026 - 04:06:59,17.58,100.00,1023.69,4.03,96.00
Mon 25/05/2026 - 04:07:33,17.58,100.00,1023.80,4.03,96.00
Mon 25/05/2026 - 04:08:07,17.58,100.00,1023.80,4.03,96.00
Mon 25/05/2026 - 04:08:41,17.57,100.00,1023.70,4.03,96.00
Mon 25/05/2026 - 04:09:15,17.57,100.00,1023.83,4.03,96.00
Mon 25/05/2026 - 04:09:49,17.56,100.00,1023.81,4.03,96.00
Mon 25/05/2026 - 04:10:23,17.56,100.00,1023.70,4.03,96.00
Mon 25/05/2026 - 04:10:57,17.56,100.00,1023.75,4.03,96.00
Mon 25/05/2026 - 04:11:31,17.55,100.00,1023.74,4.03,96.00
Mon 25/05/2026 - 04:12:05,17.54,100.00,1023.76,4.03,96.00
Mon 25/05/2026 - 04:12:39,17.54,100.00,1023.67,4.03,96.00
Mon 25/05/2026 - 04:13:13,17.53,100.00,1023.77,4.03,96.00
Mon 25/05/2026 - 04:13:47,17.53,100.00,1023.66,4.03,96.00
Mon 25/05/2026 - 04:14:21,17.53,100.00,1023.73,4.03,96.00
Mon 25/05/2026 - 04:14:55,17.51,100.00,1023.72,4.03,96.00
Mon 25/05/2026 - 04:15:29,17.51,100.00,1023.68,4.03,96.00
Mon 25/05/2026 - 04:16:03,17.51,100.00,1023.62,4.03,96.00
Mon 25/05/2026 - 04:16:37,17.50,100.00,1023.70,4.03,96.00
Mon 25/05/2026 - 04:17:11,17.50,100.00,1023.60,4.03,96.00
Mon 25/05/2026 - 04:17:45,17.49,100.00,1023.64,4.03,96.00
Mon 25/05/2026 - 04:18:19,17.50,100.00,1023.65,4.03,96.00
Mon 25/05/2026 - 04:18:53,17.49,100.00,1023.71,4.03,96.00
Mon 25/05/2026 - 04:19:27,17.49,100.00,1023.69,4.03,96.00
Mon 25/05/2026 - 04:20:01,17.48,100.00,1023.67,4.03,96.00
Mon 25/05/2026 - 04:20:35,17.47,100.00,1023.66,4.03,96.00
Mon 25/05/2026 - 04:21:09,17.48,100.00,1023.56,4.03,96.00
Mon 25/05/2026 - 04:21:43,17.47,100.00,1023.54,4.03,96.00
Mon 25/05/2026 - 04:22:17,17.46,100.00,1023.64,4.03,96.00
Mon 25/05/2026 - 04:22:51,17.46,100.00,1023.64,4.03,96.00
Mon 25/05/2026 - 04:23:25,17.46,100.00,1023.69,4.03,96.00
Mon 25/05/2026 - 04:23:59,17.46,100.00,1023.64,4.03,96.00
Mon 25/05/2026 - 04:24:33,17.46,100.00,1023.69,4.03,96.00
Mon 25/05/2026 - 04:25:07,17.45,100.00,1023.70,4.03,96.00
Mon 25/05/2026 - 04:25:41,17.44,100.00,1023.61,4.03,96.00
Mon 25/05/2026 - 04:26:14,17.44,100.00,1023.66,4.03,96.00
Mon 25/05/2026 - 04:26:48,17.44,100.00,1023.74,4.03,96.00
Mon 25/05/2026 - 04:27:22,17.44,100.00,1023.65,4.03,96.00
Mon 25/05/2026 - 04:27:56,17.43,100.00,1023.75,4.03,96.00
Mon 25/05/2026 - 04:28:30,17.43,100.00,1023.72,4.03,96.00
Mon 25/05/2026 - 04:29:04,17.43,100.00,1023.72,4.03,96.00
Mon 25/05/2026 - 04:29:38,17.42,100.00,1023.67,4.03,96.00
Mon 25/05/2026 - 04:30:12,17.43,100.00,1023.77,4.03,96.00
Mon 25/05/2026 - 04:30:46,17.40,100.00,1023.70,4.03,96.00
Mon 25/05/2026 - 04:31:20,17.41,100.00,1023.71,4.03,96.00
Mon 25/05/2026 - 04:31:54,17.39,100.00,1023.68,4.03,96.00
Mon 25/05/2026 - 04:32:28,17.39,100.00,1023.68,4.03,96.00
Mon 25/05/2026 - 04:33:02,17.39,100.00,1023.68,4.03,96.00
Mon 25/05/2026 - 04:33:36,17.40,100.00,1023.69,4.03,96.00
Mon 25/05/2026 - 04:34:10,17.39,100.00,1023.65,4.03,96.00
Mon 25/05/2026 - 04:34:44,17.38,100.00,1023.72,4.03,96.00
Mon 25/05/2026 - 04:35:18,17.38,100.00,1023.67,4.03,96.00
Mon 25/05/2026 - 04:35:52,17.38,100.00,1023.69,4.03,96.00
Mon 25/05/2026 - 04:36:26,17.36,100.00,1023.74,4.03,96.00
Mon 25/05/2026 - 04:37:00,17.37,100.00,1023.68,4.03,96.00
Mon 25/05/2026 - 04:37:34,17.36,100.00,1023.71,4.03,96.00
Mon 25/05/2026 - 04:38:08,17.34,100.00,1023.71,4.03,96.00
Mon 25/05/2026 - 04:38:42,17.34,100.00,1023.74,4.03,96.00
Mon 25/05/2026 - 04:39:16,17.34,100.00,1023.71,4.03,96.00
Mon 25/05/2026 - 04:39:50,17.32,100.00,1023.68,4.03,96.00
Mon 25/05/2026 - 04:40:24,17.32,100.00,1023.73,4.03,96.00
Mon 25/05/2026 - 04:40:58,17.31,100.00,1023.68,4.03,96.00
Mon 25/05/2026 - 04:41:32,17.30,100.00,1023.70,4.03,96.00
Mon 25/05/2026 - 04:42:06,17.30,100.00,1023.67,4.03,96.00
Mon 25/05/2026 - 04:42:40,17.30,100.00,1023.70,4.03,96.00
Mon 25/05/2026 - 04:43:14,17.30,100.00,1023.72,4.03,96.00
Mon 25/05/2026 - 04:43:48,17.29,100.00,1023.66,4.02,96.00
Mon 25/05/2026 - 04:44:22,17.29,100.00,1023.68,4.03,96.00
Mon 25/05/2026 - 04:44:56,17.29,100.00,1023.65,4.03,96.00
Mon 25/05/2026 - 04:45:30,17.27,100.00,1023.65,4.03,96.00
Mon 25/05/2026 - 04:46:04,17.27,100.00,1023.67,4.03,96.00
Mon 25/05/2026 - 04:46:38,17.26,100.00,1023.63,4.03,96.00
Mon 25/05/2026 - 04:47:12,17.25,100.00,1023.56,4.03,96.00
Mon 25/05/2026 - 04:47:46,17.25,100.00,1023.61,4.03,96.00
Mon 25/05/2026 - 04:48:20,17.24,100.00,1023.54,4.03,96.00
Mon 25/05/2026 - 04:48:54,17.23,100.00,1023.58,4.03,96.00
Mon 25/05/2026 - 04:49:28,17.23,100.00,1023.55,4.03,96.00
Mon 25/05/2026 - 04:50:01,17.23,100.00,1023.58,4.03,96.00
Mon 25/05/2026 - 04:50:35,17.23,100.00,1023.54,4.03,96.00
Mon 25/05/2026 - 04:51:09,17.22,100.00,1023.56,4.02,96.00
Mon 25/05/2026 - 04:51:43,17.20,100.00,1023.53,4.03,96.00
Mon 25/05/2026 - 04:52:17,17.21,100.00,1023.54,4.03,96.00
Mon 25/05/2026 - 04:52:51,17.20,100.00,1023.52,4.03,96.00
Mon 25/05/2026 - 04:53:25,17.19,100.00,1023.53,4.03,96.00
Mon 25/05/2026 - 04:53:59,17.18,100.00,1023.55,4.03,96.00
Mon 25/05/2026 - 04:54:33,17.19,100.00,1023.54,4.02,96.00
Mon 25/05/2026 - 04:55:07,17.18,100.00,1023.60,4.03,96.00
Mon 25/05/2026 - 04:55:41,17.16,100.00,1023.62,4.03,96.00
Mon 25/05/2026 - 04:56:15,17.17,100.00,1023.60,4.02,96.00
Mon 25/05/2026 - 04:56:49,17.16,100.00,1023.62,4.03,96.00
Mon 25/05/2026 - 04:57:23,17.15,100.00,1023.66,4.03,96.00
Mon 25/05/2026 - 04:57:57,17.15,100.00,1023.63,4.03,96.00
Mon 25/05/2026 - 04:58:31,17.14,100.00,1023.58,4.02,96.00
Mon 25/05/2026 - 04:59:05,17.14,100.00,1023.69,4.03,96.00
Mon 25/05/2026 - 04:59:39,17.13,100.00,1023.62,4.02,96.00
Mon 25/05/2026 - 05:00:13,17.13,100.00,1023.61,4.03,96.00
Mon 25/05/2026 - 05:00:47,17.11,100.00,1023.67,4.03,96.00
Mon 25/05/2026 - 05:01:21,17.11,100.00,1023.67,4.03,96.00
Mon 25/05/2026 - 05:01:55,17.10,100.00,1023.61,4.03,96.00
Mon 25/05/2026 - 05:02:29,17.09,100.00,1023.69,4.03,96.00
Mon 25/05/2026 - 05:03:03,17.10,100.00,1023.68,4.03,96.00
Mon 25/05/2026 - 05:03:37,17.08,100.00,1023.64,4.02,96.00
Mon 25/05/2026 - 05:04:11,17.09,100.00,1023.62,4.02,96.00
Mon 25/05/2026 - 05:04:45,17.07,100.00,1023.62,4.03,96.00
Mon 25/05/2026 - 05:05:19,17.06,100.00,1023.57,4.02,96.00
Mon 25/05/2026 - 05:05:53,17.06,100.00,1023.61,4.03,96.00
Mon 25/05/2026 - 05:06:27,17.06,100.00,1023.69,4.02,96.00
Mon 25/05/2026 - 05:07:01,17.04,100.00,1023.62,4.02,96.00
Mon 25/05/2026 - 05:07:35,17.04,100.00,1023.67,4.02,96.00
Mon 25/05/2026 - 05:08:09,17.03,100.00,1023.61,4.02,96.00
Mon 25/05/2026 - 05:08:43,17.03,100.00,1023.63,4.02,96.00
Mon 25/05/2026 - 05:09:17,17.02,100.00,1023.69,4.02,96.00
Mon 25/05/2026 - 05:09:51,17.01,100.00,1023.63,4.02,96.00
Mon 25/05/2026 - 05:10:25,17.00,100.00,1023.60,4.02,96.00
Mon 25/05/2026 - 05:10:59,17.00,100.00,1023.56,4.02,96.00
Mon 25/05/2026 - 05:11:33,16.99,100.00,1023.57,4.02,96.00
Mon 25/05/2026 - 05:12:07,16.98,100.00,1023.60,4.02,96.00
Mon 25/05/2026 - 05:12:41,17.00,100.00,1023.66,4.02,96.00
Mon 25/05/2026 - 05:13:14,16.99,100.00,1023.64,4.02,96.00
Mon 25/05/2026 - 05:13:48,16.97,100.00,1023.63,4.02,96.00
Mon 25/05/2026 - 05:14:22,16.98,100.00,1023.65,4.02,96.00
Mon 25/05/2026 - 05:14:56,16.96,100.00,1023.54,4.02,96.00
Mon 25/05/2026 - 05:15:30,16.96,100.00,1023.59,4.02,96.00
Mon 25/05/2026 - 05:16:04,16.94,100.00,1023.64,4.02,96.00
Mon 25/05/2026 - 05:16:38,16.95,100.00,1023.63,4.02,96.00
Mon 25/05/2026 - 05:17:12,16.94,100.00,1023.59,4.02,96.00
Mon 25/05/2026 - 05:17:46,16.93,100.00,1023.65,4.02,96.00
Mon 25/05/2026 - 05:18:20,16.93,100.00,1023.64,4.02,96.00
Mon 25/05/2026 - 05:18:54,16.93,100.00,1023.65,4.02,96.00
Mon 25/05/2026 - 05:19:28,16.93,100.00,1023.60,4.02,96.00
Mon 25/05/2026 - 05:20:02,16.93,100.00,1023.67,4.02,96.00
Mon 25/05/2026 - 05:20:36,16.91,100.00,1023.67,4.02,96.00
Mon 25/05/2026 - 05:21:10,16.91,100.00,1023.64,4.02,96.00
Mon 25/05/2026 - 05:21:44,16.91,100.00,1023.64,4.02,96.00
Mon 25/05/2026 - 05:22:18,16.89,100.00,1023.65,4.02,96.00
Mon 25/05/2026 - 05:22:52,16.89,100.00,1023.67,4.02,96.00
Mon 25/05/2026 - 05:23:26,16.89,100.00,1023.65,4.02,96.00
Mon 25/05/2026 - 05:24:00,16.88,100.00,1023.66,4.02,96.00
Mon 25/05/2026 - 05:24:34,16.87,100.00,1023.60,4.02,96.00
Mon 25/05/2026 - 05:25:08,16.88,100.00,1023.67,4.02,96.00
Mon 25/05/2026 - 05:25:42,16.87,100.00,1023.60,4.02,96.00
Mon 25/05/2026 - 05:26:16,16.88,100.00,1023.62,4.02,96.00
Mon 25/05/2026 - 05:26:50,16.86,100.00,1023.69,4.02,96.00
Mon 25/05/2026 - 05:27:24,16.86,100.00,1023.69,4.02,96.00
Mon 25/05/2026 - 05:27:58,16.85,100.00,1023.60,4.02,96.00
Mon 25/05/2026 - 05:28:32,16.85,100.00,1023.65,4.02,96.00
Mon 25/05/2026 - 05:29:06,16.85,100.00,1023.65,4.02,96.00
Mon 25/05/2026 - 05:29:40,16.84,100.00,1023.61,4.02,96.00
Mon 25/05/2026 - 05:30:14,16.84,100.00,1023.67,4.02,96.00
Mon 25/05/2026 - 05:30:48,16.84,100.00,1023.71,4.02,96.00
Mon 25/05/2026 - 05:31:22,16.83,100.00,1023.65,4.02,96.00
Mon 25/05/2026 - 05:31:56,16.83,100.00,1023.70,4.02,96.00
Mon 25/05/2026 - 05:32:30,16.84,100.00,1023.66,4.02,96.00
Mon 25/05/2026 - 05:33:04,16.83,100.00,1023.70,4.02,96.00
Mon 25/05/2026 - 05:33:38,16.82,100.00,1023.73,4.02,96.00
Mon 25/05/2026 - 05:34:12,16.81,100.00,1023.71,4.02,96.00
Mon 25/05/2026 - 05:34:46,16.80,100.00,1023.70,4.02,96.00
Mon 25/05/2026 - 05:35:20,16.80,100.00,1023.72,4.02,96.00
Mon 25/05/2026 - 05:35:54,16.79,100.00,1023.68,4.02,96.00
Mon 25/05/2026 - 05:36:28,16.80,100.00,1023.75,4.02,96.00
Mon 25/05/2026 - 05:37:02,16.80,100.00,1023.81,4.02,96.00
Mon 25/05/2026 - 05:37:35,16.79,100.00,1023.73,4.02,96.00
Mon 25/05/2026 - 05:38:09,16.78,100.00,1023.77,4.02,96.00
Mon 25/05/2026 - 05:38:43,16.77,100.00,1023.74,4.02,96.00
Mon 25/05/2026 - 05:39:17,16.77,100.00,1023.75,4.02,96.00
Mon 25/05/2026 - 05:39:51,16.77,100.00,1023.79,4.02,96.00
Mon 25/05/2026 - 05:40:25,16.77,100.00,1023.75,4.02,96.00
Mon 25/05/2026 - 05:40:59,16.77,100.00,1023.81,4.02,96.00
Mon 25/05/2026 - 05:41:33,16.76,100.00,1023.79,4.02,96.00
Mon 25/05/2026 - 05:42:07,16.75,100.00,1023.78,4.02,96.00
Mon 25/05/2026 - 05:42:41,16.75,100.00,1023.78,4.02,96.00
Mon 25/05/2026 - 05:43:15,16.75,100.00,1023.84,4.02,96.00
Mon 25/05/2026 - 05:43:49,16.75,100.00,1023.77,4.02,96.00
Mon 25/05/2026 - 05:44:23,16.75,100.00,1023.77,4.02,96.00
Mon 25/05/2026 - 05:44:57,16.74,100.00,1023.84,4.02,96.00
Mon 25/05/2026 - 05:45:31,16.73,100.00,1023.85,4.02,96.00
Mon 25/05/2026 - 05:46:05,16.74,100.00,1023.83,4.02,96.00
Mon 25/05/2026 - 05:46:39,16.72,100.00,1023.73,4.02,96.00
Mon 25/05/2026 - 05:47:13,16.72,100.00,1023.81,4.02,96.00
Mon 25/05/2026 - 05:47:47,16.72,100.00,1023.78,4.02,96.00
Mon 25/05/2026 - 05:48:21,16.72,100.00,1023.70,4.02,96.00
Mon 25/05/2026 - 05:48:55,16.72,100.00,1023.77,4.02,96.00
Mon 25/05/2026 - 05:49:29,16.71,100.00,1023.74,4.02,96.00
Mon 25/05/2026 - 05:50:03,16.73,100.00,1023.79,4.02,96.00
Mon 25/05/2026 - 05:50:37,16.70,100.00,1023.77,4.02,96.00
Mon 25/05/2026 - 05:51:11,16.71,100.00,1023.73,4.02,96.00
Mon 25/05/2026 - 05:51:45,16.70,100.00,1023.72,4.02,96.00
Mon 25/05/2026 - 05:52:19,16.70,100.00,1023.69,4.02,96.00
Mon 25/05/2026 - 05:52:53,16.71,100.00,1023.77,4.02,96.00
Mon 25/05/2026 - 05:53:27,16.70,100.00,1023.74,4.02,96.00
Mon 25/05/2026 - 05:54:01,16.69,100.00,1023.79,4.02,96.00
Mon 25/05/2026 - 05:54:35,16.68,100.00,1023.76,4.02,96.00
Mon 25/05/2026 - 05:55:09,16.68,100.00,1023.80,4.02,96.00
Mon 25/05/2026 - 05:55:43,16.68,100.00,1023.81,4.02,96.00
Mon 25/05/2026 - 05:56:17,16.68,100.00,1023.76,4.02,96.00
Mon 25/05/2026 - 05:56:51,16.67,100.00,1023.80,4.02,96.00
Mon 25/05/2026 - 05:57:25,16.69,100.00,1023.86,4.02,96.00
Mon 25/05/2026 - 05:57:59,16.68,100.00,1023.76,4.02,96.00
Mon 25/05/2026 - 05:58:33,16.67,100.00,1023.80,4.02,96.00
Mon 25/05/2026 - 05:59:07,16.66,100.00,1023.86,4.02,96.00
Mon 25/05/2026 - 05:59:41,16.67,100.00,1023.88,4.02,96.00
Mon 25/05/2026 - 06:00:15,16.65,100.00,1023.88,4.02,96.00
Mon 25/05/2026 - 06:00:49,16.65,100.00,1023.87,4.02,96.00
Mon 25/05/2026 - 06:01:23,16.65,100.00,1023.90,4.02,96.00
Mon 25/05/2026 - 06:01:57,16.63,100.00,1023.92,4.02,96.00
Mon 25/05/2026 - 06:02:30,16.63,100.00,1023.83,4.02,96.00
Mon 25/05/2026 - 06:03:04,16.63,100.00,1023.86,4.02,96.00
Mon 25/05/2026 - 06:03:38,16.62,100.00,1023.93,4.02,96.00
Mon 25/05/2026 - 06:04:12,16.63,100.00,1024.00,4.02,96.00
Mon 25/05/2026 - 06:04:46,16.63,100.00,1023.94,4.02,96.00
Mon 25/05/2026 - 06:05:20,16.63,100.00,1024.00,4.02,96.00
Mon 25/05/2026 - 06:05:54,16.61,100.00,1023.99,4.02,96.00
Mon 25/05/2026 - 06:06:28,16.61,100.00,1023.93,4.02,96.00
Mon 25/05/2026 - 06:07:02,16.62,100.00,1024.01,4.02,96.00
Mon 25/05/2026 - 06:07:36,16.62,100.00,1024.07,4.02,96.00
Mon 25/05/2026 - 06:08:10,16.62,100.00,1023.93,4.02,96.00
Mon 25/05/2026 - 06:08:44,16.61,100.00,1023.97,4.02,96.00
Mon 25/05/2026 - 06:09:18,16.61,100.00,1023.93,4.02,96.00
Mon 25/05/2026 - 06:09:52,16.61,100.00,1023.96,4.02,96.00
Mon 25/05/2026 - 06:10:26,16.62,100.00,1023.98,4.02,96.00
Mon 25/05/2026 - 06:11:00,16.60,100.00,1023.89,4.02,96.00
Mon 25/05/2026 - 06:11:34,16.60,100.00,1023.97,4.02,96.00
Mon 25/05/2026 - 06:12:08,16.59,100.00,1023.99,4.02,96.00
Mon 25/05/2026 - 06:12:42,16.60,100.00,1023.97,4.02,96.00
Mon 25/05/2026 - 06:13:16,16.60,100.00,1024.05,4.02,96.00
Mon 25/05/2026 - 06:13:50,16.59,100.00,1024.03,4.02,96.00
Mon 25/05/2026 - 06:14:24,16.59,100.00,1024.02,4.02,96.00
Mon 25/05/2026 - 06:14:58,16.59,100.00,1024.02,4.02,96.00
Mon 25/05/2026 - 06:15:32,16.59,100.00,1024.01,4.02,96.00
Mon 25/05/2026 - 06:16:06,16.59,100.00,1023.99,4.02,96.00
Mon 25/05/2026 - 06:16:40,16.58,100.00,1024.02,4.02,96.00
Mon 25/05/2026 - 06:17:14,16.58,100.00,1023.97,4.02,96.00
Mon 25/05/2026 - 06:17:48,16.58,100.00,1024.04,4.02,96.00
Mon 25/05/2026 - 06:18:22,16.58,100.00,1024.07,4.02,96.00
Mon 25/05/2026 - 06:18:56,16.57,100.00,1024.08,4.02,96.00
Mon 25/05/2026 - 06:19:30,16.58,100.00,1024.10,4.02,96.00
Mon 25/05/2026 - 06:20:04,16.56,100.00,1023.99,4.02,96.00
Mon 25/05/2026 - 06:20:38,16.56,100.00,1024.04,4.02,96.00
Mon 25/05/2026 - 06:21:12,16.56,100.00,1024.05,4.02,96.00
Mon 25/05/2026 - 06:21:46,16.55,100.00,1024.03,4.02,96.00
Mon 25/05/2026 - 06:22:20,16.55,100.00,1024.05,4.02,96.00
Mon 25/05/2026 - 06:22:54,16.55,100.00,1024.02,4.02,96.00
Mon 25/05/2026 - 06:23:28,16.54,100.00,1024.00,4.02,96.00
Mon 25/05/2026 - 06:24:02,16.54,100.00,1024.00,4.02,96.00
Mon 25/05/2026 - 06:24:36,16.53,100.00,1024.05,4.02,96.00
Mon 25/05/2026 - 06:25:10,16.52,100.00,1024.00,4.02,96.00
Mon 25/05/2026 - 06:25:43,16.52,100.00,1024.05,4.02,96.00
Mon 25/05/2026 - 06:26:17,16.52,100.00,1024.02,4.02,96.00
Mon 25/05/2026 - 06:26:51,16.51,100.00,1024.06,4.02,96.00
Mon 25/05/2026 - 06:27:25,16.50,100.00,1024.04,4.02,96.00
Mon 25/05/2026 - 06:27:59,16.50,100.00,1024.04,4.02,96.00
Mon 25/05/2026 - 06:28:33,16.49,100.00,1024.00,4.02,96.00
Mon 25/05/2026 - 06:29:07,16.50,100.00,1024.07,4.02,96.00
Mon 25/05/2026 - 06:29:41,16.49,100.00,1024.02,4.02,96.00
Mon 25/05/2026 - 06:30:15,16.47,100.00,1024.02,4.02,96.00
Mon 25/05/2026 - 06:30:49,16.48,100.00,1024.01,4.02,96.00
Mon 25/05/2026 - 06:31:23,16.48,100.00,1024.01,4.02,96.00
Mon 25/05/2026 - 06:31:57,16.47,100.00,1024.02,4.02,96.00
Mon 25/05/2026 - 06:32:31,16.47,100.00,1024.04,4.02,96.00
Mon 25/05/2026 - 06:33:05,16.45,100.00,1023.97,4.02,96.00
Mon 25/05/2026 - 06:33:39,16.46,100.00,1024.03,4.02,96.00
Mon 25/05/2026 - 06:34:13,16.44,100.00,1024.00,4.02,96.00
Mon 25/05/2026 - 06:34:47,16.44,100.00,1024.01,4.02,96.00
Mon 25/05/2026 - 06:35:21,16.44,100.00,1024.06,4.02,96.00
Mon 25/05/2026 - 06:35:55,16.43,100.00,1024.04,4.02,96.00
Mon 25/05/2026 - 06:36:29,16.43,100.00,1024.01,4.02,96.00
Mon 25/05/2026 - 06:37:03,16.43,100.00,1024.10,4.02,96.00
Mon 25/05/2026 - 06:37:37,16.43,100.00,1024.09,4.02,96.00
Mon 25/05/2026 - 06:38:11,16.42,100.00,1024.13,4.02,96.00
Mon 25/05/2026 - 06:38:45,16.41,100.00,1024.09,4.02,96.00
Mon 25/05/2026 - 06:39:19,16.41,100.00,1024.06,4.02,96.00
Mon 25/05/2026 - 06:39:53,16.40,100.00,1024.05,4.02,96.00
Mon 25/05/2026 - 06:40:27,16.40,100.00,1024.05,4.02,96.00
Mon 25/05/2026 - 06:41:01,16.40,100.00,1024.10,4.02,96.00
Mon 25/05/2026 - 06:41:35,16.39,100.00,1024.07,4.02,96.00
Mon 25/05/2026 - 06:42:09,16.38,100.00,1024.15,4.02,96.00
Mon 25/05/2026 - 06:42:43,16.39,100.00,1024.07,4.02,96.00
Mon 25/05/2026 - 06:43:17,16.38,100.00,1024.04,4.02,96.00
Mon 25/05/2026 - 06:43:51,16.37,100.00,1024.10,4.02,96.00
Mon 25/05/2026 - 06:44:25,16.39,100.00,1024.13,4.02,96.00
Mon 25/05/2026 - 06:44:59,16.36,100.00,1024.11,4.02,96.00
Mon 25/05/2026 - 06:45:33,16.36,100.00,1024.17,4.02,96.00
Mon 25/05/2026 - 06:46:07,16.35,100.00,1024.18,4.02,96.00
Mon 25/05/2026 - 06:46:41,16.35,100.00,1024.17,4.02,96.00
Mon 25/05/2026 - 06:47:15,16.35,100.00,1024.14,4.02,96.00
Mon 25/05/2026 - 06:47:49,16.34,100.00,1024.13,4.02,96.00
Mon 25/05/2026 - 06:48:23,16.34,100.00,1024.18,4.02,96.00
Mon 25/05/2026 - 06:48:57,16.34,100.00,1024.12,4.02,96.00
Mon 25/05/2026 - 06:49:31,16.33,100.00,1024.19,4.02,96.00
Mon 25/05/2026 - 06:50:04,16.31,100.00,1024.19,4.02,96.00
Mon 25/05/2026 - 06:50:38,16.32,100.00,1024.20,4.02,96.00
Mon 25/05/2026 - 06:51:12,16.31,100.00,1024.24,4.02,96.00
Mon 25/05/2026 - 06:51:46,16.30,100.00,1024.12,4.02,96.00
Mon 25/05/2026 - 06:52:20,16.31,100.00,1024.18,4.02,96.00
Mon 25/05/2026 - 06:52:54,16.30,100.00,1024.17,4.02,96.00
Mon 25/05/2026 - 06:53:28,16.28,100.00,1024.24,4.02,96.00
Mon 25/05/2026 - 06:54:02,16.30,100.00,1024.27,4.02,96.00
Mon 25/05/2026 - 06:54:36,16.28,100.00,1024.24,4.02,96.00
Mon 25/05/2026 - 06:55:10,16.29,100.00,1024.22,4.02,96.00
Mon 25/05/2026 - 06:55:44,16.28,100.00,1024.21,4.02,96.00
Mon 25/05/2026 - 06:56:18,16.27,100.00,1024.27,4.02,96.00
Mon 25/05/2026 - 06:56:52,16.27,100.00,1024.25,4.02,96.00
Mon 25/05/2026 - 06:57:26,16.27,100.00,1024.27,4.02,96.00
Mon 25/05/2026 - 06:58:00,16.27,100.00,1024.28,4.02,96.00
Mon 25/05/2026 - 06:58:34,16.26,100.00,1024.26,4.02,96.00
Mon 25/05/2026 - 06:59:08,16.26,100.00,1024.31,4.02,96.00
Mon 25/05/2026 - 06:59:42,16.26,100.00,1024.25,4.02,96.00
Mon 25/05/2026 - 07:00:16,16.25,100.00,1024.24,4.02,96.00
Mon 25/05/2026 - 07:00:50,16.26,100.00,1024.34,4.02,96.00
Mon 25/05/2026 - 07:01:24,16.26,100.00,1024.23,4.02,96.00
Mon 25/05/2026 - 07:01:58,16.26,100.00,1024.39,4.02,96.00
Mon 25/05/2026 - 07:02:32,16.25,100.00,1024.32,4.02,96.00
Mon 25/05/2026 - 07:03:06,16.25,100.00,1024.32,4.02,96.00
Mon 25/05/2026 - 07:03:40,16.26,100.00,1024.28,4.02,96.00
Mon 25/05/2026 - 07:04:14,16.25,100.00,1024.40,4.02,96.00
Mon 25/05/2026 - 07:04:48,16.25,100.00,1024.32,4.02,96.00
Mon 25/05/2026 - 07:05:22,16.24,100.00,1024.36,4.01,96.00
Mon 25/05/2026 - 07:05:56,16.25,100.00,1024.34,4.02,96.00
Mon 25/05/2026 - 07:06:30,16.24,100.00,1024.44,4.02,96.00
Mon 25/05/2026 - 07:07:04,16.24,100.00,1024.47,4.02,96.00
Mon 25/05/2026 - 07:07:38,16.24,100.00,1024.39,4.01,96.00
Mon 25/05/2026 - 07:08:12,16.24,100.00,1024.47,4.02,96.00
Mon 25/05/2026 - 07:08:46,16.23,100.00,1024.45,4.01,96.00
Mon 25/05/2026 - 07:09:20,16.23,100.00,1024.45,4.02,96.00
Mon 25/05/2026 - 07:09:54,16.22,100.00,1024.40,4.01,96.00
Mon 25/05/2026 - 07:10:28,16.22,100.00,1024.38,4.02,96.00
Mon 25/05/2026 - 07:11:02,16.23,100.00,1024.45,4.01,96.00
Mon 25/05/2026 - 07:11:36,16.22,100.00,1024.43,4.01,96.00
Mon 25/05/2026 - 07:12:10,16.21,100.00,1024.44,4.02,96.00
Mon 25/05/2026 - 07:12:44,16.21,100.00,1024.36,4.01,96.00
Mon 25/05/2026 - 07:13:18,16.20,100.00,1024.45,4.01,96.00
Mon 25/05/2026 - 07:13:52,16.21,100.00,1024.36,4.02,96.00
Mon 25/05/2026 - 07:14:26,16.19,100.00,1024.44,4.02,96.00
Mon 25/05/2026 - 07:15:00,16.20,100.00,1024.42,4.01,96.00
Mon 25/05/2026 - 07:15:34,16.20,100.00,1024.35,4.02,96.00
Mon 25/05/2026 - 07:16:08,16.21,100.00,1024.41,4.02,96.00
Mon 25/05/2026 - 07:16:41,16.19,100.00,1024.41,4.01,96.00
Mon 25/05/2026 - 07:17:15,16.19,100.00,1024.44,4.01,96.00
Mon 25/05/2026 - 07:17:49,16.19,100.00,1024.54,4.01,96.00
Mon 25/05/2026 - 07:18:23,16.19,100.00,1024.49,4.02,96.00
Mon 25/05/2026 - 07:18:57,16.18,100.00,1024.55,4.02,96.00
Mon 25/05/2026 - 07:19:31,16.17,100.00,1024.46,4.01,96.00
Mon 25/05/2026 - 07:20:05,16.17,100.00,1024.45,4.01,96.00
Mon 25/05/2026 - 07:20:39,16.18,100.00,1024.57,4.01,96.00
Mon 25/05/2026 - 07:21:13,16.17,100.00,1024.56,4.01,96.00
Mon 25/05/2026 - 07:21:47,16.16,100.00,1024.46,4.01,96.00
Mon 25/05/2026 - 07:22:21,16.17,100.00,1024.56,4.01,96.00
Mon 25/05/2026 - 07:22:55,16.17,100.00,1024.55,4.01,96.00
Mon 25/05/2026 - 07:23:29,16.16,100.00,1024.60,4.01,96.00
Mon 25/05/2026 - 07:24:03,16.17,100.00,1024.56,4.01,96.00
Mon 25/05/2026 - 07:24:37,16.15,100.00,1024.53,4.01,96.00
Mon 25/05/2026 - 07:25:11,16.17,100.00,1024.59,4.01,96.00
Mon 25/05/2026 - 07:25:45,16.17,100.00,1024.59,4.01,96.00
Mon 25/05/2026 - 07:26:19,16.16,100.00,1024.60,4.01,96.00
Mon 25/05/2026 - 07:26:53,16.19,100.00,1024.54,4.01,96.00
Mon 25/05/2026 - 07:27:27,16.21,100.00,1024.57,4.01,96.00
Mon 25/05/2026 - 07:28:01,16.23,100.00,1024.56,4.01,96.00
Mon 25/05/2026 - 07:28:35,16.24,100.00,1024.63,4.01,96.00
Mon 25/05/2026 - 07:29:09,16.27,100.00,1024.65,4.01,96.00
Mon 25/05/2026 - 07:29:43,16.27,100.00,1024.60,4.02,96.00
Mon 25/05/2026 - 07:30:17,16.29,100.00,1024.61,4.02,96.00
Mon 25/05/2026 - 07:30:51,16.30,100.00,1024.57,4.01,96.00
Mon 25/05/2026 - 07:31:25,16.31,100.00,1024.59,4.01,96.00
Mon 25/05/2026 - 07:31:59,16.34,100.00,1024.55,4.01,96.00
Mon 25/05/2026 - 07:32:33,16.35,100.00,1024.61,4.02,96.00
Mon 25/05/2026 - 07:33:07,16.37,100.00,1024.56,4.02,96.00
Mon 25/05/2026 - 07:33:41,16.38,100.00,1024.55,4.01,96.00
Mon 25/05/2026 - 07:34:15,16.41,100.00,1024.65,4.02,96.00
Mon 25/05/2026 - 07:34:49,16.42,100.00,1024.59,4.02,96.00
Mon 25/05/2026 - 07:35:23,16.44,100.00,1024.65,4.02,96.00
Mon 25/05/2026 - 07:35:57,16.45,100.00,1024.56,4.02,96.00
Mon 25/05/2026 - 07:36:31,16.47,100.00,1024.64,4.01,96.00
Mon 25/05/2026 - 07:37:05,16.49,100.00,1024.62,4.02,96.00
Mon 25/05/2026 - 07:37:39,16.50,100.00,1024.63,4.02,96.00
Mon 25/05/2026 - 07:38:13,16.52,100.00,1024.61,4.02,96.00
Mon 25/05/2026 - 07:38:47,16.54,100.00,1024.62,4.02,96.00
Mon 25/05/2026 - 07:39:20,16.56,100.00,1024.52,4.02,96.00
Mon 25/05/2026 - 07:39:54,16.57,100.00,1024.55,4.02,96.00
Mon 25/05/2026 - 07:40:28,16.60,100.00,1024.54,4.02,96.00
Mon 25/05/2026 - 07:41:02,16.62,100.00,1024.57,4.02,96.00
Mon 25/05/2026 - 07:41:36,16.62,100.00,1024.63,4.02,96.00
Mon 25/05/2026 - 07:42:10,16.59,100.00,1024.60,4.02,96.00
Mon 25/05/2026 - 07:42:44,16.62,100.00,1024.52,4.02,96.00
Mon 25/05/2026 - 07:43:18,16.67,100.00,1024.58,4.02,96.00
Mon 25/05/2026 - 07:43:52,16.69,100.00,1024.50,4.02,96.00
Mon 25/05/2026 - 07:44:26,16.70,100.00,1024.52,4.02,96.00
Mon 25/05/2026 - 07:45:00,16.72,100.00,1024.54,4.02,96.00
Mon 25/05/2026 - 07:45:34,16.77,100.00,1024.57,4.02,96.00
Mon 25/05/2026 - 07:46:08,16.81,100.00,1024.69,4.02,96.00
Mon 25/05/2026 - 07:46:42,16.83,100.00,1024.62,4.02,96.00
Mon 25/05/2026 - 07:47:16,16.85,100.00,1024.62,4.02,96.00
Mon 25/05/2026 - 07:47:50,16.88,100.00,1024.71,4.02,96.00
Mon 25/05/2026 - 07:48:24,16.92,100.00,1024.68,4.02,96.00
Mon 25/05/2026 - 07:48:58,16.96,100.00,1024.67,4.02,96.00
Mon 25/05/2026 - 07:49:32,16.97,100.00,1024.72,4.02,96.00
Mon 25/05/2026 - 07:50:06,17.00,100.00,1024.68,4.02,96.00
Mon 25/05/2026 - 07:50:40,17.03,100.00,1024.71,4.02,96.00
Mon 25/05/2026 - 07:51:14,17.05,100.00,1024.74,4.02,96.00
Mon 25/05/2026 - 07:51:48,17.07,100.00,1024.70,4.02,96.00
Mon 25/05/2026 - 07:52:22,17.10,100.00,1024.76,4.02,96.00
Mon 25/05/2026 - 07:52:56,17.14,100.00,1024.68,4.02,96.00
Mon 25/05/2026 - 07:53:30,17.18,100.00,1024.67,4.02,96.00
Mon 25/05/2026 - 07:54:04,17.20,100.00,1024.66,4.02,96.00
Mon 25/05/2026 - 07:54:38,17.24,100.00,1024.68,4.02,96.00
Mon 25/05/2026 - 07:55:12,17.29,100.00,1024.65,4.02,96.00
Mon 25/05/2026 - 07:55:46,17.31,100.00,1024.68,4.02,96.00
Mon 25/05/2026 - 07:56:20,17.33,100.00,1024.71,4.02,96.00
Mon 25/05/2026 - 07:56:54,17.38,100.00,1024.63,4.02,96.00
Mon 25/05/2026 - 07:57:28,17.43,100.00,1024.64,4.02,96.00
Mon 25/05/2026 - 07:58:02,17.49,100.00,1024.66,4.02,96.00
Mon 25/05/2026 - 07:58:36,17.53,100.00,1024.68,4.02,96.00
Mon 25/05/2026 - 07:59:10,17.57,100.00,1024.70,4.02,96.00
Mon 25/05/2026 - 07:59:44,17.60,100.00,1024.67,4.02,96.00
Mon 25/05/2026 - 08:00:18,17.66,100.00,1024.74,4.02,96.00
Mon 25/05/2026 - 08:00:52,17.70,100.00,1024.75,4.02,96.00
Mon 25/05/2026 - 08:01:26,17.74,100.00,1024.71,4.02,96.00
Mon 25/05/2026 - 08:02:00,17.80,100.00,1024.71,4.02,96.00
Mon 25/05/2026 - 08:02:34,17.79,100.00,1024.69,4.03,96.00
Mon 25/05/2026 - 08:03:07,17.88,100.00,1024.80,4.03,96.00
Mon 25/05/2026 - 08:03:41,17.98,100.00,1024.75,4.03,96.00
Mon 25/05/2026 - 08:04:15,18.11,100.00,1024.73,4.03,96.00
Mon 25/05/2026 - 08:04:49,18.15,100.00,1024.70,4.04,96.00
Mon 25/05/2026 - 08:05:23,18.15,100.00,1024.72,4.04,96.00
Mon 25/05/2026 - 08:05:57,18.22,100.00,1024.67,4.04,96.00
Mon 25/05/2026 - 08:06:31,18.36,100.00,1024.73,4.04,96.00
Mon 25/05/2026 - 08:07:05,18.39,100.00,1024.80,4.04,96.00
Mon 25/05/2026 - 08:07:39,18.42,100.00,1024.71,4.04,96.00
Mon 25/05/2026 - 08:08:13,18.42,99.37,1024.85,4.03,96.00
Mon 25/05/2026 - 08:08:47,18.45,100.00,1024.80,4.03,96.00
Mon 25/05/2026 - 08:09:21,18.55,100.00,1024.80,4.03,96.00
Mon 25/05/2026 - 08:09:55,18.67,100.00,1024.79,4.03,96.00
Mon 25/05/2026 - 08:10:29,18.68,99.74,1024.81,4.03,96.00
Mon 25/05/2026 - 08:11:03,18.67,98.80,1024.90,4.03,96.00
Mon 25/05/2026 - 08:11:37,18.70,100.00,1024.90,4.03,96.00
Mon 25/05/2026 - 08:12:11,18.77,100.00,1024.81,4.03,96.00
Mon 25/05/2026 - 08:12:45,18.82,100.00,1024.84,4.03,96.00
Mon 25/05/2026 - 08:13:19,18.87,99.71,1024.83,4.03,96.00
Mon 25/05/2026 - 08:13:53,18.93,98.95,1024.84,4.03,96.00
Mon 25/05/2026 - 08:14:27,19.01,100.00,1024.81,4.04,96.00
Mon 25/05/2026 - 08:15:01,19.11,98.66,1024.87,4.04,96.00
Mon 25/05/2026 - 08:15:35,19.22,97.95,1024.97,4.04,96.00
Mon 25/05/2026 - 08:16:09,19.34,99.06,1024.94,4.05,96.00
Mon 25/05/2026 - 08:16:43,19.47,98.78,1025.02,4.05,96.00
Mon 25/05/2026 - 08:17:17,19.59,98.44,1024.97,4.05,97.00
Mon 25/05/2026 - 08:17:51,19.75,98.33,1024.91,4.06,97.00
Mon 25/05/2026 - 08:18:25,19.92,98.25,1024.90,4.06,97.00
Mon 25/05/2026 - 08:18:59,20.10,94.80,1024.96,4.06,97.00
Mon 25/05/2026 - 08:19:33,20.20,95.09,1025.00,4.05,96.00
Mon 25/05/2026 - 08:20:07,20.30,93.80,1024.95,4.06,97.00
Mon 25/05/2026 - 08:20:41,20.50,93.90,1024.95,4.06,97.00
Mon 25/05/2026 - 08:21:15,20.62,93.22,1025.04,4.04,96.00
Mon 25/05/2026 - 08:21:49,20.61,92.28,1024.95,4.03,96.00
Mon 25/05/2026 - 08:22:23,20.68,93.21,1024.96,4.03,96.00
Mon 25/05/2026 - 08:22:57,20.78,94.11,1025.00,4.03,96.00
Mon 25/05/2026 - 08:23:31,20.79,90.20,1024.96,4.03,96.00
Mon 25/05/2026 - 08:24:05,20.86,93.21,1024.92,4.03,96.00
Mon 25/05/2026 - 08:24:39,20.94,93.11,1025.00,4.03,96.00
Mon 25/05/2026 - 08:25:13,20.87,90.76,1024.91,4.03,96.00
Mon 25/05/2026 - 08:25:47,20.82,90.59,1024.90,4.03,96.00
Mon 25/05/2026 - 08:26:21,20.75,89.00,1024.99,4.03,96.00
Mon 25/05/2026 - 08:26:55,20.62,90.34,1024.96,4.03,96.00
Mon 25/05/2026 - 08:27:29,20.63,96.48,1025.01,4.03,96.00
Mon 25/05/2026 - 08:28:03,20.65,91.81,1025.03,4.03,96.00
Mon 25/05/2026 - 08:28:37,20.70,96.81,1025.09,4.03,96.00
Mon 25/05/2026 - 08:29:11,20.65,91.02,1024.99,4.03,96.00
Mon 25/05/2026 - 08:29:44,20.67,92.05,1025.08,4.03,96.00
Mon 25/05/2026 - 08:30:18,20.69,96.28,1025.17,4.03,96.00
Mon 25/05/2026 - 08:30:52,20.65,89.48,1025.04,4.03,96.00
Mon 25/05/2026 - 08:31:26,20.58,90.75,1025.05,4.03,96.00
Mon 25/05/2026 - 08:32:00,20.51,92.35,1025.13,4.03,96.00
Mon 25/05/2026 - 08:32:34,20.52,92.79,1025.17,4.03,96.00
Mon 25/05/2026 - 08:33:08,20.58,93.15,1025.14,4.03,96.00
Mon 25/05/2026 - 08:33:42,20.47,90.46,1025.12,4.03,96.00
Mon 25/05/2026 - 08:34:16,20.52,95.11,1025.14,4.03,96.00
Mon 25/05/2026 - 08:34:50,20.53,94.92,1025.11,4.03,96.00
Mon 25/05/2026 - 08:35:24,20.60,95.26,1025.12,4.04,96.00
Mon 25/05/2026 - 08:35:58,20.67,94.39,1025.21,4.04,96.00
Mon 25/05/2026 - 08:36:32,20.78,95.98,1025.19,4.04,96.00
Mon 25/05/2026 - 08:37:06,20.93,96.07,1025.14,4.04,96.00
Mon 25/05/2026 - 08:37:40,21.01,94.31,1025.17,4.04,96.00
Mon 25/05/2026 - 08:38:14,21.06,93.37,1025.14,4.04,96.00
Mon 25/05/2026 - 08:38:48,21.09,93.81,1025.16,4.04,96.00
Mon 25/05/2026 - 08:39:22,21.11,91.54,1025.07,4.04,96.00
Mon 25/05/2026 - 08:39:56,21.13,90.73,1025.16,4.04,96.00
Mon 25/05/2026 - 08:40:30,21.15,92.21,1025.16,4.04,96.00
Mon 25/05/2026 - 08:41:04,21.07,90.04,1025.04,4.04,96.00
Mon 25/05/2026 - 08:41:38,21.14,91.91,1025.12,4.04,96.00
Mon 25/05/2026 - 08:42:12,21.20,92.21,1025.11,4.04,96.00
Mon 25/05/2026 - 08:42:46,21.29,91.77,1025.10,4.04,96.00
Mon 25/05/2026 - 08:43:20,21.18,89.94,1025.10,4.04,96.00
Mon 25/05/2026 - 08:43:54,21.22,89.99,1025.11,4.04,96.00
Mon 25/05/2026 - 08:44:28,21.21,91.95,1025.07,4.04,96.00
Mon 25/05/2026 - 08:45:02,21.14,87.95,1025.12,4.04,96.00
Mon 25/05/2026 - 08:45:36,21.01,89.06,1025.10,4.04,96.00
Mon 25/05/2026 - 08:46:10,21.10,89.21,1025.02,4.04,96.00
Mon 25/05/2026 - 08:46:44,21.09,89.90,1025.09,4.04,96.00
Mon 25/05/2026 - 08:47:18,21.15,88.11,1025.08,4.05,97.00
Mon 25/05/2026 - 08:47:52,21.33,90.78,1025.09,4.07,97.00
Mon 25/05/2026 - 08:48:26,21.48,90.41,1025.10,4.06,97.00
Mon 25/05/2026 - 08:49:00,21.62,87.34,1025.06,4.08,97.00
Mon 25/05/2026 - 08:49:34,21.85,88.67,1025.06,4.07,97.00
Mon 25/05/2026 - 08:50:08,21.88,88.95,1025.02,4.05,96.00
Mon 25/05/2026 - 08:50:42,21.80,84.00,1025.11,4.04,96.00
Mon 25/05/2026 - 08:51:16,21.80,84.02,1025.05,4.05,96.00
Mon 25/05/2026 - 08:51:49,21.88,84.61,1025.02,4.06,97.00
Mon 25/05/2026 - 08:52:23,21.98,85.05,1025.08,4.04,96.00
Mon 25/05/2026 - 08:52:57,22.04,85.96,1025.03,4.04,96.00
Mon 25/05/2026 - 08:53:31,22.00,83.74,1025.06,4.04,96.00
Mon 25/05/2026 - 08:54:05,22.04,85.43,1025.07,4.05,96.00
Mon 25/05/2026 - 08:54:39,22.09,83.23,1025.02,4.05,96.00
Mon 25/05/2026 - 08:55:13,22.13,82.61,1025.01,4.05,96.00
Mon 25/05/2026 - 08:55:47,22.09,85.58,1025.11,4.05,96.00
Mon 25/05/2026 - 08:56:21,22.26,85.86,1025.07,4.08,97.00
Mon 25/05/2026 - 08:56:55,22.62,83.54,1025.06,4.11,98.00
Mon 25/05/2026 - 08:57:29,22.92,82.94,1025.05,4.11,98.00
Mon 25/05/2026 - 08:58:03,23.14,81.23,1025.05,4.11,98.00
Mon 25/05/2026 - 08:58:37,23.35,82.36,1025.00,4.11,98.00
Mon 25/05/2026 - 08:59:11,23.56,81.02,1024.95,4.11,98.00
Mon 25/05/2026 - 08:59:45,23.68,80.34,1025.07,4.11,98.00
Mon 25/05/2026 - 09:00:19,23.78,78.69,1024.94,4.11,98.00
Mon 25/05/2026 - 09:00:53,23.92,78.18,1024.99,4.11,98.00
Mon 25/05/2026 - 09:01:27,24.10,76.09,1025.00,4.11,98.00
Mon 25/05/2026 - 09:02:01,24.25,74.71,1024.97,4.11,98.00
Mon 25/05/2026 - 09:02:35,24.41,74.82,1024.98,4.12,98.00
Mon 25/05/2026 - 09:03:09,24.61,74.19,1025.04,4.12,98.00
Mon 25/05/2026 - 09:03:43,24.78,71.28,1024.98,4.12,98.00
Mon 25/05/2026 - 09:04:17,24.94,74.09,1024.96,4.12,98.00
Mon 25/05/2026 - 09:04:51,25.11,72.34,1024.93,4.12,98.00
Mon 25/05/2026 - 09:05:25,25.24,71.97,1025.00,4.12,98.00
Mon 25/05/2026 - 09:05:59,25.37,71.09,1025.00,4.12,98.00
Mon 25/05/2026 - 09:06:33,25.46,70.04,1025.02,4.12,98.00
Mon 25/05/2026 - 09:07:07,25.59,70.46,1025.01,4.12,98.00
Mon 25/05/2026 - 09:07:41,25.67,69.57,1024.96,4.13,98.00
Mon 25/05/2026 - 09:08:15,25.96,71.14,1024.94,4.11,98.00
Mon 25/05/2026 - 09:08:49,26.12,68.50,1024.97,4.11,98.00
Mon 25/05/2026 - 09:09:23,26.19,65.98,1025.11,4.11,98.00
Mon 25/05/2026 - 09:09:57,26.15,64.76,1024.99,4.09,97.00
Mon 25/05/2026 - 09:10:31,26.44,58.19,1025.01,4.09,97.00
Mon 25/05/2026 - 09:11:05,26.71,55.01,1024.96,4.09,97.00
Mon 25/05/2026 - 09:11:39,26.72,54.44,1024.97,4.12,98.00
Mon 25/05/2026 - 09:12:13,26.70,54.05,1025.04,4.09,97.00
Mon 25/05/2026 - 09:12:47,26.64,52.68,1025.00,4.09,97.00
Mon 25/05/2026 - 09:13:21,26.93,52.07,1025.06,4.11,98.00
Mon 25/05/2026 - 09:13:55,26.91,51.47,1025.10,4.13,98.00
Mon 25/05/2026 - 09:14:29,27.13,51.30,1024.96,4.13,98.00
Mon 25/05/2026 - 09:15:03,27.27,50.67,1025.04,4.13,98.00
Mon 25/05/2026 - 09:15:37,27.27,50.75,1024.97,4.13,98.00
Mon 25/05/2026 - 09:16:11,27.54,49.77,1024.99,4.14,98.00
Mon 25/05/2026 - 09:16:45,27.52,49.30,1024.88,4.14,98.00
Mon 25/05/2026 - 09:17:19,27.55,49.51,1025.01,4.14,99.00
Mon 25/05/2026 - 09:17:53,27.61,49.35,1025.12,4.14,99.00
Mon 25/05/2026 - 09:18:26,27.87,47.46,1024.90,4.14,99.00
Mon 25/05/2026 - 09:19:00,27.84,48.45,1024.96,4.14,99.00
Mon 25/05/2026 - 09:19:34,27.99,47.00,1024.88,4.14,99.00
Mon 25/05/2026 - 09:20:08,28.08,47.17,1024.93,4.14,99.00
Mon 25/05/2026 - 09:20:42,28.41,45.72,1024.90,4.14,99.00
Mon 25/05/2026 - 09:21:16,28.33,45.76,1024.96,4.14,99.00
Mon 25/05/2026 - 09:21:50,28.56,43.66,1024.95,4.14,99.00
Mon 25/05/2026 - 09:22:24,28.73,43.87,1024.93,4.14,99.00
Mon 25/05/2026 - 09:22:58,28.67,43.89,1024.83,4.14,99.00
Mon 25/05/2026 - 09:23:32,28.59,43.88,1024.88,4.15,99.00
Mon 25/05/2026 - 09:24:06,28.56,44.15,1024.89,4.15,99.00
Mon 25/05/2026 - 09:24:40,28.57,43.94,1024.96,4.15,99.00
Mon 25/05/2026 - 09:25:14,28.68,43.31,1024.84,4.15,99.00
Mon 25/05/2026 - 09:25:48,28.67,43.57,1024.87,4.15,99.00
Mon 25/05/2026 - 09:26:22,28.67,43.29,1024.85,4.15,99.00
Mon 25/05/2026 - 09:26:56,29.03,42.51,1024.95,4.15,99.00
Mon 25/05/2026 - 09:27:30,29.02,42.30,1024.92,4.15,99.00
Mon 25/05/2026 - 09:28:04,28.98,42.71,1024.92,4.15,99.00
Mon 25/05/2026 - 09:28:38,28.92,42.58,1024.90,4.15,99.00
Mon 25/05/2026 - 09:29:12,28.92,42.32,1024.84,4.15,99.00
Mon 25/05/2026 - 09:29:46,29.26,41.64,1024.92,4.15,99.00
Mon 25/05/2026 - 09:30:20,29.33,41.50,1024.91,4.15,99.00
Mon 25/05/2026 - 09:30:54,29.73,39.98,1024.90,4.15,99.00
Mon 25/05/2026 - 09:31:28,29.69,40.36,1024.93,4.15,99.00
Mon 25/05/2026 - 09:32:02,29.77,40.65,1024.94,4.15,99.00
Mon 25/05/2026 - 09:32:36,29.72,39.69,1024.91,4.15,99.00
Mon 25/05/2026 - 09:33:10,29.79,40.50,1024.94,4.16,99.00
Mon 25/05/2026 - 09:33:44,30.09,39.62,1024.92,4.16,99.00
Mon 25/05/2026 - 09:34:18,29.96,39.92,1024.92,4.16,99.00
Mon 25/05/2026 - 09:34:52,29.90,39.97,1024.88,4.16,99.00
Mon 25/05/2026 - 09:35:26,29.83,40.11,1024.85,4.16,99.00
Mon 25/05/2026 - 09:36:00,30.07,38.83,1024.91,4.16,99.00
Mon 25/05/2026 - 09:36:34,30.02,39.59,1024.94,4.16,99.00
Mon 25/05/2026 - 09:37:08,29.97,39.72,1024.91,4.16,99.00
Mon 25/05/2026 - 09:37:42,30.31,38.80,1024.92,4.16,99.00
Mon 25/05/2026 - 09:38:16,30.23,39.12,1024.88,4.15,99.00
Mon 25/05/2026 - 09:38:50,30.54,38.46,1024.86,4.15,99.00
Mon 25/05/2026 - 09:39:24,30.43,38.63,1024.83,4.15,99.00
Mon 25/05/2026 - 09:39:58,30.30,38.94,1024.86,4.15,99.00
Mon 25/05/2026 - 09:40:32,30.31,38.95,1024.96,4.15,99.00
Mon 25/05/2026 - 09:41:06,30.61,38.22,1024.90,4.16,99.00
Mon 25/05/2026 - 09:41:40,30.94,37.41,1024.82,4.16,99.00
Mon 25/05/2026 - 09:42:14,31.13,35.89,1024.86,4.16,99.00
Mon 25/05/2026 - 09:42:48,31.12,37.40,1024.93,4.16,99.00
Mon 25/05/2026 - 09:43:22,31.04,37.36,1024.93,4.16,99.00
Mon 25/05/2026 - 09:43:56,30.93,37.55,1024.90,4.16,99.00
Mon 25/05/2026 - 09:44:30,30.84,37.61,1024.91,4.16,99.00
Mon 25/05/2026 - 09:45:04,30.69,37.83,1024.87,4.15,99.00
Mon 25/05/2026 - 09:45:38,31.40,34.43,1024.94,4.15,99.00
Mon 25/05/2026 - 09:46:12,31.48,36.35,1024.96,4.15,99.00
Mon 25/05/2026 - 09:46:46,31.26,36.75,1024.93,4.15,99.00
Mon 25/05/2026 - 09:47:20,31.15,36.94,1024.92,4.15,99.00
Mon 25/05/2026 - 09:47:54,31.23,36.88,1024.96,4.15,99.00
Mon 25/05/2026 - 09:48:28,31.09,36.97,1024.99,4.15,99.00
Mon 25/05/2026 - 09:49:02,30.87,37.42,1024.98,4.15,99.00
Mon 25/05/2026 - 09:49:36,30.97,37.43,1024.89,4.15,99.00
Mon 25/05/2026 - 09:50:10,30.98,37.62,1024.97,4.15,99.00
Mon 25/05/2026 - 09:50:43,31.02,37.19,1024.99,4.15,99.00
Mon 25/05/2026 - 09:51:17,30.98,37.36,1025.00,4.15,99.00
Mon 25/05/2026 - 09:51:51,30.94,37.29,1024.93,4.15,99.00
Mon 25/05/2026 - 09:52:25,30.95,37.13,1025.02,4.15,99.00
Mon 25/05/2026 - 09:52:59,30.93,37.25,1024.96,4.15,99.00
Mon 25/05/2026 - 09:53:33,30.87,37.25,1025.02,4.16,99.00
Mon 25/05/2026 - 09:54:07,31.33,34.77,1025.04,4.15,99.00
Mon 25/05/2026 - 09:54:41,31.43,36.17,1025.04,4.16,99.00
Mon 25/05/2026 - 09:55:15,31.36,36.71,1025.08,4.16,99.00
Mon 25/05/2026 - 09:55:49,31.27,36.93,1024.99,4.16,99.00
Mon 25/05/2026 - 09:56:23,31.19,37.06,1025.02,4.16,99.00
Mon 25/05/2026 - 09:56:57,31.16,36.91,1025.02,4.16,99.00
Mon 25/05/2026 - 09:57:31,31.34,36.48,1025.02,4.16,99.00
Mon 25/05/2026 - 09:58:05,31.43,36.45,1025.02,4.16,99.00
Mon 25/05/2026 - 09:58:39,31.83,35.25,1024.97,4.16,99.00
Mon 25/05/2026 - 09:59:13,31.90,35.68,1024.90,4.16,99.00
Mon 25/05/2026 - 09:59:47,31.72,35.60,1024.99,4.16,99.00
Mon 25/05/2026 - 10:00:21,31.68,35.58,1025.02,4.16,99.00
Mon 25/05/2026 - 10:00:55,32.35,35.15,1024.94,4.16,99.00
Mon 25/05/2026 - 10:01:29,32.47,34.33,1024.98,4.16,99.00
Mon 25/05/2026 - 10:02:03,32.24,34.47,1024.92,4.16,99.00
Mon 25/05/2026 - 10:02:37,32.26,35.36,1024.93,4.16,99.00
Mon 25/05/2026 - 10:03:11,32.15,34.77,1024.96,4.16,99.00
Mon 25/05/2026 - 10:03:45,32.02,34.86,1024.93,4.16,99.00
Mon 25/05/2026 - 10:04:19,32.26,33.90,1024.86,4.16,99.00
Mon 25/05/2026 - 10:04:53,32.18,34.61,1024.90,4.16,99.00
Mon 25/05/2026 - 10:05:27,32.25,34.49,1024.88,4.16,99.00
Mon 25/05/2026 - 10:06:01,32.04,34.75,1024.97,4.16,99.00
Mon 25/05/2026 - 10:06:35,31.94,34.99,1024.93,4.16,99.00
Mon 25/05/2026 - 10:07:09,31.89,33.94,1024.93,4.16,99.00
Mon 25/05/2026 - 10:07:43,31.89,35.02,1024.88,4.16,99.00
Mon 25/05/2026 - 10:08:17,31.88,34.98,1024.92,4.16,99.00
Mon 25/05/2026 - 10:08:51,31.86,35.01,1024.97,4.16,99.00
Mon 25/05/2026 - 10:09:25,31.87,34.99,1024.90,4.16,99.00
Mon 25/05/2026 - 10:09:59,31.88,34.86,1024.91,4.16,99.00
Mon 25/05/2026 - 10:10:33,31.84,34.89,1024.90,4.16,99.00
Mon 25/05/2026 - 10:11:07,31.90,34.78,1024.96,4.16,99.00
Mon 25/05/2026 - 10:11:41,31.99,34.75,1024.94,4.16,99.00
Mon 25/05/2026 - 10:12:15,32.48,33.71,1024.94,4.16,99.00
Mon 25/05/2026 - 10:12:49,33.49,32.50,1024.94,4.16,99.00
Mon 25/05/2026 - 10:13:23,33.40,32.11,1024.89,4.16,99.00
Mon 25/05/2026 - 10:13:57,33.47,32.47,1024.90,4.16,99.00
Mon 25/05/2026 - 10:14:31,33.80,31.53,1024.91,4.16,99.00
Mon 25/05/2026 - 10:15:05,33.50,32.08,1024.87,4.16,99.00
Mon 25/05/2026 - 10:15:38,33.27,32.39,1024.84,4.16,99.00
Mon 25/05/2026 - 10:16:12,32.96,32.96,1024.87,4.16,99.00
Mon 25/05/2026 - 10:16:46,33.49,31.18,1024.87,4.16,99.00
Mon 25/05/2026 - 10:17:20,34.30,31.10,1024.91,4.16,99.00
Mon 25/05/2026 - 10:17:54,33.91,31.59,1024.86,4.16,99.00
Mon 25/05/2026 - 10:18:28,33.82,31.65,1024.90,4.16,99.00
Mon 25/05/2026 - 10:19:02,33.57,32.00,1024.86,4.16,99.00
Mon 25/05/2026 - 10:19:36,33.75,31.77,1024.96,4.16,99.00
Mon 25/05/2026 - 10:20:10,33.73,31.82,1024.89,4.16,99.00
Mon 25/05/2026 - 10:20:44,34.34,29.48,1024.90,4.17,99.00
Mon 25/05/2026 - 10:21:18,35.04,30.01,1024.83,4.16,99.00
Mon 25/05/2026 - 10:21:52,35.77,28.71,1024.84,4.14,99.00
Mon 25/05/2026 - 10:22:26,35.88,28.70,1024.83,4.14,99.00
Mon 25/05/2026 - 10:23:00,35.96,27.61,1024.83,4.14,99.00
Mon 25/05/2026 - 10:23:34,35.60,29.00,1024.88,4.14,99.00
Mon 25/05/2026 - 10:24:08,35.15,29.49,1024.88,4.14,99.00
Mon 25/05/2026 - 10:24:42,35.21,29.51,1024.87,4.14,99.00
Mon 25/05/2026 - 10:25:16,34.99,29.63,1024.90,4.14,99.00
Mon 25/05/2026 - 10:25:50,34.63,29.96,1024.94,4.14,99.00
Mon 25/05/2026 - 10:26:24,34.42,30.39,1024.94,4.14,99.00
Mon 25/05/2026 - 10:26:58,34.54,30.34,1024.95,4.14,99.00
Mon 25/05/2026 - 10:27:32,34.28,30.48,1024.91,4.14,99.00
Mon 25/05/2026 - 10:28:06,34.20,30.56,1024.86,4.14,99.00
Mon 25/05/2026 - 10:28:40,34.16,30.57,1024.90,4.14,99.00
Mon 25/05/2026 - 10:29:14,34.58,30.05,1024.89,4.14,99.00
Mon 25/05/2026 - 10:29:48,34.49,29.64,1024.87,4.14,99.00
Mon 25/05/2026 - 10:30:22,34.38,30.59,1024.91,4.14,99.00
Mon 25/05/2026 - 10:30:56,34.91,30.12,1024.82,4.14,99.00
Mon 25/05/2026 - 10:31:30,34.81,29.55,1024.89,4.14,99.00
Mon 25/05/2026 - 10:32:04,34.67,30.00,1024.93,4.14,99.00
Mon 25/05/2026 - 10:32:38,34.50,30.32,1024.97,4.14,99.00
Mon 25/05/2026 - 10:33:12,34.36,30.39,1024.91,4.14,99.00
Mon 25/05/2026 - 10:33:46,34.13,30.73,1024.93,4.14,99.00
Mon 25/05/2026 - 10:34:20,34.10,30.72,1024.96,4.14,99.00
Mon 25/05/2026 - 10:34:54,34.78,29.00,1025.00,4.14,99.00
Mon 25/05/2026 - 10:35:28,35.07,29.55,1024.97,4.14,99.00
Mon 25/05/2026 - 10:36:02,34.81,29.76,1024.98,4.14,99.00
Mon 25/05/2026 - 10:36:36,34.67,29.98,1025.03,4.14,99.00
Mon 25/05/2026 - 10:37:10,34.55,30.07,1025.00,4.14,99.00
Mon 25/05/2026 - 10:37:44,34.37,30.30,1025.03,4.14,99.00
Mon 25/05/2026 - 10:38:18,34.34,30.43,1025.04,4.14,99.00
Mon 25/05/2026 - 10:38:52,34.23,30.47,1024.97,4.14,99.00
Mon 25/05/2026 - 10:39:26,34.23,30.47,1025.07,4.14,99.00
Mon 25/05/2026 - 10:40:00,34.18,30.49,1024.99,4.14,99.00
Mon 25/05/2026 - 10:40:34,34.23,30.46,1024.97,4.14,99.00
Mon 25/05/2026 - 10:41:08,34.19,30.51,1025.03,4.14,99.00
Mon 25/05/2026 - 10:41:42,34.15,30.53,1025.04,4.14,99.00
Mon 25/05/2026 - 10:42:16,34.08,30.49,1025.03,4.14,99.00
Mon 25/05/2026 - 10:42:49,34.07,30.85,1025.08,4.14,99.00
Mon 25/05/2026 - 10:43:23,34.03,30.95,1025.01,4.14,99.00
Mon 25/05/2026 - 10:43:57,34.02,30.96,1025.05,4.14,99.00
Mon 25/05/2026 - 10:44:31,34.05,30.78,1025.05,4.14,99.00
Mon 25/05/2026 - 10:45:05,34.05,30.79,1025.13,4.14,99.00
Mon 25/05/2026 - 10:45:39,34.00,30.89,1025.13,4.14,99.00
Mon 25/05/2026 - 10:46:13,33.92,30.83,1025.05,4.14,99.00
Mon 25/05/2026 - 10:46:47,33.79,30.77,1025.08,4.14,99.00
Mon 25/05/2026 - 10:47:21,33.76,30.98,1025.05,4.14,99.00
Mon 25/05/2026 - 10:47:55,33.76,31.01,1025.06,4.14,99.00
Mon 25/05/2026 - 10:48:29,33.64,31.09,1025.02,4.14,99.00
Mon 25/05/2026 - 10:49:03,33.56,31.12,1025.07,4.14,99.00
Mon 25/05/2026 - 10:49:37,33.55,31.08,1025.05,4.14,99.00
Mon 25/05/2026 - 10:50:11,33.48,30.93,1025.00,4.14,99.00
Mon 25/05/2026 - 10:50:45,33.49,31.02,1025.05,4.14,99.00
Mon 25/05/2026 - 10:51:19,33.46,31.16,1025.00,4.14,99.00
Mon 25/05/2026 - 10:51:53,33.41,31.25,1024.97,4.14,99.00
Mon 25/05/2026 - 10:52:27,34.10,30.54,1025.10,4.14,99.00
Mon 25/05/2026 - 10:53:01,34.08,30.46,1025.04,4.14,99.00
Mon 25/05/2026 - 10:53:35,34.04,30.82,1025.08,4.14,99.00
Mon 25/05/2026 - 10:54:09,34.10,30.53,1025.02,4.14,99.00
Mon 25/05/2026 - 10:54:43,34.54,29.33,1025.01,4.14,99.00
Mon 25/05/2026 - 10:55:17,34.77,30.43,1025.04,4.14,99.00
Mon 25/05/2026 - 10:55:51,34.83,29.55,1024.98,4.14,99.00
Mon 25/05/2026 - 10:56:25,34.63,29.70,1025.08,4.14,99.00
Mon 25/05/2026 - 10:56:59,34.69,29.70,1025.05,4.14,99.00
Mon 25/05/2026 - 10:57:33,34.63,29.52,1025.00,4.14,99.00
Mon 25/05/2026 - 10:58:07,34.68,29.56,1025.00,4.14,99.00
Mon 25/05/2026 - 10:58:41,34.58,29.64,1024.99,4.14,99.00
Mon 25/05/2026 - 10:59:15,35.02,28.80,1024.96,4.14,99.00
Mon 25/05/2026 - 10:59:49,35.00,29.15,1024.92,4.14,99.00
Mon 25/05/2026 - 11:00:23,35.13,29.55,1024.93,4.14,99.00
Mon 25/05/2026 - 11:00:57,35.22,28.81,1024.96,4.14,99.00
Mon 25/05/2026 - 11:01:31,35.00,29.04,1024.93,4.14,99.00
Mon 25/05/2026 - 11:02:05,34.78,29.26,1025.00,4.14,99.00
Mon 25/05/2026 - 11:02:39,34.66,29.45,1025.02,4.14,99.00
Mon 25/05/2026 - 11:03:13,34.56,29.56,1025.01,4.14,99.00
Mon 25/05/2026 - 11:03:47,35.13,28.60,1024.99,4.14,99.00
Mon 25/05/2026 - 11:04:21,35.12,29.19,1024.93,4.14,99.00
Mon 25/05/2026 - 11:04:55,35.35,28.56,1024.98,4.14,99.00
Mon 25/05/2026 - 11:05:29,35.22,28.88,1024.97,4.14,99.00
Mon 25/05/2026 - 11:06:03,35.53,27.42,1024.94,4.14,99.00
Mon 25/05/2026 - 11:06:37,36.72,27.12,1024.91,4.14,99.00
Mon 25/05/2026 - 11:07:11,36.56,27.02,1025.00,4.14,99.00
Mon 25/05/2026 - 11:07:45,36.11,27.25,1024.92,4.14,99.00
Mon 25/05/2026 - 11:08:19,35.62,28.06,1024.87,4.14,99.00
Mon 25/05/2026 - 11:08:53,35.40,28.45,1024.93,4.14,99.00
Mon 25/05/2026 - 11:09:27,35.33,28.37,1024.87,4.14,99.00
Mon 25/05/2026 - 11:10:00,35.08,28.68,1024.84,4.14,99.00
Mon 25/05/2026 - 11:10:34,34.93,28.78,1024.86,4.14,99.00
Mon 25/05/2026 - 11:11:08,34.71,29.05,1024.82,4.14,99.00
Mon 25/05/2026 - 11:11:42,34.60,29.18,1024.91,4.14,99.00
Mon 25/05/2026 - 11:12:16,34.73,28.83,1024.86,4.14,99.00
Mon 25/05/2026 - 11:12:50,34.74,29.01,1024.82,4.14,99.00
Mon 25/05/2026 - 11:13:24,34.36,29.28,1024.74,4.14,99.00
Mon 25/05/2026 - 11:13:58,34.16,29.57,1024.79,4.16,99.00
Mon 25/05/2026 - 11:14:32,34.06,29.61,1024.84,4.16,99.00
Mon 25/05/2026 - 11:15:06,34.00,29.79,1024.88,4.16,99.00
Mon 25/05/2026 - 11:15:40,34.49,28.66,1024.75,4.17,99.00
Mon 25/05/2026 - 11:16:14,34.57,29.06,1024.75,4.17,99.00
Mon 25/05/2026 - 11:16:48,34.46,29.10,1024.76,4.17,99.00
Mon 25/05/2026 - 11:17:22,34.31,29.17,1024.71,4.17,99.00
Mon 25/05/2026 - 11:17:56,34.15,29.36,1024.77,4.17,99.00
Mon 25/05/2026 - 11:18:30,34.10,29.36,1024.73,4.17,99.00
Mon 25/05/2026 - 11:19:04,34.06,29.30,1024.81,4.17,99.00
Mon 25/05/2026 - 11:19:38,34.03,29.19,1024.75,4.17,99.00
Mon 25/05/2026 - 11:20:12,33.90,29.27,1024.68,4.15,99.00
Mon 25/05/2026 - 11:20:46,33.73,29.43,1024.72,4.15,99.00
Mon 25/05/2026 - 11:21:20,33.61,29.54,1024.63,4.15,99.00
Mon 25/05/2026 - 11:21:54,33.55,29.61,1024.67,4.15,99.00
Mon 25/05/2026 - 11:22:28,33.48,29.72,1024.62,4.15,99.00
Mon 25/05/2026 - 11:23:02,33.49,29.66,1024.65,4.15,99.00
Mon 25/05/2026 - 11:23:36,33.45,29.63,1024.61,4.15,99.00
Mon 25/05/2026 - 11:24:10,33.46,29.70,1024.61,4.15,99.00
Mon 25/05/2026 - 11:24:44,33.42,29.87,1024.62,4.15,99.00
Mon 25/05/2026 - 11:25:18,33.46,29.95,1024.60,4.15,99.00
Mon 25/05/2026 - 11:25:52,33.55,29.74,1024.53,4.15,99.00
Mon 25/05/2026 - 11:26:26,33.76,29.55,1024.58,4.15,99.00
Mon 25/05/2026 - 11:27:00,34.12,29.15,1024.61,4.15,99.00
Mon 25/05/2026 - 11:27:34,34.18,29.00,1024.49,4.15,99.00
Mon 25/05/2026 - 11:28:08,34.25,28.96,1024.55,4.15,99.00
Mon 25/05/2026 - 11:28:42,34.12,29.10,1024.53,4.15,99.00
Mon 25/05/2026 - 11:29:16,33.94,29.24,1024.58,4.15,99.00
Mon 25/05/2026 - 11:29:50,33.98,29.41,1024.46,4.15,99.00
Mon 25/05/2026 - 11:30:24,34.06,29.12,1024.51,4.15,99.00
Mon 25/05/2026 - 11:30:58,33.93,29.17,1024.56,4.15,99.00
Mon 25/05/2026 - 11:31:32,34.26,28.83,1024.46,4.15,99.00
Mon 25/05/2026 - 11:32:06,34.21,28.75,1024.52,4.15,99.00
Mon 25/05/2026 - 11:32:40,35.11,27.79,1024.39,4.15,99.00
Mon 25/05/2026 - 11:33:14,35.29,27.69,1024.42,4.15,99.00
Mon 25/05/2026 - 11:33:48,35.21,27.57,1024.29,4.15,99.00
Mon 25/05/2026 - 11:34:22,34.97,27.94,1024.32,4.15,99.00
Mon 25/05/2026 - 11:34:56,34.81,28.02,1024.31,4.15,99.00
Mon 25/05/2026 - 11:35:30,34.63,28.29,1024.31,4.15,99.00
Mon 25/05/2026 - 11:36:04,34.51,28.33,1024.26,4.15,99.00
Mon 25/05/2026 - 11:36:38,34.31,28.63,1024.27,4.15,99.00
Mon 25/05/2026 - 11:37:12,34.29,28.70,1024.26,4.15,99.00
Mon 25/05/2026 - 11:37:46,34.44,28.55,1024.36,4.15,99.00
Mon 25/05/2026 - 11:38:20,34.26,28.64,1024.21,4.15,99.00
Mon 25/05/2026 - 11:38:54,34.03,28.80,1024.37,4.15,99.00
Mon 25/05/2026 - 11:39:28,33.98,28.92,1024.36,4.15,99.00
Mon 25/05/2026 - 11:40:02,33.91,28.92,1024.31,4.15,99.00
Mon 25/05/2026 - 11:40:36,33.79,28.99,1024.24,4.15,99.00
Mon 25/05/2026 - 11:41:10,34.37,28.43,1024.20,4.15,99.00
Mon 25/05/2026 - 11:41:44,34.41,28.25,1024.15,4.15,99.00
Mon 25/05/2026 - 11:42:18,34.06,28.47,1024.18,4.17,99.00
Mon 25/05/2026 - 11:42:52,33.86,28.75,1024.11,4.17,99.00
Mon 25/05/2026 - 11:43:26,33.83,28.78,1024.10,4.15,99.00
Mon 25/05/2026 - 11:44:00,33.83,28.85,1024.18,4.15,99.00
Mon 25/05/2026 - 11:44:34,33.47,29.05,1024.18,4.17,99.00
Mon 25/05/2026 - 11:45:07,33.72,28.46,1024.19,4.17,99.00
Mon 25/05/2026 - 11:45:41,34.92,27.55,1024.13,4.15,99.00
Mon 25/05/2026 - 11:46:15,34.84,27.63,1024.16,4.15,99.00
Mon 25/05/2026 - 11:46:49,34.77,27.68,1024.21,4.15,99.00
Mon 25/05/2026 - 11:47:23,34.48,28.01,1024.05,4.15,99.00
Mon 25/05/2026 - 11:47:57,34.15,28.42,1024.05,4.17,99.00
Mon 25/05/2026 - 11:48:31,34.37,28.27,1024.09,4.15,99.00
Mon 25/05/2026 - 11:49:05,34.29,28.39,1024.17,4.15,99.00
Mon 25/05/2026 - 11:49:39,34.10,28.58,1024.12,4.16,99.00
Mon 25/05/2026 - 11:50:13,33.54,29.33,1024.18,4.15,99.00
Mon 25/05/2026 - 11:50:47,33.46,29.56,1024.11,4.17,99.00
Mon 25/05/2026 - 11:51:21,33.64,29.23,1024.13,4.15,99.00
Mon 25/05/2026 - 11:51:55,34.56,27.47,1024.07,4.15,99.00
Mon 25/05/2026 - 11:52:29,35.63,27.09,1024.04,4.15,99.00
Mon 25/05/2026 - 11:53:03,35.36,27.26,1024.03,4.15,99.00
Mon 25/05/2026 - 11:53:37,35.84,26.76,1024.04,4.15,99.00
Mon 25/05/2026 - 11:54:11,35.45,26.99,1024.07,4.15,99.00
Mon 25/05/2026 - 11:54:45,35.03,27.50,1024.03,4.15,99.00
Mon 25/05/2026 - 11:55:19,34.96,26.53,1024.02,4.15,99.00
Mon 25/05/2026 - 11:55:53,35.40,27.22,1024.16,4.15,99.00
Mon 25/05/2026 - 11:56:27,35.65,25.42,1023.99,4.15,99.00
Mon 25/05/2026 - 11:57:01,35.92,26.49,1024.08,4.15,99.00
Mon 25/05/2026 - 11:57:35,36.12,25.61,1023.98,4.15,99.00
Mon 25/05/2026 - 11:58:09,36.72,25.37,1024.04,4.15,99.00
Mon 25/05/2026 - 11:58:43,36.14,25.87,1023.97,4.15,99.00
Mon 25/05/2026 - 11:59:17,35.71,26.33,1024.01,4.15,99.00
Mon 25/05/2026 - 11:59:51,36.90,24.59,1024.01,4.15,99.00
Mon 25/05/2026 - 12:00:25,36.82,24.30,1023.94,4.15,99.00
Mon 25/05/2026 - 12:00:59,37.38,24.66,1023.98,4.15,99.00
Mon 25/05/2026 - 12:01:33,37.20,24.45,1023.95,4.15,99.00
Mon 25/05/2026 - 12:02:07,36.45,25.17,1023.95,4.15,99.00
Mon 25/05/2026 - 12:02:41,35.77,25.76,1023.95,4.15,99.00
Mon 25/05/2026 - 12:03:15,35.90,25.73,1023.95,4.15,99.00
Mon 25/05/2026 - 12:03:49,35.61,26.04,1023.87,4.15,99.00
Mon 25/05/2026 - 12:04:23,35.22,26.46,1023.85,4.15,99.00
Mon 25/05/2026 - 12:04:57,34.82,26.80,1023.82,4.15,99.00
Mon 25/05/2026 - 12:05:31,34.51,27.13,1023.84,4.15,99.00
Mon 25/05/2026 - 12:06:05,34.79,27.02,1023.80,4.15,99.00
Mon 25/05/2026 - 12:06:39,34.77,26.95,1023.82,4.15,99.00
Mon 25/05/2026 - 12:07:13,34.33,27.39,1023.77,4.15,99.00
Mon 25/05/2026 - 12:07:47,34.21,27.60,1023.82,4.15,99.00
Mon 25/05/2026 - 12:08:21,34.17,27.78,1023.78,4.15,99.00
Mon 25/05/2026 - 12:08:55,34.16,27.98,1023.78,4.15,99.00
Mon 25/05/2026 - 12:09:29,34.34,27.62,1023.82,4.15,99.00
Mon 25/05/2026 - 12:10:03,34.18,27.84,1023.76,4.15,99.00
Mon 25/05/2026 - 12:10:37,34.81,27.07,1023.75,4.15,99.00
Mon 25/05/2026 - 12:11:11,34.56,27.49,1023.85,4.17,99.00
Mon 25/05/2026 - 12:11:45,34.71,27.26,1023.75,4.15,99.00
Mon 25/05/2026 - 12:12:19,34.72,27.23,1023.81,4.15,99.00
Mon 25/05/2026 - 12:12:53,34.62,27.30,1023.76,4.15,99.00
Mon 25/05/2026 - 12:13:27,34.65,27.48,1023.72,4.15,99.00
Mon 25/05/2026 - 12:14:01,35.68,25.55,1023.66,4.15,99.00
Mon 25/05/2026 - 12:14:34,35.91,26.39,1023.74,4.15,99.00
Mon 25/05/2026 - 12:15:08,35.56,26.45,1023.62,4.15,99.00
Mon 25/05/2026 - 12:15:42,35.72,25.95,1023.64,4.15,99.00
Mon 25/05/2026 - 12:16:16,36.05,25.72,1023.65,4.15,99.00
Mon 25/05/2026 - 12:16:51,36.39,25.59,1023.60,4.15,99.00
Mon 25/05/2026 - 12:17:25,36.32,25.61,1023.62,4.15,99.00
Mon 25/05/2026 - 12:17:58,36.98,25.06,1023.62,4.15,99.00
Mon 25/05/2026 - 12:18:32,36.71,25.13,1023.61,4.15,99.00
Mon 25/05/2026 - 12:19:06,37.10,24.95,1023.62,4.15,99.00
Mon 25/05/2026 - 12:19:40,37.33,23.99,1023.62,4.15,99.00
Mon 25/05/2026 - 12:20:14,37.60,24.17,1023.65,4.15,99.00
Mon 25/05/2026 - 12:20:48,36.80,24.86,1023.62,4.15,99.00
Mon 25/05/2026 - 12:21:22,36.22,25.59,1023.57,4.15,99.00
Mon 25/05/2026 - 12:21:56,35.78,26.01,1023.60,4.15,99.00
Mon 25/05/2026 - 12:22:30,35.32,25.83,1023.57,4.15,99.00
Mon 25/05/2026 - 12:23:04,36.15,24.80,1023.53,4.15,99.00
Mon 25/05/2026 - 12:23:38,37.29,23.81,1023.55,4.15,99.00
Mon 25/05/2026 - 12:24:12,37.27,23.84,1023.60,4.15,99.00
Mon 25/05/2026 - 12:24:46,36.34,25.06,1023.48,4.15,99.00
Mon 25/05/2026 - 12:25:20,35.94,25.32,1023.57,4.15,99.00
Mon 25/05/2026 - 12:25:54,35.84,25.75,1023.51,4.15,99.00
Mon 25/05/2026 - 12:26:28,36.72,24.96,1023.49,4.15,99.00
Mon 25/05/2026 - 12:27:02,36.19,25.56,1023.48,4.15,99.00
Mon 25/05/2026 - 12:27:36,35.97,24.86,1023.50,4.15,99.00
Mon 25/05/2026 - 12:28:10,36.58,25.11,1023.43,4.15,99.00
Mon 25/05/2026 - 12:28:44,36.70,24.83,1023.46,4.15,99.00
Mon 25/05/2026 - 12:29:18,36.56,24.64,1023.47,4.15,99.00
Mon 25/05/2026 - 12:29:52,36.72,24.64,1023.37,4.15,99.00
Mon 25/05/2026 - 12:30:26,36.56,24.38,1023.38,4.15,99.00
Mon 25/05/2026 - 12:31:00,36.42,24.55,1023.42,4.15,99.00
Mon 25/05/2026 - 12:31:34,36.44,25.21,1023.41,4.15,99.00
Mon 25/05/2026 - 12:32:08,36.29,25.14,1023.41,4.15,99.00
Mon 25/05/2026 - 12:32:42,36.52,25.02,1023.35,4.15,99.00
Mon 25/05/2026 - 12:33:16,36.11,25.52,1023.35,4.15,99.00
Mon 25/05/2026 - 12:33:50,35.61,26.02,1023.34,4.15,99.00
Mon 25/05/2026 - 12:34:24,35.50,26.32,1023.38,4.15,99.00
Mon 25/05/2026 - 12:34:58,36.45,24.79,1023.36,4.15,99.00
Mon 25/05/2026 - 12:35:32,36.96,24.04,1023.33,4.15,99.00
Mon 25/05/2026 - 12:36:06,36.92,24.93,1023.33,4.15,99.00
Mon 25/05/2026 - 12:36:40,36.74,25.14,1023.33,4.15,99.00
Mon 25/05/2026 - 12:37:14,36.53,25.36,1023.23,4.15,99.00
Mon 25/05/2026 - 12:37:48,36.15,25.61,1023.28,4.15,99.00
Mon 25/05/2026 - 12:38:22,36.25,25.14,1023.31,4.15,99.00
Mon 25/05/2026 - 12:38:56,36.72,24.68,1023.29,4.15,99.00
Mon 25/05/2026 - 12:39:30,36.22,24.71,1023.23,4.15,99.00
Mon 25/05/2026 - 12:40:04,36.28,24.65,1023.31,4.15,99.00
Mon 25/05/2026 - 12:40:38,36.06,25.00,1023.27,4.15,99.00
Mon 25/05/2026 - 12:41:11,36.05,24.87,1023.26,4.15,99.00
Mon 25/05/2026 - 12:41:45,35.85,25.16,1023.25,4.15,99.00
Mon 25/05/2026 - 12:42:19,35.89,25.26,1023.26,4.15,99.00
Mon 25/05/2026 - 12:42:53,36.00,25.71,1023.23,4.15,99.00
Mon 25/05/2026 - 12:43:27,35.77,25.17,1023.34,4.15,99.00
Mon 25/05/2026 - 12:44:01,36.09,25.50,1023.29,4.15,99.00
Mon 25/05/2026 - 12:44:35,36.07,25.62,1023.29,4.15,99.00
Mon 25/05/2026 - 12:45:09,35.66,25.84,1023.26,4.15,99.00
Mon 25/05/2026 - 12:45:43,35.85,25.83,1023.25,4.15,99.00
Mon 25/05/2026 - 12:46:17,35.42,26.30,1023.30,4.15,99.00
Mon 25/05/2026 - 12:46:51,34.84,26.84,1023.13,4.15,99.00
Mon 25/05/2026 - 12:47:25,34.50,27.37,1023.22,4.15,99.00
Mon 25/05/2026 - 12:47:59,35.33,26.33,1023.23,4.15,99.00
Mon 25/05/2026 - 12:48:33,35.65,25.60,1023.19,4.15,99.00
Mon 25/05/2026 - 12:49:07,35.64,25.51,1023.20,4.15,99.00
Mon 25/05/2026 - 12:49:41,35.25,25.37,1023.21,4.15,99.00
Mon 25/05/2026 - 12:50:15,35.55,25.81,1023.18,4.15,99.00
Mon 25/05/2026 - 12:50:49,35.72,25.08,1023.14,4.15,99.00
Mon 25/05/2026 - 12:51:23,35.48,25.23,1023.20,4.15,99.00
Mon 25/05/2026 - 12:51:57,35.47,25.55,1023.14,4.15,99.00
Mon 25/05/2026 - 12:52:31,35.41,25.51,1023.17,4.15,99.00
Mon 25/05/2026 - 12:53:05,35.40,25.82,1023.16,4.15,99.00
Mon 25/05/2026 - 12:53:39,35.27,26.56,1023.14,4.15,99.00
Mon 25/05/2026 - 12:54:13,35.53,26.24,1023.08,4.15,99.00
Mon 25/05/2026 - 12:54:47,35.27,25.87,1023.11,4.15,99.00
Mon 25/05/2026 - 12:55:21,35.26,25.49,1023.10,4.15,99.00
Mon 25/05/2026 - 12:55:55,34.50,26.11,1023.06,4.15,99.00
Mon 25/05/2026 - 12:56:29,34.63,26.76,1023.00,4.15,99.00
Mon 25/05/2026 - 12:57:03,34.38,26.94,1022.99,4.15,99.00
Mon 25/05/2026 - 12:57:37,34.41,26.92,1022.99,4.15,99.00
Mon 25/05/2026 - 12:58:11,34.14,27.82,1022.98,4.15,99.00
Mon 25/05/2026 - 12:58:45,34.41,26.82,1022.98,4.15,99.00
Mon 25/05/2026 - 12:59:19,34.29,26.57,1022.90,4.15,99.00
Mon 25/05/2026 - 12:59:53,34.30,26.82,1022.95,4.15,99.00
Mon 25/05/2026 - 13:00:27,34.55,26.31,1022.95,4.15,99.00
Mon 25/05/2026 - 13:01:01,34.30,26.50,1022.92,4.15,99.00
Mon 25/05/2026 - 13:01:35,34.34,26.68,1022.93,4.15,99.00
Mon 25/05/2026 - 13:02:09,34.30,26.78,1022.95,4.15,99.00
Mon 25/05/2026 - 13:02:43,34.11,27.34,1022.90,4.15,99.00
Mon 25/05/2026 - 13:03:17,34.18,27.73,1022.88,4.15,99.00
Mon 25/05/2026 - 13:03:51,34.08,27.63,1022.93,4.15,99.00
Mon 25/05/2026 - 13:04:25,33.85,28.28,1022.88,4.15,99.00
Mon 25/05/2026 - 13:04:59,33.44,28.20,1023.00,4.15,99.00
Mon 25/05/2026 - 13:05:33,33.39,28.15,1022.96,4.15,99.00
Mon 25/05/2026 - 13:06:07,33.86,27.48,1022.89,4.15,99.00
Mon 25/05/2026 - 13:06:41,34.01,27.38,1022.97,4.15,99.00
Mon 25/05/2026 - 13:07:15,34.30,27.83,1022.86,4.15,99.00
Mon 25/05/2026 - 13:07:49,34.23,28.12,1022.91,4.15,99.00
Mon 25/05/2026 - 13:08:23,34.17,28.11,1022.81,4.15,99.00
Mon 25/05/2026 - 13:08:56,33.69,28.72,1022.88,4.15,99.00
Mon 25/05/2026 - 13:09:30,33.31,29.32,1022.91,4.15,99.00
Mon 25/05/2026 - 13:10:04,33.03,29.55,1022.91,4.15,99.00
Mon 25/05/2026 - 13:10:38,32.95,29.36,1022.91,4.15,99.00
Mon 25/05/2026 - 13:11:12,32.83,29.77,1022.82,4.15,99.00
Mon 25/05/2026 - 13:11:46,32.83,29.06,1022.90,4.15,99.00
Mon 25/05/2026 - 13:12:20,33.17,29.08,1022.84,4.15,99.00
Mon 25/05/2026 - 13:12:54,33.13,28.75,1022.90,4.15,99.00
Mon 25/05/2026 - 13:13:28,33.61,27.75,1022.83,4.15,99.00
Mon 25/05/2026 - 13:14:02,34.17,27.39,1022.84,4.15,99.00
Mon 25/05/2026 - 13:14:36,33.90,28.16,1022.93,4.15,99.00
Mon 25/05/2026 - 13:15:10,33.54,28.66,1022.85,4.15,99.00
Mon 25/05/2026 - 13:15:44,33.06,29.30,1022.88,4.15,99.00
Mon 25/05/2026 - 13:16:18,32.85,29.80,1022.80,4.15,99.00
Mon 25/05/2026 - 13:16:52,33.15,29.40,1022.86,4.15,99.00
Mon 25/05/2026 - 13:17:26,33.74,28.16,1022.78,4.15,99.00
Mon 25/05/2026 - 13:18:00,33.98,27.78,1022.79,4.15,99.00
Mon 25/05/2026 - 13:18:34,34.19,27.29,1022.78,4.15,99.00
Mon 25/05/2026 - 13:19:08,34.31,27.86,1022.74,4.15,99.00
Mon 25/05/2026 - 13:19:42,34.41,27.11,1022.79,4.15,99.00
Mon 25/05/2026 - 13:20:16,34.51,27.78,1022.82,4.15,99.00
Mon 25/05/2026 - 13:20:50,34.67,26.94,1022.87,4.15,99.00
Mon 25/05/2026 - 13:21:24,34.63,27.12,1022.75,4.15,99.00
Mon 25/05/2026 - 13:21:58,34.74,26.75,1022.77,4.15,99.00
Mon 25/05/2026 - 13:22:32,34.61,26.70,1022.77,4.15,99.00
Mon 25/05/2026 - 13:23:06,34.58,27.05,1022.83,4.15,99.00
Mon 25/05/2026 - 13:23:40,34.80,27.23,1022.81,4.15,99.00
Mon 25/05/2026 - 13:24:14,34.66,27.54,1022.74,4.15,99.00
Mon 25/05/2026 - 13:24:48,34.35,28.05,1022.83,4.15,99.00
Mon 25/05/2026 - 13:25:22,33.82,28.67,1022.77,4.15,99.00
Mon 25/05/2026 - 13:25:56,33.41,28.87,1022.75,4.15,99.00
Mon 25/05/2026 - 13:26:30,33.07,29.54,1022.73,4.15,99.00
Mon 25/05/2026 - 13:27:04,32.86,29.65,1022.78,4.15,99.00
Mon 25/05/2026 - 13:27:38,32.58,30.22,1022.73,4.15,99.00
Mon 25/05/2026 - 13:28:12,33.07,28.89,1022.84,4.15,99.00
Mon 25/05/2026 - 13:28:46,33.19,28.81,1022.76,4.15,99.00
Mon 25/05/2026 - 13:29:20,33.32,28.87,1022.74,4.15,99.00
Mon 25/05/2026 - 13:29:54,33.27,29.05,1022.73,4.15,99.00
Mon 25/05/2026 - 13:30:28,33.20,28.49,1022.67,4.15,99.00
Mon 25/05/2026 - 13:31:02,33.55,28.97,1022.70,4.15,99.00
Mon 25/05/2026 - 13:31:36,33.40,29.15,1022.67,4.15,99.00
Mon 25/05/2026 - 13:32:10,33.06,28.61,1022.63,4.15,99.00
Mon 25/05/2026 - 13:32:44,33.28,28.18,1022.66,4.15,99.00
Mon 25/05/2026 - 13:33:18,33.44,28.13,1022.60,4.15,99.00
Mon 25/05/2026 - 13:33:52,33.25,28.13,1022.66,4.15,99.00
Mon 25/05/2026 - 13:34:26,33.24,27.97,1022.65,4.15,99.00
Mon 25/05/2026 - 13:35:00,33.10,28.12,1022.66,4.15,99.00
Mon 25/05/2026 - 13:35:34,32.84,28.56,1022.62,4.15,99.00
Mon 25/05/2026 - 13:36:08,32.67,28.66,1022.72,4.15,99.00
Mon 25/05/2026 - 13:36:42,32.42,28.95,1022.52,4.15,99.00
Mon 25/05/2026 - 13:37:16,31.81,29.66,1022.56,4.15,99.00
Mon 25/05/2026 - 13:37:50,31.33,30.38,1022.53,4.15,99.00
Mon 25/05/2026 - 13:38:24,31.01,30.75,1022.48,4.15,99.00
Mon 25/05/2026 - 13:38:57,31.18,30.97,1022.53,4.15,99.00
Mon 25/05/2026 - 13:39:31,30.54,31.38,1022.43,4.15,99.00
Mon 25/05/2026 - 13:40:05,30.18,32.28,1022.45,4.15,99.00
Mon 25/05/2026 - 13:40:39,29.72,32.82,1022.47,4.15,99.00
Mon 25/05/2026 - 13:41:13,29.60,33.20,1022.50,4.15,99.00
Mon 25/05/2026 - 13:41:47,29.51,33.56,1022.45,4.15,99.00
Mon 25/05/2026 - 13:42:21,29.57,33.61,1022.50,4.15,99.00
Mon 25/05/2026 - 13:42:55,29.50,33.58,1022.49,4.15,99.00
Mon 25/05/2026 - 13:43:29,29.77,33.97,1022.46,4.15,99.00
Mon 25/05/2026 - 13:44:03,29.63,33.69,1022.49,4.15,99.00
Mon 25/05/2026 - 13:44:37,29.72,33.76,1022.48,4.15,99.00
Mon 25/05/2026 - 13:45:11,29.46,33.92,1022.43,4.15,99.00
Mon 25/05/2026 - 13:45:45,29.37,33.58,1022.43,4.15,99.00
Mon 25/05/2026 - 13:46:19,29.57,33.42,1022.39,4.15,99.00
Mon 25/05/2026 - 13:46:53,29.76,33.55,1022.35,4.15,99.00
Mon 25/05/2026 - 13:47:27,29.78,33.33,1022.47,4.15,99.00
Mon 25/05/2026 - 13:48:01,29.34,33.76,1022.36,4.15,99.00
Mon 25/05/2026 - 13:48:35,29.54,34.17,1022.42,4.15,99.00
Mon 25/05/2026 - 13:49:09,29.36,34.14,1022.42,4.15,99.00
Mon 25/05/2026 - 13:49:43,29.01,34.33,1022.49,4.15,99.00
Mon 25/05/2026 - 13:50:17,28.47,34.82,1022.43,4.15,99.00
Mon 25/05/2026 - 13:50:51,28.47,35.23,1022.42,4.15,99.00
Mon 25/05/2026 - 13:51:25,28.48,35.69,1022.44,4.15,99.00
Mon 25/05/2026 - 13:51:59,28.54,35.46,1022.47,4.15,99.00
Mon 25/05/2026 - 13:52:33,28.06,35.66,1022.53,4.15,99.00
Mon 25/05/2026 - 13:53:07,27.87,36.20,1022.43,4.15,99.00
Mon 25/05/2026 - 13:53:41,27.82,36.42,1022.39,4.15,99.00
Mon 25/05/2026 - 13:54:15,27.66,36.73,1022.37,4.15,99.00
Mon 25/05/2026 - 13:54:49,27.57,36.89,1022.33,4.15,99.00
Mon 25/05/2026 - 13:55:23,27.52,36.99,1022.38,4.15,99.00
Mon 25/05/2026 - 13:55:57,27.74,36.98,1022.37,4.15,99.00
Mon 25/05/2026 - 13:56:31,27.61,37.02,1022.32,4.15,99.00
Mon 25/05/2026 - 13:57:05,27.36,37.16,1022.32,4.15,99.00
Mon 25/05/2026 - 13:57:39,27.05,37.64,1022.32,4.15,99.00
Mon 25/05/2026 - 13:58:13,26.85,38.05,1022.40,4.15,99.00
Mon 25/05/2026 - 13:58:47,26.60,38.53,1022.36,4.15,99.00
Mon 25/05/2026 - 13:59:21,26.35,38.79,1022.35,4.15,99.00
Mon 25/05/2026 - 13:59:55,26.25,39.22,1022.43,4.15,99.00
Mon 25/05/2026 - 14:00:28,26.59,38.83,1022.39,4.15,99.00
Mon 25/05/2026 - 14:01:02,26.70,39.21,1022.36,4.15,99.00
Mon 25/05/2026 - 14:01:36,26.55,38.78,1022.40,4.15,99.00
Mon 25/05/2026 - 14:02:10,26.48,38.77,1022.37,4.15,99.00
Mon 25/05/2026 - 14:02:44,26.64,39.54,1022.37,4.15,99.00
Mon 25/05/2026 - 14:03:18,26.64,39.08,1022.39,4.15,99.00
Mon 25/05/2026 - 14:03:52,26.51,39.22,1022.42,4.15,99.00
Mon 25/05/2026 - 14:04:26,26.18,39.50,1022.44,4.15,99.00
Mon 25/05/2026 - 14:05:00,26.21,39.50,1022.40,4.15,99.00
Mon 25/05/2026 - 14:05:34,26.14,39.91,1022.40,4.15,99.00
Mon 25/05/2026 - 14:06:08,26.06,40.10,1022.29,4.15,99.00
Mon 25/05/2026 - 14:06:42,26.24,40.26,1022.44,4.15,99.00
Mon 25/05/2026 - 14:07:16,26.24,39.92,1022.43,4.15,99.00
Mon 25/05/2026 - 14:07:50,26.35,40.29,1022.38,4.15,99.00
Mon 25/05/2026 - 14:08:24,26.29,40.09,1022.32,4.15,99.00
Mon 25/05/2026 - 14:08:58,26.30,39.95,1022.38,4.15,99.00
Mon 25/05/2026 - 14:09:32,26.15,40.19,1022.25,4.15,99.00
Mon 25/05/2026 - 14:10:06,26.27,40.23,1022.32,4.15,99.00
Mon 25/05/2026 - 14:10:40,26.24,39.75,1022.35,4.15,99.00
Mon 25/05/2026 - 14:11:14,26.26,40.07,1022.28,4.15,99.00
Mon 25/05/2026 - 14:11:48,26.23,39.97,1022.28,4.15,99.00
Mon 25/05/2026 - 14:12:22,26.26,40.54,1022.24,4.15,99.00
Mon 25/05/2026 - 14:12:56,26.32,39.92,1022.35,4.15,99.00
Mon 25/05/2026 - 14:13:30,26.07,40.45,1022.25,4.14,99.00
Mon 25/05/2026 - 14:14:04,25.68,40.94,1022.33,4.15,99.00
Mon 25/05/2026 - 14:14:38,25.33,41.73,1022.22,4.15,99.00
Mon 25/05/2026 - 14:15:12,25.38,42.02,1022.17,4.15,99.00
Mon 25/05/2026 - 14:15:46,25.47,42.10,1022.20,4.15,99.00
Mon 25/05/2026 - 14:16:20,25.71,40.91,1022.32,4.15,99.00
Mon 25/05/2026 - 14:16:54,25.82,40.44,1022.24,4.15,99.00
Mon 25/05/2026 - 14:17:28,25.62,40.76,1022.22,4.15,99.00
Mon 25/05/2026 - 14:18:02,25.64,40.96,1022.26,4.15,99.00
Mon 25/05/2026 - 14:18:36,25.69,41.53,1022.18,4.15,99.00
Mon 25/05/2026 - 14:19:10,25.77,41.90,1022.24,4.15,99.00
Mon 25/05/2026 - 14:19:44,25.81,42.16,1022.19,4.15,99.00
Mon 25/05/2026 - 14:20:18,25.83,42.21,1022.23,4.15,99.00
Mon 25/05/2026 - 14:20:52,25.83,42.69,1022.23,4.15,99.00
Mon 25/05/2026 - 14:21:26,25.84,42.91,1022.20,4.15,99.00
Mon 25/05/2026 - 14:22:00,25.82,43.16,1022.29,4.15,99.00
Mon 25/05/2026 - 14:22:34,25.81,43.28,1022.19,4.15,99.00
Mon 25/05/2026 - 14:23:08,25.79,43.42,1022.22,4.15,99.00
Mon 25/05/2026 - 14:23:42,25.79,43.53,1022.22,4.15,99.00
Mon 25/05/2026 - 14:24:16,25.79,43.64,1022.21,4.15,99.00
Mon 25/05/2026 - 14:24:50,25.77,43.81,1022.18,4.15,99.00
Mon 25/05/2026 - 14:25:23,25.77,43.85,1022.20,4.15,99.00
Mon 25/05/2026 - 14:25:57,25.77,43.90,1022.21,4.15,99.00
Mon 25/05/2026 - 14:26:31,25.80,44.03,1022.26,4.15,99.00
Mon 25/05/2026 - 14:27:05,25.80,44.21,1022.20,4.15,99.00
Mon 25/05/2026 - 14:27:39,25.78,44.19,1022.14,4.15,99.00
Mon 25/05/2026 - 14:28:13,25.78,44.22,1022.11,4.15,99.00
Mon 25/05/2026 - 14:28:47,25.75,44.34,1022.18,4.15,99.00
Mon 25/05/2026 - 14:29:21,25.75,44.45,1022.12,4.15,99.00
Mon 25/05/2026 - 14:29:55,25.75,44.60,1022.09,4.15,99.00
Mon 25/05/2026 - 14:30:29,25.76,44.76,1022.13,4.15,99.00
Mon 25/05/2026 - 14:31:03,25.77,44.55,1022.10,4.15,99.00
Mon 25/05/2026 - 14:31:37,25.79,44.74,1022.10,4.15,99.00
Mon 25/05/2026 - 14:32:11,25.78,44.80,1022.14,4.15,99.00
Mon 25/05/2026 - 14:32:45,25.77,45.01,1022.10,4.15,99.00
Mon 25/05/2026 - 14:33:19,25.76,44.96,1022.08,4.15,99.00
Mon 25/05/2026 - 14:33:53,25.74,45.35,1022.13,4.15,99.00
Mon 25/05/2026 - 14:34:27,25.72,45.43,1022.07,4.15,99.00
Mon 25/05/2026 - 14:35:01,25.73,45.41,1022.12,4.15,99.00
Mon 25/05/2026 - 14:35:35,25.73,45.47,1022.03,4.15,99.00
Mon 25/05/2026 - 14:36:09,25.72,45.55,1022.12,4.15,99.00
Mon 25/05/2026 - 14:36:43,25.70,45.64,1022.00,4.15,99.00
Mon 25/05/2026 - 14:37:17,25.69,45.67,1022.01,4.15,99.00
Mon 25/05/2026 - 14:37:51,25.69,45.49,1021.96,4.15,99.00
Mon 25/05/2026 - 14:38:25,25.70,45.62,1021.98,4.15,99.00
Mon 25/05/2026 - 14:38:59,25.71,45.68,1021.97,4.15,99.00
Mon 25/05/2026 - 14:39:33,25.68,45.75,1021.98,4.15,99.00
Mon 25/05/2026 - 14:40:07,25.64,45.87,1021.99,4.15,99.00
Mon 25/05/2026 - 14:40:41,25.62,46.01,1022.00,4.15,99.00
Mon 25/05/2026 - 14:41:15,25.62,46.01,1021.98,4.15,99.00
Mon 25/05/2026 - 14:41:49,25.62,46.10,1022.06,4.15,99.00
Mon 25/05/2026 - 14:42:23,25.62,46.14,1021.96,4.15,99.00
Mon 25/05/2026 - 14:42:57,25.59,46.26,1021.90,4.15,99.00
Mon 25/05/2026 - 14:43:31,25.58,46.27,1022.00,4.15,99.00
Mon 25/05/2026 - 14:44:05,25.57,46.34,1021.97,4.15,99.00
Mon 25/05/2026 - 14:44:39,25.55,46.41,1022.03,4.15,99.00
Mon 25/05/2026 - 14:45:13,25.56,46.12,1021.95,4.15,99.00
Mon 25/05/2026 - 14:45:47,25.58,46.48,1022.00,4.15,99.00
Mon 25/05/2026 - 14:46:21,25.56,46.64,1021.98,4.15,99.00
Mon 25/05/2026 - 14:46:55,25.58,46.65,1022.02,4.15,99.00
Mon 25/05/2026 - 14:47:29,25.58,46.67,1021.96,4.15,99.00
Mon 25/05/2026 - 14:48:03,25.57,46.68,1021.98,4.15,99.00
Mon 25/05/2026 - 14:48:36,25.56,46.72,1021.93,4.15,99.00
Mon 25/05/2026 - 14:49:10,25.55,46.76,1021.92,4.15,99.00
Mon 25/05/2026 - 14:49:44,25.54,46.85,1021.97,4.15,99.00
Mon 25/05/2026 - 14:50:18,25.53,46.60,1021.94,4.15,99.00
Mon 25/05/2026 - 14:50:52,25.52,46.90,1021.99,4.15,99.00
Mon 25/05/2026 - 14:51:26,25.49,46.97,1021.94,4.15,99.00
Mon 25/05/2026 - 14:52:00,25.48,46.97,1021.93,4.15,99.00
Mon 25/05/2026 - 14:52:34,25.46,46.90,1021.91,4.15,99.00
Mon 25/05/2026 - 14:53:08,25.46,46.83,1021.96,4.15,99.00
Mon 25/05/2026 - 14:53:42,25.44,47.17,1021.90,4.15,99.00
Mon 25/05/2026 - 14:54:16,25.42,47.11,1021.87,4.15,99.00
Mon 25/05/2026 - 14:54:50,25.44,47.31,1021.89,4.15,99.00
Mon 25/05/2026 - 14:55:24,25.43,47.37,1021.97,4.15,99.00
Mon 25/05/2026 - 14:55:58,25.43,47.46,1021.90,4.15,99.00
Mon 25/05/2026 - 14:56:32,25.40,47.52,1021.89,4.15,99.00
Mon 25/05/2026 - 14:57:06,25.39,47.17,1021.90,4.15,99.00
Mon 25/05/2026 - 14:57:40,25.40,47.61,1021.92,4.15,99.00
Mon 25/05/2026 - 14:58:14,25.40,47.70,1021.91,4.15,99.00
Mon 25/05/2026 - 14:58:48,25.38,47.78,1021.88,4.15,99.00
Mon 25/05/2026 - 14:59:22,25.38,47.81,1021.90,4.15,99.00
Mon 25/05/2026 - 14:59:56,25.38,47.76,1021.91,4.15,99.00
Mon 25/05/2026 - 15:00:30,25.38,47.74,1021.84,4.15,99.00
Mon 25/05/2026 - 15:01:04,25.36,47.89,1021.90,4.15,99.00
Mon 25/05/2026 - 15:01:38,25.35,47.99,1021.83,4.15,99.00
Mon 25/05/2026 - 15:02:12,25.34,48.09,1021.91,4.14,99.00
Mon 25/05/2026 - 15:02:46,25.28,48.47,1021.85,4.14,99.00
Mon 25/05/2026 - 15:03:20,25.25,48.35,1021.82,4.14,99.00
Mon 25/05/2026 - 15:03:54,25.24,48.40,1021.91,4.14,99.00
Mon 25/05/2026 - 15:04:28,25.22,48.46,1021.88,4.14,99.00
Mon 25/05/2026 - 15:05:02,25.20,48.68,1021.84,4.14,99.00
Mon 25/05/2026 - 15:05:36,25.17,48.75,1021.90,4.14,99.00
Mon 25/05/2026 - 15:06:10,25.15,48.86,1021.91,4.14,99.00
Mon 25/05/2026 - 15:06:44,25.11,48.86,1021.90,4.14,99.00
Mon 25/05/2026 - 15:07:18,25.07,49.09,1021.95,4.14,99.00
Mon 25/05/2026 - 15:07:52,25.04,49.30,1021.90,4.14,99.00
Mon 25/05/2026 - 15:08:26,24.99,49.45,1021.93,4.14,99.00
Mon 25/05/2026 - 15:09:00,24.96,49.65,1021.93,4.14,99.00
Mon 25/05/2026 - 15:09:34,24.93,49.73,1021.93,4.14,99.00
Mon 25/05/2026 - 15:10:08,24.90,49.84,1021.88,4.14,99.00
Mon 25/05/2026 - 15:10:42,24.88,50.04,1021.95,4.14,99.00
Mon 25/05/2026 - 15:11:16,24.82,50.18,1021.86,4.14,99.00
Mon 25/05/2026 - 15:11:50,24.79,50.37,1021.89,4.14,99.00
Mon 25/05/2026 - 15:12:24,24.75,50.49,1021.89,4.14,99.00
Mon 25/05/2026 - 15:12:58,24.72,50.60,1021.88,4.14,99.00
Mon 25/05/2026 - 15:13:32,24.70,50.79,1021.92,4.14,99.00
Mon 25/05/2026 - 15:14:06,24.67,50.93,1021.92,4.14,99.00
Mon 25/05/2026 - 15:14:39,24.65,51.11,1021.92,4.14,99.00
Mon 25/05/2026 - 15:15:13,24.69,51.08,1021.90,4.14,99.00
Mon 25/05/2026 - 15:15:47,24.68,51.16,1021.94,4.14,99.00
Mon 25/05/2026 - 15:16:21,24.67,51.15,1021.89,4.14,99.00
Mon 25/05/2026 - 15:16:55,24.69,51.24,1021.93,4.14,99.00
Mon 25/05/2026 - 15:17:29,24.68,51.38,1021.88,4.14,99.00
Mon 25/05/2026 - 15:18:03,24.67,51.42,1021.92,4.14,99.00
Mon 25/05/2026 - 15:18:37,24.66,51.47,1021.86,4.14,99.00
Mon 25/05/2026 - 15:19:11,24.65,51.57,1021.88,4.14,99.00
Mon 25/05/2026 - 15:19:45,24.64,51.71,1021.98,4.14,99.00
Mon 25/05/2026 - 15:20:19,24.65,51.75,1021.86,4.14,99.00
Mon 25/05/2026 - 15:20:53,24.64,51.85,1021.76,4.14,99.00
Mon 25/05/2026 - 15:21:27,24.63,51.88,1021.88,4.14,99.00
Mon 25/05/2026 - 15:22:01,24.62,52.00,1021.86,4.14,99.00
Mon 25/05/2026 - 15:22:35,24.61,52.09,1021.82,4.14,99.00
Mon 25/05/2026 - 15:23:09,24.60,52.10,1021.81,4.14,99.00
Mon 25/05/2026 - 15:23:43,24.59,52.15,1021.70,4.14,99.00
Mon 25/05/2026 - 15:24:17,24.60,52.23,1021.80,4.14,99.00
Mon 25/05/2026 - 15:24:51,24.57,52.31,1021.82,4.14,99.00
Mon 25/05/2026 - 15:25:25,24.57,52.37,1021.82,4.14,99.00
Mon 25/05/2026 - 15:25:59,24.57,52.40,1021.76,4.14,99.00
Mon 25/05/2026 - 15:26:33,24.58,52.49,1021.83,4.14,99.00
Mon 25/05/2026 - 15:27:07,24.58,52.52,1021.83,4.14,98.00
Mon 25/05/2026 - 15:27:41,24.58,52.55,1021.84,4.14,98.00
Mon 25/05/2026 - 15:28:15,24.56,52.58,1021.83,4.14,99.00
Mon 25/05/2026 - 15:28:49,24.57,52.60,1021.86,4.14,99.00
Mon 25/05/2026 - 15:29:23,24.56,52.66,1021.87,4.14,98.00
Mon 25/05/2026 - 15:29:57,24.56,52.69,1021.80,4.14,98.00
Mon 25/05/2026 - 15:30:31,24.55,52.64,1021.78,4.14,98.00
Mon 25/05/2026 - 15:31:05,24.55,52.64,1021.78,4.14,98.00
Mon 25/05/2026 - 15:31:39,24.55,52.67,1021.81,4.14,99.00
Mon 25/05/2026 - 15:32:13,24.55,52.72,1021.78,4.14,98.00
Mon 25/05/2026 - 15:32:47,24.54,52.79,1021.82,4.14,98.00
Mon 25/05/2026 - 15:33:21,24.55,52.88,1021.89,4.14,98.00
Mon 25/05/2026 - 15:33:55,24.54,52.87,1021.85,4.14,98.00
Mon 25/05/2026 - 15:34:29,24.54,52.96,1021.81,4.14,98.00
Mon 25/05/2026 - 15:35:03,24.53,53.03,1021.86,4.14,98.00
Mon 25/05/2026 - 15:35:37,24.55,53.04,1021.80,4.14,98.00
Mon 25/05/2026 - 15:36:11,24.54,53.04,1021.99,4.14,98.00
Mon 25/05/2026 - 15:36:45,24.55,52.97,1021.89,4.14,98.00
Mon 25/05/2026 - 15:37:18,24.54,53.18,1021.85,4.14,98.00
Mon 25/05/2026 - 15:37:52,24.54,53.13,1021.88,4.14,98.00
Mon 25/05/2026 - 15:38:26,24.52,53.02,1021.78,4.13,98.00
Mon 25/05/2026 - 15:39:00,24.54,53.03,1021.90,4.13,98.00
Mon 25/05/2026 - 15:39:34,24.54,52.98,1021.87,4.13,98.00
Mon 25/05/2026 - 15:40:08,24.55,53.15,1021.80,4.13,98.00
Mon 25/05/2026 - 15:40:42,24.55,53.05,1021.78,4.13,98.00
Mon 25/05/2026 - 15:41:16,24.55,53.05,1021.89,4.13,98.00
Mon 25/05/2026 - 15:41:50,24.57,53.18,1021.78,4.13,98.00
Mon 25/05/2026 - 15:42:24,24.57,53.04,1021.84,4.13,98.00
Mon 25/05/2026 - 15:42:58,24.57,53.04,1021.79,4.13,98.00
Mon 25/05/2026 - 15:43:32,24.60,53.00,1021.85,4.13,98.00
Mon 25/05/2026 - 15:44:06,24.58,53.09,1021.77,4.13,98.00
Mon 25/05/2026 - 15:44:40,24.60,52.91,1021.81,4.13,98.00
Mon 25/05/2026 - 15:45:14,24.61,53.08,1021.88,4.13,98.00
Mon 25/05/2026 - 15:45:48,24.61,53.25,1021.88,4.13,98.00
Mon 25/05/2026 - 15:46:22,24.62,52.84,1021.91,4.13,98.00
Mon 25/05/2026 - 15:46:56,24.62,52.58,1021.90,4.13,98.00
Mon 25/05/2026 - 15:47:30,24.63,52.90,1021.85,4.13,98.00
Mon 25/05/2026 - 15:48:04,24.64,52.98,1021.81,4.13,98.00
Mon 25/05/2026 - 15:48:38,24.64,52.60,1021.87,4.13,98.00
Mon 25/05/2026 - 15:49:12,24.63,52.62,1021.91,4.13,98.00
Mon 25/05/2026 - 15:49:46,24.63,52.74,1021.82,4.13,98.00
Mon 25/05/2026 - 15:50:20,24.64,52.79,1021.92,4.13,98.00
Mon 25/05/2026 - 15:50:54,24.64,52.84,1021.87,4.13,98.00
Mon 25/05/2026 - 15:51:28,24.64,52.90,1021.84,4.13,98.00
Mon 25/05/2026 - 15:52:02,24.63,53.16,1021.89,4.13,98.00
Mon 25/05/2026 - 15:52:36,24.64,53.10,1021.92,4.13,98.00
Mon 25/05/2026 - 15:53:10,24.65,53.15,1021.94,4.13,98.00
Mon 25/05/2026 - 15:53:44,24.63,53.39,1021.94,4.13,98.00
Mon 25/05/2026 - 15:54:18,24.62,53.30,1021.89,4.13,98.00
Mon 25/05/2026 - 15:54:52,24.61,53.21,1021.91,4.13,98.00
Mon 25/05/2026 - 15:55:26,24.62,53.41,1021.89,4.13,98.00
Mon 25/05/2026 - 15:56:00,24.60,53.12,1021.96,4.13,98.00
Mon 25/05/2026 - 15:56:34,24.60,53.04,1022.02,4.13,98.00
Mon 25/05/2026 - 15:57:08,24.59,53.44,1021.95,4.13,98.00
Mon 25/05/2026 - 15:57:42,24.59,53.55,1021.92,4.13,98.00
Mon 25/05/2026 - 15:58:16,24.57,53.78,1021.86,4.13,98.00
Mon 25/05/2026 - 15:58:50,24.56,53.89,1021.91,4.13,98.00
Mon 25/05/2026 - 15:59:24,24.55,54.17,1021.97,4.13,98.00
Mon 25/05/2026 - 15:59:57,24.54,54.19,1021.98,4.13,98.00
Mon 25/05/2026 - 16:00:31,24.53,54.41,1021.97,4.13,98.00
Mon 25/05/2026 - 16:01:05,24.49,54.43,1021.95,4.13,98.00
Mon 25/05/2026 - 16:01:39,24.49,54.47,1021.95,4.13,98.00
Mon 25/05/2026 - 16:02:13,24.49,54.50,1021.90,4.13,98.00
Mon 25/05/2026 - 16:02:47,24.47,54.64,1021.92,4.13,98.00
Mon 25/05/2026 - 16:03:21,24.47,54.52,1021.92,4.13,98.00
Mon 25/05/2026 - 16:03:55,24.46,54.70,1021.93,4.13,98.00
Mon 25/05/2026 - 16:04:29,24.46,54.79,1021.90,4.13,98.00
Mon 25/05/2026 - 16:05:03,24.45,54.82,1021.93,4.13,98.00
Mon 25/05/2026 - 16:05:37,24.44,54.90,1021.89,4.13,98.00
Mon 25/05/2026 - 16:06:11,24.43,55.03,1021.91,4.13,98.00
Mon 25/05/2026 - 16:06:45,24.42,55.07,1021.89,4.13,98.00
Mon 25/05/2026 - 16:07:19,24.41,55.11,1021.93,4.13,98.00
Mon 25/05/2026 - 16:07:53,24.41,55.20,1021.95,4.13,98.00
Mon 25/05/2026 - 16:08:27,24.40,55.25,1021.94,4.13,98.00
Mon 25/05/2026 - 16:09:01,24.38,55.32,1021.93,4.13,98.00
Mon 25/05/2026 - 16:09:35,24.37,55.35,1021.94,4.13,98.00
Mon 25/05/2026 - 16:10:09,24.37,55.54,1021.91,4.13,98.00
Mon 25/05/2026 - 16:10:43,24.37,55.74,1021.96,4.13,98.00
Mon 25/05/2026 - 16:11:17,24.35,55.82,1021.95,4.13,98.00
Mon 25/05/2026 - 16:11:51,24.34,55.84,1021.92,4.13,98.00
Mon 25/05/2026 - 16:12:25,24.33,55.90,1021.89,4.13,98.00
Mon 25/05/2026 - 16:12:59,24.33,56.03,1021.95,4.13,98.00
Mon 25/05/2026 - 16:13:33,24.31,56.20,1021.92,4.13,98.00
Mon 25/05/2026 - 16:14:07,24.31,56.29,1021.91,4.13,98.00
Mon 25/05/2026 - 16:14:41,24.29,56.32,1021.83,4.13,98.00
Mon 25/05/2026 - 16:15:15,24.28,55.96,1021.89,4.13,98.00
Mon 25/05/2026 - 16:15:49,24.27,55.64,1021.95,4.13,98.00
Mon 25/05/2026 - 16:16:23,24.27,55.92,1021.90,4.13,98.00
Mon 25/05/2026 - 16:16:57,24.26,56.20,1021.94,4.13,98.00
Mon 25/05/2026 - 16:17:31,24.25,56.28,1021.90,4.12,98.00
Mon 25/05/2026 - 16:18:05,24.25,56.47,1021.92,4.13,98.00
Mon 25/05/2026 - 16:18:39,24.24,56.63,1021.85,4.13,98.00
Mon 25/05/2026 - 16:19:13,24.22,56.59,1021.85,4.13,98.00
Mon 25/05/2026 - 16:19:47,24.22,56.42,1021.92,4.13,98.00
Mon 25/05/2026 - 16:20:21,24.21,56.39,1021.79,4.13,98.00
Mon 25/05/2026 - 16:20:55,24.20,56.26,1021.95,4.12,98.00
Mon 25/05/2026 - 16:21:29,24.18,56.48,1021.91,4.13,98.00
Mon 25/05/2026 - 16:22:03,24.18,56.82,1021.80,4.13,98.00
Mon 25/05/2026 - 16:22:37,24.17,56.99,1021.90,4.13,98.00
Mon 25/05/2026 - 16:23:11,24.15,57.03,1021.86,4.12,98.00
Mon 25/05/2026 - 16:23:45,24.15,57.15,1021.85,4.13,98.00
Mon 25/05/2026 - 16:24:19,24.13,57.31,1021.88,4.13,98.00
Mon 25/05/2026 - 16:24:53,24.13,57.36,1021.85,4.13,98.00
Mon 25/05/2026 - 16:25:26,24.12,57.47,1021.89,4.13,98.00
Mon 25/05/2026 - 16:26:00,24.11,57.61,1021.90,4.12,98.00
Mon 25/05/2026 - 16:26:34,24.10,57.58,1021.88,4.12,98.00
Mon 25/05/2026 - 16:27:08,24.10,57.49,1021.94,4.13,98.00
Mon 25/05/2026 - 16:27:42,24.08,57.62,1021.91,4.12,98.00
Mon 25/05/2026 - 16:28:16,24.08,57.48,1021.90,4.12,98.00
Mon 25/05/2026 - 16:28:50,24.07,57.71,1021.89,4.12,98.00
Mon 25/05/2026 - 16:29:24,24.07,57.76,1021.89,4.12,98.00
Mon 25/05/2026 - 16:29:58,24.04,57.82,1021.84,4.12,98.00
Mon 25/05/2026 - 16:30:32,24.05,57.84,1021.94,4.12,98.00
Mon 25/05/2026 - 16:31:06,24.04,57.78,1021.90,4.12,98.00
Mon 25/05/2026 - 16:31:40,24.03,57.92,1021.90,4.12,98.00
Mon 25/05/2026 - 16:32:14,24.02,58.05,1021.92,4.12,98.00
Mon 25/05/2026 - 16:32:48,24.01,58.18,1021.90,4.12,98.00
Mon 25/05/2026 - 16:33:22,24.01,58.41,1021.89,4.12,98.00
Mon 25/05/2026 - 16:33:56,23.99,58.40,1021.91,4.12,98.00
Mon 25/05/2026 - 16:34:30,24.00,58.78,1021.93,4.12,98.00
Mon 25/05/2026 - 16:35:04,23.99,59.00,1021.97,4.12,98.00
Mon 25/05/2026 - 16:35:38,23.96,59.03,1021.84,4.12,98.00
Mon 25/05/2026 - 16:36:12,23.97,59.21,1021.85,4.12,98.00
Mon 25/05/2026 - 16:36:46,23.96,59.32,1021.92,4.12,98.00
Mon 25/05/2026 - 16:37:20,23.95,59.47,1021.93,4.12,98.00
Mon 25/05/2026 - 16:37:54,23.93,59.64,1021.93,4.12,98.00
Mon 25/05/2026 - 16:38:28,23.93,59.82,1021.97,4.12,98.00
Mon 25/05/2026 - 16:39:02,23.93,59.90,1021.97,4.12,98.00
Mon 25/05/2026 - 16:39:36,23.90,59.94,1021.96,4.12,98.00
Mon 25/05/2026 - 16:40:10,23.89,59.91,1021.93,4.12,98.00
Mon 25/05/2026 - 16:40:44,23.89,59.85,1021.91,4.12,98.00
Mon 25/05/2026 - 16:41:18,23.88,59.86,1021.97,4.12,98.00
Mon 25/05/2026 - 16:41:52,23.87,59.64,1021.93,4.12,98.00
Mon 25/05/2026 - 16:42:26,23.87,59.46,1021.93,4.12,98.00
Mon 25/05/2026 - 16:43:00,23.83,59.44,1021.95,4.12,98.00
Mon 25/05/2026 - 16:43:34,23.84,59.29,1021.87,4.12,98.00
Mon 25/05/2026 - 16:44:08,23.81,59.12,1021.91,4.12,98.00
Mon 25/05/2026 - 16:44:42,23.79,58.97,1021.93,4.12,98.00
Mon 25/05/2026 - 16:45:16,23.80,58.90,1021.91,4.12,98.00
Mon 25/05/2026 - 16:45:50,23.78,58.76,1021.99,4.12,98.00
Mon 25/05/2026 - 16:46:24,23.77,58.72,1021.92,4.12,98.00
Mon 25/05/2026 - 16:46:58,23.75,58.60,1021.92,4.12,98.00
Mon 25/05/2026 - 16:47:32,23.74,58.56,1021.90,4.12,98.00
Mon 25/05/2026 - 16:48:06,23.72,58.52,1021.95,4.12,98.00
Mon 25/05/2026 - 16:48:40,23.71,58.48,1021.93,4.12,98.00
Mon 25/05/2026 - 16:49:13,23.70,58.48,1021.99,4.12,98.00
Mon 25/05/2026 - 16:49:47,23.68,58.56,1021.88,4.12,98.00
Mon 25/05/2026 - 16:50:21,23.67,58.55,1021.94,4.12,98.00
Mon 25/05/2026 - 16:50:55,23.64,58.56,1021.93,4.12,98.00
Mon 25/05/2026 - 16:51:29,23.63,58.63,1021.91,4.12,98.00
Mon 25/05/2026 - 16:52:03,23.61,58.71,1021.90,4.12,98.00
Mon 25/05/2026 - 16:52:37,23.59,58.76,1021.90,4.12,98.00
Mon 25/05/2026 - 16:53:11,23.58,58.82,1021.95,4.12,98.00
Mon 25/05/2026 - 16:53:45,23.57,58.86,1021.96,4.12,98.00
Mon 25/05/2026 - 16:54:19,23.55,58.95,1021.94,4.12,98.00
Mon 25/05/2026 - 16:54:53,23.52,59.05,1021.91,4.12,98.00
Mon 25/05/2026 - 16:55:27,23.52,59.07,1021.91,4.12,98.00
Mon 25/05/2026 - 16:56:01,23.49,59.22,1021.94,4.12,98.00
Mon 25/05/2026 - 16:56:35,23.47,59.29,1021.94,4.12,98.00
Mon 25/05/2026 - 16:57:09,23.45,59.35,1021.93,4.12,98.00
Mon 25/05/2026 - 16:57:43,23.44,59.48,1021.97,4.12,98.00
Mon 25/05/2026 - 16:58:17,23.42,59.52,1021.93,4.12,98.00
Mon 25/05/2026 - 16:58:51,23.40,59.61,1021.90,4.12,98.00
Mon 25/05/2026 - 16:59:25,23.37,59.69,1021.90,4.12,98.00
Mon 25/05/2026 - 16:59:59,23.36,59.77,1021.90,4.12,98.00
Mon 25/05/2026 - 17:00:33,23.34,59.85,1021.84,4.12,98.00
Mon 25/05/2026 - 17:01:07,23.33,59.98,1021.91,4.12,98.00
Mon 25/05/2026 - 17:01:41,23.32,60.07,1021.94,4.12,98.00
Mon 25/05/2026 - 17:02:15,23.29,60.17,1021.93,4.12,98.00
Mon 25/05/2026 - 17:02:49,23.27,60.29,1021.89,4.12,98.00
Mon 25/05/2026 - 17:03:23,23.25,60.35,1021.91,4.12,98.00
Mon 25/05/2026 - 17:03:57,23.22,60.46,1021.92,4.12,98.00
Mon 25/05/2026 - 17:04:31,23.20,60.60,1021.88,4.12,98.00
Mon 25/05/2026 - 17:05:05,23.17,60.67,1021.89,4.12,98.00
Mon 25/05/2026 - 17:05:39,23.14,60.73,1021.84,4.12,98.00
Mon 25/05/2026 - 17:06:13,23.13,60.92,1021.92,4.12,98.00
Mon 25/05/2026 - 17:06:47,23.12,61.02,1021.96,4.12,98.00
Mon 25/05/2026 - 17:07:21,23.09,61.11,1022.00,4.12,98.00
Mon 25/05/2026 - 17:07:55,23.08,61.20,1021.96,4.12,98.00
Mon 25/05/2026 - 17:08:29,23.06,61.34,1021.95,4.12,98.00
Mon 25/05/2026 - 17:09:03,23.04,61.44,1022.04,4.12,98.00
Mon 25/05/2026 - 17:09:37,23.02,61.62,1021.95,4.12,98.00
Mon 25/05/2026 - 17:10:11,23.00,61.85,1022.03,4.12,98.00
Mon 25/05/2026 - 17:10:45,22.98,61.93,1022.02,4.12,98.00
Mon 25/05/2026 - 17:11:19,22.97,62.06,1022.03,4.12,98.00
Mon 25/05/2026 - 17:11:53,22.96,62.21,1022.10,4.12,98.00
Mon 25/05/2026 - 17:12:27,22.93,62.30,1022.02,4.12,98.00
Mon 25/05/2026 - 17:13:00,22.91,62.42,1022.04,4.11,98.00
Mon 25/05/2026 - 17:13:34,22.89,62.49,1022.08,4.12,98.00
Mon 25/05/2026 - 17:14:08,22.88,62.60,1021.96,4.11,98.00
Mon 25/05/2026 - 17:14:42,22.85,62.71,1021.99,4.12,98.00
Mon 25/05/2026 - 17:15:16,22.84,62.84,1022.03,4.12,98.00
Mon 25/05/2026 - 17:15:50,22.82,62.83,1021.94,4.11,98.00
Mon 25/05/2026 - 17:16:24,22.80,63.05,1022.04,4.12,98.00
Mon 25/05/2026 - 17:16:58,22.79,63.10,1021.99,4.11,98.00
Mon 25/05/2026 - 17:17:32,22.77,63.23,1022.01,4.11,98.00
Mon 25/05/2026 - 17:18:06,22.74,63.29,1021.97,4.11,98.00
Mon 25/05/2026 - 17:18:40,22.71,63.36,1022.01,4.11,98.00
Mon 25/05/2026 - 17:19:14,22.70,63.39,1022.02,4.11,98.00
Mon 25/05/2026 - 17:19:48,22.69,63.48,1021.99,4.11,98.00
Mon 25/05/2026 - 17:20:22,22.67,63.58,1022.05,4.11,98.00
Mon 25/05/2026 - 17:20:56,22.66,63.66,1022.09,4.11,98.00
Mon 25/05/2026 - 17:21:30,22.64,63.76,1022.07,4.11,98.00
Mon 25/05/2026 - 17:22:04,22.62,63.75,1022.04,4.11,98.00
Mon 25/05/2026 - 17:22:38,22.60,63.88,1022.15,4.11,98.00
Mon 25/05/2026 - 17:23:12,22.59,63.99,1022.15,4.11,98.00
Mon 25/05/2026 - 17:23:46,22.57,64.11,1022.07,4.11,98.00
Mon 25/05/2026 - 17:24:20,22.55,64.25,1022.06,4.11,98.00
Mon 25/05/2026 - 17:24:54,22.53,64.30,1022.05,4.11,98.00
Mon 25/05/2026 - 17:25:28,22.52,64.39,1022.11,4.11,98.00
Mon 25/05/2026 - 17:26:02,22.51,64.50,1022.13,4.11,98.00
Mon 25/05/2026 - 17:26:36,22.48,64.52,1022.02,4.11,98.00
Mon 25/05/2026 - 17:27:10,22.47,64.68,1022.11,4.11,98.00
Mon 25/05/2026 - 17:27:44,22.46,64.76,1022.12,4.11,98.00
Mon 25/05/2026 - 17:28:18,22.43,64.89,1022.04,4.11,98.00
Mon 25/05/2026 - 17:28:52,22.42,64.96,1022.07,4.11,98.00
Mon 25/05/2026 - 17:29:26,22.41,65.05,1022.15,4.11,98.00
Mon 25/05/2026 - 17:30:00,22.39,65.20,1022.08,4.11,98.00
Mon 25/05/2026 - 17:30:34,22.37,65.28,1022.10,4.11,98.00
Mon 25/05/2026 - 17:31:08,22.36,65.37,1022.08,4.11,98.00
Mon 25/05/2026 - 17:31:42,22.33,65.47,1022.09,4.11,98.00
Mon 25/05/2026 - 17:32:16,22.33,65.63,1022.09,4.11,98.00
Mon 25/05/2026 - 17:32:50,22.30,65.77,1022.10,4.11,98.00
Mon 25/05/2026 - 17:33:24,22.29,65.88,1022.10,4.11,98.00
Mon 25/05/2026 - 17:33:58,22.28,65.97,1022.14,4.11,98.00
Mon 25/05/2026 - 17:34:32,22.26,66.13,1022.13,4.11,98.00
Mon 25/05/2026 - 17:35:06,22.25,66.21,1022.14,4.11,98.00
Mon 25/05/2026 - 17:35:40,22.24,66.34,1022.10,4.11,98.00
Mon 25/05/2026 - 17:36:13,22.21,66.41,1022.16,4.11,98.00
Mon 25/05/2026 - 17:36:48,22.20,66.49,1022.14,4.11,98.00
Mon 25/05/2026 - 17:37:22,22.19,66.63,1022.09,4.11,98.00
Mon 25/05/2026 - 17:37:56,22.16,66.73,1022.08,4.11,98.00
Mon 25/05/2026 - 17:38:30,22.15,66.87,1022.20,4.11,98.00
Mon 25/05/2026 - 17:39:04,22.14,66.97,1022.12,4.11,98.00
Mon 25/05/2026 - 17:39:38,22.14,67.08,1022.17,4.11,98.00
Mon 25/05/2026 - 17:40:12,22.12,67.19,1022.06,4.11,98.00
Mon 25/05/2026 - 17:40:45,22.11,67.29,1022.10,4.11,98.00
Mon 25/05/2026 - 17:41:19,22.10,67.31,1022.08,4.11,98.00
Mon 25/05/2026 - 17:41:53,22.08,67.46,1022.16,4.11,98.00
Mon 25/05/2026 - 17:42:27,22.07,67.49,1022.13,4.11,98.00
Mon 25/05/2026 - 17:43:01,22.06,67.69,1022.03,4.11,98.00
Mon 25/05/2026 - 17:43:35,22.04,67.78,1022.12,4.11,98.00
Mon 25/05/2026 - 17:44:09,22.02,67.84,1022.10,4.11,98.00
Mon 25/05/2026 - 17:44:43,22.01,68.06,1022.13,4.11,98.00
Mon 25/05/2026 - 17:45:17,21.99,68.09,1022.12,4.11,98.00
Mon 25/05/2026 - 17:45:51,21.98,68.24,1022.12,4.11,98.00
Mon 25/05/2026 - 17:46:25,21.97,68.35,1022.10,4.11,98.00
Mon 25/05/2026 - 17:46:59,21.95,68.45,1022.10,4.11,98.00
Mon 25/05/2026 - 17:47:33,21.93,68.53,1022.07,4.11,98.00
Mon 25/05/2026 - 17:48:07,21.92,68.60,1022.16,4.11,98.00
Mon 25/05/2026 - 17:48:41,21.91,68.70,1022.07,4.11,98.00
Mon 25/05/2026 - 17:49:15,21.89,68.85,1022.09,4.11,98.00
Mon 25/05/2026 - 17:49:49,21.86,68.95,1022.01,4.11,98.00
Mon 25/05/2026 - 17:50:23,21.85,69.06,1022.10,4.11,98.00
Mon 25/05/2026 - 17:50:57,21.85,69.10,1022.14,4.11,98.00
Mon 25/05/2026 - 17:51:31,21.84,69.19,1022.13,4.11,98.00
Mon 25/05/2026 - 17:52:05,21.82,69.29,1022.06,4.11,98.00
Mon 25/05/2026 - 17:52:39,21.80,69.37,1022.07,4.11,98.00
Mon 25/05/2026 - 17:53:13,21.79,69.43,1022.05,4.11,98.00
Mon 25/05/2026 - 17:53:47,21.78,69.47,1022.14,4.11,98.00
Mon 25/05/2026 - 17:54:21,21.77,69.62,1022.18,4.11,98.00
Mon 25/05/2026 - 17:54:55,21.76,69.67,1022.19,4.11,98.00
Mon 25/05/2026 - 17:55:29,21.75,69.72,1022.08,4.11,98.00
Mon 25/05/2026 - 17:56:03,21.74,69.83,1022.14,4.11,98.00
Mon 25/05/2026 - 17:56:37,21.73,69.93,1022.14,4.11,98.00
Mon 25/05/2026 - 17:57:11,21.72,70.00,1022.16,4.11,98.00
Mon 25/05/2026 - 17:57:45,21.71,70.09,1022.18,4.11,98.00
Mon 25/05/2026 - 17:58:19,21.69,70.16,1022.23,4.11,98.00
Mon 25/05/2026 - 17:58:53,21.68,70.20,1022.10,4.11,98.00
Mon 25/05/2026 - 17:59:27,21.67,70.27,1022.11,4.11,98.00
Mon 25/05/2026 - 18:00:01,21.66,70.38,1022.14,4.11,98.00
Mon 25/05/2026 - 18:00:35,21.64,70.45,1022.06,4.11,98.00
Mon 25/05/2026 - 18:01:09,21.63,70.65,1022.20,4.11,98.00
Mon 25/05/2026 - 18:01:43,21.61,70.63,1022.15,4.11,98.00
Mon 25/05/2026 - 18:02:17,21.58,70.49,1022.15,4.11,98.00
Mon 25/05/2026 - 18:02:51,21.55,70.62,1022.12,4.11,98.00
Mon 25/05/2026 - 18:03:25,21.53,70.71,1022.14,4.11,98.00
Mon 25/05/2026 - 18:03:59,21.50,70.83,1022.22,4.11,98.00
Mon 25/05/2026 - 18:04:33,21.46,71.05,1022.13,4.11,98.00
Mon 25/05/2026 - 18:05:07,21.43,71.09,1022.19,4.11,98.00
Mon 25/05/2026 - 18:05:41,21.40,71.35,1022.19,4.11,98.00
Mon 25/05/2026 - 18:06:15,21.37,71.61,1022.23,4.10,98.00
Mon 25/05/2026 - 18:06:49,21.33,72.38,1022.18,4.11,98.00
Mon 25/05/2026 - 18:07:23,21.30,72.64,1022.25,4.11,98.00
Mon 25/05/2026 - 18:07:57,21.29,72.87,1022.17,4.11,98.00
Mon 25/05/2026 - 18:08:30,21.26,73.30,1022.33,4.11,98.00
Mon 25/05/2026 - 18:09:04,21.23,73.49,1022.28,4.11,98.00
Mon 25/05/2026 - 18:09:38,21.21,73.92,1022.36,4.11,98.00
Mon 25/05/2026 - 18:10:12,21.18,74.09,1022.28,4.11,98.00
Mon 25/05/2026 - 18:10:46,21.17,74.36,1022.23,4.10,98.00
Mon 25/05/2026 - 18:11:20,21.14,75.08,1022.29,4.10,98.00
Mon 25/05/2026 - 18:11:54,21.12,75.08,1022.31,4.11,98.00
Mon 25/05/2026 - 18:12:28,21.10,75.08,1022.27,4.11,98.00
Mon 25/05/2026 - 18:13:02,21.06,75.49,1022.29,4.10,98.00
Mon 25/05/2026 - 18:13:36,21.05,75.72,1022.36,4.10,98.00
Mon 25/05/2026 - 18:14:10,21.03,75.88,1022.31,4.10,98.00
Mon 25/05/2026 - 18:14:44,21.01,75.89,1022.33,4.10,98.00
Mon 25/05/2026 - 18:15:18,20.99,76.01,1022.36,4.10,98.00
Mon 25/05/2026 - 18:15:52,20.97,76.24,1022.36,4.10,98.00
Mon 25/05/2026 - 18:16:26,20.95,76.57,1022.33,4.10,98.00
Mon 25/05/2026 - 18:17:00,20.92,76.74,1022.35,4.10,98.00
Mon 25/05/2026 - 18:17:34,20.90,77.03,1022.38,4.10,98.00
Mon 25/05/2026 - 18:18:08,20.89,77.14,1022.47,4.10,98.00
Mon 25/05/2026 - 18:18:42,20.88,77.50,1022.44,4.10,98.00
Mon 25/05/2026 - 18:19:16,20.85,77.64,1022.40,4.10,98.00
Mon 25/05/2026 - 18:19:50,20.84,77.74,1022.38,4.10,98.00
Mon 25/05/2026 - 18:20:24,20.82,77.84,1022.46,4.10,98.00
Mon 25/05/2026 - 18:20:58,20.81,78.11,1022.44,4.10,98.00
Mon 25/05/2026 - 18:21:32,20.79,78.06,1022.52,4.10,98.00
Mon 25/05/2026 - 18:22:06,20.78,78.14,1022.49,4.10,98.00
Mon 25/05/2026 - 18:22:40,20.76,78.19,1022.46,4.10,98.00
Mon 25/05/2026 - 18:23:14,20.75,78.37,1022.53,4.10,98.00
Mon 25/05/2026 - 18:23:48,20.74,78.58,1022.58,4.10,98.00
Mon 25/05/2026 - 18:24:22,20.71,78.59,1022.51,4.10,98.00
Mon 25/05/2026 - 18:24:56,20.70,78.71,1022.50,4.10,98.00
Mon 25/05/2026 - 18:25:30,20.68,78.77,1022.49,4.10,98.00
Mon 25/05/2026 - 18:26:04,20.67,78.69,1022.53,4.10,98.00
Mon 25/05/2026 - 18:26:38,20.65,78.87,1022.46,4.10,98.00
Mon 25/05/2026 - 18:27:12,20.64,78.95,1022.57,4.10,98.00
Mon 25/05/2026 - 18:27:46,20.62,79.08,1022.58,4.10,98.00
Mon 25/05/2026 - 18:28:20,20.59,79.27,1022.50,4.10,98.00
Mon 25/05/2026 - 18:28:54,20.58,79.23,1022.52,4.10,98.00
Mon 25/05/2026 - 18:29:28,20.56,79.46,1022.50,4.10,98.00
Mon 25/05/2026 - 18:30:02,20.55,79.68,1022.59,4.10,98.00
Mon 25/05/2026 - 18:30:36,20.53,79.82,1022.53,4.10,98.00
Mon 25/05/2026 - 18:31:10,20.52,79.79,1022.50,4.10,98.00
Mon 25/05/2026 - 18:31:44,20.51,80.13,1022.63,4.10,98.00
Mon 25/05/2026 - 18:32:18,20.49,80.25,1022.54,4.10,98.00
Mon 25/05/2026 - 18:32:52,20.46,80.02,1022.52,4.10,98.00
Mon 25/05/2026 - 18:33:26,20.45,80.19,1022.58,4.10,98.00
Mon 25/05/2026 - 18:34:00,20.44,80.38,1022.56,4.10,98.00
Mon 25/05/2026 - 18:34:34,20.42,80.24,1022.56,4.10,98.00
Mon 25/05/2026 - 18:35:08,20.41,80.20,1022.60,4.10,98.00
Mon 25/05/2026 - 18:35:42,20.39,80.45,1022.59,4.10,98.00
Mon 25/05/2026 - 18:36:16,20.38,80.27,1022.54,4.10,98.00
Mon 25/05/2026 - 18:36:50,20.37,80.48,1022.50,4.10,98.00
Mon 25/05/2026 - 18:37:24,20.35,80.28,1022.57,4.10,98.00
Mon 25/05/2026 - 18:37:58,20.33,80.13,1022.54,4.10,98.00
Mon 25/05/2026 - 18:38:32,20.32,80.13,1022.52,4.10,98.00
Mon 25/05/2026 - 18:39:06,20.32,80.21,1022.55,4.10,98.00
Mon 25/05/2026 - 18:39:40,20.30,80.26,1022.54,4.10,98.00
Mon 25/05/2026 - 18:40:13,20.29,80.28,1022.60,4.10,98.00
Mon 25/05/2026 - 18:40:47,20.27,80.34,1022.65,4.10,98.00
Mon 25/05/2026 - 18:41:21,20.25,80.37,1022.62,4.10,98.00
Mon 25/05/2026 - 18:41:55,20.23,80.46,1022.59,4.10,98.00
Mon 25/05/2026 - 18:42:29,20.23,80.71,1022.63,4.10,98.00
Mon 25/05/2026 - 18:43:03,20.22,80.59,1022.64,4.10,98.00
Mon 25/05/2026 - 18:43:37,20.20,80.66,1022.61,4.10,98.00
Mon 25/05/2026 - 18:44:11,20.18,80.66,1022.64,4.10,98.00
Mon 25/05/2026 - 18:44:45,20.17,80.74,1022.59,4.10,98.00
Mon 25/05/2026 - 18:45:19,20.14,80.69,1022.60,4.10,98.00
Mon 25/05/2026 - 18:45:53,20.15,80.67,1022.60,4.10,98.00
Mon 25/05/2026 - 18:46:27,20.13,80.66,1022.62,4.10,98.00
Mon 25/05/2026 - 18:47:01,20.11,80.77,1022.57,4.10,98.00
Mon 25/05/2026 - 18:47:35,20.10,80.86,1022.57,4.10,98.00
Mon 25/05/2026 - 18:48:09,20.06,80.91,1022.58,4.10,98.00
Mon 25/05/2026 - 18:48:43,20.06,80.87,1022.63,4.10,98.00
Mon 25/05/2026 - 18:49:17,20.03,81.00,1022.58,4.10,98.00
Mon 25/05/2026 - 18:49:51,20.04,80.97,1022.64,4.10,98.00
Mon 25/05/2026 - 18:50:25,20.02,81.05,1022.61,4.10,98.00
Mon 25/05/2026 - 18:50:59,20.01,81.18,1022.67,4.10,98.00
Mon 25/05/2026 - 18:51:33,19.98,81.12,1022.60,4.10,98.00
Mon 25/05/2026 - 18:52:07,19.97,81.10,1022.64,4.10,98.00
Mon 25/05/2026 - 18:52:41,19.96,81.15,1022.65,4.10,98.00
Mon 25/05/2026 - 18:53:15,19.93,81.31,1022.62,4.10,98.00
Mon 25/05/2026 - 18:53:49,19.93,81.36,1022.62,4.10,98.00
Mon 25/05/2026 - 18:54:23,19.90,81.35,1022.65,4.10,98.00
Mon 25/05/2026 - 18:54:57,19.89,81.44,1022.63,4.10,98.00
Mon 25/05/2026 - 18:55:31,19.88,81.42,1022.66,4.10,98.00
Mon 25/05/2026 - 18:56:05,19.86,81.47,1022.61,4.10,98.00
Mon 25/05/2026 - 18:56:39,19.84,81.63,1022.60,4.10,98.00
Mon 25/05/2026 - 18:57:13,19.84,81.63,1022.62,4.10,98.00
Mon 25/05/2026 - 18:57:47,19.82,81.66,1022.64,4.10,98.00
Mon 25/05/2026 - 18:58:21,19.81,81.79,1022.70,4.10,98.00
Mon 25/05/2026 - 18:58:55,19.80,81.74,1022.66,4.10,98.00
Mon 25/05/2026 - 18:59:29,19.77,81.80,1022.67,4.10,98.00
Mon 25/05/2026 - 19:00:03,19.77,81.91,1022.73,4.10,98.00
Mon 25/05/2026 - 19:00:37,19.75,81.97,1022.69,4.10,98.00
Mon 25/05/2026 - 19:01:11,19.74,82.00,1022.69,4.10,98.00
Mon 25/05/2026 - 19:01:45,19.72,82.11,1022.64,4.10,98.00
Mon 25/05/2026 - 19:02:19,19.71,82.14,1022.69,4.10,98.00
Mon 25/05/2026 - 19:02:53,19.69,82.18,1022.70,4.10,98.00
Mon 25/05/2026 - 19:03:27,19.69,82.24,1022.70,4.10,98.00
Mon 25/05/2026 - 19:04:01,19.66,82.30,1022.70,4.10,98.00
Mon 25/05/2026 - 19:04:35,19.65,82.45,1022.68,4.10,98.00
Mon 25/05/2026 - 19:05:09,19.64,82.58,1022.71,4.10,98.00
Mon 25/05/2026 - 19:05:43,19.63,82.61,1022.72,4.10,98.00
Mon 25/05/2026 - 19:06:17,19.61,82.70,1022.72,4.10,98.00
Mon 25/05/2026 - 19:06:51,19.59,82.79,1022.69,4.10,98.00
Mon 25/05/2026 - 19:07:25,19.57,83.00,1022.66,4.10,98.00
Mon 25/05/2026 - 19:07:58,19.56,83.07,1022.69,4.10,98.00
Mon 25/05/2026 - 19:08:32,19.55,83.18,1022.67,4.10,98.00
Mon 25/05/2026 - 19:09:06,19.54,83.33,1022.71,4.10,98.00
Mon 25/05/2026 - 19:09:40,19.52,83.41,1022.71,4.10,98.00
Mon 25/05/2026 - 19:10:14,19.52,83.52,1022.73,4.10,98.00
Mon 25/05/2026 - 19:10:48,19.49,83.55,1022.74,4.10,98.00
Mon 25/05/2026 - 19:11:22,19.49,83.61,1022.73,4.10,98.00
Mon 25/05/2026 - 19:11:56,19.47,83.63,1022.75,4.10,98.00
Mon 25/05/2026 - 19:12:30,19.45,83.71,1022.70,4.10,98.00
Mon 25/05/2026 - 19:13:04,19.45,83.88,1022.74,4.09,97.00
Mon 25/05/2026 - 19:13:38,19.44,83.86,1022.79,4.09,97.00
Mon 25/05/2026 - 19:14:12,19.42,83.90,1022.77,4.10,98.00
Mon 25/05/2026 - 19:14:46,19.41,84.13,1022.70,4.10,98.00
Mon 25/05/2026 - 19:15:20,19.40,84.26,1022.79,4.09,97.00
Mon 25/05/2026 - 19:15:54,19.38,84.27,1022.74,4.09,97.00
Mon 25/05/2026 - 19:16:28,19.38,84.34,1022.76,4.09,97.00
Mon 25/05/2026 - 19:17:02,19.36,84.44,1022.76,4.09,97.00
Mon 25/05/2026 - 19:17:36,19.35,84.60,1022.76,4.09,97.00
Mon 25/05/2026 - 19:18:10,19.33,84.59,1022.75,4.09,97.00
Mon 25/05/2026 - 19:18:44,19.32,84.83,1022.80,4.09,97.00
Mon 25/05/2026 - 19:19:18,19.30,84.88,1022.75,4.09,97.00
Mon 25/05/2026 - 19:19:52,19.29,85.09,1022.77,4.09,97.00
Mon 25/05/2026 - 19:20:26,19.27,85.28,1022.70,4.09,97.00
Mon 25/05/2026 - 19:21:00,19.27,85.47,1022.73,4.09,97.00
Mon 25/05/2026 - 19:21:34,19.25,85.51,1022.75,4.09,97.00
Mon 25/05/2026 - 19:22:08,19.24,85.59,1022.71,4.09,97.00
Mon 25/05/2026 - 19:22:42,19.23,85.67,1022.75,4.09,97.00
Mon 25/05/2026 - 19:23:16,19.22,85.91,1022.80,4.09,97.00
Mon 25/05/2026 - 19:23:50,19.21,85.93,1022.82,4.10,98.00
Mon 25/05/2026 - 19:24:24,19.20,86.16,1022.80,4.09,97.00
Mon 25/05/2026 - 19:24:58,19.19,86.34,1022.87,4.09,97.00
Mon 25/05/2026 - 19:25:32,19.17,86.43,1022.87,4.09,97.00
Mon 25/05/2026 - 19:26:06,19.15,86.64,1022.86,4.09,97.00
Mon 25/05/2026 - 19:26:40,19.15,86.77,1022.86,4.09,97.00
Mon 25/05/2026 - 19:27:14,19.15,86.97,1022.95,4.09,97.00
Mon 25/05/2026 - 19:27:48,19.13,87.11,1022.91,4.09,97.00
Mon 25/05/2026 - 19:28:22,19.12,87.23,1022.87,4.09,97.00
Mon 25/05/2026 - 19:28:56,19.11,87.35,1022.88,4.09,97.00
Mon 25/05/2026 - 19:29:30,19.09,87.54,1022.84,4.09,97.00
Mon 25/05/2026 - 19:30:04,19.09,87.66,1022.98,4.09,97.00
Mon 25/05/2026 - 19:30:38,19.08,87.79,1023.01,4.09,97.00
Mon 25/05/2026 - 19:31:12,19.07,87.87,1023.00,4.09,97.00
Mon 25/05/2026 - 19:31:46,19.05,88.05,1023.02,4.09,97.00
Mon 25/05/2026 - 19:32:20,19.05,88.34,1022.99,4.09,97.00
Mon 25/05/2026 - 19:32:54,19.04,88.46,1023.04,4.09,97.00
Mon 25/05/2026 - 19:33:28,19.02,88.46,1023.02,4.09,97.00
Mon 25/05/2026 - 19:34:02,19.02,88.66,1023.06,4.09,97.00
Mon 25/05/2026 - 19:34:35,19.01,88.76,1023.06,4.09,97.00
Mon 25/05/2026 - 19:35:09,19.00,88.86,1023.14,4.09,97.00
Mon 25/05/2026 - 19:35:43,19.00,89.12,1023.08,4.09,97.00
Mon 25/05/2026 - 19:36:17,18.97,89.22,1023.09,4.09,97.00
Mon 25/05/2026 - 19:36:51,18.98,89.45,1023.08,4.09,97.00
Mon 25/05/2026 - 19:37:25,18.96,89.59,1023.13,4.09,97.00
Mon 25/05/2026 - 19:37:59,18.96,89.58,1023.13,4.09,97.00
Mon 25/05/2026 - 19:38:33,18.95,89.79,1023.05,4.09,97.00
Mon 25/05/2026 - 19:39:07,18.95,90.03,1023.05,4.09,97.00
Mon 25/05/2026 - 19:39:41,18.93,90.06,1023.19,4.09,97.00
Mon 25/05/2026 - 19:40:15,18.93,90.35,1023.07,4.09,97.00
Mon 25/05/2026 - 19:40:49,18.92,90.40,1023.12,4.09,97.00
Mon 25/05/2026 - 19:41:23,18.91,90.52,1023.15,4.09,97.00
Mon 25/05/2026 - 19:41:57,18.90,90.71,1023.14,4.09,97.00
Mon 25/05/2026 - 19:42:31,18.90,90.95,1023.10,4.09,97.00
Mon 25/05/2026 - 19:43:05,18.89,91.19,1023.14,4.09,97.00
Mon 25/05/2026 - 19:43:39,18.87,91.23,1023.17,4.09,97.00
Mon 25/05/2026 - 19:44:13,18.86,91.51,1023.23,4.09,97.00
Mon 25/05/2026 - 19:44:47,18.86,91.61,1023.20,4.09,97.00
Mon 25/05/2026 - 19:45:21,18.85,91.72,1023.18,4.09,97.00
Mon 25/05/2026 - 19:45:55,18.85,91.85,1023.20,4.09,97.00
Mon 25/05/2026 - 19:46:29,18.84,92.03,1023.19,4.09,97.00
Mon 25/05/2026 - 19:47:03,18.83,92.23,1023.22,4.09,97.00
Mon 25/05/2026 - 19:47:37,18.82,92.22,1023.16,4.09,97.00
Mon 25/05/2026 - 19:48:11,18.81,92.46,1023.20,4.09,97.00
Mon 25/05/2026 - 19:48:45,18.81,92.57,1023.20,4.09,97.00
Mon 25/05/2026 - 19:49:19,18.80,92.71,1023.17,4.09,97.00
Mon 25/05/2026 - 19:49:53,18.80,92.82,1023.18,4.09,97.00
Mon 25/05/2026 - 19:50:27,18.79,92.88,1023.22,4.09,97.00
Mon 25/05/2026 - 19:51:01,18.78,93.12,1023.23,4.09,97.00
Mon 25/05/2026 - 19:51:35,18.78,93.31,1023.27,4.09,97.00
Mon 25/05/2026 - 19:52:09,18.77,93.38,1023.17,4.09,97.00
Mon 25/05/2026 - 19:52:43,18.76,93.62,1023.22,4.09,97.00
Mon 25/05/2026 - 19:53:17,18.76,93.79,1023.21,4.09,97.00
Mon 25/05/2026 - 19:53:51,18.75,93.87,1023.17,4.09,97.00
Mon 25/05/2026 - 19:54:25,18.75,94.09,1023.19,4.09,97.00
Mon 25/05/2026 - 19:54:59,18.73,94.20,1023.28,4.09,97.00
Mon 25/05/2026 - 19:55:33,18.73,94.49,1023.17,4.09,97.00
Mon 25/05/2026 - 19:56:07,18.72,94.78,1023.20,4.09,97.00
Mon 25/05/2026 - 19:56:41,18.71,94.97,1023.13,4.09,97.00
Mon 25/05/2026 - 19:57:15,18.71,95.06,1023.19,4.09,97.00
Mon 25/05/2026 - 19:57:49,18.70,95.26,1023.17,4.09,97.00
Mon 25/05/2026 - 19:58:23,18.70,95.39,1023.17,4.09,97.00
Mon 25/05/2026 - 19:58:57,18.69,95.58,1023.21,4.09,97.00
Mon 25/05/2026 - 19:59:30,18.68,95.58,1023.19,4.09,97.00
Mon 25/05/2026 - 20:00:04,18.68,95.78,1023.24,4.09,97.00
Mon 25/05/2026 - 20:00:38,18.68,95.89,1023.22,4.09,97.00
Mon 25/05/2026 - 20:01:12,18.67,95.98,1023.17,4.09,97.00
Mon 25/05/2026 - 20:01:46,18.66,96.17,1023.24,4.09,97.00
Mon 25/05/2026 - 20:02:20,18.66,96.26,1023.16,4.09,97.00
Mon 25/05/2026 - 20:02:54,18.66,96.34,1023.24,4.09,97.00
Mon 25/05/2026 - 20:03:28,18.65,96.53,1023.22,4.09,97.00
Mon 25/05/2026 - 20:04:02,18.64,96.61,1023.09,4.09,97.00
Mon 25/05/2026 - 20:04:36,18.63,96.73,1023.14,4.09,97.00
Mon 25/05/2026 - 20:05:10,18.63,96.85,1023.18,4.09,97.00
Mon 25/05/2026 - 20:05:44,18.63,96.73,1023.21,4.09,97.00
Mon 25/05/2026 - 20:06:18,18.63,96.91,1023.21,4.09,97.00
Mon 25/05/2026 - 20:06:52,18.62,97.00,1023.17,4.09,97.00
Mon 25/05/2026 - 20:07:26,18.61,97.08,1023.21,4.09,97.00
Mon 25/05/2026 - 20:08:00,18.61,96.92,1023.18,4.09,97.00
Mon 25/05/2026 - 20:08:34,18.60,97.09,1023.19,4.09,97.00
Mon 25/05/2026 - 20:09:08,18.60,97.23,1023.19,4.09,97.00
Mon 25/05/2026 - 20:09:42,18.60,97.26,1023.16,4.09,97.00
Mon 25/05/2026 - 20:10:16,18.60,97.33,1023.27,4.09,97.00
Mon 25/05/2026 - 20:10:50,18.58,97.44,1023.18,4.09,97.00
Mon 25/05/2026 - 20:11:24,18.58,97.45,1023.19,4.09,97.00
Mon 25/05/2026 - 20:11:58,18.57,97.71,1023.28,4.09,97.00
Mon 25/05/2026 - 20:12:32,18.57,97.75,1023.22,4.09,97.00
Mon 25/05/2026 - 20:13:06,18.56,97.82,1023.20,4.09,97.00
Mon 25/05/2026 - 20:13:40,18.57,98.00,1023.27,4.09,97.00
Mon 25/05/2026 - 20:14:14,18.55,98.06,1023.22,4.09,97.00
Mon 25/05/2026 - 20:14:48,18.56,98.07,1023.31,4.09,97.00
Mon 25/05/2026 - 20:15:22,18.55,98.26,1023.24,4.09,97.00
Mon 25/05/2026 - 20:15:56,18.55,98.28,1023.23,4.09,97.00
Mon 25/05/2026 - 20:16:30,18.55,98.43,1023.26,4.09,97.00
Mon 25/05/2026 - 20:17:04,18.54,98.47,1023.30,4.09,97.00
Mon 25/05/2026 - 20:17:38,18.53,98.64,1023.34,4.09,97.00
Mon 25/05/2026 - 20:18:12,18.53,98.61,1023.31,4.09,97.00
Mon 25/05/2026 - 20:18:46,18.52,98.67,1023.27,4.09,97.00
Mon 25/05/2026 - 20:19:20,18.52,98.73,1023.27,4.09,97.00
Mon 25/05/2026 - 20:19:54,18.51,98.82,1023.28,4.09,97.00
Mon 25/05/2026 - 20:20:28,18.51,98.79,1023.34,4.09,97.00
Mon 25/05/2026 - 20:21:02,18.51,98.86,1023.39,4.09,97.00
Mon 25/05/2026 - 20:21:36,18.50,98.93,1023.32,4.09,97.00
Mon 25/05/2026 - 20:22:10,18.50,99.02,1023.34,4.09,97.00
Mon 25/05/2026 - 20:22:44,18.49,99.11,1023.41,4.08,97.00
Mon 25/05/2026 - 20:23:18,18.49,99.05,1023.41,4.09,97.00
Mon 25/05/2026 - 20:23:52,18.49,99.05,1023.38,4.09,97.00
Mon 25/05/2026 - 20:24:26,18.48,99.04,1023.34,4.09,97.00
Mon 25/05/2026 - 20:25:00,18.48,99.20,1023.41,4.09,97.00
Mon 25/05/2026 - 20:25:34,18.47,99.19,1023.43,4.08,97.00
Mon 25/05/2026 - 20:26:08,18.47,99.21,1023.37,4.08,97.00
Mon 25/05/2026 - 20:26:42,18.47,99.25,1023.39,4.08,97.00
Mon 25/05/2026 - 20:27:16,18.46,99.25,1023.41,4.09,97.00
Mon 25/05/2026 - 20:27:49,18.46,99.26,1023.40,4.09,97.00
Mon 25/05/2026 - 20:28:24,18.46,99.33,1023.46,4.08,97.00
Mon 25/05/2026 - 20:28:57,18.45,99.37,1023.44,4.08,97.00
Mon 25/05/2026 - 20:29:31,18.45,99.35,1023.47,4.08,97.00
Mon 25/05/2026 - 20:30:05,18.44,99.48,1023.42,4.08,97.00
Mon 25/05/2026 - 20:30:39,18.44,99.48,1023.53,4.08,97.00
Mon 25/05/2026 - 20:31:13,18.43,99.58,1023.51,4.08,97.00
Mon 25/05/2026 - 20:31:47,18.43,99.56,1023.51,4.08,97.00
Mon 25/05/2026 - 20:32:21,18.42,99.58,1023.50,4.08,97.00
Mon 25/05/2026 - 20:32:55,18.42,99.52,1023.50,4.08,97.00
Mon 25/05/2026 - 20:33:29,18.42,99.62,1023.50,4.08,97.00
Mon 25/05/2026 - 20:34:03,18.42,99.59,1023.50,4.08,97.00
Mon 25/05/2026 - 20:34:37,18.41,99.68,1023.43,4.08,97.00
Mon 25/05/2026 - 20:35:11,18.41,99.67,1023.51,4.08,97.00
Mon 25/05/2026 - 20:35:45,18.40,99.68,1023.52,4.08,97.00
Mon 25/05/2026 - 20:36:19,18.39,99.76,1023.56,4.08,97.00
Mon 25/05/2026 - 20:36:53,18.40,99.72,1023.52,4.08,97.00
Mon 25/05/2026 - 20:37:27,18.39,99.80,1023.47,4.08,97.00
Mon 25/05/2026 - 20:38:01,18.39,99.84,1023.61,4.08,97.00
Mon 25/05/2026 - 20:38:35,18.38,99.94,1023.48,4.08,97.00
Mon 25/05/2026 - 20:39:09,18.38,99.89,1023.51,4.08,97.00
Mon 25/05/2026 - 20:39:43,18.37,99.93,1023.58,4.08,97.00
Mon 25/05/2026 - 20:40:17,18.37,99.97,1023.58,4.08,97.00
Mon 25/05/2026 - 20:40:51,18.36,100.00,1023.55,4.08,97.00
Mon 25/05/2026 - 20:41:25,18.35,100.00,1023.55,4.08,97.00
Mon 25/05/2026 - 20:41:59,18.36,100.00,1023.62,4.08,97.00
Mon 25/05/2026 - 20:42:33,18.36,100.00,1023.61,4.08,97.00
Mon 25/05/2026 - 20:43:07,18.35,100.00,1023.55,4.08,97.00
Mon 25/05/2026 - 20:43:41,18.35,100.00,1023.54,4.08,97.00
Mon 25/05/2026 - 20:44:15,18.33,100.00,1023.59,4.08,97.00
Mon 25/05/2026 - 20:44:49,18.33,100.00,1023.61,4.08,97.00
Mon 25/05/2026 - 20:45:23,18.32,100.00,1023.60,4.08,97.00
Mon 25/05/2026 - 20:45:57,18.33,100.00,1023.56,4.08,97.00
Mon 25/05/2026 - 20:46:31,18.32,100.00,1023.57,4.08,97.00
Mon 25/05/2026 - 20:47:05,18.32,100.00,1023.63,4.08,97.00
Mon 25/05/2026 - 20:47:39,18.31,100.00,1023.52,4.08,97.00
Mon 25/05/2026 - 20:48:13,18.31,100.00,1023.58,4.08,97.00
Mon 25/05/2026 - 20:48:47,18.31,100.00,1023.55,4.08,97.00
Mon 25/05/2026 - 20:49:21,18.30,100.00,1023.57,4.08,97.00
Mon 25/05/2026 - 20:49:55,18.30,100.00,1023.61,4.08,97.00
Mon 25/05/2026 - 20:50:29,18.29,100.00,1023.55,4.08,97.00
Mon 25/05/2026 - 20:51:03,18.29,100.00,1023.54,4.08,97.00
Mon 25/05/2026 - 20:51:37,18.29,100.00,1023.57,4.08,97.00
Mon 25/05/2026 - 20:52:11,18.28,100.00,1023.52,4.08,97.00
Mon 25/05/2026 - 20:52:45,18.29,100.00,1023.60,4.08,97.00
Mon 25/05/2026 - 20:53:19,18.28,100.00,1023.52,4.08,97.00
Mon 25/05/2026 - 20:53:53,18.28,100.00,1023.56,4.08,97.00
Mon 25/05/2026 - 20:54:27,18.28,100.00,1023.55,4.08,97.00
Mon 25/05/2026 - 20:55:01,18.28,100.00,1023.58,4.08,97.00
Mon 25/05/2026 - 20:55:35,18.27,100.00,1023.57,4.08,97.00
Mon 25/05/2026 - 20:56:09,18.28,100.00,1023.58,4.08,97.00
Mon 25/05/2026 - 20:56:43,18.26,100.00,1023.58,4.08,97.00
Mon 25/05/2026 - 20:57:17,18.27,100.00,1023.62,4.08,97.00
Mon 25/05/2026 - 20:57:51,18.27,100.00,1023.59,4.08,97.00
Mon 25/05/2026 - 20:58:25,18.28,100.00,1023.61,4.08,97.00
Mon 25/05/2026 - 20:58:59,18.27,100.00,1023.56,4.08,97.00
Mon 25/05/2026 - 20:59:32,18.27,100.00,1023.64,4.08,97.00
Mon 25/05/2026 - 21:00:06,18.25,100.00,1023.60,4.08,97.00
Mon 25/05/2026 - 21:00:40,18.27,100.00,1023.60,4.08,97.00
Mon 25/05/2026 - 21:01:14,18.28,100.00,1023.63,4.08,97.00
Mon 25/05/2026 - 21:01:48,18.27,100.00,1023.67,4.08,97.00
Mon 25/05/2026 - 21:02:22,18.25,100.00,1023.60,4.08,97.00
Mon 25/05/2026 - 21:02:56,18.25,100.00,1023.65,4.08,97.00
Mon 25/05/2026 - 21:03:30,18.25,100.00,1023.62,4.08,97.00
Mon 25/05/2026 - 21:04:04,18.24,100.00,1023.63,4.08,97.00
Mon 25/05/2026 - 21:04:38,18.24,100.00,1023.63,4.08,97.00
Mon 25/05/2026 - 21:05:12,18.23,100.00,1023.62,4.08,97.00
Mon 25/05/2026 - 21:05:46,18.24,100.00,1023.60,4.08,97.00
Mon 25/05/2026 - 21:06:20,18.23,100.00,1023.56,4.08,97.00
Mon 25/05/2026 - 21:06:54,18.23,100.00,1023.53,4.08,97.00
Mon 25/05/2026 - 21:07:28,18.24,100.00,1023.63,4.08,97.00
Mon 25/05/2026 - 21:08:02,18.22,100.00,1023.55,4.08,97.00
Mon 25/05/2026 - 21:08:36,18.23,100.00,1023.58,4.08,97.00
Mon 25/05/2026 - 21:09:10,18.22,100.00,1023.60,4.08,97.00
Mon 25/05/2026 - 21:09:44,18.22,100.00,1023.65,4.08,97.00
Mon 25/05/2026 - 21:10:18,18.22,100.00,1023.57,4.08,97.00
Mon 25/05/2026 - 21:10:52,18.22,100.00,1023.59,4.08,97.00
Mon 25/05/2026 - 21:11:26,18.23,100.00,1023.66,4.08,97.00
Mon 25/05/2026 - 21:12:00,18.22,100.00,1023.68,4.08,97.00
Mon 25/05/2026 - 21:12:34,18.21,100.00,1023.61,4.08,97.00
Mon 25/05/2026 - 21:13:08,18.21,100.00,1023.69,4.08,97.00
Mon 25/05/2026 - 21:13:42,18.21,100.00,1023.64,4.08,97.00
Mon 25/05/2026 - 21:14:16,18.21,100.00,1023.61,4.08,97.00
Mon 25/05/2026 - 21:14:50,18.21,100.00,1023.64,4.08,97.00
Mon 25/05/2026 - 21:15:24,18.21,100.00,1023.66,4.08,97.00
Mon 25/05/2026 - 21:15:58,18.20,100.00,1023.65,4.08,97.00
Mon 25/05/2026 - 21:16:32,18.20,100.00,1023.67,4.08,97.00
Mon 25/05/2026 - 21:17:06,18.20,100.00,1023.61,4.08,97.00
Mon 25/05/2026 - 21:17:40,18.19,100.00,1023.63,4.08,97.00
Mon 25/05/2026 - 21:18:14,18.18,100.00,1023.61,4.08,97.00
Mon 25/05/2026 - 21:18:48,18.18,100.00,1023.56,4.08,97.00
Mon 25/05/2026 - 21:19:22,18.19,100.00,1023.60,4.08,97.00
Mon 25/05/2026 - 21:19:56,18.19,100.00,1023.66,4.08,97.00
Mon 25/05/2026 - 21:20:30,18.19,100.00,1023.66,4.08,97.00
Mon 25/05/2026 - 21:21:04,18.18,100.00,1023.64,4.08,97.00
Mon 25/05/2026 - 21:21:38,18.18,100.00,1023.63,4.08,97.00
Mon 25/05/2026 - 21:22:12,18.18,100.00,1023.63,4.08,97.00
Mon 25/05/2026 - 21:22:46,18.17,100.00,1023.61,4.08,97.00
Mon 25/05/2026 - 21:23:20,18.17,100.00,1023.65,4.08,97.00
Mon 25/05/2026 - 21:23:54,18.17,100.00,1023.59,4.08,97.00
Mon 25/05/2026 - 21:24:28,18.16,100.00,1023.63,4.08,97.00
Mon 25/05/2026 - 21:25:02,18.17,100.00,1023.64,4.08,97.00
Mon 25/05/2026 - 21:25:36,18.15,100.00,1023.67,4.08,97.00
Mon 25/05/2026 - 21:26:10,18.15,100.00,1023.64,4.08,97.00
Mon 25/05/2026 - 21:26:44,18.15,100.00,1023.64,4.08,97.00
Mon 25/05/2026 - 21:27:18,18.14,100.00,1023.62,4.08,97.00
Mon 25/05/2026 - 21:27:52,18.14,100.00,1023.65,4.08,97.00
Mon 25/05/2026 - 21:28:26,18.13,100.00,1023.63,4.08,97.00
Mon 25/05/2026 - 21:28:59,18.13,100.00,1023.62,4.08,97.00
Mon 25/05/2026 - 21:29:33,18.13,100.00,1023.69,4.08,97.00
Mon 25/05/2026 - 21:30:07,18.12,100.00,1023.64,4.08,97.00
Mon 25/05/2026 - 21:30:41,18.11,100.00,1023.63,4.08,97.00
Mon 25/05/2026 - 21:31:15,18.11,100.00,1023.62,4.08,97.00
Mon 25/05/2026 - 21:31:49,18.10,100.00,1023.69,4.08,97.00
Mon 25/05/2026 - 21:32:23,18.09,100.00,1023.65,4.08,97.00
Mon 25/05/2026 - 21:32:57,18.09,100.00,1023.70,4.08,97.00
Mon 25/05/2026 - 21:33:31,18.08,100.00,1023.66,4.08,97.00
Mon 25/05/2026 - 21:34:05,18.08,100.00,1023.73,4.08,97.00
Mon 25/05/2026 - 21:34:39,18.07,100.00,1023.60,4.08,97.00
Mon 25/05/2026 - 21:35:13,18.07,100.00,1023.75,4.08,97.00
Mon 25/05/2026 - 21:35:47,18.06,100.00,1023.72,4.08,97.00
Mon 25/05/2026 - 21:36:21,18.05,100.00,1023.68,4.08,97.00
Mon 25/05/2026 - 21:36:55,18.05,100.00,1023.63,4.08,97.00
Mon 25/05/2026 - 21:37:29,18.04,100.00,1023.72,4.08,97.00
Mon 25/05/2026 - 21:38:03,18.04,100.00,1023.75,4.08,97.00
Mon 25/05/2026 - 21:38:37,18.03,100.00,1023.70,4.08,97.00
Mon 25/05/2026 - 21:39:11,18.02,100.00,1023.75,4.08,97.00
Mon 25/05/2026 - 21:39:45,18.02,100.00,1023.70,4.08,97.00
Mon 25/05/2026 - 21:40:19,18.00,100.00,1023.68,4.08,97.00
Mon 25/05/2026 - 21:40:53,17.99,100.00,1023.69,4.08,97.00
Mon 25/05/2026 - 21:41:27,17.98,100.00,1023.62,4.08,97.00
Mon 25/05/2026 - 21:42:01,17.98,100.00,1023.73,4.08,97.00
Mon 25/05/2026 - 21:42:35,17.97,100.00,1023.71,4.08,97.00
Mon 25/05/2026 - 21:43:09,17.96,100.00,1023.64,4.08,97.00
Mon 25/05/2026 - 21:43:43,17.95,100.00,1023.67,4.08,97.00
Mon 25/05/2026 - 21:44:17,17.95,100.00,1023.67,4.08,97.00
Mon 25/05/2026 - 21:44:51,17.94,100.00,1023.71,4.08,97.00
Mon 25/05/2026 - 21:45:25,17.93,100.00,1023.69,4.08,97.00
Mon 25/05/2026 - 21:45:59,17.93,100.00,1023.67,4.08,97.00
Mon 25/05/2026 - 21:46:33,17.91,100.00,1023.68,4.08,97.00
Mon 25/05/2026 - 21:47:07,17.91,100.00,1023.66,4.08,97.00
Mon 25/05/2026 - 21:47:41,17.90,100.00,1023.64,4.08,97.00
Mon 25/05/2026 - 21:48:15,17.90,100.00,1023.74,4.08,97.00
Mon 25/05/2026 - 21:48:49,17.88,100.00,1023.66,4.08,97.00
Mon 25/05/2026 - 21:49:23,17.87,100.00,1023.70,4.08,97.00
Mon 25/05/2026 - 21:49:57,17.87,100.00,1023.61,4.08,97.00
Mon 25/05/2026 - 21:50:31,17.87,100.00,1023.63,4.08,97.00
Mon 25/05/2026 - 21:51:05,17.86,100.00,1023.62,4.08,97.00
Mon 25/05/2026 - 21:51:39,17.84,100.00,1023.70,4.08,97.00
Mon 25/05/2026 - 21:52:13,17.84,100.00,1023.64,4.08,97.00
Mon 25/05/2026 - 21:52:47,17.83,100.00,1023.59,4.08,97.00
Mon 25/05/2026 - 21:53:21,17.82,100.00,1023.61,4.08,97.00
Mon 25/05/2026 - 21:53:55,17.81,100.00,1023.65,4.08,97.00
Mon 25/05/2026 - 21:54:29,17.81,100.00,1023.65,4.08,97.00
Mon 25/05/2026 - 21:55:03,17.79,100.00,1023.62,4.08,97.00
Mon 25/05/2026 - 21:55:36,17.79,100.00,1023.67,4.08,97.00
Mon 25/05/2026 - 21:56:10,17.78,100.00,1023.62,4.08,97.00
Mon 25/05/2026 - 21:56:44,17.77,100.00,1023.67,4.08,97.00
Mon 25/05/2026 - 21:57:18,17.77,100.00,1023.66,4.08,97.00
Mon 25/05/2026 - 21:57:52,17.76,100.00,1023.62,4.08,97.00
Mon 25/05/2026 - 21:58:26,17.74,100.00,1023.58,4.08,97.00
Mon 25/05/2026 - 21:59:00,17.74,100.00,1023.66,4.07,97.00
Mon 25/05/2026 - 21:59:34,17.73,100.00,1023.67,4.08,97.00
Mon 25/05/2026 - 22:00:08,17.72,100.00,1023.55,4.08,97.00
Mon 25/05/2026 - 22:00:42,17.71,100.00,1023.61,4.07,97.00
Mon 25/05/2026 - 22:01:16,17.70,100.00,1023.63,4.07,97.00
Mon 25/05/2026 - 22:01:50,17.68,100.00,1023.59,4.07,97.00
Mon 25/05/2026 - 22:02:24,17.68,100.00,1023.58,4.08,97.00
Mon 25/05/2026 - 22:02:58,17.67,100.00,1023.57,4.07,97.00
Mon 25/05/2026 - 22:03:32,17.66,100.00,1023.59,4.07,97.00
Mon 25/05/2026 - 22:04:06,17.67,100.00,1023.59,4.07,97.00
Mon 25/05/2026 - 22:04:40,17.66,100.00,1023.63,4.07,97.00
Mon 25/05/2026 - 22:05:14,17.64,100.00,1023.62,4.07,97.00
Mon 25/05/2026 - 22:05:48,17.63,100.00,1023.55,4.07,97.00
Mon 25/05/2026 - 22:06:22,17.62,100.00,1023.59,4.07,97.00
Mon 25/05/2026 - 22:06:56,17.62,100.00,1023.62,4.08,97.00
Mon 25/05/2026 - 22:07:30,17.61,100.00,1023.55,4.07,97.00
Mon 25/05/2026 - 22:08:04,17.60,100.00,1023.51,4.07,97.00
Mon 25/05/2026 - 22:08:38,17.60,100.00,1023.50,4.07,97.00
Mon 25/05/2026 - 22:09:12,17.59,100.00,1023.55,4.07,97.00
Mon 25/05/2026 - 22:09:46,17.58,100.00,1023.50,4.07,97.00
Mon 25/05/2026 - 22:10:20,17.57,100.00,1023.46,4.07,97.00
Mon 25/05/2026 - 22:10:54,17.56,100.00,1023.44,4.07,97.00
Mon 25/05/2026 - 22:11:28,17.56,100.00,1023.49,4.07,97.00
Mon 25/05/2026 - 22:12:02,17.56,100.00,1023.49,4.07,97.00
Mon 25/05/2026 - 22:12:36,17.55,100.00,1023.47,4.07,97.00
Mon 25/05/2026 - 22:13:10,17.53,100.00,1023.47,4.07,97.00
Mon 25/05/2026 - 22:13:44,17.53,100.00,1023.50,4.07,97.00
Mon 25/05/2026 - 22:14:18,17.52,100.00,1023.50,4.07,97.00
Mon 25/05/2026 - 22:14:52,17.52,100.00,1023.52,4.07,97.00
Mon 25/05/2026 - 22:15:26,17.51,100.00,1023.51,4.07,97.00
Mon 25/05/2026 - 22:16:00,17.50,100.00,1023.55,4.07,97.00
Mon 25/05/2026 - 22:16:34,17.49,100.00,1023.45,4.07,97.00
Mon 25/05/2026 - 22:17:08,17.49,100.00,1023.47,4.07,97.00
Mon 25/05/2026 - 22:17:42,17.47,100.00,1023.50,4.07,97.00
Mon 25/05/2026 - 22:18:16,17.47,100.00,1023.42,4.07,97.00
Mon 25/05/2026 - 22:18:50,17.46,100.00,1023.48,4.07,97.00
Mon 25/05/2026 - 22:19:24,17.45,100.00,1023.46,4.07,97.00
Mon 25/05/2026 - 22:19:58,17.45,100.00,1023.46,4.07,97.00
Mon 25/05/2026 - 22:20:31,17.44,100.00,1023.45,4.07,97.00
Mon 25/05/2026 - 22:21:05,17.43,100.00,1023.48,4.07,97.00
Mon 25/05/2026 - 22:21:39,17.44,100.00,1023.49,4.07,97.00
Mon 25/05/2026 - 22:22:13,17.42,100.00,1023.49,4.07,97.00
Mon 25/05/2026 - 22:22:47,17.41,100.00,1023.44,4.07,97.00
Mon 25/05/2026 - 22:23:21,17.41,100.00,1023.50,4.07,97.00
Mon 25/05/2026 - 22:23:55,17.40,100.00,1023.48,4.07,97.00
Mon 25/05/2026 - 22:24:29,17.39,100.00,1023.52,4.07,97.00
Mon 25/05/2026 - 22:25:03,17.39,100.00,1023.51,4.07,97.00
Mon 25/05/2026 - 22:25:37,17.38,100.00,1023.58,4.07,97.00
Mon 25/05/2026 - 22:26:11,17.37,100.00,1023.53,4.07,97.00
Mon 25/05/2026 - 22:26:45,17.36,100.00,1023.66,4.07,97.00
Mon 25/05/2026 - 22:27:19,17.35,100.00,1023.62,4.07,97.00
Mon 25/05/2026 - 22:27:53,17.33,100.00,1023.48,4.07,97.00
Mon 25/05/2026 - 22:28:27,17.34,100.00,1023.57,4.07,97.00
Mon 25/05/2026 - 22:29:01,17.32,100.00,1023.60,4.07,97.00
Mon 25/05/2026 - 22:29:35,17.32,100.00,1023.57,4.07,97.00
Mon 25/05/2026 - 22:30:09,17.32,100.00,1023.56,4.07,97.00
Mon 25/05/2026 - 22:30:43,17.31,100.00,1023.55,4.07,97.00
Mon 25/05/2026 - 22:31:17,17.31,100.00,1023.56,4.07,97.00
Mon 25/05/2026 - 22:31:51,17.31,100.00,1023.55,4.07,97.00
Mon 25/05/2026 - 22:32:25,17.29,100.00,1023.51,4.07,97.00
Mon 25/05/2026 - 22:32:59,17.29,100.00,1023.57,4.07,97.00
Mon 25/05/2026 - 22:33:33,17.29,100.00,1023.57,4.07,97.00
Mon 25/05/2026 - 22:34:07,17.29,100.00,1023.62,4.07,97.00
Mon 25/05/2026 - 22:34:41,17.27,100.00,1023.59,4.07,97.00
Mon 25/05/2026 - 22:35:15,17.26,100.00,1023.60,4.07,97.00
Mon 25/05/2026 - 22:35:49,17.25,100.00,1023.56,4.07,97.00
Mon 25/05/2026 - 22:36:23,17.26,100.00,1023.60,4.07,97.00
Mon 25/05/2026 - 22:36:57,17.25,100.00,1023.59,4.07,97.00
Mon 25/05/2026 - 22:37:31,17.25,100.00,1023.56,4.07,97.00
Mon 25/05/2026 - 22:38:05,17.25,100.00,1023.60,4.07,97.00
Mon 25/05/2026 - 22:38:39,17.23,100.00,1023.58,4.07,97.00
Mon 25/05/2026 - 22:39:13,17.23,100.00,1023.58,4.07,97.00
Mon 25/05/2026 - 22:39:47,17.23,100.00,1023.57,4.07,97.00
Mon 25/05/2026 - 22:40:21,17.22,100.00,1023.56,4.07,97.00
Mon 25/05/2026 - 22:40:54,17.22,100.00,1023.61,4.07,97.00
Mon 25/05/2026 - 22:41:28,17.22,100.00,1023.62,4.07,97.00
Mon 25/05/2026 - 22:42:02,17.21,100.00,1023.63,4.07,97.00
Mon 25/05/2026 - 22:42:36,17.20,100.00,1023.58,4.07,97.00
Mon 25/05/2026 - 22:43:10,17.20,100.00,1023.58,4.07,97.00
Mon 25/05/2026 - 22:43:44,17.19,100.00,1023.55,4.07,97.00
Mon 25/05/2026 - 22:44:18,17.19,100.00,1023.55,4.07,97.00
Mon 25/05/2026 - 22:44:52,17.17,100.00,1023.56,4.07,97.00
Mon 25/05/2026 - 22:45:26,17.18,100.00,1023.56,4.07,97.00
Mon 25/05/2026 - 22:46:00,17.17,100.00,1023.58,4.07,97.00
Mon 25/05/2026 - 22:46:34,17.15,100.00,1023.60,4.07,97.00
Mon 25/05/2026 - 22:47:08,17.16,100.00,1023.58,4.07,97.00
Mon 25/05/2026 - 22:47:42,17.15,100.00,1023.58,4.07,97.00
Mon 25/05/2026 - 22:48:16,17.15,100.00,1023.59,4.07,97.00
Mon 25/05/2026 - 22:48:50,17.15,100.00,1023.63,4.07,97.00
Mon 25/05/2026 - 22:49:24,17.14,100.00,1023.60,4.07,97.00
Mon 25/05/2026 - 22:49:58,17.14,100.00,1023.58,4.07,97.00
Mon 25/05/2026 - 22:50:32,17.13,100.00,1023.54,4.07,97.00
Mon 25/05/2026 - 22:51:06,17.13,100.00,1023.64,4.07,97.00
Mon 25/05/2026 - 22:51:40,17.14,100.00,1023.63,4.07,97.00
Mon 25/05/2026 - 22:52:14,17.11,100.00,1023.61,4.07,97.00
Mon 25/05/2026 - 22:52:48,17.11,100.00,1023.61,4.07,97.00
Mon 25/05/2026 - 22:53:22,17.11,100.00,1023.61,4.07,97.00
Mon 25/05/2026 - 22:53:56,17.11,100.00,1023.61,4.07,97.00
Mon 25/05/2026 - 22:54:30,17.10,100.00,1023.65,4.07,97.00
Mon 25/05/2026 - 22:55:04,17.10,100.00,1023.62,4.07,97.00
Mon 25/05/2026 - 22:55:38,17.09,100.00,1023.65,4.07,97.00
Mon 25/05/2026 - 22:56:12,17.08,100.00,1023.59,4.07,97.00
Mon 25/05/2026 - 22:56:46,17.08,100.00,1023.64,4.07,97.00
Mon 25/05/2026 - 22:57:20,17.08,100.00,1023.56,4.07,97.00
Mon 25/05/2026 - 22:57:54,17.08,100.00,1023.59,4.07,97.00
Mon 25/05/2026 - 22:58:28,17.07,100.00,1023.68,4.07,97.00
Mon 25/05/2026 - 22:59:02,17.07,100.00,1023.65,4.07,97.00
Mon 25/05/2026 - 22:59:36,17.08,100.00,1023.74,4.07,97.00
Mon 25/05/2026 - 23:00:10,17.07,100.00,1023.67,4.07,97.00
Mon 25/05/2026 - 23:00:44,17.07,100.00,1023.68,4.07,97.00
Mon 25/05/2026 - 23:01:18,17.07,100.00,1023.68,4.07,97.00
Mon 25/05/2026 - 23:01:52,17.05,100.00,1023.61,4.07,97.00
Mon 25/05/2026 - 23:02:26,17.05,100.00,1023.69,4.07,97.00
Mon 25/05/2026 - 23:03:00,17.04,100.00,1023.62,4.07,97.00
Mon 25/05/2026 - 23:03:34,17.04,100.00,1023.67,4.07,97.00
Mon 25/05/2026 - 23:04:08,17.02,100.00,1023.67,4.07,97.00
Mon 25/05/2026 - 23:04:42,17.03,100.00,1023.72,4.07,97.00
Mon 25/05/2026 - 23:05:16,17.03,100.00,1023.71,4.07,97.00
Mon 25/05/2026 - 23:05:49,17.02,100.00,1023.67,4.07,97.00
Mon 25/05/2026 - 23:06:23,17.02,100.00,1023.64,4.07,97.00
Mon 25/05/2026 - 23:06:57,17.02,100.00,1023.70,4.07,97.00
Mon 25/05/2026 - 23:07:31,17.02,100.00,1023.64,4.07,97.00
Mon 25/05/2026 - 23:08:05,17.01,100.00,1023.68,4.07,97.00
Mon 25/05/2026 - 23:08:39,17.01,100.00,1023.68,4.07,97.00
Mon 25/05/2026 - 23:09:13,17.00,100.00,1023.72,4.07,97.00
Mon 25/05/2026 - 23:09:47,17.00,100.00,1023.74,4.07,97.00
Mon 25/05/2026 - 23:10:21,16.99,100.00,1023.65,4.07,97.00
Mon 25/05/2026 - 23:10:55,16.99,100.00,1023.72,4.07,97.00
Mon 25/05/2026 - 23:11:29,16.98,100.00,1023.66,4.07,97.00
Mon 25/05/2026 - 23:12:03,16.97,100.00,1023.67,4.07,97.00
Mon 25/05/2026 - 23:12:37,16.97,100.00,1023.67,4.07,97.00
Mon 25/05/2026 - 23:13:11,16.97,100.00,1023.63,4.07,97.00
Mon 25/05/2026 - 23:13:45,16.96,100.00,1023.60,4.07,97.00
Mon 25/05/2026 - 23:14:19,16.96,100.00,1023.62,4.07,97.00
Mon 25/05/2026 - 23:14:53,16.96,100.00,1023.65,4.07,97.00
Mon 25/05/2026 - 23:15:27,16.94,100.00,1023.63,4.07,97.00
Mon 25/05/2026 - 23:16:01,16.94,100.00,1023.63,4.07,97.00
Mon 25/05/2026 - 23:16:35,16.93,100.00,1023.54,4.07,97.00
Mon 25/05/2026 - 23:17:09,16.94,100.00,1023.67,4.07,97.00
Mon 25/05/2026 - 23:17:43,16.93,100.00,1023.62,4.07,97.00
Mon 25/05/2026 - 23:18:17,16.92,100.00,1023.61,4.07,97.00
Mon 25/05/2026 - 23:18:51,16.92,100.00,1023.63,4.07,97.00
Mon 25/05/2026 - 23:19:25,16.91,100.00,1023.59,4.07,97.00
Mon 25/05/2026 - 23:19:59,16.90,100.00,1023.66,4.07,97.00
Mon 25/05/2026 - 23:20:33,16.91,100.00,1023.65,4.07,97.00
Mon 25/05/2026 - 23:21:07,16.90,100.00,1023.63,4.07,97.00
Mon 25/05/2026 - 23:21:41,16.89,100.00,1023.64,4.07,97.00
Mon 25/05/2026 - 23:22:15,16.88,100.00,1023.62,4.07,97.00
Mon 25/05/2026 - 23:22:49,16.88,100.00,1023.65,4.07,97.00
Mon 25/05/2026 - 23:23:23,16.88,100.00,1023.67,4.07,97.00
Mon 25/05/2026 - 23:23:57,16.87,100.00,1023.63,4.07,97.00
Mon 25/05/2026 - 23:24:31,16.87,100.00,1023.68,4.07,97.00
Mon 25/05/2026 - 23:25:05,16.86,100.00,1023.67,4.07,97.00
Mon 25/05/2026 - 23:25:39,16.86,100.00,1023.64,4.07,97.00
Mon 25/05/2026 - 23:26:13,16.86,100.00,1023.67,4.07,97.00
Mon 25/05/2026 - 23:26:47,16.85,100.00,1023.70,4.07,97.00
Mon 25/05/2026 - 23:27:21,16.85,100.00,1023.74,4.06,97.00
Mon 25/05/2026 - 23:27:55,16.84,100.00,1023.69,4.06,97.00
Mon 25/05/2026 - 23:28:29,16.84,100.00,1023.72,4.07,97.00
Mon 25/05/2026 - 23:29:03,16.83,100.00,1023.70,4.06,97.00
Mon 25/05/2026 - 23:29:37,16.83,100.00,1023.65,4.07,97.00
Mon 25/05/2026 - 23:30:11,16.83,100.00,1023.70,4.06,97.00
Mon 25/05/2026 - 23:30:45,16.82,100.00,1023.65,4.06,97.00
Mon 25/05/2026 - 23:31:19,16.83,100.00,1023.70,4.07,97.00
Mon 25/05/2026 - 23:31:53,16.81,100.00,1023.77,4.07,97.00
Mon 25/05/2026 - 23:32:26,16.81,100.00,1023.69,4.06,97.00
Mon 25/05/2026 - 23:33:00,16.81,100.00,1023.66,4.07,97.00
Mon 25/05/2026 - 23:33:34,16.80,100.00,1023.67,4.06,97.00
Mon 25/05/2026 - 23:34:08,16.79,100.00,1023.58,4.07,97.00
Mon 25/05/2026 - 23:34:42,16.79,100.00,1023.65,4.06,97.00
Mon 25/05/2026 - 23:35:16,16.79,100.00,1023.57,4.06,97.00
Mon 25/05/2026 - 23:35:50,16.78,100.00,1023.51,4.06,97.00
Mon 25/05/2026 - 23:36:24,16.79,100.00,1023.55,4.07,97.00
Mon 25/05/2026 - 23:36:58,16.78,100.00,1023.61,4.06,97.00
Mon 25/05/2026 - 23:37:32,16.78,100.00,1023.58,4.06,97.00
Mon 25/05/2026 - 23:38:06,16.76,100.00,1023.61,4.06,97.00
Mon 25/05/2026 - 23:38:40,16.77,100.00,1023.66,4.06,97.00
Mon 25/05/2026 - 23:39:14,16.76,100.00,1023.68,4.06,97.00
Mon 25/05/2026 - 23:39:48,16.76,100.00,1023.68,4.06,97.00
Mon 25/05/2026 - 23:40:22,16.75,100.00,1023.67,4.06,97.00
Mon 25/05/2026 - 23:40:56,16.75,100.00,1023.62,4.07,97.00
Mon 25/05/2026 - 23:41:30,16.75,100.00,1023.65,4.06,97.00
Mon 25/05/2026 - 23:42:04,16.74,100.00,1023.62,4.06,97.00
Mon 25/05/2026 - 23:42:38,16.74,100.00,1023.66,4.06,97.00
Mon 25/05/2026 - 23:43:12,16.72,100.00,1023.62,4.06,97.00
Mon 25/05/2026 - 23:43:46,16.74,100.00,1023.65,4.06,97.00
Mon 25/05/2026 - 23:44:20,16.72,100.00,1023.68,4.06,97.00
Mon 25/05/2026 - 23:44:54,16.72,100.00,1023.69,4.06,97.00
Mon 25/05/2026 - 23:45:28,16.71,100.00,1023.62,4.06,97.00
Mon 25/05/2026 - 23:46:02,16.70,100.00,1023.59,4.06,97.00
Mon 25/05/2026 - 23:46:36,16.70,100.00,1023.58,4.06,97.00
Mon 25/05/2026 - 23:47:10,16.70,100.00,1023.61,4.06,97.00
Mon 25/05/2026 - 23:47:44,16.70,100.00,1023.58,4.06,97.00
Mon 25/05/2026 - 23:48:18,16.69,100.00,1023.59,4.06,97.00
Mon 25/05/2026 - 23:48:52,16.69,100.00,1023.56,4.06,97.00
Mon 25/05/2026 - 23:49:26,16.67,100.00,1023.53,4.06,97.00
Mon 25/05/2026 - 23:50:00,16.68,100.00,1023.60,4.06,97.00
Mon 25/05/2026 - 23:50:34,16.67,100.00,1023.64,4.06,97.00
Mon 25/05/2026 - 23:51:08,16.67,100.00,1023.64,4.06,97.00
Mon 25/05/2026 - 23:51:42,16.67,100.00,1023.59,4.06,97.00
Mon 25/05/2026 - 23:52:16,16.67,100.00,1023.53,4.06,97.00
Mon 25/05/2026 - 23:52:50,16.67,100.00,1023.58,4.06,97.00
Mon 25/05/2026 - 23:53:24,16.66,100.00,1023.56,4.06,97.00
Mon 25/05/2026 - 23:53:58,16.66,100.00,1023.48,4.06,97.00
Mon 25/05/2026 - 23:54:32,16.66,100.00,1023.59,4.06,97.00
Mon 25/05/2026 - 23:55:06,16.65,100.00,1023.55,4.06,97.00
Mon 25/05/2026 - 23:55:40,16.65,100.00,1023.55,4.06,97.00
Mon 25/05/2026 - 23:56:14,16.65,100.00,1023.61,4.06,97.00
Mon 25/05/2026 - 23:56:47,16.65,100.00,1023.55,4.06,97.00
Mon 25/05/2026 - 23:57:21,16.64,100.00,1023.54,4.06,97.00
Mon 25/05/2026 - 23:57:55,16.64,100.00,1023.56,4.06,97.00
Mon 25/05/2026 - 23:58:29,16.63,100.00,1023.54,4.06,97.00
Mon 25/05/2026 - 23:59:03,16.63,100.00,1023.57,4.06,97.00
Mon 25/05/2026 - 23:59:37,16.62,100.00,1023.50,4.06,97.00
