Thu 28/05/2026 - 00:00:19,17.95,100.00,1023.34,4.08,97.00
Thu 28/05/2026 - 00:00:53,17.94,100.00,1023.41,4.08,97.00
Thu 28/05/2026 - 00:01:27,17.95,100.00,1023.29,4.08,97.00
Thu 28/05/2026 - 00:02:01,17.93,100.00,1023.31,4.08,97.00
Thu 28/05/2026 - 00:02:35,17.94,100.00,1023.38,4.08,97.00
Thu 28/05/2026 - 00:03:09,17.94,100.00,1023.28,4.08,97.00
Thu 28/05/2026 - 00:03:43,17.93,100.00,1023.31,4.08,97.00
Thu 28/05/2026 - 00:04:17,17.94,100.00,1023.25,4.08,97.00
Thu 28/05/2026 - 00:04:51,17.94,100.00,1023.32,4.08,97.00
Thu 28/05/2026 - 00:05:25,17.93,100.00,1023.21,4.08,97.00
Thu 28/05/2026 - 00:05:59,17.93,100.00,1023.31,4.08,97.00
Thu 28/05/2026 - 00:06:33,17.93,100.00,1023.34,4.08,97.00
Thu 28/05/2026 - 00:07:07,17.93,100.00,1023.31,4.08,97.00
Thu 28/05/2026 - 00:07:41,17.93,100.00,1023.26,4.07,97.00
Thu 28/05/2026 - 00:08:15,17.93,100.00,1023.26,4.08,97.00
Thu 28/05/2026 - 00:08:49,17.92,100.00,1023.22,4.08,97.00
Thu 28/05/2026 - 00:09:23,17.94,100.00,1023.25,4.07,97.00
Thu 28/05/2026 - 00:09:57,17.93,100.00,1023.23,4.07,97.00
Thu 28/05/2026 - 00:10:31,17.92,100.00,1023.24,4.08,97.00
Thu 28/05/2026 - 00:11:05,17.92,100.00,1023.24,4.07,97.00
Thu 28/05/2026 - 00:11:39,17.93,100.00,1023.23,4.08,97.00
Thu 28/05/2026 - 00:12:13,17.93,100.00,1023.25,4.08,97.00
Thu 28/05/2026 - 00:12:47,17.92,100.00,1023.27,4.07,97.00
Thu 28/05/2026 - 00:13:21,17.92,100.00,1023.26,4.08,97.00
Thu 28/05/2026 - 00:13:55,17.92,100.00,1023.24,4.08,97.00
Thu 28/05/2026 - 00:14:29,17.93,100.00,1023.31,4.08,97.00
Thu 28/05/2026 - 00:15:03,17.93,100.00,1023.31,4.08,97.00
Thu 28/05/2026 - 00:15:37,17.93,100.00,1023.25,4.08,97.00
Thu 28/05/2026 - 00:16:11,17.92,100.00,1023.24,4.07,97.00
Thu 28/05/2026 - 00:16:45,17.93,100.00,1023.33,4.07,97.00
Thu 28/05/2026 - 00:17:19,17.93,100.00,1023.37,4.07,97.00
Thu 28/05/2026 - 00:17:53,17.92,100.00,1023.32,4.08,97.00
Thu 28/05/2026 - 00:18:27,17.91,100.00,1023.23,4.08,97.00
Thu 28/05/2026 - 00:19:01,17.92,100.00,1023.23,4.08,97.00
Thu 28/05/2026 - 00:19:35,17.91,100.00,1023.28,4.07,97.00
Thu 28/05/2026 - 00:20:09,17.91,100.00,1023.31,4.07,97.00
Thu 28/05/2026 - 00:20:43,17.90,100.00,1023.26,4.07,97.00
Thu 28/05/2026 - 00:21:17,17.91,100.00,1023.33,4.07,97.00
Thu 28/05/2026 - 00:21:51,17.90,100.00,1023.29,4.07,97.00
Thu 28/05/2026 - 00:22:25,17.90,100.00,1023.26,4.07,97.00
Thu 28/05/2026 - 00:22:59,17.89,100.00,1023.30,4.07,97.00
Thu 28/05/2026 - 00:23:33,17.90,100.00,1023.24,4.07,97.00
Thu 28/05/2026 - 00:24:07,17.91,100.00,1023.27,4.07,97.00
Thu 28/05/2026 - 00:24:41,17.91,100.00,1023.27,4.07,97.00
Thu 28/05/2026 - 00:25:15,17.90,100.00,1023.25,4.07,97.00
Thu 28/05/2026 - 00:25:48,17.89,100.00,1023.25,4.08,97.00
Thu 28/05/2026 - 00:26:22,17.89,100.00,1023.26,4.07,97.00
Thu 28/05/2026 - 00:26:56,17.88,100.00,1023.34,4.07,97.00
Thu 28/05/2026 - 00:27:30,17.89,100.00,1023.27,4.07,97.00
Thu 28/05/2026 - 00:28:04,17.88,100.00,1023.33,4.07,97.00
Thu 28/05/2026 - 00:28:38,17.88,100.00,1023.28,4.07,97.00
Thu 28/05/2026 - 00:29:12,17.88,100.00,1023.31,4.07,97.00
Thu 28/05/2026 - 00:29:46,17.87,100.00,1023.24,4.07,97.00
Thu 28/05/2026 - 00:30:20,17.87,100.00,1023.26,4.07,97.00
Thu 28/05/2026 - 00:30:54,17.87,100.00,1023.28,4.07,97.00
Thu 28/05/2026 - 00:31:28,17.86,100.00,1023.27,4.07,97.00
Thu 28/05/2026 - 00:32:02,17.86,100.00,1023.25,4.07,97.00
Thu 28/05/2026 - 00:32:36,17.86,100.00,1023.35,4.07,97.00
Thu 28/05/2026 - 00:33:10,17.86,100.00,1023.25,4.07,97.00
Thu 28/05/2026 - 00:33:44,17.86,100.00,1023.32,4.07,97.00
Thu 28/05/2026 - 00:34:18,17.86,100.00,1023.29,4.07,97.00
Thu 28/05/2026 - 00:34:52,17.85,100.00,1023.28,4.07,97.00
Thu 28/05/2026 - 00:35:26,17.85,100.00,1023.23,4.07,97.00
Thu 28/05/2026 - 00:36:00,17.85,100.00,1023.28,4.07,97.00
Thu 28/05/2026 - 00:36:34,17.84,100.00,1023.26,4.07,97.00
Thu 28/05/2026 - 00:37:08,17.83,100.00,1023.33,4.08,97.00
Thu 28/05/2026 - 00:37:42,17.83,100.00,1023.36,4.07,97.00
Thu 28/05/2026 - 00:38:16,17.83,100.00,1023.32,4.07,97.00
Thu 28/05/2026 - 00:38:50,17.83,100.00,1023.38,4.07,97.00
Thu 28/05/2026 - 00:39:24,17.82,100.00,1023.50,4.07,97.00
Thu 28/05/2026 - 00:39:58,17.82,100.00,1023.45,4.07,97.00
Thu 28/05/2026 - 00:40:32,17.82,100.00,1023.39,4.07,97.00
Thu 28/05/2026 - 00:41:06,17.82,100.00,1023.39,4.07,97.00
Thu 28/05/2026 - 00:41:40,17.81,100.00,1023.43,4.07,97.00
Thu 28/05/2026 - 00:42:14,17.81,100.00,1023.43,4.07,97.00
Thu 28/05/2026 - 00:42:48,17.81,100.00,1023.42,4.07,97.00
Thu 28/05/2026 - 00:43:22,17.80,100.00,1023.44,4.07,97.00
Thu 28/05/2026 - 00:43:56,17.79,100.00,1023.42,4.07,97.00
Thu 28/05/2026 - 00:44:30,17.79,100.00,1023.34,4.07,97.00
Thu 28/05/2026 - 00:45:04,17.78,100.00,1023.42,4.07,97.00
Thu 28/05/2026 - 00:45:38,17.79,100.00,1023.40,4.07,97.00
Thu 28/05/2026 - 00:46:12,17.79,100.00,1023.40,4.07,97.00
Thu 28/05/2026 - 00:46:46,17.78,100.00,1023.35,4.07,97.00
Thu 28/05/2026 - 00:47:20,17.77,100.00,1023.32,4.07,97.00
Thu 28/05/2026 - 00:47:54,17.77,100.00,1023.31,4.07,97.00
Thu 28/05/2026 - 00:48:28,17.78,100.00,1023.27,4.07,97.00
Thu 28/05/2026 - 00:49:02,17.76,100.00,1023.30,4.07,97.00
Thu 28/05/2026 - 00:49:36,17.76,100.00,1023.14,4.07,97.00
Thu 28/05/2026 - 00:50:10,17.76,100.00,1023.22,4.07,97.00
Thu 28/05/2026 - 00:50:44,17.75,100.00,1023.17,4.07,97.00
Thu 28/05/2026 - 00:51:18,17.76,100.00,1023.13,4.07,97.00
Thu 28/05/2026 - 00:51:52,17.75,100.00,1023.22,4.07,97.00
Thu 28/05/2026 - 00:52:26,17.75,100.00,1023.17,4.07,97.00
Thu 28/05/2026 - 00:53:00,17.74,100.00,1023.24,4.07,97.00
Thu 28/05/2026 - 00:53:34,17.76,100.00,1023.24,4.07,97.00
Thu 28/05/2026 - 00:54:08,17.74,100.00,1023.20,4.07,97.00
Thu 28/05/2026 - 00:54:42,17.75,100.00,1023.27,4.07,97.00
Thu 28/05/2026 - 00:55:16,17.73,100.00,1023.24,4.07,97.00
Thu 28/05/2026 - 00:55:50,17.73,100.00,1023.25,4.07,97.00
Thu 28/05/2026 - 00:56:24,17.73,100.00,1023.24,4.07,97.00
Thu 28/05/2026 - 00:56:58,17.73,100.00,1023.29,4.07,97.00
Thu 28/05/2026 - 00:57:32,17.72,100.00,1023.28,4.07,97.00
Thu 28/05/2026 - 00:58:06,17.72,100.00,1023.30,4.07,97.00
Thu 28/05/2026 - 00:58:40,17.71,100.00,1023.31,4.07,97.00
Thu 28/05/2026 - 00:59:14,17.72,100.00,1023.25,4.07,97.00
Thu 28/05/2026 - 00:59:48,17.70,100.00,1023.28,4.07,97.00
Thu 28/05/2026 - 01:00:22,17.71,100.00,1023.29,4.07,97.00
Thu 28/05/2026 - 01:00:56,17.70,100.00,1023.24,4.07,97.00
Thu 28/05/2026 - 01:01:30,17.71,100.00,1023.26,4.07,97.00
Thu 28/05/2026 - 01:02:04,17.69,100.00,1023.22,4.07,97.00
Thu 28/05/2026 - 01:02:38,17.70,100.00,1023.16,4.07,97.00
Thu 28/05/2026 - 01:03:12,17.68,100.00,1023.15,4.07,97.00
Thu 28/05/2026 - 01:03:46,17.68,100.00,1023.11,4.07,97.00
Thu 28/05/2026 - 01:04:20,17.68,100.00,1023.15,4.07,97.00
Thu 28/05/2026 - 01:04:54,17.66,100.00,1023.15,4.07,97.00
Thu 28/05/2026 - 01:05:28,17.67,100.00,1023.20,4.07,97.00
Thu 28/05/2026 - 01:06:02,17.66,100.00,1023.13,4.07,97.00
Thu 28/05/2026 - 01:06:36,17.66,100.00,1023.23,4.07,97.00
Thu 28/05/2026 - 01:07:10,17.66,100.00,1023.12,4.07,97.00
Thu 28/05/2026 - 01:07:44,17.66,100.00,1023.17,4.07,97.00
Thu 28/05/2026 - 01:08:18,17.64,100.00,1023.19,4.07,97.00
Thu 28/05/2026 - 01:08:52,17.65,100.00,1023.24,4.07,97.00
Thu 28/05/2026 - 01:09:26,17.64,100.00,1023.23,4.07,97.00
Thu 28/05/2026 - 01:10:00,17.64,100.00,1023.25,4.07,97.00
Thu 28/05/2026 - 01:10:34,17.64,100.00,1023.14,4.07,97.00
Thu 28/05/2026 - 01:11:08,17.64,100.00,1023.16,4.07,97.00
Thu 28/05/2026 - 01:11:42,17.63,100.00,1023.17,4.07,97.00
Thu 28/05/2026 - 01:12:16,17.62,100.00,1023.17,4.07,97.00
Thu 28/05/2026 - 01:12:50,17.62,100.00,1023.17,4.07,97.00
Thu 28/05/2026 - 01:13:24,17.61,100.00,1023.12,4.07,97.00
Thu 28/05/2026 - 01:13:58,17.61,100.00,1023.15,4.07,97.00
Thu 28/05/2026 - 01:14:32,17.60,100.00,1023.12,4.07,97.00
Thu 28/05/2026 - 01:15:06,17.61,100.00,1023.14,4.07,97.00
Thu 28/05/2026 - 01:15:40,17.60,100.00,1023.10,4.07,97.00
Thu 28/05/2026 - 01:16:14,17.60,100.00,1023.04,4.07,97.00
Thu 28/05/2026 - 01:16:48,17.60,100.00,1023.01,4.07,97.00
Thu 28/05/2026 - 01:17:22,17.59,100.00,1023.01,4.07,97.00
Thu 28/05/2026 - 01:17:56,17.59,100.00,1023.02,4.07,97.00
Thu 28/05/2026 - 01:18:30,17.59,100.00,1023.01,4.07,97.00
Thu 28/05/2026 - 01:19:04,17.60,100.00,1023.01,4.07,97.00
Thu 28/05/2026 - 01:19:38,17.59,100.00,1022.94,4.07,97.00
Thu 28/05/2026 - 01:20:12,17.57,100.00,1022.97,4.07,97.00
Thu 28/05/2026 - 01:20:46,17.57,100.00,1022.96,4.07,97.00
Thu 28/05/2026 - 01:21:20,17.57,100.00,1022.88,4.07,97.00
Thu 28/05/2026 - 01:21:54,17.56,100.00,1022.89,4.07,97.00
Thu 28/05/2026 - 01:22:28,17.56,100.00,1022.93,4.07,97.00
Thu 28/05/2026 - 01:23:02,17.55,100.00,1022.87,4.07,97.00
Thu 28/05/2026 - 01:23:36,17.55,100.00,1022.90,4.07,97.00
Thu 28/05/2026 - 01:24:10,17.54,100.00,1022.81,4.07,97.00
Thu 28/05/2026 - 01:24:44,17.54,100.00,1022.86,4.07,97.00
Thu 28/05/2026 - 01:25:18,17.54,100.00,1022.83,4.07,97.00
Thu 28/05/2026 - 01:25:52,17.54,100.00,1022.80,4.07,97.00
Thu 28/05/2026 - 01:26:26,17.54,100.00,1022.80,4.07,97.00
Thu 28/05/2026 - 01:27:00,17.53,100.00,1022.79,4.07,97.00
Thu 28/05/2026 - 01:27:34,17.53,100.00,1022.81,4.07,97.00
Thu 28/05/2026 - 01:28:08,17.52,100.00,1022.79,4.07,97.00
Thu 28/05/2026 - 01:28:42,17.52,100.00,1022.74,4.07,97.00
Thu 28/05/2026 - 01:29:16,17.52,100.00,1022.71,4.07,97.00
Thu 28/05/2026 - 01:29:50,17.51,100.00,1022.76,4.07,97.00
Thu 28/05/2026 - 01:30:24,17.51,100.00,1022.78,4.07,97.00
Thu 28/05/2026 - 01:30:58,17.50,100.00,1022.79,4.07,97.00
Thu 28/05/2026 - 01:31:32,17.50,100.00,1022.71,4.07,97.00
Thu 28/05/2026 - 01:32:06,17.49,100.00,1022.63,4.07,97.00
Thu 28/05/2026 - 01:32:40,17.50,100.00,1022.76,4.07,97.00
Thu 28/05/2026 - 01:33:14,17.49,100.00,1022.74,4.07,97.00
Thu 28/05/2026 - 01:33:48,17.49,100.00,1022.77,4.07,97.00
Thu 28/05/2026 - 01:34:22,17.48,100.00,1022.73,4.07,97.00
Thu 28/05/2026 - 01:34:55,17.48,100.00,1022.73,4.07,97.00
Thu 28/05/2026 - 01:35:29,17.48,100.00,1022.73,4.07,97.00
Thu 28/05/2026 - 01:36:03,17.47,100.00,1022.66,4.07,97.00
Thu 28/05/2026 - 01:36:37,17.47,100.00,1022.74,4.07,97.00
Thu 28/05/2026 - 01:37:11,17.46,100.00,1022.70,4.07,97.00
Thu 28/05/2026 - 01:37:45,17.46,100.00,1022.61,4.07,97.00
Thu 28/05/2026 - 01:38:19,17.45,100.00,1022.70,4.07,97.00
Thu 28/05/2026 - 01:38:53,17.45,100.00,1022.70,4.07,97.00
Thu 28/05/2026 - 01:39:27,17.45,100.00,1022.66,4.07,97.00
Thu 28/05/2026 - 01:40:01,17.45,100.00,1022.75,4.07,97.00
Thu 28/05/2026 - 01:40:35,17.44,100.00,1022.71,4.07,97.00
Thu 28/05/2026 - 01:41:09,17.44,100.00,1022.71,4.07,97.00
Thu 28/05/2026 - 01:41:43,17.43,100.00,1022.67,4.07,97.00
Thu 28/05/2026 - 01:42:17,17.43,100.00,1022.73,4.07,97.00
Thu 28/05/2026 - 01:42:51,17.43,100.00,1022.67,4.07,97.00
Thu 28/05/2026 - 01:43:25,17.43,100.00,1022.67,4.07,97.00
Thu 28/05/2026 - 01:43:59,17.43,100.00,1022.67,4.07,97.00
Thu 28/05/2026 - 01:44:33,17.42,100.00,1022.66,4.07,97.00
Thu 28/05/2026 - 01:45:07,17.42,100.00,1022.66,4.07,97.00
Thu 28/05/2026 - 01:45:41,17.40,100.00,1022.68,4.07,97.00
Thu 28/05/2026 - 01:46:15,17.41,100.00,1022.69,4.07,97.00
Thu 28/05/2026 - 01:46:49,17.40,100.00,1022.64,4.07,97.00
Thu 28/05/2026 - 01:47:23,17.40,100.00,1022.67,4.07,97.00
Thu 28/05/2026 - 01:47:57,17.40,100.00,1022.67,4.07,97.00
Thu 28/05/2026 - 01:48:31,17.40,100.00,1022.61,4.07,97.00
Thu 28/05/2026 - 01:49:05,17.39,100.00,1022.66,4.07,97.00
Thu 28/05/2026 - 01:49:39,17.39,100.00,1022.70,4.07,97.00
Thu 28/05/2026 - 01:50:13,17.38,100.00,1022.64,4.07,97.00
Thu 28/05/2026 - 01:50:47,17.38,100.00,1022.66,4.07,97.00
Thu 28/05/2026 - 01:51:21,17.38,100.00,1022.66,4.07,97.00
Thu 28/05/2026 - 01:51:55,17.37,100.00,1022.59,4.07,97.00
Thu 28/05/2026 - 01:52:29,17.37,100.00,1022.64,4.07,97.00
Thu 28/05/2026 - 01:53:03,17.35,100.00,1022.59,4.07,97.00
Thu 28/05/2026 - 01:53:37,17.34,100.00,1022.64,4.07,97.00
Thu 28/05/2026 - 01:54:11,17.34,100.00,1022.65,4.07,97.00
Thu 28/05/2026 - 01:54:45,17.33,100.00,1022.70,4.07,97.00
Thu 28/05/2026 - 01:55:19,17.33,100.00,1022.67,4.07,97.00
Thu 28/05/2026 - 01:55:53,17.33,100.00,1022.73,4.07,97.00
Thu 28/05/2026 - 01:56:27,17.33,100.00,1022.73,4.07,97.00
Thu 28/05/2026 - 01:57:01,17.32,100.00,1022.68,4.07,97.00
Thu 28/05/2026 - 01:57:35,17.33,100.00,1022.80,4.07,97.00
Thu 28/05/2026 - 01:58:09,17.31,100.00,1022.74,4.07,97.00
Thu 28/05/2026 - 01:58:43,17.31,100.00,1022.76,4.07,97.00
Thu 28/05/2026 - 01:59:17,17.30,100.00,1022.78,4.07,97.00
Thu 28/05/2026 - 01:59:51,17.31,100.00,1022.75,4.07,97.00
Thu 28/05/2026 - 02:00:25,17.29,100.00,1022.66,4.07,97.00
Thu 28/05/2026 - 02:00:59,17.29,100.00,1022.65,4.07,97.00
Thu 28/05/2026 - 02:01:33,17.29,100.00,1022.68,4.07,97.00
Thu 28/05/2026 - 02:02:07,17.28,100.00,1022.69,4.07,97.00
Thu 28/05/2026 - 02:02:41,17.28,100.00,1022.63,4.07,97.00
Thu 28/05/2026 - 02:03:15,17.27,100.00,1022.62,4.07,97.00
Thu 28/05/2026 - 02:03:49,17.27,100.00,1022.61,4.07,97.00
Thu 28/05/2026 - 02:04:23,17.26,100.00,1022.52,4.07,97.00
Thu 28/05/2026 - 02:04:57,17.26,100.00,1022.63,4.07,97.00
Thu 28/05/2026 - 02:05:31,17.26,100.00,1022.60,4.07,97.00
Thu 28/05/2026 - 02:06:05,17.25,100.00,1022.64,4.07,97.00
Thu 28/05/2026 - 02:06:39,17.25,100.00,1022.64,4.07,97.00
Thu 28/05/2026 - 02:07:13,17.24,100.00,1022.60,4.07,97.00
Thu 28/05/2026 - 02:07:47,17.23,100.00,1022.63,4.07,97.00
Thu 28/05/2026 - 02:08:21,17.23,100.00,1022.63,4.07,97.00
Thu 28/05/2026 - 02:08:55,17.23,100.00,1022.63,4.07,97.00
Thu 28/05/2026 - 02:09:29,17.23,100.00,1022.66,4.07,97.00
Thu 28/05/2026 - 02:10:03,17.23,100.00,1022.65,4.06,97.00
Thu 28/05/2026 - 02:10:37,17.22,100.00,1022.58,4.07,97.00
Thu 28/05/2026 - 02:11:11,17.21,100.00,1022.57,4.07,97.00
Thu 28/05/2026 - 02:11:45,17.21,100.00,1022.57,4.07,97.00
Thu 28/05/2026 - 02:12:19,17.21,100.00,1022.52,4.07,97.00
Thu 28/05/2026 - 02:12:53,17.20,100.00,1022.60,4.07,97.00
Thu 28/05/2026 - 02:13:27,17.20,100.00,1022.60,4.07,97.00
Thu 28/05/2026 - 02:14:01,17.19,100.00,1022.59,4.07,97.00
Thu 28/05/2026 - 02:14:35,17.19,100.00,1022.62,4.07,97.00
Thu 28/05/2026 - 02:15:09,17.18,100.00,1022.55,4.07,97.00
Thu 28/05/2026 - 02:15:43,17.18,100.00,1022.57,4.06,97.00
Thu 28/05/2026 - 02:16:17,17.18,100.00,1022.63,4.07,97.00
Thu 28/05/2026 - 02:16:51,17.17,100.00,1022.55,4.07,97.00
Thu 28/05/2026 - 02:17:25,17.16,100.00,1022.54,4.07,97.00
Thu 28/05/2026 - 02:17:59,17.15,100.00,1022.55,4.06,97.00
Thu 28/05/2026 - 02:18:33,17.16,100.00,1022.59,4.06,97.00
Thu 28/05/2026 - 02:19:07,17.15,100.00,1022.63,4.06,97.00
Thu 28/05/2026 - 02:19:41,17.15,100.00,1022.51,4.07,97.00
Thu 28/05/2026 - 02:20:15,17.15,100.00,1022.54,4.06,97.00
Thu 28/05/2026 - 02:20:49,17.14,100.00,1022.60,4.07,97.00
Thu 28/05/2026 - 02:21:23,17.13,100.00,1022.49,4.06,97.00
Thu 28/05/2026 - 02:21:57,17.13,100.00,1022.54,4.06,97.00
Thu 28/05/2026 - 02:22:31,17.14,100.00,1022.60,4.06,97.00
Thu 28/05/2026 - 02:23:05,17.13,100.00,1022.53,4.07,97.00
Thu 28/05/2026 - 02:23:39,17.12,100.00,1022.52,4.06,97.00
Thu 28/05/2026 - 02:24:13,17.11,100.00,1022.51,4.06,97.00
Thu 28/05/2026 - 02:24:47,17.11,100.00,1022.55,4.06,97.00
Thu 28/05/2026 - 02:25:21,17.10,100.00,1022.52,4.06,97.00
Thu 28/05/2026 - 02:25:55,17.10,100.00,1022.54,4.07,97.00
Thu 28/05/2026 - 02:26:29,17.10,100.00,1022.51,4.06,97.00
Thu 28/05/2026 - 02:27:03,17.09,100.00,1022.55,4.06,97.00
Thu 28/05/2026 - 02:27:37,17.10,100.00,1022.54,4.06,97.00
Thu 28/05/2026 - 02:28:11,17.09,100.00,1022.45,4.06,97.00
Thu 28/05/2026 - 02:28:45,17.08,100.00,1022.46,4.06,97.00
Thu 28/05/2026 - 02:29:19,17.08,100.00,1022.51,4.06,97.00
Thu 28/05/2026 - 02:29:53,17.07,100.00,1022.47,4.06,97.00
Thu 28/05/2026 - 02:30:27,17.07,100.00,1022.46,4.06,97.00
Thu 28/05/2026 - 02:31:01,17.06,100.00,1022.42,4.06,97.00
Thu 28/05/2026 - 02:31:35,17.06,100.00,1022.48,4.06,97.00
Thu 28/05/2026 - 02:32:09,17.05,100.00,1022.46,4.06,97.00
Thu 28/05/2026 - 02:32:43,17.07,100.00,1022.48,4.06,97.00
Thu 28/05/2026 - 02:33:17,17.05,100.00,1022.46,4.06,97.00
Thu 28/05/2026 - 02:33:51,17.06,100.00,1022.47,4.06,97.00
Thu 28/05/2026 - 02:34:25,17.05,100.00,1022.48,4.07,97.00
Thu 28/05/2026 - 02:34:59,17.04,100.00,1022.43,4.06,97.00
Thu 28/05/2026 - 02:35:33,17.04,100.00,1022.49,4.07,97.00
Thu 28/05/2026 - 02:36:07,17.03,100.00,1022.41,4.06,97.00
Thu 28/05/2026 - 02:36:41,17.03,100.00,1022.45,4.06,97.00
Thu 28/05/2026 - 02:37:15,17.02,100.00,1022.51,4.06,97.00
Thu 28/05/2026 - 02:37:49,17.01,100.00,1022.33,4.06,97.00
Thu 28/05/2026 - 02:38:23,17.01,100.00,1022.44,4.06,97.00
Thu 28/05/2026 - 02:38:57,17.00,100.00,1022.37,4.06,97.00
Thu 28/05/2026 - 02:39:31,17.00,100.00,1022.34,4.06,97.00
Thu 28/05/2026 - 02:40:05,17.01,100.00,1022.49,4.06,97.00
Thu 28/05/2026 - 02:40:39,17.00,100.00,1022.36,4.06,97.00
Thu 28/05/2026 - 02:41:13,17.00,100.00,1022.34,4.06,97.00
Thu 28/05/2026 - 02:41:47,16.98,100.00,1022.42,4.06,97.00
Thu 28/05/2026 - 02:42:21,16.98,100.00,1022.34,4.06,97.00
Thu 28/05/2026 - 02:42:55,16.99,100.00,1022.40,4.06,97.00
Thu 28/05/2026 - 02:43:29,16.98,100.00,1022.36,4.06,97.00
Thu 28/05/2026 - 02:44:03,16.98,100.00,1022.34,4.06,97.00
Thu 28/05/2026 - 02:44:37,16.97,100.00,1022.32,4.06,97.00
Thu 28/05/2026 - 02:45:11,16.98,100.00,1022.33,4.06,97.00
Thu 28/05/2026 - 02:45:45,16.97,100.00,1022.32,4.06,97.00
Thu 28/05/2026 - 02:46:19,16.97,100.00,1022.39,4.06,97.00
Thu 28/05/2026 - 02:46:53,16.96,100.00,1022.38,4.06,97.00
Thu 28/05/2026 - 02:47:27,16.96,100.00,1022.36,4.06,97.00
Thu 28/05/2026 - 02:48:01,16.95,100.00,1022.39,4.06,97.00
Thu 28/05/2026 - 02:48:35,16.95,100.00,1022.34,4.06,97.00
Thu 28/05/2026 - 02:49:09,16.95,100.00,1022.31,4.06,97.00
Thu 28/05/2026 - 02:49:43,16.96,100.00,1022.29,4.06,97.00
Thu 28/05/2026 - 02:50:17,16.95,100.00,1022.36,4.06,97.00
Thu 28/05/2026 - 02:50:51,16.94,100.00,1022.31,4.06,97.00
Thu 28/05/2026 - 02:51:25,16.94,100.00,1022.32,4.06,97.00
Thu 28/05/2026 - 02:51:59,16.93,100.00,1022.36,4.06,97.00
Thu 28/05/2026 - 02:52:33,16.93,100.00,1022.25,4.06,97.00
Thu 28/05/2026 - 02:53:07,16.93,100.00,1022.35,4.06,97.00
Thu 28/05/2026 - 02:53:41,16.92,100.00,1022.29,4.06,97.00
Thu 28/05/2026 - 02:54:15,16.93,100.00,1022.24,4.06,97.00
Thu 28/05/2026 - 02:54:49,16.93,100.00,1022.25,4.06,97.00
Thu 28/05/2026 - 02:55:23,16.92,100.00,1022.29,4.06,97.00
Thu 28/05/2026 - 02:55:57,16.91,100.00,1022.27,4.06,97.00
Thu 28/05/2026 - 02:56:31,16.91,100.00,1022.24,4.06,97.00
Thu 28/05/2026 - 02:57:05,16.91,100.00,1022.27,4.06,97.00
Thu 28/05/2026 - 02:57:39,16.90,100.00,1022.17,4.06,97.00
Thu 28/05/2026 - 02:58:13,16.90,100.00,1022.23,4.06,97.00
Thu 28/05/2026 - 02:58:47,16.91,100.00,1022.22,4.06,97.00
Thu 28/05/2026 - 02:59:21,16.90,100.00,1022.31,4.06,97.00
Thu 28/05/2026 - 02:59:55,16.90,100.00,1022.25,4.06,97.00
Thu 28/05/2026 - 03:00:29,16.88,100.00,1022.28,4.06,97.00
Thu 28/05/2026 - 03:01:03,16.90,100.00,1022.31,4.06,97.00
Thu 28/05/2026 - 03:01:37,16.89,100.00,1022.29,4.06,97.00
Thu 28/05/2026 - 03:02:11,16.89,100.00,1022.29,4.06,97.00
Thu 28/05/2026 - 03:02:45,16.88,100.00,1022.31,4.06,97.00
Thu 28/05/2026 - 03:03:19,16.89,100.00,1022.34,4.06,97.00
Thu 28/05/2026 - 03:03:53,16.88,100.00,1022.31,4.06,97.00
Thu 28/05/2026 - 03:04:27,16.88,100.00,1022.25,4.06,97.00
Thu 28/05/2026 - 03:05:01,16.88,100.00,1022.33,4.06,97.00
Thu 28/05/2026 - 03:05:35,16.88,100.00,1022.30,4.06,97.00
Thu 28/05/2026 - 03:06:09,16.88,100.00,1022.22,4.06,97.00
Thu 28/05/2026 - 03:06:43,16.87,100.00,1022.28,4.06,97.00
Thu 28/05/2026 - 03:07:17,16.88,100.00,1022.27,4.06,97.00
Thu 28/05/2026 - 03:07:51,16.87,100.00,1022.26,4.06,97.00
Thu 28/05/2026 - 03:08:25,16.88,100.00,1022.22,4.06,97.00
Thu 28/05/2026 - 03:08:59,16.86,100.00,1022.18,4.06,97.00
Thu 28/05/2026 - 03:09:33,16.86,100.00,1022.10,4.06,97.00
Thu 28/05/2026 - 03:10:07,16.86,100.00,1022.18,4.06,97.00
Thu 28/05/2026 - 03:10:41,16.86,100.00,1022.19,4.06,97.00
Thu 28/05/2026 - 03:11:15,16.86,100.00,1022.10,4.06,97.00
Thu 28/05/2026 - 03:11:49,16.85,100.00,1022.15,4.06,97.00
Thu 28/05/2026 - 03:12:23,16.85,100.00,1022.11,4.06,97.00
Thu 28/05/2026 - 03:12:57,16.86,100.00,1022.13,4.06,97.00
Thu 28/05/2026 - 03:13:31,16.85,100.00,1022.08,4.06,97.00
Thu 28/05/2026 - 03:14:05,16.84,100.00,1022.07,4.06,97.00
Thu 28/05/2026 - 03:14:38,16.85,100.00,1022.11,4.06,97.00
Thu 28/05/2026 - 03:15:12,16.85,100.00,1022.07,4.06,97.00
Thu 28/05/2026 - 03:15:46,16.84,100.00,1021.99,4.06,97.00
Thu 28/05/2026 - 03:16:20,16.83,100.00,1022.05,4.06,97.00
Thu 28/05/2026 - 03:16:54,16.84,100.00,1021.99,4.06,97.00
Thu 28/05/2026 - 03:17:28,16.84,100.00,1022.04,4.06,97.00
Thu 28/05/2026 - 03:18:02,16.83,100.00,1021.97,4.06,97.00
Thu 28/05/2026 - 03:18:36,16.84,100.00,1021.96,4.06,97.00
Thu 28/05/2026 - 03:19:10,16.83,100.00,1022.03,4.06,97.00
Thu 28/05/2026 - 03:19:44,16.83,100.00,1022.03,4.06,97.00
Thu 28/05/2026 - 03:20:18,16.83,100.00,1022.02,4.06,97.00
Thu 28/05/2026 - 03:20:52,16.82,100.00,1021.99,4.06,97.00
Thu 28/05/2026 - 03:21:26,16.82,100.00,1022.11,4.06,97.00
Thu 28/05/2026 - 03:22:00,16.82,100.00,1022.01,4.06,97.00
Thu 28/05/2026 - 03:22:34,16.81,100.00,1022.00,4.06,97.00
Thu 28/05/2026 - 03:23:08,16.82,100.00,1022.01,4.06,97.00
Thu 28/05/2026 - 03:23:42,16.82,100.00,1022.01,4.06,97.00
Thu 28/05/2026 - 03:24:16,16.82,100.00,1022.03,4.06,97.00
Thu 28/05/2026 - 03:24:50,16.81,100.00,1022.04,4.06,97.00
Thu 28/05/2026 - 03:25:24,16.81,100.00,1022.04,4.06,97.00
Thu 28/05/2026 - 03:25:58,16.81,100.00,1022.04,4.06,97.00
Thu 28/05/2026 - 03:26:32,16.80,100.00,1022.03,4.06,97.00
Thu 28/05/2026 - 03:27:06,16.80,100.00,1022.09,4.06,97.00
Thu 28/05/2026 - 03:27:40,16.80,100.00,1021.94,4.06,97.00
Thu 28/05/2026 - 03:28:14,16.79,100.00,1021.96,4.06,97.00
Thu 28/05/2026 - 03:28:48,16.80,100.00,1021.89,4.06,97.00
Thu 28/05/2026 - 03:29:22,16.79,100.00,1021.90,4.06,97.00
Thu 28/05/2026 - 03:29:56,16.78,100.00,1021.89,4.06,97.00
Thu 28/05/2026 - 03:30:30,16.80,100.00,1021.89,4.06,97.00
Thu 28/05/2026 - 03:31:04,16.79,100.00,1021.93,4.06,97.00
Thu 28/05/2026 - 03:31:38,16.79,100.00,1021.90,4.06,97.00
Thu 28/05/2026 - 03:32:12,16.78,100.00,1021.91,4.06,97.00
Thu 28/05/2026 - 03:32:46,16.78,100.00,1021.88,4.06,97.00
Thu 28/05/2026 - 03:33:20,16.78,100.00,1021.88,4.06,97.00
Thu 28/05/2026 - 03:33:54,16.78,100.00,1021.91,4.06,97.00
Thu 28/05/2026 - 03:34:28,16.77,100.00,1021.87,4.06,97.00
Thu 28/05/2026 - 03:35:02,16.78,100.00,1021.88,4.06,97.00
Thu 28/05/2026 - 03:35:36,16.77,100.00,1021.85,4.06,97.00
Thu 28/05/2026 - 03:36:10,16.76,100.00,1021.88,4.06,97.00
Thu 28/05/2026 - 03:36:44,16.77,100.00,1021.92,4.06,97.00
Thu 28/05/2026 - 03:37:18,16.76,100.00,1021.88,4.06,97.00
Thu 28/05/2026 - 03:37:52,16.76,100.00,1021.91,4.06,97.00
Thu 28/05/2026 - 03:38:26,16.75,100.00,1021.84,4.06,97.00
Thu 28/05/2026 - 03:39:00,16.76,100.00,1021.90,4.06,97.00
Thu 28/05/2026 - 03:39:34,16.75,100.00,1021.83,4.06,97.00
Thu 28/05/2026 - 03:40:08,16.75,100.00,1021.84,4.06,97.00
Thu 28/05/2026 - 03:40:42,16.75,100.00,1021.83,4.06,97.00
Thu 28/05/2026 - 03:41:16,16.74,100.00,1021.76,4.06,97.00
Thu 28/05/2026 - 03:41:50,16.74,100.00,1021.76,4.06,97.00
Thu 28/05/2026 - 03:42:24,16.73,100.00,1021.86,4.06,97.00
Thu 28/05/2026 - 03:42:58,16.74,100.00,1021.81,4.06,97.00
Thu 28/05/2026 - 03:43:32,16.74,100.00,1021.79,4.06,97.00
Thu 28/05/2026 - 03:44:06,16.72,100.00,1021.71,4.06,97.00
Thu 28/05/2026 - 03:44:40,16.74,100.00,1021.79,4.06,97.00
Thu 28/05/2026 - 03:45:14,16.73,100.00,1021.75,4.06,97.00
Thu 28/05/2026 - 03:45:48,16.73,100.00,1021.77,4.06,97.00
Thu 28/05/2026 - 03:46:22,16.73,100.00,1021.78,4.06,97.00
Thu 28/05/2026 - 03:46:56,16.73,100.00,1021.80,4.06,97.00
Thu 28/05/2026 - 03:47:30,16.72,100.00,1021.70,4.06,97.00
Thu 28/05/2026 - 03:48:04,16.71,100.00,1021.77,4.06,97.00
Thu 28/05/2026 - 03:48:38,16.71,100.00,1021.77,4.06,97.00
Thu 28/05/2026 - 03:49:12,16.72,100.00,1021.73,4.06,97.00
Thu 28/05/2026 - 03:49:46,16.71,100.00,1021.72,4.06,97.00
Thu 28/05/2026 - 03:50:20,16.71,100.00,1021.72,4.06,97.00
Thu 28/05/2026 - 03:50:53,16.70,100.00,1021.70,4.06,97.00
Thu 28/05/2026 - 03:51:27,16.70,100.00,1021.77,4.06,97.00
Thu 28/05/2026 - 03:52:01,16.69,100.00,1021.68,4.06,97.00
Thu 28/05/2026 - 03:52:35,16.70,100.00,1021.69,4.06,97.00
Thu 28/05/2026 - 03:53:09,16.69,100.00,1021.75,4.06,97.00
Thu 28/05/2026 - 03:53:43,16.69,100.00,1021.68,4.06,97.00
Thu 28/05/2026 - 03:54:17,16.70,100.00,1021.74,4.06,97.00
Thu 28/05/2026 - 03:54:51,16.69,100.00,1021.68,4.06,97.00
Thu 28/05/2026 - 03:55:25,16.69,100.00,1021.67,4.06,97.00
Thu 28/05/2026 - 03:55:59,16.69,100.00,1021.62,4.06,97.00
Thu 28/05/2026 - 03:56:33,16.68,100.00,1021.66,4.06,97.00
Thu 28/05/2026 - 03:57:07,16.68,100.00,1021.64,4.06,97.00
Thu 28/05/2026 - 03:57:41,16.67,100.00,1021.61,4.06,97.00
Thu 28/05/2026 - 03:58:15,16.68,100.00,1021.66,4.06,97.00
Thu 28/05/2026 - 03:58:49,16.66,100.00,1021.63,4.06,97.00
Thu 28/05/2026 - 03:59:23,16.66,100.00,1021.68,4.06,97.00
Thu 28/05/2026 - 03:59:57,16.66,100.00,1021.65,4.06,97.00
Thu 28/05/2026 - 04:00:31,16.66,100.00,1021.62,4.06,97.00
Thu 28/05/2026 - 04:01:05,16.66,100.00,1021.68,4.06,97.00
Thu 28/05/2026 - 04:01:39,16.65,100.00,1021.67,4.06,97.00
Thu 28/05/2026 - 04:02:13,16.65,100.00,1021.61,4.06,97.00
Thu 28/05/2026 - 04:02:47,16.65,100.00,1021.61,4.06,97.00
Thu 28/05/2026 - 04:03:21,16.65,100.00,1021.64,4.06,97.00
Thu 28/05/2026 - 04:03:55,16.64,100.00,1021.59,4.06,97.00
Thu 28/05/2026 - 04:04:29,16.64,100.00,1021.61,4.06,97.00
Thu 28/05/2026 - 04:05:03,16.64,100.00,1021.64,4.06,97.00
Thu 28/05/2026 - 04:05:37,16.63,100.00,1021.63,4.06,97.00
Thu 28/05/2026 - 04:06:11,16.63,100.00,1021.62,4.06,97.00
Thu 28/05/2026 - 04:06:45,16.62,100.00,1021.53,4.06,97.00
Thu 28/05/2026 - 04:07:19,16.63,100.00,1021.57,4.06,97.00
Thu 28/05/2026 - 04:07:53,16.62,100.00,1021.66,4.06,97.00
Thu 28/05/2026 - 04:08:27,16.62,100.00,1021.61,4.06,97.00
Thu 28/05/2026 - 04:09:01,16.62,100.00,1021.59,4.06,97.00
Thu 28/05/2026 - 04:09:35,16.61,100.00,1021.48,4.06,97.00
Thu 28/05/2026 - 04:10:09,16.61,100.00,1021.51,4.06,97.00
Thu 28/05/2026 - 04:10:43,16.61,100.00,1021.59,4.06,97.00
Thu 28/05/2026 - 04:11:17,16.61,100.00,1021.56,4.06,97.00
Thu 28/05/2026 - 04:11:51,16.60,100.00,1021.55,4.06,97.00
Thu 28/05/2026 - 04:12:25,16.60,100.00,1021.54,4.06,97.00
Thu 28/05/2026 - 04:12:59,16.59,100.00,1021.51,4.06,97.00
Thu 28/05/2026 - 04:13:33,16.59,100.00,1021.55,4.06,97.00
Thu 28/05/2026 - 04:14:07,16.59,100.00,1021.58,4.06,97.00
Thu 28/05/2026 - 04:14:41,16.58,100.00,1021.54,4.06,97.00
Thu 28/05/2026 - 04:15:15,16.58,100.00,1021.56,4.06,97.00
Thu 28/05/2026 - 04:15:49,16.58,100.00,1021.54,4.06,97.00
Thu 28/05/2026 - 04:16:23,16.57,100.00,1021.52,4.06,97.00
Thu 28/05/2026 - 04:16:57,16.56,100.00,1021.54,4.06,97.00
Thu 28/05/2026 - 04:17:31,16.56,100.00,1021.48,4.06,97.00
Thu 28/05/2026 - 04:18:05,16.57,100.00,1021.50,4.06,97.00
Thu 28/05/2026 - 04:18:39,16.56,100.00,1021.48,4.06,97.00
Thu 28/05/2026 - 04:19:13,16.56,100.00,1021.50,4.06,97.00
Thu 28/05/2026 - 04:19:47,16.55,100.00,1021.49,4.06,97.00
Thu 28/05/2026 - 04:20:21,16.55,100.00,1021.54,4.06,97.00
Thu 28/05/2026 - 04:20:55,16.55,100.00,1021.58,4.06,97.00
Thu 28/05/2026 - 04:21:29,16.54,100.00,1021.48,4.06,97.00
Thu 28/05/2026 - 04:22:03,16.53,100.00,1021.53,4.06,97.00
Thu 28/05/2026 - 04:22:37,16.53,100.00,1021.51,4.06,97.00
Thu 28/05/2026 - 04:23:11,16.53,100.00,1021.50,4.06,97.00
Thu 28/05/2026 - 04:23:45,16.53,100.00,1021.61,4.06,97.00
Thu 28/05/2026 - 04:24:19,16.52,100.00,1021.60,4.05,97.00
Thu 28/05/2026 - 04:24:53,16.52,100.00,1021.52,4.06,97.00
Thu 28/05/2026 - 04:25:27,16.52,100.00,1021.60,4.06,97.00
Thu 28/05/2026 - 04:26:01,16.50,100.00,1021.51,4.05,97.00
Thu 28/05/2026 - 04:26:35,16.50,100.00,1021.53,4.05,97.00
Thu 28/05/2026 - 04:27:08,16.51,100.00,1021.52,4.06,97.00
Thu 28/05/2026 - 04:27:42,16.49,100.00,1021.52,4.05,97.00
Thu 28/05/2026 - 04:28:16,16.49,100.00,1021.49,4.05,97.00
Thu 28/05/2026 - 04:28:50,16.48,100.00,1021.53,4.06,97.00
Thu 28/05/2026 - 04:29:24,16.49,100.00,1021.44,4.06,97.00
Thu 28/05/2026 - 04:29:58,16.47,100.00,1021.52,4.05,97.00
Thu 28/05/2026 - 04:30:32,16.47,100.00,1021.45,4.05,97.00
Thu 28/05/2026 - 04:31:06,16.47,100.00,1021.46,4.06,97.00
Thu 28/05/2026 - 04:31:40,16.47,100.00,1021.44,4.05,97.00
Thu 28/05/2026 - 04:32:14,16.45,100.00,1021.48,4.05,97.00
Thu 28/05/2026 - 04:32:48,16.44,100.00,1021.56,4.05,97.00
Thu 28/05/2026 - 04:33:22,16.45,100.00,1021.55,4.06,97.00
Thu 28/05/2026 - 04:33:56,16.44,100.00,1021.52,4.05,97.00
Thu 28/05/2026 - 04:34:30,16.43,100.00,1021.48,4.05,97.00
Thu 28/05/2026 - 04:35:04,16.42,100.00,1021.52,4.06,97.00
Thu 28/05/2026 - 04:35:38,16.42,100.00,1021.55,4.05,97.00
Thu 28/05/2026 - 04:36:12,16.42,100.00,1021.52,4.05,97.00
Thu 28/05/2026 - 04:36:46,16.42,100.00,1021.55,4.05,97.00
Thu 28/05/2026 - 04:37:20,16.41,100.00,1021.50,4.05,97.00
Thu 28/05/2026 - 04:37:54,16.41,100.00,1021.48,4.05,97.00
Thu 28/05/2026 - 04:38:28,16.41,100.00,1021.52,4.05,97.00
Thu 28/05/2026 - 04:39:02,16.40,100.00,1021.46,4.05,97.00
Thu 28/05/2026 - 04:39:36,16.40,100.00,1021.54,4.06,97.00
Thu 28/05/2026 - 04:40:10,16.40,100.00,1021.49,4.05,97.00
Thu 28/05/2026 - 04:40:44,16.39,100.00,1021.43,4.05,97.00
Thu 28/05/2026 - 04:41:18,16.38,100.00,1021.42,4.05,97.00
Thu 28/05/2026 - 04:41:52,16.38,100.00,1021.42,4.05,97.00
Thu 28/05/2026 - 04:42:26,16.38,100.00,1021.40,4.05,97.00
Thu 28/05/2026 - 04:43:00,16.36,100.00,1021.39,4.05,97.00
Thu 28/05/2026 - 04:43:34,16.36,100.00,1021.41,4.05,97.00
Thu 28/05/2026 - 04:44:08,16.36,100.00,1021.44,4.05,97.00
Thu 28/05/2026 - 04:44:42,16.35,100.00,1021.36,4.05,97.00
Thu 28/05/2026 - 04:45:16,16.35,100.00,1021.37,4.05,97.00
Thu 28/05/2026 - 04:45:50,16.35,100.00,1021.40,4.05,97.00
Thu 28/05/2026 - 04:46:24,16.34,100.00,1021.33,4.05,97.00
Thu 28/05/2026 - 04:46:58,16.34,100.00,1021.33,4.05,97.00
Thu 28/05/2026 - 04:47:32,16.33,100.00,1021.36,4.05,97.00
Thu 28/05/2026 - 04:48:06,16.33,100.00,1021.36,4.05,97.00
Thu 28/05/2026 - 04:48:40,16.31,100.00,1021.33,4.05,97.00
Thu 28/05/2026 - 04:49:14,16.32,100.00,1021.32,4.05,97.00
Thu 28/05/2026 - 04:49:48,16.30,100.00,1021.29,4.05,97.00
Thu 28/05/2026 - 04:50:22,16.30,100.00,1021.29,4.05,96.00
Thu 28/05/2026 - 04:50:56,16.30,100.00,1021.42,4.05,96.00
Thu 28/05/2026 - 04:51:30,16.29,100.00,1021.32,4.05,97.00
Thu 28/05/2026 - 04:52:04,16.29,100.00,1021.32,4.05,97.00
Thu 28/05/2026 - 04:52:38,16.29,100.00,1021.32,4.05,97.00
Thu 28/05/2026 - 04:53:12,16.28,100.00,1021.32,4.05,97.00
Thu 28/05/2026 - 04:53:46,16.27,100.00,1021.26,4.05,97.00
Thu 28/05/2026 - 04:54:20,16.27,100.00,1021.37,4.05,97.00
Thu 28/05/2026 - 04:54:54,16.26,100.00,1021.32,4.05,97.00
Thu 28/05/2026 - 04:55:28,16.26,100.00,1021.34,4.05,97.00
Thu 28/05/2026 - 04:56:02,16.25,100.00,1021.31,4.05,97.00
Thu 28/05/2026 - 04:56:36,16.25,100.00,1021.33,4.05,96.00
Thu 28/05/2026 - 04:57:10,16.24,100.00,1021.34,4.05,96.00
Thu 28/05/2026 - 04:57:44,16.23,100.00,1021.33,4.05,96.00
Thu 28/05/2026 - 04:58:18,16.23,100.00,1021.30,4.05,97.00
Thu 28/05/2026 - 04:58:52,16.23,100.00,1021.34,4.05,96.00
Thu 28/05/2026 - 04:59:26,16.22,100.00,1021.33,4.05,96.00
Thu 28/05/2026 - 05:00:00,16.22,100.00,1021.36,4.05,96.00
Thu 28/05/2026 - 05:00:34,16.21,100.00,1021.34,4.05,97.00
Thu 28/05/2026 - 05:01:08,16.20,100.00,1021.38,4.05,96.00
Thu 28/05/2026 - 05:01:42,16.20,100.00,1021.33,4.05,96.00
Thu 28/05/2026 - 05:02:16,16.19,100.00,1021.42,4.05,96.00
Thu 28/05/2026 - 05:02:50,16.19,100.00,1021.39,4.05,96.00
Thu 28/05/2026 - 05:03:24,16.18,100.00,1021.34,4.05,96.00
Thu 28/05/2026 - 05:03:58,16.17,100.00,1021.28,4.05,96.00
Thu 28/05/2026 - 05:04:32,16.17,100.00,1021.27,4.05,96.00
Thu 28/05/2026 - 05:05:06,16.15,100.00,1021.32,4.05,97.00
Thu 28/05/2026 - 05:05:40,16.15,100.00,1021.22,4.05,96.00
Thu 28/05/2026 - 05:06:14,16.15,100.00,1021.30,4.05,96.00
Thu 28/05/2026 - 05:06:48,16.14,100.00,1021.27,4.05,96.00
Thu 28/05/2026 - 05:07:22,16.13,100.00,1021.29,4.05,96.00
Thu 28/05/2026 - 05:07:56,16.13,100.00,1021.37,4.05,96.00
Thu 28/05/2026 - 05:08:30,16.13,100.00,1021.37,4.05,96.00
Thu 28/05/2026 - 05:09:04,16.12,100.00,1021.35,4.05,96.00
Thu 28/05/2026 - 05:09:38,16.10,100.00,1021.32,4.05,96.00
Thu 28/05/2026 - 05:10:12,16.10,100.00,1021.32,4.05,96.00
Thu 28/05/2026 - 05:10:46,16.09,100.00,1021.30,4.05,96.00
Thu 28/05/2026 - 05:11:20,16.10,100.00,1021.36,4.05,96.00
Thu 28/05/2026 - 05:11:54,16.09,100.00,1021.33,4.05,96.00
Thu 28/05/2026 - 05:12:28,16.09,100.00,1021.35,4.05,96.00
Thu 28/05/2026 - 05:13:02,16.07,100.00,1021.43,4.05,97.00
Thu 28/05/2026 - 05:13:36,16.06,100.00,1021.46,4.05,96.00
Thu 28/05/2026 - 05:14:10,16.05,100.00,1021.42,4.05,96.00
Thu 28/05/2026 - 05:14:44,16.05,100.00,1021.34,4.05,96.00
Thu 28/05/2026 - 05:15:18,16.04,100.00,1021.27,4.05,96.00
Thu 28/05/2026 - 05:15:52,16.04,100.00,1021.38,4.05,96.00
Thu 28/05/2026 - 05:16:26,16.03,100.00,1021.33,4.05,96.00
Thu 28/05/2026 - 05:17:00,16.04,100.00,1021.39,4.05,96.00
Thu 28/05/2026 - 05:17:34,16.02,100.00,1021.34,4.05,96.00
Thu 28/05/2026 - 05:18:08,16.02,100.00,1021.28,4.05,96.00
Thu 28/05/2026 - 05:18:42,16.00,100.00,1021.31,4.05,96.00
Thu 28/05/2026 - 05:19:16,16.01,100.00,1021.35,4.05,96.00
Thu 28/05/2026 - 05:19:50,15.99,100.00,1021.30,4.05,96.00
Thu 28/05/2026 - 05:20:24,15.99,100.00,1021.29,4.05,96.00
Thu 28/05/2026 - 05:20:58,15.98,100.00,1021.25,4.05,96.00
Thu 28/05/2026 - 05:21:32,15.98,100.00,1021.28,4.05,96.00
Thu 28/05/2026 - 05:22:06,15.98,100.00,1021.30,4.05,96.00
Thu 28/05/2026 - 05:22:40,15.97,100.00,1021.26,4.05,96.00
Thu 28/05/2026 - 05:23:14,15.97,100.00,1021.25,4.05,96.00
Thu 28/05/2026 - 05:23:48,15.96,100.00,1021.26,4.05,96.00
Thu 28/05/2026 - 05:24:22,15.95,100.00,1021.27,4.05,96.00
Thu 28/05/2026 - 05:24:56,15.95,100.00,1021.27,4.05,96.00
Thu 28/05/2026 - 05:25:30,15.94,100.00,1021.23,4.05,96.00
Thu 28/05/2026 - 05:26:04,15.94,100.00,1021.31,4.05,96.00
Thu 28/05/2026 - 05:26:38,15.92,100.00,1021.23,4.05,96.00
Thu 28/05/2026 - 05:27:12,15.92,100.00,1021.23,4.05,96.00
Thu 28/05/2026 - 05:27:46,15.90,100.00,1021.25,4.05,96.00
Thu 28/05/2026 - 05:28:20,15.91,100.00,1021.20,4.05,96.00
Thu 28/05/2026 - 05:28:54,15.91,100.00,1021.20,4.05,96.00
Thu 28/05/2026 - 05:29:28,15.90,100.00,1021.24,4.05,96.00
Thu 28/05/2026 - 05:30:02,15.90,100.00,1021.24,4.05,96.00
Thu 28/05/2026 - 05:30:36,15.89,100.00,1021.25,4.05,96.00
Thu 28/05/2026 - 05:31:10,15.89,100.00,1021.28,4.05,96.00
Thu 28/05/2026 - 05:31:44,15.88,100.00,1021.26,4.05,96.00
Thu 28/05/2026 - 05:32:18,15.88,100.00,1021.21,4.05,96.00
Thu 28/05/2026 - 05:32:51,15.88,100.00,1021.26,4.05,96.00
Thu 28/05/2026 - 05:33:25,15.86,100.00,1021.26,4.05,96.00
Thu 28/05/2026 - 05:33:59,15.86,100.00,1021.28,4.05,96.00
Thu 28/05/2026 - 05:34:33,15.85,100.00,1021.22,4.05,96.00
Thu 28/05/2026 - 05:35:07,15.86,100.00,1021.23,4.05,96.00
Thu 28/05/2026 - 05:35:41,15.85,100.00,1021.21,4.05,96.00
Thu 28/05/2026 - 05:36:15,15.84,100.00,1021.23,4.05,96.00
Thu 28/05/2026 - 05:36:49,15.84,100.00,1021.25,4.05,96.00
Thu 28/05/2026 - 05:37:23,15.84,100.00,1021.19,4.05,96.00
Thu 28/05/2026 - 05:37:57,15.82,100.00,1021.25,4.05,96.00
Thu 28/05/2026 - 05:38:31,15.83,100.00,1021.23,4.05,96.00
Thu 28/05/2026 - 05:39:05,15.81,100.00,1021.25,4.05,96.00
Thu 28/05/2026 - 05:39:39,15.81,100.00,1021.26,4.05,96.00
Thu 28/05/2026 - 05:40:13,15.81,100.00,1021.31,4.05,96.00
Thu 28/05/2026 - 05:40:47,15.81,100.00,1021.27,4.05,96.00
Thu 28/05/2026 - 05:41:21,15.80,100.00,1021.23,4.05,96.00
Thu 28/05/2026 - 05:41:55,15.80,100.00,1021.20,4.05,96.00
Thu 28/05/2026 - 05:42:29,15.80,100.00,1021.23,4.05,96.00
Thu 28/05/2026 - 05:43:03,15.79,100.00,1021.22,4.05,96.00
Thu 28/05/2026 - 05:43:37,15.78,100.00,1021.20,4.05,96.00
Thu 28/05/2026 - 05:44:11,15.80,100.00,1021.28,4.05,96.00
Thu 28/05/2026 - 05:44:45,15.79,100.00,1021.27,4.05,96.00
Thu 28/05/2026 - 05:45:19,15.79,100.00,1021.27,4.05,96.00
Thu 28/05/2026 - 05:45:53,15.79,100.00,1021.24,4.05,96.00
Thu 28/05/2026 - 05:46:27,15.78,100.00,1021.20,4.05,96.00
Thu 28/05/2026 - 05:47:01,15.79,100.00,1021.29,4.05,96.00
Thu 28/05/2026 - 05:47:35,15.78,100.00,1021.20,4.05,96.00
Thu 28/05/2026 - 05:48:09,15.78,100.00,1021.22,4.05,96.00
Thu 28/05/2026 - 05:48:43,15.78,100.00,1021.28,4.05,96.00
Thu 28/05/2026 - 05:49:17,15.79,100.00,1021.21,4.05,96.00
Thu 28/05/2026 - 05:49:51,15.77,100.00,1021.19,4.05,96.00
Thu 28/05/2026 - 05:50:25,15.77,100.00,1021.24,4.05,96.00
Thu 28/05/2026 - 05:50:59,15.78,100.00,1021.27,4.05,96.00
Thu 28/05/2026 - 05:51:33,15.77,100.00,1021.29,4.05,96.00
Thu 28/05/2026 - 05:52:07,15.77,100.00,1021.35,4.05,96.00
Thu 28/05/2026 - 05:52:41,15.77,100.00,1021.29,4.05,96.00
Thu 28/05/2026 - 05:53:15,15.77,100.00,1021.35,4.05,96.00
Thu 28/05/2026 - 05:53:49,15.77,100.00,1021.34,4.05,96.00
Thu 28/05/2026 - 05:54:23,15.77,100.00,1021.29,4.05,96.00
Thu 28/05/2026 - 05:54:57,15.76,100.00,1021.33,4.05,96.00
Thu 28/05/2026 - 05:55:31,15.77,100.00,1021.29,4.05,96.00
Thu 28/05/2026 - 05:56:05,15.76,100.00,1021.32,4.05,96.00
Thu 28/05/2026 - 05:56:39,15.77,100.00,1021.34,4.05,96.00
Thu 28/05/2026 - 05:57:13,15.77,100.00,1021.26,4.05,96.00
Thu 28/05/2026 - 05:57:47,15.75,100.00,1021.29,4.05,96.00
Thu 28/05/2026 - 05:58:21,15.76,100.00,1021.21,4.05,96.00
Thu 28/05/2026 - 05:58:55,15.76,100.00,1021.22,4.05,96.00
Thu 28/05/2026 - 05:59:29,15.75,100.00,1021.20,4.05,96.00
Thu 28/05/2026 - 06:00:03,15.76,100.00,1021.22,4.05,96.00
Thu 28/05/2026 - 06:00:37,15.76,100.00,1021.17,4.05,96.00
Thu 28/05/2026 - 06:01:11,15.75,100.00,1021.26,4.05,96.00
Thu 28/05/2026 - 06:01:45,15.76,100.00,1021.22,4.05,96.00
Thu 28/05/2026 - 06:02:19,15.76,100.00,1021.11,4.05,96.00
Thu 28/05/2026 - 06:02:53,15.77,100.00,1021.20,4.05,96.00
Thu 28/05/2026 - 06:03:27,15.75,100.00,1021.17,4.05,96.00
Thu 28/05/2026 - 06:04:01,15.76,100.00,1021.19,4.05,96.00
Thu 28/05/2026 - 06:04:35,15.76,100.00,1021.13,4.05,96.00
Thu 28/05/2026 - 06:05:09,15.75,100.00,1021.20,4.05,96.00
Thu 28/05/2026 - 06:05:43,15.76,100.00,1021.16,4.05,96.00
Thu 28/05/2026 - 06:06:17,15.74,100.00,1021.16,4.05,96.00
Thu 28/05/2026 - 06:06:51,15.76,100.00,1021.21,4.05,96.00
Thu 28/05/2026 - 06:07:25,15.76,100.00,1021.24,4.05,96.00
Thu 28/05/2026 - 06:07:59,15.76,100.00,1021.27,4.05,96.00
Thu 28/05/2026 - 06:08:33,15.76,100.00,1021.19,4.05,96.00
Thu 28/05/2026 - 06:09:07,15.75,100.00,1021.23,4.05,96.00
Thu 28/05/2026 - 06:09:41,15.76,100.00,1021.24,4.05,96.00
Thu 28/05/2026 - 06:10:15,15.76,100.00,1021.21,4.05,96.00
Thu 28/05/2026 - 06:10:48,15.74,100.00,1021.19,4.05,96.00
Thu 28/05/2026 - 06:11:22,15.74,100.00,1021.23,4.05,96.00
Thu 28/05/2026 - 06:11:56,15.74,100.00,1021.22,4.05,96.00
Thu 28/05/2026 - 06:12:30,15.74,100.00,1021.18,4.05,96.00
Thu 28/05/2026 - 06:13:04,15.74,100.00,1021.19,4.05,96.00
Thu 28/05/2026 - 06:13:38,15.73,100.00,1021.17,4.05,96.00
Thu 28/05/2026 - 06:14:12,15.73,100.00,1021.12,4.05,96.00
Thu 28/05/2026 - 06:14:46,15.72,100.00,1021.15,4.05,96.00
Thu 28/05/2026 - 06:15:20,15.73,100.00,1021.16,4.05,96.00
Thu 28/05/2026 - 06:15:54,15.73,100.00,1021.14,4.05,96.00
Thu 28/05/2026 - 06:16:28,15.72,100.00,1021.13,4.05,96.00
Thu 28/05/2026 - 06:17:02,15.72,100.00,1021.12,4.05,96.00
Thu 28/05/2026 - 06:17:36,15.72,100.00,1021.15,4.05,96.00
Thu 28/05/2026 - 06:18:10,15.72,100.00,1021.17,4.05,96.00
Thu 28/05/2026 - 06:18:44,15.71,100.00,1021.24,4.05,96.00
Thu 28/05/2026 - 06:19:18,15.71,100.00,1021.24,4.05,96.00
Thu 28/05/2026 - 06:19:52,15.71,100.00,1021.22,4.05,96.00
Thu 28/05/2026 - 06:20:26,15.71,100.00,1021.29,4.05,96.00
Thu 28/05/2026 - 06:21:00,15.70,100.00,1021.25,4.05,96.00
Thu 28/05/2026 - 06:21:34,15.70,100.00,1021.27,4.05,96.00
Thu 28/05/2026 - 06:22:08,15.70,100.00,1021.27,4.05,96.00
Thu 28/05/2026 - 06:22:42,15.70,100.00,1021.33,4.05,96.00
Thu 28/05/2026 - 06:23:16,15.68,100.00,1021.27,4.05,96.00
Thu 28/05/2026 - 06:23:50,15.68,100.00,1021.26,4.05,96.00
Thu 28/05/2026 - 06:24:24,15.68,100.00,1021.29,4.05,96.00
Thu 28/05/2026 - 06:24:58,15.68,100.00,1021.25,4.05,96.00
Thu 28/05/2026 - 06:25:32,15.68,100.00,1021.24,4.05,96.00
Thu 28/05/2026 - 06:26:06,15.67,100.00,1021.28,4.05,96.00
Thu 28/05/2026 - 06:26:40,15.67,100.00,1021.27,4.05,96.00
Thu 28/05/2026 - 06:27:14,15.66,100.00,1021.20,4.05,96.00
Thu 28/05/2026 - 06:27:48,15.66,100.00,1021.31,4.05,96.00
Thu 28/05/2026 - 06:28:22,15.66,100.00,1021.23,4.05,96.00
Thu 28/05/2026 - 06:28:56,15.66,100.00,1021.36,4.05,96.00
Thu 28/05/2026 - 06:29:30,15.66,100.00,1021.36,4.05,96.00
Thu 28/05/2026 - 06:30:04,15.65,100.00,1021.37,4.05,96.00
Thu 28/05/2026 - 06:30:38,15.63,100.00,1021.38,4.05,96.00
Thu 28/05/2026 - 06:31:12,15.64,100.00,1021.33,4.05,96.00
Thu 28/05/2026 - 06:31:46,15.64,100.00,1021.44,4.05,96.00
Thu 28/05/2026 - 06:32:20,15.64,100.00,1021.33,4.05,96.00
Thu 28/05/2026 - 06:32:54,15.63,100.00,1021.38,4.05,96.00
Thu 28/05/2026 - 06:33:28,15.62,100.00,1021.35,4.05,96.00
Thu 28/05/2026 - 06:34:02,15.62,100.00,1021.32,4.05,96.00
Thu 28/05/2026 - 06:34:36,15.61,100.00,1021.44,4.05,96.00
Thu 28/05/2026 - 06:35:10,15.61,100.00,1021.39,4.05,96.00
Thu 28/05/2026 - 06:35:44,15.60,100.00,1021.31,4.05,96.00
Thu 28/05/2026 - 06:36:18,15.61,100.00,1021.39,4.05,96.00
Thu 28/05/2026 - 06:36:52,15.60,100.00,1021.31,4.04,96.00
Thu 28/05/2026 - 06:37:26,15.60,100.00,1021.31,4.05,96.00
Thu 28/05/2026 - 06:38:00,15.60,100.00,1021.34,4.05,96.00
Thu 28/05/2026 - 06:38:34,15.59,100.00,1021.35,4.05,96.00
Thu 28/05/2026 - 06:39:08,15.59,100.00,1021.32,4.05,96.00
Thu 28/05/2026 - 06:39:42,15.58,100.00,1021.34,4.05,96.00
Thu 28/05/2026 - 06:40:16,15.59,100.00,1021.30,4.04,96.00
Thu 28/05/2026 - 06:40:50,15.57,100.00,1021.34,4.04,96.00
Thu 28/05/2026 - 06:41:24,15.57,100.00,1021.32,4.05,96.00
Thu 28/05/2026 - 06:41:58,15.56,100.00,1021.42,4.05,96.00
Thu 28/05/2026 - 06:42:32,15.56,100.00,1021.38,4.05,96.00
Thu 28/05/2026 - 06:43:06,15.56,100.00,1021.30,4.05,96.00
Thu 28/05/2026 - 06:43:40,15.56,100.00,1021.35,4.05,96.00
Thu 28/05/2026 - 06:44:14,15.55,100.00,1021.34,4.04,96.00
Thu 28/05/2026 - 06:44:48,15.53,100.00,1021.28,4.05,96.00
Thu 28/05/2026 - 06:45:22,15.55,100.00,1021.36,4.04,96.00
Thu 28/05/2026 - 06:45:56,15.54,100.00,1021.33,4.05,96.00
Thu 28/05/2026 - 06:46:30,15.53,100.00,1021.37,4.05,96.00
Thu 28/05/2026 - 06:47:04,15.52,100.00,1021.33,4.04,96.00
Thu 28/05/2026 - 06:47:38,15.51,100.00,1021.34,4.04,96.00
Thu 28/05/2026 - 06:48:12,15.52,100.00,1021.35,4.05,96.00
Thu 28/05/2026 - 06:48:46,15.51,100.00,1021.38,4.04,96.00
Thu 28/05/2026 - 06:49:20,15.52,100.00,1021.46,4.04,96.00
Thu 28/05/2026 - 06:49:54,15.50,100.00,1021.46,4.04,96.00
Thu 28/05/2026 - 06:50:28,15.50,100.00,1021.42,4.04,96.00
Thu 28/05/2026 - 06:51:02,15.49,100.00,1021.41,4.04,96.00
Thu 28/05/2026 - 06:51:36,15.49,100.00,1021.52,4.04,96.00
Thu 28/05/2026 - 06:52:10,15.49,100.00,1021.43,4.04,96.00
Thu 28/05/2026 - 06:52:44,15.49,100.00,1021.40,4.04,96.00
Thu 28/05/2026 - 06:53:18,15.47,100.00,1021.43,4.04,96.00
Thu 28/05/2026 - 06:53:52,15.48,100.00,1021.47,4.04,96.00
Thu 28/05/2026 - 06:54:26,15.46,100.00,1021.41,4.04,96.00
Thu 28/05/2026 - 06:55:00,15.47,100.00,1021.45,4.04,96.00
Thu 28/05/2026 - 06:55:34,15.47,100.00,1021.39,4.05,96.00
Thu 28/05/2026 - 06:56:08,15.46,100.00,1021.41,4.05,96.00
Thu 28/05/2026 - 06:56:42,15.46,100.00,1021.43,4.04,96.00
Thu 28/05/2026 - 06:57:16,15.45,100.00,1021.39,4.04,96.00
Thu 28/05/2026 - 06:57:50,15.46,100.00,1021.41,4.04,96.00
Thu 28/05/2026 - 06:58:24,15.46,100.00,1021.44,4.04,96.00
Thu 28/05/2026 - 06:58:58,15.46,100.00,1021.43,4.05,96.00
Thu 28/05/2026 - 06:59:31,15.47,100.00,1021.43,4.04,96.00
Thu 28/05/2026 - 07:00:05,15.47,100.00,1021.46,4.04,96.00
Thu 28/05/2026 - 07:00:39,15.47,100.00,1021.54,4.04,96.00
Thu 28/05/2026 - 07:01:13,15.47,100.00,1021.43,4.04,96.00
Thu 28/05/2026 - 07:01:47,15.46,100.00,1021.52,4.04,96.00
Thu 28/05/2026 - 07:02:21,15.46,100.00,1021.55,4.04,96.00
Thu 28/05/2026 - 07:02:55,15.47,100.00,1021.51,4.04,96.00
Thu 28/05/2026 - 07:03:29,15.47,100.00,1021.46,4.04,96.00
Thu 28/05/2026 - 07:04:03,15.47,100.00,1021.54,4.04,96.00
Thu 28/05/2026 - 07:04:37,15.45,100.00,1021.53,4.04,96.00
Thu 28/05/2026 - 07:05:11,15.46,100.00,1021.57,4.04,96.00
Thu 28/05/2026 - 07:05:45,15.46,100.00,1021.55,4.04,96.00
Thu 28/05/2026 - 07:06:19,15.45,100.00,1021.58,4.04,96.00
Thu 28/05/2026 - 07:06:53,15.46,100.00,1021.57,4.04,96.00
Thu 28/05/2026 - 07:07:27,15.45,100.00,1021.55,4.04,96.00
Thu 28/05/2026 - 07:08:01,15.44,100.00,1021.54,4.04,96.00
Thu 28/05/2026 - 07:08:35,15.44,100.00,1021.54,4.04,96.00
Thu 28/05/2026 - 07:09:09,15.45,100.00,1021.58,4.04,96.00
Thu 28/05/2026 - 07:09:43,15.44,100.00,1021.59,4.04,96.00
Thu 28/05/2026 - 07:10:17,15.43,100.00,1021.52,4.05,96.00
Thu 28/05/2026 - 07:10:51,15.43,100.00,1021.60,4.04,96.00
Thu 28/05/2026 - 07:11:25,15.42,100.00,1021.59,4.04,96.00
Thu 28/05/2026 - 07:11:59,15.42,100.00,1021.55,4.04,96.00
Thu 28/05/2026 - 07:12:33,15.42,100.00,1021.60,4.04,96.00
Thu 28/05/2026 - 07:13:07,15.42,100.00,1021.60,4.04,96.00
Thu 28/05/2026 - 07:13:41,15.41,100.00,1021.48,4.04,96.00
Thu 28/05/2026 - 07:14:15,15.40,100.00,1021.55,4.04,96.00
Thu 28/05/2026 - 07:14:49,15.40,100.00,1021.58,4.04,96.00
Thu 28/05/2026 - 07:15:23,15.40,100.00,1021.58,4.04,96.00
Thu 28/05/2026 - 07:15:57,15.40,100.00,1021.62,4.04,96.00
Thu 28/05/2026 - 07:16:31,15.38,100.00,1021.49,4.04,96.00
Thu 28/05/2026 - 07:17:05,15.38,100.00,1021.59,4.04,96.00
Thu 28/05/2026 - 07:17:39,15.37,100.00,1021.58,4.04,96.00
Thu 28/05/2026 - 07:18:13,15.37,100.00,1021.63,4.04,96.00
Thu 28/05/2026 - 07:18:47,15.38,100.00,1021.59,4.04,96.00
Thu 28/05/2026 - 07:19:21,15.36,100.00,1021.67,4.04,96.00
Thu 28/05/2026 - 07:19:55,15.38,100.00,1021.64,4.04,96.00
Thu 28/05/2026 - 07:20:29,15.36,100.00,1021.56,4.04,96.00
Thu 28/05/2026 - 07:21:03,15.36,100.00,1021.62,4.04,96.00
Thu 28/05/2026 - 07:21:37,15.36,100.00,1021.69,4.04,96.00
Thu 28/05/2026 - 07:22:11,15.35,100.00,1021.71,4.04,96.00
Thu 28/05/2026 - 07:22:45,15.35,100.00,1021.65,4.04,96.00
Thu 28/05/2026 - 07:23:19,15.35,100.00,1021.56,4.04,96.00
Thu 28/05/2026 - 07:23:53,15.35,100.00,1021.65,4.04,96.00
Thu 28/05/2026 - 07:24:27,15.35,100.00,1021.60,4.04,96.00
Thu 28/05/2026 - 07:25:01,15.33,100.00,1021.54,4.04,96.00
Thu 28/05/2026 - 07:25:35,15.34,100.00,1021.65,4.04,96.00
Thu 28/05/2026 - 07:26:09,15.34,100.00,1021.64,4.04,96.00
Thu 28/05/2026 - 07:26:43,15.34,100.00,1021.68,4.04,96.00
Thu 28/05/2026 - 07:27:17,15.34,100.00,1021.63,4.04,96.00
Thu 28/05/2026 - 07:27:51,15.34,100.00,1021.57,4.04,96.00
Thu 28/05/2026 - 07:28:25,15.33,100.00,1021.64,4.04,96.00
Thu 28/05/2026 - 07:28:59,15.33,100.00,1021.64,4.04,96.00
Thu 28/05/2026 - 07:29:33,15.33,100.00,1021.70,4.04,96.00
Thu 28/05/2026 - 07:30:07,15.32,100.00,1021.65,4.04,96.00
Thu 28/05/2026 - 07:30:41,15.32,100.00,1021.74,4.04,96.00
Thu 28/05/2026 - 07:31:15,15.32,100.00,1021.73,4.04,96.00
Thu 28/05/2026 - 07:31:49,15.31,100.00,1021.69,4.04,96.00
Thu 28/05/2026 - 07:32:23,15.31,100.00,1021.68,4.04,96.00
Thu 28/05/2026 - 07:32:57,15.31,100.00,1021.77,4.04,96.00
Thu 28/05/2026 - 07:33:31,15.33,100.00,1021.72,4.04,96.00
Thu 28/05/2026 - 07:34:05,15.34,100.00,1021.72,4.04,96.00
Thu 28/05/2026 - 07:34:39,15.36,100.00,1021.77,4.04,96.00
Thu 28/05/2026 - 07:35:13,15.37,100.00,1021.79,4.04,96.00
Thu 28/05/2026 - 07:35:47,15.35,100.00,1021.72,4.04,96.00
Thu 28/05/2026 - 07:36:21,15.35,100.00,1021.81,4.04,96.00
Thu 28/05/2026 - 07:36:55,15.38,100.00,1021.78,4.04,96.00
Thu 28/05/2026 - 07:37:29,15.39,100.00,1021.86,4.04,96.00
Thu 28/05/2026 - 07:38:03,15.42,100.00,1021.85,4.04,96.00
Thu 28/05/2026 - 07:38:37,15.44,100.00,1021.85,4.04,96.00
Thu 28/05/2026 - 07:39:11,15.42,100.00,1021.85,4.04,96.00
Thu 28/05/2026 - 07:39:45,15.44,100.00,1021.81,4.04,96.00
Thu 28/05/2026 - 07:40:19,15.46,100.00,1021.95,4.04,96.00
Thu 28/05/2026 - 07:40:53,15.43,100.00,1021.84,4.04,96.00
Thu 28/05/2026 - 07:41:27,15.45,100.00,1021.88,4.04,96.00
Thu 28/05/2026 - 07:42:01,15.49,100.00,1021.87,4.04,96.00
Thu 28/05/2026 - 07:42:35,15.50,100.00,1021.80,4.04,96.00
Thu 28/05/2026 - 07:43:09,15.53,100.00,1021.85,4.04,96.00
Thu 28/05/2026 - 07:43:43,15.55,100.00,1021.91,4.04,96.00
Thu 28/05/2026 - 07:44:17,15.58,100.00,1021.85,4.04,96.00
Thu 28/05/2026 - 07:44:51,15.56,100.00,1021.84,4.04,96.00
Thu 28/05/2026 - 07:45:25,15.57,100.00,1021.85,4.04,96.00
Thu 28/05/2026 - 07:45:59,15.57,100.00,1021.92,4.04,96.00
Thu 28/05/2026 - 07:46:33,15.60,100.00,1021.93,4.04,96.00
Thu 28/05/2026 - 07:47:07,15.55,100.00,1021.95,4.04,96.00
Thu 28/05/2026 - 07:47:40,15.57,100.00,1021.85,4.04,96.00
Thu 28/05/2026 - 07:48:15,15.60,100.00,1021.96,4.04,96.00
Thu 28/05/2026 - 07:48:48,15.58,100.00,1021.90,4.04,96.00
Thu 28/05/2026 - 07:49:22,15.61,100.00,1021.82,4.04,96.00
Thu 28/05/2026 - 07:49:56,15.63,100.00,1021.86,4.04,96.00
Thu 28/05/2026 - 07:50:30,15.64,100.00,1021.87,4.04,96.00
Thu 28/05/2026 - 07:51:04,15.63,100.00,1021.85,4.04,96.00
Thu 28/05/2026 - 07:51:38,15.60,100.00,1021.88,4.04,96.00
Thu 28/05/2026 - 07:52:12,15.59,100.00,1021.87,4.04,96.00
Thu 28/05/2026 - 07:52:46,15.59,100.00,1021.89,4.04,96.00
Thu 28/05/2026 - 07:53:20,15.60,100.00,1021.92,4.04,96.00
Thu 28/05/2026 - 07:53:54,15.63,100.00,1021.90,4.04,96.00
Thu 28/05/2026 - 07:54:28,15.65,100.00,1021.89,4.04,96.00
Thu 28/05/2026 - 07:55:02,15.65,100.00,1021.97,4.04,96.00
Thu 28/05/2026 - 07:55:36,15.66,100.00,1021.86,4.04,96.00
Thu 28/05/2026 - 07:56:10,15.66,100.00,1021.90,4.04,96.00
Thu 28/05/2026 - 07:56:44,15.69,100.00,1021.90,4.04,96.00
Thu 28/05/2026 - 07:57:18,15.67,100.00,1021.93,4.04,96.00
Thu 28/05/2026 - 07:57:52,15.69,100.00,1021.90,4.04,96.00
Thu 28/05/2026 - 07:58:26,15.70,100.00,1021.93,4.04,96.00
Thu 28/05/2026 - 07:59:00,15.69,100.00,1021.90,4.04,96.00
Thu 28/05/2026 - 07:59:34,15.70,100.00,1021.92,4.04,96.00
Thu 28/05/2026 - 08:00:08,15.69,100.00,1021.90,4.04,96.00
Thu 28/05/2026 - 08:00:42,15.72,100.00,1021.90,4.04,96.00
Thu 28/05/2026 - 08:01:16,15.72,100.00,1022.01,4.04,96.00
Thu 28/05/2026 - 08:01:50,15.73,100.00,1021.97,4.04,96.00
Thu 28/05/2026 - 08:02:24,15.74,100.00,1021.99,4.04,96.00
Thu 28/05/2026 - 08:02:58,15.74,100.00,1021.99,4.04,96.00
Thu 28/05/2026 - 08:03:32,15.74,100.00,1022.02,4.04,96.00
Thu 28/05/2026 - 08:04:06,15.76,100.00,1022.10,4.04,96.00
Thu 28/05/2026 - 08:04:40,15.76,100.00,1022.13,4.04,96.00
Thu 28/05/2026 - 08:05:14,15.76,100.00,1022.02,4.04,96.00
Thu 28/05/2026 - 08:05:48,15.77,100.00,1022.07,4.04,96.00
Thu 28/05/2026 - 08:06:22,15.77,100.00,1021.99,4.04,96.00
Thu 28/05/2026 - 08:06:56,15.78,100.00,1022.03,4.04,96.00
Thu 28/05/2026 - 08:07:30,15.79,100.00,1022.08,4.04,96.00
Thu 28/05/2026 - 08:08:04,15.80,100.00,1022.01,4.04,96.00
Thu 28/05/2026 - 08:08:38,15.77,100.00,1021.97,4.04,96.00
Thu 28/05/2026 - 08:09:12,15.75,100.00,1022.00,4.04,96.00
Thu 28/05/2026 - 08:09:46,15.76,100.00,1022.02,4.04,96.00
Thu 28/05/2026 - 08:10:20,15.76,100.00,1022.08,4.04,96.00
Thu 28/05/2026 - 08:10:54,15.77,100.00,1022.12,4.04,96.00
Thu 28/05/2026 - 08:11:28,15.75,100.00,1022.00,4.04,96.00
Thu 28/05/2026 - 08:12:02,15.69,100.00,1022.07,4.04,96.00
Thu 28/05/2026 - 08:12:36,15.61,100.00,1022.04,4.04,96.00
Thu 28/05/2026 - 08:13:10,15.58,100.00,1021.98,4.04,96.00
Thu 28/05/2026 - 08:13:44,15.52,100.00,1021.97,4.04,96.00
Thu 28/05/2026 - 08:14:18,15.51,100.00,1021.98,4.04,96.00
Thu 28/05/2026 - 08:14:52,15.52,100.00,1022.00,4.04,96.00
Thu 28/05/2026 - 08:15:26,15.55,100.00,1021.99,4.04,96.00
Thu 28/05/2026 - 08:16:00,15.55,100.00,1021.95,4.04,96.00
Thu 28/05/2026 - 08:16:34,15.59,100.00,1021.90,4.04,96.00
Thu 28/05/2026 - 08:17:08,15.63,100.00,1022.07,4.04,96.00
Thu 28/05/2026 - 08:17:42,15.66,100.00,1021.96,4.04,96.00
Thu 28/05/2026 - 08:18:16,15.67,100.00,1021.97,4.04,96.00
Thu 28/05/2026 - 08:18:49,15.70,100.00,1021.98,4.04,96.00
Thu 28/05/2026 - 08:19:23,15.71,100.00,1021.99,4.04,96.00
Thu 28/05/2026 - 08:19:57,15.73,100.00,1022.02,4.04,96.00
Thu 28/05/2026 - 08:20:31,15.74,100.00,1022.04,4.04,96.00
Thu 28/05/2026 - 08:21:05,15.75,100.00,1022.06,4.04,96.00
Thu 28/05/2026 - 08:21:39,15.76,100.00,1022.02,4.04,96.00
Thu 28/05/2026 - 08:22:13,15.76,100.00,1022.03,4.04,96.00
Thu 28/05/2026 - 08:22:47,15.77,100.00,1022.07,4.04,96.00
Thu 28/05/2026 - 08:23:21,15.78,100.00,1022.03,4.04,96.00
Thu 28/05/2026 - 08:23:55,15.76,100.00,1022.05,4.04,96.00
Thu 28/05/2026 - 08:24:29,15.77,100.00,1022.07,4.04,96.00
Thu 28/05/2026 - 08:25:03,15.78,100.00,1022.02,4.04,96.00
Thu 28/05/2026 - 08:25:37,15.80,100.00,1022.04,4.04,96.00
Thu 28/05/2026 - 08:26:11,15.80,100.00,1021.98,4.04,96.00
Thu 28/05/2026 - 08:26:45,15.80,100.00,1022.05,4.04,96.00
Thu 28/05/2026 - 08:27:19,15.82,100.00,1022.05,4.04,96.00
Thu 28/05/2026 - 08:27:53,15.84,100.00,1021.94,4.04,96.00
Thu 28/05/2026 - 08:28:27,15.84,100.00,1022.05,4.04,96.00
Thu 28/05/2026 - 08:29:01,15.85,100.00,1022.10,4.04,96.00
Thu 28/05/2026 - 08:29:35,15.85,100.00,1022.00,4.04,96.00
Thu 28/05/2026 - 08:30:09,15.86,100.00,1022.01,4.04,96.00
Thu 28/05/2026 - 08:30:43,15.86,100.00,1022.04,4.04,96.00
Thu 28/05/2026 - 08:31:17,15.87,100.00,1022.01,4.04,96.00
Thu 28/05/2026 - 08:31:51,15.89,100.00,1022.06,4.04,96.00
Thu 28/05/2026 - 08:32:25,15.86,100.00,1022.07,4.04,96.00
Thu 28/05/2026 - 08:32:59,15.87,100.00,1022.09,4.04,96.00
Thu 28/05/2026 - 08:33:33,15.88,100.00,1022.04,4.04,96.00
Thu 28/05/2026 - 08:34:07,15.92,100.00,1022.08,4.04,96.00
Thu 28/05/2026 - 08:34:41,15.91,100.00,1022.07,4.04,96.00
Thu 28/05/2026 - 08:35:15,15.93,100.00,1022.06,4.04,96.00
Thu 28/05/2026 - 08:35:49,15.93,100.00,1022.00,4.04,96.00
Thu 28/05/2026 - 08:36:23,15.95,100.00,1022.14,4.04,96.00
Thu 28/05/2026 - 08:36:57,15.95,100.00,1022.04,4.04,96.00
Thu 28/05/2026 - 08:37:31,15.97,100.00,1022.12,4.04,96.00
Thu 28/05/2026 - 08:38:05,15.98,100.00,1022.13,4.04,96.00
Thu 28/05/2026 - 08:38:39,16.01,100.00,1022.16,4.04,96.00
Thu 28/05/2026 - 08:39:13,15.96,100.00,1022.15,4.04,96.00
Thu 28/05/2026 - 08:39:47,15.98,100.00,1022.13,4.04,96.00
Thu 28/05/2026 - 08:40:21,15.99,100.00,1022.07,4.04,96.00
Thu 28/05/2026 - 08:40:55,16.02,100.00,1022.07,4.04,96.00
Thu 28/05/2026 - 08:41:29,16.04,100.00,1022.02,4.04,96.00
Thu 28/05/2026 - 08:42:03,16.05,100.00,1022.04,4.04,96.00
Thu 28/05/2026 - 08:42:37,16.07,100.00,1022.07,4.04,96.00
Thu 28/05/2026 - 08:43:11,16.08,100.00,1022.06,4.04,96.00
Thu 28/05/2026 - 08:43:45,16.09,100.00,1022.00,4.04,96.00
Thu 28/05/2026 - 08:44:19,16.11,100.00,1022.09,4.04,96.00
Thu 28/05/2026 - 08:44:53,16.12,100.00,1022.00,4.04,96.00
Thu 28/05/2026 - 08:45:27,16.14,100.00,1022.02,4.04,96.00
Thu 28/05/2026 - 08:46:01,16.14,100.00,1022.01,4.04,96.00
Thu 28/05/2026 - 08:46:35,16.14,100.00,1022.02,4.04,96.00
Thu 28/05/2026 - 08:47:09,16.16,100.00,1022.01,4.04,96.00
Thu 28/05/2026 - 08:47:43,16.18,100.00,1021.97,4.04,96.00
Thu 28/05/2026 - 08:48:17,16.14,100.00,1022.03,4.04,96.00
Thu 28/05/2026 - 08:48:51,16.07,100.00,1022.02,4.04,96.00
Thu 28/05/2026 - 08:49:25,16.05,100.00,1021.93,4.04,96.00
Thu 28/05/2026 - 08:49:59,16.05,100.00,1022.00,4.04,96.00
Thu 28/05/2026 - 08:50:33,16.08,100.00,1021.98,4.04,96.00
Thu 28/05/2026 - 08:51:07,16.07,100.00,1022.02,4.04,96.00
Thu 28/05/2026 - 08:51:41,16.05,100.00,1021.99,4.04,96.00
Thu 28/05/2026 - 08:52:15,16.08,100.00,1022.01,4.04,96.00
Thu 28/05/2026 - 08:52:49,16.13,100.00,1021.98,4.04,96.00
Thu 28/05/2026 - 08:53:23,16.17,100.00,1022.02,4.04,96.00
Thu 28/05/2026 - 08:53:57,16.16,100.00,1021.95,4.04,96.00
Thu 28/05/2026 - 08:54:31,16.18,100.00,1021.91,4.04,96.00
Thu 28/05/2026 - 08:55:05,16.23,100.00,1022.02,4.04,96.00
Thu 28/05/2026 - 08:55:39,16.24,100.00,1021.94,4.04,96.00
Thu 28/05/2026 - 08:56:13,16.25,100.00,1022.01,4.04,96.00
Thu 28/05/2026 - 08:56:47,16.24,100.00,1021.91,4.04,96.00
Thu 28/05/2026 - 08:57:21,16.25,100.00,1021.95,4.04,96.00
Thu 28/05/2026 - 08:57:55,16.25,100.00,1021.97,4.04,96.00
Thu 28/05/2026 - 08:58:29,16.28,100.00,1021.90,4.04,96.00
Thu 28/05/2026 - 08:59:03,16.29,100.00,1022.00,4.04,96.00
Thu 28/05/2026 - 08:59:37,16.30,100.00,1021.96,4.04,96.00
Thu 28/05/2026 - 09:00:11,16.34,100.00,1021.97,4.04,96.00
Thu 28/05/2026 - 09:00:45,16.37,100.00,1021.95,4.04,96.00
Thu 28/05/2026 - 09:01:19,16.40,100.00,1022.00,4.04,96.00
Thu 28/05/2026 - 09:01:53,16.41,100.00,1021.91,4.04,96.00
Thu 28/05/2026 - 09:02:27,16.43,100.00,1022.02,4.04,96.00
Thu 28/05/2026 - 09:03:01,16.45,100.00,1021.92,4.04,96.00
Thu 28/05/2026 - 09:03:35,16.47,100.00,1022.00,4.04,96.00
Thu 28/05/2026 - 09:04:09,16.49,100.00,1021.97,4.04,96.00
Thu 28/05/2026 - 09:04:43,16.51,100.00,1021.96,4.04,96.00
Thu 28/05/2026 - 09:05:17,16.52,100.00,1021.92,4.04,96.00
Thu 28/05/2026 - 09:05:51,16.54,100.00,1021.94,4.04,96.00
Thu 28/05/2026 - 09:06:25,16.55,100.00,1021.92,4.04,96.00
Thu 28/05/2026 - 09:06:59,16.56,100.00,1021.96,4.04,96.00
Thu 28/05/2026 - 09:07:33,16.51,100.00,1021.88,4.04,96.00
Thu 28/05/2026 - 09:08:06,16.55,100.00,1021.89,4.04,96.00
Thu 28/05/2026 - 09:08:40,16.57,100.00,1021.90,4.04,96.00
Thu 28/05/2026 - 09:09:14,16.57,100.00,1021.84,4.04,96.00
Thu 28/05/2026 - 09:09:48,16.58,100.00,1021.90,4.04,96.00
Thu 28/05/2026 - 09:10:22,16.61,100.00,1021.94,4.04,96.00
Thu 28/05/2026 - 09:10:56,16.61,100.00,1021.92,4.04,96.00
Thu 28/05/2026 - 09:11:30,16.63,100.00,1021.97,4.04,96.00
Thu 28/05/2026 - 09:12:04,16.62,100.00,1021.99,4.04,96.00
Thu 28/05/2026 - 09:12:38,16.62,100.00,1021.94,4.04,96.00
Thu 28/05/2026 - 09:13:12,16.59,100.00,1021.90,4.04,96.00
Thu 28/05/2026 - 09:13:46,16.62,100.00,1021.97,4.04,96.00
Thu 28/05/2026 - 09:14:20,16.65,100.00,1021.90,4.04,96.00
Thu 28/05/2026 - 09:14:54,16.66,100.00,1021.92,4.04,96.00
Thu 28/05/2026 - 09:15:28,16.68,100.00,1021.95,4.04,96.00
Thu 28/05/2026 - 09:16:02,16.66,100.00,1021.95,4.04,96.00
Thu 28/05/2026 - 09:16:36,16.67,100.00,1021.94,4.04,96.00
Thu 28/05/2026 - 09:17:10,16.68,100.00,1021.93,4.04,96.00
Thu 28/05/2026 - 09:17:44,16.66,100.00,1021.86,4.04,96.00
Thu 28/05/2026 - 09:18:18,16.66,100.00,1021.89,4.04,96.00
Thu 28/05/2026 - 09:18:52,16.68,100.00,1021.85,4.04,96.00
Thu 28/05/2026 - 09:19:26,16.69,100.00,1021.92,4.04,96.00
Thu 28/05/2026 - 09:20:00,16.72,100.00,1021.94,4.04,96.00
Thu 28/05/2026 - 09:20:34,16.75,100.00,1021.94,4.04,96.00
Thu 28/05/2026 - 09:21:08,16.76,100.00,1021.96,4.04,96.00
Thu 28/05/2026 - 09:21:42,16.77,100.00,1021.92,4.04,96.00
Thu 28/05/2026 - 09:22:16,16.73,100.00,1021.88,4.04,96.00
Thu 28/05/2026 - 09:22:50,16.74,100.00,1021.92,4.04,96.00
Thu 28/05/2026 - 09:23:24,16.71,100.00,1021.82,4.04,96.00
Thu 28/05/2026 - 09:23:58,16.75,100.00,1021.83,4.04,96.00
Thu 28/05/2026 - 09:24:32,16.79,100.00,1021.85,4.04,96.00
Thu 28/05/2026 - 09:25:06,16.80,100.00,1021.92,4.04,96.00
Thu 28/05/2026 - 09:25:40,16.82,100.00,1021.93,4.04,96.00
Thu 28/05/2026 - 09:26:14,16.79,100.00,1021.90,4.04,96.00
Thu 28/05/2026 - 09:26:48,16.79,100.00,1021.87,4.04,96.00
Thu 28/05/2026 - 09:27:22,16.81,100.00,1021.88,4.04,96.00
Thu 28/05/2026 - 09:27:56,16.82,100.00,1021.88,4.04,96.00
Thu 28/05/2026 - 09:28:30,16.84,100.00,1021.89,4.04,96.00
Thu 28/05/2026 - 09:29:04,16.86,100.00,1021.86,4.04,96.00
Thu 28/05/2026 - 09:29:38,16.88,100.00,1021.89,4.04,96.00
Thu 28/05/2026 - 09:30:12,16.88,100.00,1021.90,4.04,96.00
Thu 28/05/2026 - 09:30:46,16.88,100.00,1022.00,4.04,96.00
Thu 28/05/2026 - 09:31:20,16.86,100.00,1021.91,4.04,96.00
Thu 28/05/2026 - 09:31:54,16.83,100.00,1021.83,4.04,96.00
Thu 28/05/2026 - 09:32:28,16.86,100.00,1021.91,4.04,96.00
Thu 28/05/2026 - 09:33:02,16.88,100.00,1021.97,4.04,96.00
Thu 28/05/2026 - 09:33:36,16.91,100.00,1021.95,4.04,96.00
Thu 28/05/2026 - 09:34:10,16.88,100.00,1021.98,4.04,96.00
Thu 28/05/2026 - 09:34:44,16.92,100.00,1021.98,4.04,96.00
Thu 28/05/2026 - 09:35:18,16.94,100.00,1022.00,4.04,96.00
Thu 28/05/2026 - 09:35:52,16.89,100.00,1022.03,4.05,96.00
Thu 28/05/2026 - 09:36:26,16.92,100.00,1022.02,4.04,96.00
Thu 28/05/2026 - 09:37:00,16.94,100.00,1021.97,4.04,96.00
Thu 28/05/2026 - 09:37:34,16.93,100.00,1021.95,4.04,96.00
Thu 28/05/2026 - 09:38:08,16.94,100.00,1021.97,4.04,96.00
Thu 28/05/2026 - 09:38:42,16.98,100.00,1021.96,4.04,96.00
Thu 28/05/2026 - 09:39:16,16.99,100.00,1021.97,4.04,96.00
Thu 28/05/2026 - 09:39:50,17.01,100.00,1022.06,4.04,96.00
Thu 28/05/2026 - 09:40:24,17.01,100.00,1022.04,4.04,96.00
Thu 28/05/2026 - 09:40:58,17.03,100.00,1022.05,4.04,96.00
Thu 28/05/2026 - 09:41:32,17.07,100.00,1022.10,4.04,96.00
Thu 28/05/2026 - 09:42:06,17.09,100.00,1022.07,4.04,96.00
Thu 28/05/2026 - 09:42:40,17.11,100.00,1021.97,4.04,96.00
Thu 28/05/2026 - 09:43:14,17.12,100.00,1021.96,4.04,96.00
Thu 28/05/2026 - 09:43:48,17.13,100.00,1022.00,4.05,96.00
Thu 28/05/2026 - 09:44:21,17.13,100.00,1021.94,4.05,96.00
Thu 28/05/2026 - 09:44:55,17.17,100.00,1021.93,4.05,96.00
Thu 28/05/2026 - 09:45:29,17.21,100.00,1021.94,4.05,96.00
Thu 28/05/2026 - 09:46:03,17.24,100.00,1021.89,4.05,96.00
Thu 28/05/2026 - 09:46:37,17.25,100.00,1021.89,4.05,96.00
Thu 28/05/2026 - 09:47:11,17.28,100.00,1021.80,4.05,96.00
Thu 28/05/2026 - 09:47:45,17.30,100.00,1021.81,4.05,96.00
Thu 28/05/2026 - 09:48:19,17.35,100.00,1021.86,4.05,96.00
Thu 28/05/2026 - 09:48:53,17.38,100.00,1021.89,4.05,96.00
Thu 28/05/2026 - 09:49:27,17.35,100.00,1021.79,4.05,96.00
Thu 28/05/2026 - 09:50:01,17.35,100.00,1021.83,4.05,96.00
Thu 28/05/2026 - 09:50:35,17.42,100.00,1021.85,4.05,96.00
Thu 28/05/2026 - 09:51:09,17.44,100.00,1021.79,4.05,96.00
Thu 28/05/2026 - 09:51:43,17.39,100.00,1021.81,4.05,96.00
Thu 28/05/2026 - 09:52:17,17.37,100.00,1021.83,4.05,96.00
Thu 28/05/2026 - 09:52:51,17.40,100.00,1021.75,4.05,96.00
Thu 28/05/2026 - 09:53:25,17.40,100.00,1021.81,4.05,96.00
Thu 28/05/2026 - 09:53:59,17.45,100.00,1021.78,4.05,96.00
Thu 28/05/2026 - 09:54:33,17.52,100.00,1021.80,4.05,96.00
Thu 28/05/2026 - 09:55:07,17.46,100.00,1021.75,4.05,96.00
Thu 28/05/2026 - 09:55:41,17.54,100.00,1021.81,4.05,96.00
Thu 28/05/2026 - 09:56:15,17.58,100.00,1021.85,4.05,96.00
Thu 28/05/2026 - 09:56:49,17.65,100.00,1021.80,4.05,96.00
Thu 28/05/2026 - 09:57:23,17.61,100.00,1021.76,4.05,96.00
Thu 28/05/2026 - 09:57:57,17.64,100.00,1021.84,4.05,96.00
Thu 28/05/2026 - 09:58:31,17.64,100.00,1021.77,4.05,96.00
Thu 28/05/2026 - 09:59:05,17.75,100.00,1021.76,4.05,96.00
Thu 28/05/2026 - 09:59:39,17.86,100.00,1021.79,4.05,97.00
Thu 28/05/2026 - 10:00:13,17.92,100.00,1021.84,4.05,97.00
Thu 28/05/2026 - 10:00:47,17.94,100.00,1021.79,4.05,97.00
Thu 28/05/2026 - 10:01:21,17.97,100.00,1021.81,4.05,97.00
Thu 28/05/2026 - 10:01:55,17.95,100.00,1021.84,4.05,97.00
Thu 28/05/2026 - 10:02:29,17.95,100.00,1021.81,4.05,97.00
Thu 28/05/2026 - 10:03:03,18.07,100.00,1021.77,4.05,97.00
Thu 28/05/2026 - 10:03:37,18.02,99.63,1021.80,4.05,97.00
Thu 28/05/2026 - 10:04:11,18.03,100.00,1021.79,4.05,97.00
Thu 28/05/2026 - 10:04:45,17.98,99.18,1021.75,4.05,97.00
Thu 28/05/2026 - 10:05:19,17.91,98.69,1021.74,4.05,97.00
Thu 28/05/2026 - 10:05:53,17.90,98.63,1021.74,4.06,97.00
Thu 28/05/2026 - 10:06:27,17.93,98.96,1021.86,4.06,97.00
Thu 28/05/2026 - 10:07:01,17.98,99.91,1021.83,4.06,97.00
Thu 28/05/2026 - 10:07:35,18.08,99.74,1021.84,4.06,97.00
Thu 28/05/2026 - 10:08:09,18.16,100.00,1021.85,4.06,97.00
Thu 28/05/2026 - 10:08:43,18.22,100.00,1021.82,4.06,97.00
Thu 28/05/2026 - 10:09:17,18.25,97.73,1021.84,4.06,97.00
Thu 28/05/2026 - 10:09:51,18.21,98.45,1021.85,4.06,97.00
Thu 28/05/2026 - 10:10:25,18.24,97.96,1021.84,4.06,97.00
Thu 28/05/2026 - 10:10:59,18.27,97.49,1021.87,4.07,97.00
Thu 28/05/2026 - 10:11:33,18.40,97.53,1021.81,4.12,98.00
Thu 28/05/2026 - 10:12:07,18.85,96.06,1021.74,4.12,98.00
Thu 28/05/2026 - 10:12:41,19.28,97.05,1021.85,4.13,98.00
Thu 28/05/2026 - 10:13:15,19.65,93.48,1021.88,4.14,99.00
Thu 28/05/2026 - 10:13:49,19.98,92.86,1021.73,4.13,98.00
Thu 28/05/2026 - 10:14:23,20.27,93.04,1021.84,4.12,98.00
Thu 28/05/2026 - 10:14:57,20.49,90.52,1021.79,4.12,98.00
Thu 28/05/2026 - 10:15:31,20.69,88.38,1021.74,4.10,98.00
Thu 28/05/2026 - 10:16:05,20.82,88.90,1021.86,4.09,97.00
Thu 28/05/2026 - 10:16:39,20.96,87.98,1021.83,4.09,97.00
Thu 28/05/2026 - 10:17:13,21.07,85.28,1021.77,4.09,97.00
Thu 28/05/2026 - 10:17:47,21.23,85.54,1021.79,4.09,97.00
Thu 28/05/2026 - 10:18:21,21.34,84.14,1021.74,4.09,97.00
Thu 28/05/2026 - 10:18:55,21.51,84.14,1021.78,4.12,98.00
Thu 28/05/2026 - 10:19:29,21.84,82.97,1021.81,4.10,98.00
Thu 28/05/2026 - 10:20:03,22.17,82.22,1021.79,4.13,98.00
Thu 28/05/2026 - 10:20:37,22.50,79.01,1021.80,4.13,98.00
Thu 28/05/2026 - 10:21:11,22.64,80.61,1021.75,4.11,98.00
Thu 28/05/2026 - 10:21:45,22.63,79.57,1021.79,4.09,97.00
Thu 28/05/2026 - 10:22:19,22.64,78.29,1021.81,4.09,97.00
Thu 28/05/2026 - 10:22:53,22.61,78.13,1021.76,4.09,97.00
Thu 28/05/2026 - 10:23:27,22.66,78.28,1021.79,4.09,97.00
Thu 28/05/2026 - 10:24:01,22.71,77.74,1021.76,4.09,97.00
Thu 28/05/2026 - 10:24:35,22.71,76.88,1021.76,4.09,97.00
Thu 28/05/2026 - 10:25:09,22.72,78.51,1021.75,4.09,97.00
Thu 28/05/2026 - 10:25:43,22.73,76.94,1021.83,4.09,97.00
Thu 28/05/2026 - 10:26:17,22.78,77.72,1021.76,4.08,97.00
Thu 28/05/2026 - 10:26:51,22.78,76.80,1021.81,4.08,97.00
Thu 28/05/2026 - 10:27:25,22.93,77.76,1021.75,4.09,97.00
Thu 28/05/2026 - 10:27:59,22.94,76.28,1021.76,4.09,97.00
Thu 28/05/2026 - 10:28:33,22.93,76.06,1021.77,4.09,97.00
Thu 28/05/2026 - 10:29:07,22.94,77.11,1021.72,4.09,97.00
Thu 28/05/2026 - 10:29:41,22.96,75.74,1021.75,4.09,97.00
Thu 28/05/2026 - 10:30:15,23.08,77.20,1021.70,4.10,98.00
Thu 28/05/2026 - 10:30:49,23.11,75.33,1021.73,4.10,98.00
Thu 28/05/2026 - 10:31:23,23.06,75.28,1021.70,4.10,98.00
Thu 28/05/2026 - 10:31:57,23.25,77.51,1021.75,4.10,98.00
Thu 28/05/2026 - 10:32:31,23.24,75.13,1021.71,4.09,97.00
Thu 28/05/2026 - 10:33:05,23.37,77.04,1021.78,4.09,97.00
Thu 28/05/2026 - 10:33:39,23.30,74.77,1021.73,4.09,97.00
Thu 28/05/2026 - 10:34:13,23.44,74.17,1021.71,4.09,97.00
Thu 28/05/2026 - 10:34:47,23.34,73.64,1021.68,4.10,98.00
Thu 28/05/2026 - 10:35:21,23.29,74.50,1021.68,4.10,98.00
Thu 28/05/2026 - 10:35:55,23.30,75.37,1021.62,4.12,98.00
Thu 28/05/2026 - 10:36:29,23.50,74.11,1021.71,4.11,98.00
Thu 28/05/2026 - 10:37:03,23.45,73.40,1021.60,4.10,98.00
Thu 28/05/2026 - 10:37:37,23.39,73.88,1021.61,4.10,98.00
Thu 28/05/2026 - 10:38:10,23.35,73.77,1021.64,4.10,98.00
Thu 28/05/2026 - 10:38:44,23.41,74.64,1021.67,4.10,98.00
Thu 28/05/2026 - 10:39:18,23.39,73.33,1021.72,4.09,97.00
Thu 28/05/2026 - 10:39:52,23.34,73.64,1021.65,4.09,97.00
Thu 28/05/2026 - 10:40:26,23.29,74.24,1021.65,4.09,97.00
Thu 28/05/2026 - 10:41:00,23.22,74.90,1021.64,4.09,97.00
Thu 28/05/2026 - 10:41:34,23.16,74.47,1021.62,4.09,97.00
Thu 28/05/2026 - 10:42:08,23.10,74.61,1021.66,4.09,97.00
Thu 28/05/2026 - 10:42:42,23.05,74.75,1021.62,4.09,97.00
Thu 28/05/2026 - 10:43:16,23.02,74.47,1021.58,4.09,97.00
Thu 28/05/2026 - 10:43:50,23.01,74.64,1021.61,4.09,97.00
Thu 28/05/2026 - 10:44:24,22.98,75.29,1021.61,4.09,97.00
Thu 28/05/2026 - 10:44:58,22.93,75.14,1021.61,4.08,97.00
Thu 28/05/2026 - 10:45:32,22.86,75.55,1021.54,4.08,97.00
Thu 28/05/2026 - 10:46:06,22.82,75.87,1021.65,4.08,97.00
Thu 28/05/2026 - 10:46:40,22.79,75.96,1021.56,4.08,97.00
Thu 28/05/2026 - 10:47:14,22.77,76.14,1021.63,4.08,97.00
Thu 28/05/2026 - 10:47:48,22.68,77.20,1021.60,4.08,97.00
Thu 28/05/2026 - 10:48:22,22.64,76.77,1021.55,4.08,97.00
Thu 28/05/2026 - 10:48:56,22.60,77.29,1021.52,4.08,97.00
Thu 28/05/2026 - 10:49:30,22.57,77.30,1021.58,4.08,97.00
Thu 28/05/2026 - 10:50:04,22.51,76.83,1021.58,4.08,97.00
Thu 28/05/2026 - 10:50:38,22.49,77.39,1021.49,4.08,97.00
Thu 28/05/2026 - 10:51:12,22.47,77.54,1021.57,4.08,97.00
Thu 28/05/2026 - 10:51:46,22.45,77.35,1021.59,4.08,97.00
Thu 28/05/2026 - 10:52:20,22.41,77.11,1021.57,4.08,97.00
Thu 28/05/2026 - 10:52:54,22.36,77.46,1021.45,4.08,97.00
Thu 28/05/2026 - 10:53:28,22.33,77.37,1021.49,4.08,97.00
Thu 28/05/2026 - 10:54:02,22.29,77.62,1021.50,4.08,97.00
Thu 28/05/2026 - 10:54:36,22.27,77.72,1021.44,4.08,97.00
Thu 28/05/2026 - 10:55:10,22.29,77.59,1021.45,4.08,97.00
Thu 28/05/2026 - 10:55:44,22.36,77.59,1021.43,4.08,97.00
Thu 28/05/2026 - 10:56:18,22.46,76.90,1021.47,4.08,97.00
Thu 28/05/2026 - 10:56:52,22.36,76.87,1021.43,4.08,97.00
Thu 28/05/2026 - 10:57:26,22.31,77.34,1021.43,4.08,97.00
Thu 28/05/2026 - 10:58:00,22.26,77.54,1021.40,4.08,97.00
Thu 28/05/2026 - 10:58:34,22.29,78.05,1021.31,4.08,97.00
Thu 28/05/2026 - 10:59:08,22.39,77.38,1021.34,4.08,97.00
Thu 28/05/2026 - 10:59:42,22.42,78.08,1021.37,4.08,97.00
Thu 28/05/2026 - 11:00:16,22.58,77.43,1021.30,4.08,97.00
Thu 28/05/2026 - 11:00:50,22.60,77.12,1021.35,4.08,97.00
Thu 28/05/2026 - 11:01:24,22.64,76.20,1021.32,4.08,97.00
Thu 28/05/2026 - 11:01:58,22.75,76.94,1021.36,4.08,97.00
Thu 28/05/2026 - 11:02:32,22.75,77.32,1021.42,4.08,97.00
Thu 28/05/2026 - 11:03:06,22.70,76.11,1021.33,4.08,97.00
Thu 28/05/2026 - 11:03:40,22.54,76.43,1021.28,4.08,97.00
Thu 28/05/2026 - 11:04:14,22.48,76.85,1021.42,4.08,97.00
Thu 28/05/2026 - 11:04:48,22.42,76.96,1021.37,4.08,97.00
Thu 28/05/2026 - 11:05:22,22.31,77.66,1021.28,4.08,97.00
Thu 28/05/2026 - 11:05:56,22.23,78.16,1021.27,4.08,97.00
Thu 28/05/2026 - 11:06:30,22.18,78.31,1021.26,4.08,97.00
Thu 28/05/2026 - 11:07:04,22.19,78.83,1021.31,4.08,97.00
Thu 28/05/2026 - 11:07:38,22.31,78.05,1021.25,4.08,97.00
Thu 28/05/2026 - 11:08:12,22.28,77.77,1021.22,4.08,97.00
Thu 28/05/2026 - 11:08:46,22.18,78.48,1021.21,4.08,97.00
Thu 28/05/2026 - 11:09:20,22.13,78.65,1021.26,4.08,97.00
Thu 28/05/2026 - 11:09:54,22.08,78.66,1021.22,4.08,97.00
Thu 28/05/2026 - 11:10:28,21.99,78.96,1021.26,4.08,97.00
Thu 28/05/2026 - 11:11:02,21.94,79.10,1021.20,4.08,97.00
Thu 28/05/2026 - 11:11:36,21.89,79.33,1021.22,4.08,97.00
Thu 28/05/2026 - 11:12:10,21.82,79.66,1021.18,4.08,97.00
Thu 28/05/2026 - 11:12:43,21.78,79.98,1021.27,4.08,97.00
Thu 28/05/2026 - 11:13:17,21.76,80.44,1021.25,4.08,97.00
Thu 28/05/2026 - 11:13:51,21.72,80.74,1021.22,4.08,97.00
Thu 28/05/2026 - 11:14:25,21.69,80.44,1021.22,4.08,97.00
Thu 28/05/2026 - 11:14:59,21.66,80.52,1021.28,4.08,97.00
Thu 28/05/2026 - 11:15:33,21.66,80.53,1021.28,4.08,97.00
Thu 28/05/2026 - 11:16:07,21.65,80.27,1021.23,4.08,97.00
Thu 28/05/2026 - 11:16:41,21.61,80.61,1021.14,4.08,97.00
Thu 28/05/2026 - 11:17:15,21.58,80.95,1021.20,4.08,97.00
Thu 28/05/2026 - 11:17:49,21.67,80.52,1021.16,4.08,97.00
Thu 28/05/2026 - 11:18:23,21.64,80.61,1021.19,4.08,97.00
Thu 28/05/2026 - 11:18:57,21.64,80.86,1021.11,4.08,97.00
Thu 28/05/2026 - 11:19:31,21.72,80.38,1021.19,4.08,97.00
Thu 28/05/2026 - 11:20:05,21.68,80.53,1021.18,4.08,97.00
Thu 28/05/2026 - 11:20:39,21.65,80.63,1021.21,4.08,97.00
Thu 28/05/2026 - 11:21:13,21.61,81.03,1021.14,4.08,97.00
Thu 28/05/2026 - 11:21:47,21.61,80.81,1021.19,4.08,97.00
Thu 28/05/2026 - 11:22:21,21.61,80.80,1021.13,4.08,97.00
Thu 28/05/2026 - 11:22:55,21.58,80.71,1021.16,4.08,97.00
Thu 28/05/2026 - 11:23:29,21.54,81.02,1021.13,4.08,97.00
Thu 28/05/2026 - 11:24:03,21.52,81.54,1021.09,4.08,97.00
Thu 28/05/2026 - 11:24:37,21.58,81.05,1021.14,4.08,97.00
Thu 28/05/2026 - 11:25:11,21.57,81.04,1021.13,4.08,97.00
Thu 28/05/2026 - 11:25:45,21.52,81.46,1021.15,4.08,97.00
Thu 28/05/2026 - 11:26:19,21.50,81.60,1021.17,4.08,97.00
Thu 28/05/2026 - 11:26:53,21.44,81.33,1021.09,4.08,97.00
Thu 28/05/2026 - 11:27:27,21.42,81.70,1021.18,4.08,97.00
Thu 28/05/2026 - 11:28:01,21.47,82.24,1021.19,4.08,97.00
Thu 28/05/2026 - 11:28:35,21.48,81.85,1021.13,4.08,97.00
Thu 28/05/2026 - 11:29:09,21.61,81.77,1021.19,4.08,97.00
Thu 28/05/2026 - 11:29:43,21.56,81.45,1021.11,4.08,97.00
Thu 28/05/2026 - 11:30:17,21.52,81.39,1021.12,4.08,97.00
Thu 28/05/2026 - 11:30:51,21.47,81.42,1021.17,4.08,97.00
Thu 28/05/2026 - 11:31:25,21.48,81.70,1021.19,4.08,97.00
Thu 28/05/2026 - 11:31:59,21.56,81.57,1021.14,4.08,97.00
Thu 28/05/2026 - 11:32:33,21.63,82.16,1021.12,4.08,97.00
Thu 28/05/2026 - 11:33:07,21.56,81.80,1021.11,4.08,97.00
Thu 28/05/2026 - 11:33:41,21.53,81.32,1021.14,4.08,97.00
Thu 28/05/2026 - 11:34:15,21.47,81.43,1021.06,4.08,97.00
Thu 28/05/2026 - 11:34:49,21.44,81.57,1020.98,4.08,97.00
Thu 28/05/2026 - 11:35:23,21.39,82.16,1021.01,4.08,97.00
Thu 28/05/2026 - 11:35:57,21.35,82.39,1020.99,4.08,97.00
Thu 28/05/2026 - 11:36:31,21.37,82.46,1021.05,4.08,97.00
Thu 28/05/2026 - 11:37:05,21.45,82.62,1020.97,4.08,97.00
Thu 28/05/2026 - 11:37:39,21.44,82.10,1020.93,4.08,97.00
Thu 28/05/2026 - 11:38:13,21.40,82.32,1020.92,4.09,97.00
Thu 28/05/2026 - 11:38:47,21.42,82.65,1020.98,4.09,97.00
Thu 28/05/2026 - 11:39:21,21.40,83.08,1021.02,4.09,97.00
Thu 28/05/2026 - 11:39:55,21.39,83.05,1020.95,4.09,97.00
Thu 28/05/2026 - 11:40:29,21.59,83.08,1021.00,4.09,97.00
Thu 28/05/2026 - 11:41:03,21.64,82.10,1020.92,4.09,97.00
Thu 28/05/2026 - 11:41:37,21.85,81.89,1020.97,4.09,97.00
Thu 28/05/2026 - 11:42:11,22.06,80.99,1020.89,4.10,98.00
Thu 28/05/2026 - 11:42:45,22.07,80.86,1021.02,4.09,97.00
Thu 28/05/2026 - 11:43:19,22.02,80.59,1020.97,4.10,98.00
Thu 28/05/2026 - 11:43:53,22.06,80.81,1020.97,4.10,98.00
Thu 28/05/2026 - 11:44:27,22.10,79.83,1020.91,4.10,98.00
Thu 28/05/2026 - 11:45:01,22.11,79.56,1020.90,4.10,98.00
Thu 28/05/2026 - 11:45:35,22.13,79.12,1020.94,4.10,98.00
Thu 28/05/2026 - 11:46:09,22.14,79.17,1020.92,4.10,98.00
Thu 28/05/2026 - 11:46:43,22.18,79.34,1020.93,4.10,98.00
Thu 28/05/2026 - 11:47:17,22.18,78.89,1020.88,4.10,98.00
Thu 28/05/2026 - 11:47:51,22.20,79.12,1020.89,4.10,98.00
Thu 28/05/2026 - 11:48:25,22.27,79.03,1020.90,4.10,98.00
Thu 28/05/2026 - 11:48:58,22.30,78.65,1020.90,4.10,98.00
Thu 28/05/2026 - 11:49:32,22.34,78.60,1020.83,4.10,98.00
Thu 28/05/2026 - 11:50:07,22.39,78.35,1020.91,4.10,98.00
Thu 28/05/2026 - 11:50:40,22.43,78.12,1020.87,4.11,98.00
Thu 28/05/2026 - 11:51:14,22.48,77.80,1020.90,4.11,98.00
Thu 28/05/2026 - 11:51:48,22.69,77.51,1020.86,4.13,98.00
Thu 28/05/2026 - 11:52:22,22.90,76.34,1020.88,4.11,98.00
Thu 28/05/2026 - 11:52:56,22.81,76.51,1020.87,4.11,98.00
Thu 28/05/2026 - 11:53:30,22.76,76.63,1020.81,4.11,98.00
Thu 28/05/2026 - 11:54:04,22.81,76.57,1020.83,4.11,98.00
Thu 28/05/2026 - 11:54:38,22.84,76.66,1020.75,4.11,98.00
Thu 28/05/2026 - 11:55:12,22.85,75.98,1020.80,4.11,98.00
Thu 28/05/2026 - 11:55:46,22.90,76.10,1020.82,4.10,98.00
Thu 28/05/2026 - 11:56:20,22.85,76.02,1020.85,4.10,98.00
Thu 28/05/2026 - 11:56:54,22.92,75.61,1020.80,4.10,98.00
Thu 28/05/2026 - 11:57:28,22.95,75.44,1020.83,4.10,98.00
Thu 28/05/2026 - 11:58:02,22.90,75.57,1020.85,4.10,98.00
Thu 28/05/2026 - 11:58:36,22.98,75.21,1020.80,4.10,98.00
Thu 28/05/2026 - 11:59:10,22.88,75.54,1020.79,4.10,98.00
Thu 28/05/2026 - 11:59:44,22.81,76.00,1020.83,4.09,97.00
Thu 28/05/2026 - 12:00:18,22.75,75.98,1020.77,4.10,98.00
Thu 28/05/2026 - 12:00:52,22.72,76.06,1020.68,4.09,97.00
Thu 28/05/2026 - 12:01:26,22.72,76.26,1020.77,4.09,97.00
Thu 28/05/2026 - 12:02:00,22.74,76.03,1020.75,4.09,97.00
Thu 28/05/2026 - 12:02:34,22.67,76.36,1020.72,4.09,97.00
Thu 28/05/2026 - 12:03:08,22.66,76.44,1020.64,4.09,97.00
Thu 28/05/2026 - 12:03:42,22.67,76.24,1020.72,4.09,97.00
Thu 28/05/2026 - 12:04:16,22.61,76.54,1020.64,4.09,97.00
Thu 28/05/2026 - 12:04:50,22.58,76.57,1020.64,4.09,97.00
Thu 28/05/2026 - 12:05:24,22.58,76.72,1020.63,4.09,97.00
Thu 28/05/2026 - 12:05:58,22.56,76.87,1020.63,4.09,97.00
Thu 28/05/2026 - 12:06:32,22.49,76.91,1020.62,4.09,97.00
Thu 28/05/2026 - 12:07:06,22.45,77.04,1020.60,4.09,97.00
Thu 28/05/2026 - 12:07:40,22.41,77.32,1020.59,4.10,98.00
Thu 28/05/2026 - 12:08:14,22.51,77.78,1020.63,4.09,97.00
Thu 28/05/2026 - 12:08:48,22.56,77.22,1020.58,4.10,98.00
Thu 28/05/2026 - 12:09:22,22.69,76.63,1020.64,4.09,97.00
Thu 28/05/2026 - 12:09:56,22.59,77.04,1020.63,4.10,98.00
Thu 28/05/2026 - 12:10:30,22.56,77.13,1020.55,4.10,98.00
Thu 28/05/2026 - 12:11:04,22.55,77.61,1020.56,4.10,98.00
Thu 28/05/2026 - 12:11:38,22.52,76.92,1020.50,4.10,98.00
Thu 28/05/2026 - 12:12:12,22.49,77.29,1020.51,4.10,98.00
Thu 28/05/2026 - 12:12:46,22.49,77.28,1020.51,4.10,98.00
Thu 28/05/2026 - 12:13:20,22.53,77.17,1020.56,4.10,98.00
Thu 28/05/2026 - 12:13:54,22.49,77.99,1020.45,4.10,98.00
Thu 28/05/2026 - 12:14:28,22.51,78.07,1020.50,4.10,98.00
Thu 28/05/2026 - 12:15:02,22.72,76.99,1020.48,4.10,98.00
Thu 28/05/2026 - 12:15:36,22.65,76.70,1020.49,4.10,98.00
Thu 28/05/2026 - 12:16:10,22.64,77.17,1020.53,4.10,98.00
Thu 28/05/2026 - 12:16:44,22.60,77.26,1020.49,4.10,98.00
Thu 28/05/2026 - 12:17:18,22.60,77.09,1020.46,4.11,98.00
Thu 28/05/2026 - 12:17:52,22.65,76.77,1020.49,4.12,98.00
Thu 28/05/2026 - 12:18:26,22.83,76.54,1020.48,4.13,98.00
Thu 28/05/2026 - 12:19:00,22.92,76.36,1020.45,4.12,98.00
Thu 28/05/2026 - 12:19:34,22.88,76.42,1020.38,4.12,98.00
Thu 28/05/2026 - 12:20:08,22.92,76.16,1020.42,4.12,98.00
Thu 28/05/2026 - 12:20:42,22.99,75.96,1020.43,4.12,98.00
Thu 28/05/2026 - 12:21:16,23.10,75.86,1020.40,4.13,98.00
Thu 28/05/2026 - 12:21:50,23.28,75.39,1020.41,4.13,98.00
Thu 28/05/2026 - 12:22:24,23.39,74.61,1020.36,4.13,98.00
Thu 28/05/2026 - 12:22:58,23.43,74.63,1020.32,4.13,98.00
Thu 28/05/2026 - 12:23:32,23.54,74.31,1020.31,4.13,98.00
Thu 28/05/2026 - 12:24:06,23.76,73.68,1020.26,4.14,99.00
Thu 28/05/2026 - 12:24:40,23.89,73.11,1020.27,4.13,98.00
Thu 28/05/2026 - 12:25:13,23.97,72.64,1020.30,4.14,99.00
Thu 28/05/2026 - 12:25:47,24.08,71.92,1020.27,4.14,99.00
Thu 28/05/2026 - 12:26:21,24.18,71.77,1020.22,4.14,98.00
Thu 28/05/2026 - 12:26:55,24.24,71.32,1020.27,4.13,98.00
Thu 28/05/2026 - 12:27:29,24.28,71.21,1020.17,4.13,98.00
Thu 28/05/2026 - 12:28:03,24.31,71.08,1020.17,4.13,98.00
Thu 28/05/2026 - 12:28:37,24.41,70.52,1020.20,4.14,99.00
Thu 28/05/2026 - 12:29:11,24.50,70.22,1020.11,4.14,99.00
Thu 28/05/2026 - 12:29:45,24.65,69.58,1020.14,4.14,99.00
Thu 28/05/2026 - 12:30:19,24.75,69.01,1020.14,4.14,99.00
Thu 28/05/2026 - 12:30:53,24.74,68.92,1020.11,4.13,98.00
Thu 28/05/2026 - 12:31:27,24.76,68.96,1020.13,4.13,98.00
Thu 28/05/2026 - 12:32:01,24.62,69.06,1020.11,4.12,98.00
Thu 28/05/2026 - 12:32:35,24.55,69.14,1020.15,4.12,98.00
Thu 28/05/2026 - 12:33:09,24.55,69.06,1020.17,4.12,98.00
Thu 28/05/2026 - 12:33:43,24.53,69.32,1020.11,4.13,98.00
Thu 28/05/2026 - 12:34:17,24.67,68.74,1020.12,4.14,99.00
Thu 28/05/2026 - 12:34:51,25.35,64.32,1020.02,4.15,99.00
Thu 28/05/2026 - 12:35:25,25.67,64.01,1020.09,4.14,98.00
Thu 28/05/2026 - 12:35:59,25.65,64.18,1020.03,4.13,98.00
Thu 28/05/2026 - 12:36:33,25.49,64.09,1020.08,4.13,98.00
Thu 28/05/2026 - 12:37:07,25.27,65.41,1020.10,4.13,98.00
Thu 28/05/2026 - 12:37:41,25.05,66.12,1020.06,4.13,98.00
Thu 28/05/2026 - 12:38:15,25.02,66.05,1020.01,4.13,98.00
Thu 28/05/2026 - 12:38:49,24.96,66.07,1020.07,4.13,98.00
Thu 28/05/2026 - 12:39:23,24.91,66.41,1020.04,4.13,98.00
Thu 28/05/2026 - 12:39:57,24.88,66.61,1020.01,4.14,98.00
Thu 28/05/2026 - 12:40:31,24.98,66.41,1020.03,4.14,99.00
Thu 28/05/2026 - 12:41:05,25.26,65.59,1019.98,4.15,99.00
Thu 28/05/2026 - 12:41:39,25.28,65.20,1019.92,4.14,99.00
Thu 28/05/2026 - 12:42:13,25.26,65.15,1020.01,4.15,99.00
Thu 28/05/2026 - 12:42:47,25.17,65.35,1019.93,4.14,99.00
Thu 28/05/2026 - 12:43:21,25.13,65.47,1019.89,4.14,99.00
Thu 28/05/2026 - 12:43:55,25.20,65.39,1019.87,4.15,99.00
Thu 28/05/2026 - 12:44:29,25.23,65.12,1019.82,4.14,99.00
Thu 28/05/2026 - 12:45:03,25.18,65.21,1019.90,4.14,99.00
Thu 28/05/2026 - 12:45:37,25.16,65.36,1019.86,4.14,99.00
Thu 28/05/2026 - 12:46:11,25.12,65.30,1019.85,4.14,99.00
Thu 28/05/2026 - 12:46:45,25.12,65.15,1019.85,4.14,99.00
Thu 28/05/2026 - 12:47:19,25.10,65.32,1019.83,4.14,99.00
Thu 28/05/2026 - 12:47:53,25.12,65.24,1019.85,4.15,99.00
Thu 28/05/2026 - 12:48:27,25.21,65.01,1019.89,4.14,99.00
Thu 28/05/2026 - 12:49:01,25.10,65.07,1019.82,4.14,99.00
Thu 28/05/2026 - 12:49:35,25.05,65.31,1019.84,4.14,99.00
Thu 28/05/2026 - 12:50:09,25.00,65.34,1019.78,4.14,99.00
Thu 28/05/2026 - 12:50:43,24.91,65.77,1019.79,4.14,98.00
Thu 28/05/2026 - 12:51:17,24.85,65.94,1019.82,4.14,98.00
Thu 28/05/2026 - 12:51:51,24.78,66.17,1019.79,4.13,98.00
Thu 28/05/2026 - 12:52:25,24.74,66.27,1019.80,4.13,98.00
Thu 28/05/2026 - 12:52:59,24.68,66.41,1019.87,4.13,98.00
Thu 28/05/2026 - 12:53:33,24.62,66.57,1019.77,4.13,98.00
Thu 28/05/2026 - 12:54:07,24.56,66.93,1019.83,4.13,98.00
Thu 28/05/2026 - 12:54:41,24.47,67.10,1019.85,4.13,98.00
Thu 28/05/2026 - 12:55:15,24.38,67.50,1019.77,4.13,98.00
Thu 28/05/2026 - 12:55:49,24.35,67.66,1019.83,4.13,98.00
Thu 28/05/2026 - 12:56:23,24.35,67.58,1019.86,4.13,98.00
Thu 28/05/2026 - 12:56:57,24.33,67.56,1019.81,4.13,98.00
Thu 28/05/2026 - 12:57:31,24.25,67.71,1019.77,4.13,98.00
Thu 28/05/2026 - 12:58:05,24.22,68.09,1019.84,4.13,98.00
Thu 28/05/2026 - 12:58:39,24.23,68.00,1019.82,4.15,99.00
Thu 28/05/2026 - 12:59:13,24.29,67.71,1019.80,4.15,99.00
Thu 28/05/2026 - 12:59:47,24.56,67.07,1019.77,4.15,99.00
Thu 28/05/2026 - 13:00:21,24.66,66.55,1019.77,4.15,99.00
Thu 28/05/2026 - 13:00:55,24.57,66.77,1019.74,4.14,99.00
Thu 28/05/2026 - 13:01:28,24.47,67.14,1019.74,4.14,99.00
Thu 28/05/2026 - 13:02:02,24.39,67.28,1019.79,4.14,99.00
Thu 28/05/2026 - 13:02:36,24.35,67.48,1019.71,4.14,99.00
Thu 28/05/2026 - 13:03:10,24.30,67.80,1019.77,4.14,99.00
Thu 28/05/2026 - 13:03:44,24.29,67.72,1019.69,4.14,98.00
Thu 28/05/2026 - 13:04:18,24.24,67.77,1019.72,4.14,99.00
Thu 28/05/2026 - 13:04:52,24.19,68.08,1019.69,4.14,99.00
Thu 28/05/2026 - 13:05:26,24.17,68.27,1019.71,4.14,98.00
Thu 28/05/2026 - 13:06:00,24.15,68.33,1019.72,4.14,99.00
Thu 28/05/2026 - 13:06:34,24.09,68.61,1019.63,4.14,99.00
Thu 28/05/2026 - 13:07:08,24.09,68.72,1019.68,4.14,99.00
Thu 28/05/2026 - 13:07:42,24.06,68.72,1019.64,4.14,99.00
Thu 28/05/2026 - 13:08:16,24.03,68.43,1019.70,4.14,99.00
Thu 28/05/2026 - 13:08:50,24.01,68.64,1019.64,4.14,99.00
Thu 28/05/2026 - 13:09:24,24.00,68.79,1019.64,4.14,99.00
Thu 28/05/2026 - 13:09:58,24.00,68.85,1019.65,4.14,99.00
Thu 28/05/2026 - 13:10:32,24.00,69.16,1019.69,4.15,99.00
Thu 28/05/2026 - 13:11:06,24.12,68.74,1019.66,4.16,99.00
Thu 28/05/2026 - 13:11:40,24.31,68.10,1019.60,4.13,98.00
Thu 28/05/2026 - 13:12:14,24.36,67.80,1019.60,4.13,98.00
Thu 28/05/2026 - 13:12:48,24.42,67.57,1019.60,4.15,99.00
Thu 28/05/2026 - 13:13:22,24.62,66.89,1019.65,4.14,98.00
Thu 28/05/2026 - 13:13:56,24.72,66.48,1019.66,4.13,98.00
Thu 28/05/2026 - 13:14:30,24.78,66.25,1019.60,4.16,99.00
Thu 28/05/2026 - 13:15:04,24.73,66.18,1019.67,4.14,98.00
Thu 28/05/2026 - 13:15:38,24.67,66.36,1019.69,4.14,99.00
Thu 28/05/2026 - 13:16:12,24.63,66.50,1019.72,4.14,99.00
Thu 28/05/2026 - 13:16:46,24.61,66.62,1019.63,4.14,99.00
Thu 28/05/2026 - 13:17:20,24.57,66.61,1019.71,4.14,99.00
Thu 28/05/2026 - 13:17:54,24.66,66.51,1019.74,4.14,99.00
Thu 28/05/2026 - 13:18:28,24.95,65.49,1019.68,4.14,98.00
Thu 28/05/2026 - 13:19:02,25.11,64.82,1019.67,4.14,98.00
Thu 28/05/2026 - 13:19:36,25.20,64.48,1019.66,4.14,98.00
Thu 28/05/2026 - 13:20:10,25.35,63.98,1019.70,4.14,98.00
Thu 28/05/2026 - 13:20:44,25.41,63.70,1019.57,4.14,98.00
Thu 28/05/2026 - 13:21:18,25.49,63.43,1019.62,4.14,98.00
Thu 28/05/2026 - 13:21:52,25.59,63.18,1019.60,4.15,99.00
Thu 28/05/2026 - 13:22:26,25.64,62.69,1019.57,4.14,99.00
Thu 28/05/2026 - 13:23:00,25.62,62.56,1019.60,4.14,99.00
Thu 28/05/2026 - 13:23:34,25.70,62.04,1019.57,4.14,99.00
Thu 28/05/2026 - 13:24:08,25.68,61.93,1019.54,4.14,99.00
Thu 28/05/2026 - 13:24:42,25.71,61.84,1019.58,4.14,99.00
Thu 28/05/2026 - 13:25:16,25.79,61.41,1019.57,4.14,99.00
Thu 28/05/2026 - 13:25:50,25.84,60.81,1019.53,4.14,99.00
Thu 28/05/2026 - 13:26:24,25.88,60.06,1019.44,4.14,99.00
Thu 28/05/2026 - 13:26:58,25.90,59.84,1019.45,4.14,99.00
Thu 28/05/2026 - 13:27:32,25.97,59.57,1019.51,4.14,99.00
Thu 28/05/2026 - 13:28:06,25.86,59.89,1019.47,4.15,99.00
Thu 28/05/2026 - 13:28:40,25.91,59.78,1019.49,4.16,99.00
Thu 28/05/2026 - 13:29:14,25.95,59.63,1019.45,4.14,99.00
Thu 28/05/2026 - 13:29:48,25.98,59.39,1019.49,4.14,99.00
Thu 28/05/2026 - 13:30:22,26.00,59.16,1019.42,4.14,99.00
Thu 28/05/2026 - 13:30:56,25.94,59.30,1019.38,4.14,99.00
Thu 28/05/2026 - 13:31:30,25.86,59.28,1019.43,4.14,99.00
Thu 28/05/2026 - 13:32:04,25.75,59.92,1019.41,4.14,99.00
Thu 28/05/2026 - 13:32:38,25.78,59.86,1019.43,4.14,99.00
Thu 28/05/2026 - 13:33:12,25.62,60.24,1019.47,4.14,99.00
Thu 28/05/2026 - 13:33:46,25.47,60.77,1019.41,4.14,99.00
Thu 28/05/2026 - 13:34:20,25.40,61.00,1019.34,4.14,99.00
Thu 28/05/2026 - 13:34:54,25.33,61.21,1019.42,4.14,99.00
Thu 28/05/2026 - 13:35:28,25.25,61.27,1019.35,4.14,99.00
Thu 28/05/2026 - 13:36:02,25.17,61.79,1019.36,4.14,99.00
Thu 28/05/2026 - 13:36:36,25.10,61.95,1019.37,4.14,99.00
Thu 28/05/2026 - 13:37:10,25.00,62.30,1019.32,4.14,99.00
Thu 28/05/2026 - 13:37:44,24.90,62.46,1019.31,4.14,99.00
Thu 28/05/2026 - 13:38:18,24.85,62.83,1019.31,4.14,99.00
Thu 28/05/2026 - 13:38:52,24.76,63.11,1019.30,4.14,99.00
Thu 28/05/2026 - 13:39:26,24.69,63.29,1019.28,4.14,99.00
Thu 28/05/2026 - 13:40:00,24.64,63.39,1019.27,4.14,99.00
Thu 28/05/2026 - 13:40:34,24.59,63.47,1019.27,4.14,99.00
Thu 28/05/2026 - 13:41:08,24.55,63.75,1019.26,4.14,99.00
Thu 28/05/2026 - 13:41:42,24.48,63.82,1019.21,4.14,99.00
Thu 28/05/2026 - 13:42:16,24.42,64.06,1019.21,4.14,99.00
Thu 28/05/2026 - 13:42:50,24.38,64.24,1019.17,4.14,99.00
Thu 28/05/2026 - 13:43:24,24.34,64.38,1019.19,4.14,99.00
Thu 28/05/2026 - 13:43:58,24.28,64.22,1019.19,4.14,99.00
Thu 28/05/2026 - 13:44:32,24.20,64.56,1019.18,4.14,99.00
Thu 28/05/2026 - 13:45:06,24.13,65.09,1019.15,4.14,99.00
Thu 28/05/2026 - 13:45:40,24.10,65.37,1019.24,4.14,99.00
Thu 28/05/2026 - 13:46:13,24.07,65.48,1019.10,4.14,99.00
Thu 28/05/2026 - 13:46:47,24.07,65.46,1019.16,4.14,99.00
Thu 28/05/2026 - 13:47:21,24.06,65.41,1019.15,4.14,99.00
Thu 28/05/2026 - 13:47:55,24.05,65.42,1019.23,4.14,99.00
Thu 28/05/2026 - 13:48:29,24.07,65.75,1019.13,4.14,99.00
Thu 28/05/2026 - 13:49:03,24.01,65.52,1019.19,4.14,99.00
Thu 28/05/2026 - 13:49:37,23.99,65.98,1019.13,4.14,99.00
Thu 28/05/2026 - 13:50:11,23.98,65.72,1019.23,4.14,99.00
Thu 28/05/2026 - 13:50:45,23.98,65.80,1019.14,4.14,99.00
Thu 28/05/2026 - 13:51:19,23.95,66.07,1019.13,4.14,99.00
Thu 28/05/2026 - 13:51:53,23.94,66.27,1019.15,4.14,99.00
Thu 28/05/2026 - 13:52:27,23.93,66.15,1019.12,4.14,99.00
Thu 28/05/2026 - 13:53:01,23.91,66.36,1019.16,4.14,99.00
Thu 28/05/2026 - 13:53:35,23.86,66.43,1019.13,4.14,99.00
Thu 28/05/2026 - 13:54:09,23.86,66.50,1019.11,4.14,99.00
Thu 28/05/2026 - 13:54:43,23.88,66.57,1019.05,4.14,99.00
Thu 28/05/2026 - 13:55:17,23.91,66.58,1019.02,4.14,99.00
Thu 28/05/2026 - 13:55:51,23.90,66.35,1019.09,4.14,99.00
Thu 28/05/2026 - 13:56:25,23.89,66.48,1019.10,4.14,99.00
Thu 28/05/2026 - 13:56:59,23.86,66.62,1019.04,4.14,99.00
Thu 28/05/2026 - 13:57:33,23.83,66.74,1019.02,4.14,99.00
Thu 28/05/2026 - 13:58:07,23.80,66.67,1019.00,4.14,99.00
Thu 28/05/2026 - 13:58:41,23.83,66.81,1019.02,4.14,99.00
Thu 28/05/2026 - 13:59:15,23.82,66.72,1019.00,4.14,99.00
Thu 28/05/2026 - 13:59:49,23.80,66.64,1019.03,4.14,99.00
Thu 28/05/2026 - 14:00:23,23.81,66.59,1018.99,4.14,99.00
Thu 28/05/2026 - 14:00:57,23.86,66.65,1018.96,4.14,99.00
Thu 28/05/2026 - 14:01:31,23.83,66.28,1018.97,4.14,99.00
Thu 28/05/2026 - 14:02:05,23.85,66.70,1019.03,4.14,99.00
Thu 28/05/2026 - 14:02:39,23.85,66.43,1019.03,4.15,99.00
Thu 28/05/2026 - 14:03:13,23.87,66.44,1019.02,4.14,99.00
Thu 28/05/2026 - 14:03:47,23.84,66.43,1018.93,4.14,99.00
Thu 28/05/2026 - 14:04:21,23.82,66.46,1019.01,4.14,99.00
Thu 28/05/2026 - 14:04:55,23.82,66.30,1019.03,4.15,99.00
Thu 28/05/2026 - 14:05:29,23.88,66.49,1019.00,4.15,99.00
Thu 28/05/2026 - 14:06:03,23.86,66.34,1019.02,4.14,99.00
Thu 28/05/2026 - 14:06:37,23.83,66.67,1019.08,4.15,99.00
Thu 28/05/2026 - 14:07:11,23.86,66.31,1018.97,4.15,99.00
Thu 28/05/2026 - 14:07:45,23.93,66.03,1018.97,4.15,99.00
Thu 28/05/2026 - 14:08:19,23.88,66.08,1018.94,4.15,99.00
Thu 28/05/2026 - 14:08:53,23.91,66.14,1018.94,4.15,99.00
Thu 28/05/2026 - 14:09:27,23.91,66.08,1018.94,4.15,99.00
Thu 28/05/2026 - 14:10:01,23.92,65.73,1018.97,4.15,99.00
Thu 28/05/2026 - 14:10:35,23.87,65.65,1018.96,4.15,99.00
Thu 28/05/2026 - 14:11:09,23.84,66.17,1018.93,4.14,99.00
Thu 28/05/2026 - 14:11:43,23.79,66.32,1018.92,4.14,99.00
Thu 28/05/2026 - 14:12:17,23.76,66.50,1018.96,4.14,99.00
Thu 28/05/2026 - 14:12:51,23.73,66.60,1019.01,4.14,99.00
Thu 28/05/2026 - 14:13:25,23.76,66.15,1018.98,4.14,99.00
Thu 28/05/2026 - 14:13:59,23.75,66.28,1018.91,4.15,99.00
Thu 28/05/2026 - 14:14:33,23.76,66.23,1019.01,4.14,99.00
Thu 28/05/2026 - 14:15:07,23.76,66.35,1019.01,4.15,99.00
Thu 28/05/2026 - 14:15:41,23.74,66.17,1018.98,4.14,99.00
Thu 28/05/2026 - 14:16:15,23.74,66.26,1018.98,4.14,99.00
Thu 28/05/2026 - 14:16:49,23.75,66.09,1018.97,4.14,99.00
Thu 28/05/2026 - 14:17:23,23.75,65.97,1018.97,4.14,99.00
Thu 28/05/2026 - 14:17:57,23.71,66.17,1018.95,4.14,99.00
Thu 28/05/2026 - 14:18:31,23.69,66.17,1018.94,4.14,99.00
Thu 28/05/2026 - 14:19:05,23.67,66.23,1018.92,4.14,99.00
Thu 28/05/2026 - 14:19:39,23.70,66.40,1018.93,4.14,99.00
Thu 28/05/2026 - 14:20:13,23.75,65.92,1018.88,4.14,99.00
Thu 28/05/2026 - 14:20:47,23.74,66.20,1018.87,4.14,99.00
Thu 28/05/2026 - 14:21:21,23.71,65.51,1018.82,4.15,99.00
Thu 28/05/2026 - 14:21:55,23.70,66.09,1018.80,4.15,99.00
Thu 28/05/2026 - 14:22:28,23.68,65.91,1018.88,4.14,99.00
Thu 28/05/2026 - 14:23:02,23.72,66.17,1018.87,4.14,99.00
Thu 28/05/2026 - 14:23:36,23.70,66.61,1018.81,4.14,99.00
Thu 28/05/2026 - 14:24:10,23.65,66.68,1018.78,4.14,99.00
Thu 28/05/2026 - 14:24:44,23.64,66.86,1018.84,4.14,99.00
Thu 28/05/2026 - 14:25:18,23.60,66.46,1018.83,4.14,99.00
Thu 28/05/2026 - 14:25:52,23.56,66.18,1018.74,4.14,99.00
Thu 28/05/2026 - 14:26:26,23.55,66.37,1018.80,4.14,99.00
Thu 28/05/2026 - 14:27:00,23.52,66.32,1018.83,4.14,99.00
Thu 28/05/2026 - 14:27:34,23.49,66.18,1018.77,4.14,99.00
Thu 28/05/2026 - 14:28:08,23.46,66.32,1018.76,4.14,99.00
Thu 28/05/2026 - 14:28:42,23.43,65.94,1018.73,4.14,99.00
Thu 28/05/2026 - 14:29:16,23.40,66.35,1018.76,4.14,99.00
Thu 28/05/2026 - 14:29:50,23.37,66.72,1018.74,4.14,99.00
Thu 28/05/2026 - 14:30:24,23.33,66.54,1018.73,4.14,99.00
Thu 28/05/2026 - 14:30:58,23.32,66.24,1018.76,4.14,99.00
Thu 28/05/2026 - 14:31:32,23.29,66.98,1018.82,4.14,99.00
Thu 28/05/2026 - 14:32:06,23.26,66.88,1018.77,4.14,99.00
Thu 28/05/2026 - 14:32:40,23.22,67.19,1018.73,4.14,99.00
Thu 28/05/2026 - 14:33:14,23.18,67.37,1018.78,4.14,99.00
Thu 28/05/2026 - 14:33:48,23.15,67.54,1018.81,4.14,99.00
Thu 28/05/2026 - 14:34:22,23.14,67.72,1018.74,4.14,99.00
Thu 28/05/2026 - 14:34:56,23.14,67.53,1018.76,4.14,99.00
Thu 28/05/2026 - 14:35:30,23.16,67.82,1018.76,4.14,99.00
Thu 28/05/2026 - 14:36:04,23.12,67.76,1018.72,4.14,99.00
Thu 28/05/2026 - 14:36:38,23.09,67.91,1018.67,4.14,99.00
Thu 28/05/2026 - 14:37:12,23.07,68.10,1018.66,4.14,99.00
Thu 28/05/2026 - 14:37:46,23.05,67.98,1018.76,4.14,99.00
Thu 28/05/2026 - 14:38:20,23.03,68.09,1018.70,4.14,99.00
Thu 28/05/2026 - 14:38:54,23.03,68.47,1018.70,4.14,99.00
Thu 28/05/2026 - 14:39:28,22.99,68.41,1018.66,4.14,99.00
Thu 28/05/2026 - 14:40:02,22.97,68.69,1018.71,4.14,99.00
Thu 28/05/2026 - 14:40:36,22.96,68.72,1018.69,4.14,99.00
Thu 28/05/2026 - 14:41:10,22.96,68.67,1018.64,4.14,99.00
Thu 28/05/2026 - 14:41:44,22.94,68.77,1018.66,4.14,99.00
Thu 28/05/2026 - 14:42:18,22.92,68.78,1018.73,4.14,99.00
Thu 28/05/2026 - 14:42:52,22.91,69.03,1018.71,4.14,99.00
Thu 28/05/2026 - 14:43:26,22.92,69.27,1018.68,4.14,99.00
Thu 28/05/2026 - 14:44:00,22.90,69.25,1018.70,4.14,99.00
Thu 28/05/2026 - 14:44:34,22.86,69.42,1018.66,4.14,99.00
Thu 28/05/2026 - 14:45:08,22.85,69.34,1018.62,4.14,99.00
Thu 28/05/2026 - 14:45:42,22.86,69.52,1018.52,4.14,99.00
Thu 28/05/2026 - 14:46:16,22.85,69.47,1018.57,4.14,99.00
Thu 28/05/2026 - 14:46:50,22.84,69.56,1018.60,4.14,99.00
Thu 28/05/2026 - 14:47:24,22.84,69.64,1018.65,4.14,99.00
Thu 28/05/2026 - 14:47:58,22.82,69.54,1018.61,4.14,99.00
Thu 28/05/2026 - 14:48:32,22.82,69.58,1018.61,4.14,99.00
Thu 28/05/2026 - 14:49:06,22.81,69.53,1018.57,4.14,99.00
Thu 28/05/2026 - 14:49:40,22.79,69.65,1018.54,4.14,99.00
Thu 28/05/2026 - 14:50:14,22.78,69.68,1018.61,4.14,99.00
Thu 28/05/2026 - 14:50:48,22.79,69.81,1018.59,4.14,99.00
Thu 28/05/2026 - 14:51:22,22.78,70.10,1018.60,4.14,99.00
Thu 28/05/2026 - 14:51:56,22.77,70.46,1018.64,4.14,99.00
Thu 28/05/2026 - 14:52:30,22.74,70.93,1018.60,4.14,99.00
Thu 28/05/2026 - 14:53:04,22.75,70.92,1018.67,4.14,99.00
Thu 28/05/2026 - 14:53:38,22.73,70.46,1018.53,4.14,99.00
Thu 28/05/2026 - 14:54:12,22.75,70.61,1018.64,4.14,99.00
Thu 28/05/2026 - 14:54:46,22.73,70.59,1018.59,4.14,99.00
Thu 28/05/2026 - 14:55:20,22.73,70.62,1018.75,4.14,99.00
Thu 28/05/2026 - 14:55:54,22.72,70.58,1018.68,4.14,99.00
Thu 28/05/2026 - 14:56:28,22.70,70.59,1018.64,4.14,99.00
Thu 28/05/2026 - 14:57:02,22.70,70.73,1018.70,4.14,99.00
Thu 28/05/2026 - 14:57:36,22.71,70.48,1018.69,4.14,99.00
Thu 28/05/2026 - 14:58:10,22.70,70.56,1018.56,4.14,99.00
Thu 28/05/2026 - 14:58:44,22.69,70.63,1018.68,4.14,99.00
Thu 28/05/2026 - 14:59:18,22.68,70.75,1018.60,4.14,99.00
Thu 28/05/2026 - 14:59:52,22.68,70.81,1018.66,4.14,99.00
Thu 28/05/2026 - 15:00:26,22.67,70.82,1018.70,4.14,99.00
Thu 28/05/2026 - 15:01:00,22.68,70.92,1018.61,4.14,99.00
Thu 28/05/2026 - 15:01:34,22.69,70.67,1018.67,4.14,99.00
Thu 28/05/2026 - 15:02:08,22.68,70.90,1018.60,4.14,99.00
Thu 28/05/2026 - 15:02:42,22.65,70.89,1018.64,4.14,99.00
Thu 28/05/2026 - 15:03:16,22.65,70.96,1018.67,4.14,99.00
Thu 28/05/2026 - 15:03:50,22.64,71.12,1018.70,4.14,99.00
Thu 28/05/2026 - 15:04:24,22.62,70.95,1018.66,4.14,99.00
Thu 28/05/2026 - 15:04:58,22.60,71.22,1018.64,4.14,99.00
Thu 28/05/2026 - 15:05:32,22.58,71.13,1018.63,4.14,99.00
Thu 28/05/2026 - 15:06:06,22.58,71.19,1018.66,4.14,99.00
Thu 28/05/2026 - 15:06:40,22.56,71.51,1018.62,4.14,99.00
Thu 28/05/2026 - 15:07:13,22.55,71.45,1018.66,4.14,99.00
Thu 28/05/2026 - 15:07:47,22.56,71.30,1018.65,4.14,99.00
Thu 28/05/2026 - 15:08:21,22.55,71.61,1018.60,4.14,99.00
Thu 28/05/2026 - 15:08:55,22.54,71.30,1018.64,4.14,99.00
Thu 28/05/2026 - 15:09:29,22.54,71.43,1018.59,4.14,99.00
Thu 28/05/2026 - 15:10:03,22.52,71.34,1018.66,4.14,99.00
Thu 28/05/2026 - 15:10:37,22.51,71.47,1018.64,4.14,99.00
Thu 28/05/2026 - 15:11:11,22.51,71.39,1018.64,4.14,99.00
Thu 28/05/2026 - 15:11:45,22.51,71.37,1018.64,4.14,99.00
Thu 28/05/2026 - 15:12:19,22.48,71.76,1018.65,4.14,99.00
Thu 28/05/2026 - 15:12:53,22.47,71.70,1018.60,4.14,99.00
Thu 28/05/2026 - 15:13:27,22.48,71.57,1018.59,4.14,99.00
Thu 28/05/2026 - 15:14:01,22.47,71.68,1018.63,4.14,99.00
Thu 28/05/2026 - 15:14:35,22.46,71.72,1018.56,4.14,99.00
Thu 28/05/2026 - 15:15:09,22.44,71.80,1018.52,4.14,99.00
Thu 28/05/2026 - 15:15:43,22.44,71.68,1018.58,4.14,99.00
Thu 28/05/2026 - 15:16:17,22.43,71.65,1018.53,4.14,99.00
Thu 28/05/2026 - 15:16:51,22.43,71.66,1018.56,4.14,99.00
Thu 28/05/2026 - 15:17:25,22.43,71.90,1018.53,4.14,99.00
Thu 28/05/2026 - 15:17:59,22.41,71.53,1018.55,4.14,99.00
Thu 28/05/2026 - 15:18:33,22.40,72.11,1018.56,4.14,99.00
Thu 28/05/2026 - 15:19:07,22.39,72.07,1018.59,4.14,99.00
Thu 28/05/2026 - 15:19:41,22.39,71.97,1018.60,4.14,99.00
Thu 28/05/2026 - 15:20:15,22.40,71.93,1018.56,4.14,99.00
Thu 28/05/2026 - 15:20:49,22.39,72.07,1018.62,4.14,99.00
Thu 28/05/2026 - 15:21:23,22.38,71.91,1018.60,4.14,99.00
Thu 28/05/2026 - 15:21:57,22.38,72.18,1018.69,4.14,99.00
Thu 28/05/2026 - 15:22:31,22.36,72.15,1018.66,4.14,99.00
Thu 28/05/2026 - 15:23:05,22.35,72.24,1018.64,4.14,99.00
Thu 28/05/2026 - 15:23:39,22.35,72.44,1018.70,4.14,99.00
Thu 28/05/2026 - 15:24:13,22.35,72.26,1018.64,4.14,99.00
Thu 28/05/2026 - 15:24:47,22.33,72.17,1018.74,4.14,99.00
Thu 28/05/2026 - 15:25:21,22.32,72.31,1018.68,4.14,99.00
Thu 28/05/2026 - 15:25:55,22.31,72.56,1018.71,4.14,99.00
Thu 28/05/2026 - 15:26:29,22.31,72.54,1018.63,4.14,99.00
Thu 28/05/2026 - 15:27:03,22.31,72.39,1018.63,4.14,99.00
Thu 28/05/2026 - 15:27:37,22.29,72.60,1018.62,4.14,99.00
Thu 28/05/2026 - 15:28:11,22.28,72.71,1018.58,4.14,99.00
Thu 28/05/2026 - 15:28:45,22.28,72.63,1018.63,4.14,99.00
Thu 28/05/2026 - 15:29:19,22.26,72.72,1018.54,4.14,99.00
Thu 28/05/2026 - 15:29:53,22.27,72.76,1018.56,4.14,99.00
Thu 28/05/2026 - 15:30:27,22.26,72.83,1018.54,4.14,99.00
Thu 28/05/2026 - 15:31:01,22.25,72.87,1018.52,4.14,99.00
Thu 28/05/2026 - 15:31:35,22.24,72.98,1018.52,4.14,99.00
Thu 28/05/2026 - 15:32:09,22.24,72.60,1018.56,4.14,99.00
Thu 28/05/2026 - 15:32:43,22.23,72.66,1018.53,4.14,99.00
Thu 28/05/2026 - 15:33:17,22.25,72.93,1018.52,4.14,99.00
Thu 28/05/2026 - 15:33:51,22.25,72.89,1018.50,4.14,99.00
Thu 28/05/2026 - 15:34:25,22.26,72.75,1018.54,4.14,99.00
Thu 28/05/2026 - 15:34:59,22.26,72.95,1018.54,4.14,99.00
Thu 28/05/2026 - 15:35:33,22.23,73.24,1018.54,4.14,99.00
Thu 28/05/2026 - 15:36:07,22.22,73.01,1018.50,4.14,99.00
Thu 28/05/2026 - 15:36:41,22.19,73.05,1018.53,4.14,99.00
Thu 28/05/2026 - 15:37:15,22.19,73.08,1018.64,4.14,99.00
Thu 28/05/2026 - 15:37:49,22.16,72.87,1018.54,4.14,99.00
Thu 28/05/2026 - 15:38:23,22.16,73.04,1018.57,4.14,99.00
Thu 28/05/2026 - 15:38:57,22.16,73.14,1018.59,4.14,99.00
Thu 28/05/2026 - 15:39:31,22.15,72.73,1018.57,4.14,99.00
Thu 28/05/2026 - 15:40:05,22.15,73.05,1018.66,4.14,99.00
Thu 28/05/2026 - 15:40:39,22.14,73.25,1018.58,4.14,99.00
Thu 28/05/2026 - 15:41:13,22.13,73.18,1018.65,4.14,99.00
Thu 28/05/2026 - 15:41:47,22.13,73.18,1018.54,4.14,99.00
Thu 28/05/2026 - 15:42:21,22.12,73.48,1018.63,4.14,99.00
Thu 28/05/2026 - 15:42:55,22.09,73.34,1018.66,4.14,99.00
Thu 28/05/2026 - 15:43:29,22.10,73.37,1018.65,4.14,99.00
Thu 28/05/2026 - 15:44:03,22.08,73.44,1018.65,4.14,99.00
Thu 28/05/2026 - 15:44:37,22.07,73.31,1018.66,4.14,99.00
Thu 28/05/2026 - 15:45:11,22.06,73.50,1018.63,4.14,99.00
Thu 28/05/2026 - 15:45:45,22.05,73.35,1018.63,4.14,99.00
Thu 28/05/2026 - 15:46:18,22.05,73.41,1018.59,4.14,99.00
Thu 28/05/2026 - 15:46:52,22.03,73.35,1018.65,4.14,99.00
Thu 28/05/2026 - 15:47:26,22.03,73.29,1018.64,4.14,99.00
Thu 28/05/2026 - 15:48:00,22.02,73.28,1018.65,4.14,99.00
Thu 28/05/2026 - 15:48:34,22.01,73.22,1018.66,4.14,99.00
Thu 28/05/2026 - 15:49:08,22.00,73.35,1018.68,4.14,99.00
Thu 28/05/2026 - 15:49:42,21.99,73.43,1018.69,4.14,99.00
Thu 28/05/2026 - 15:50:16,21.98,73.76,1018.66,4.14,99.00
Thu 28/05/2026 - 15:50:50,21.97,73.72,1018.68,4.14,99.00
Thu 28/05/2026 - 15:51:24,21.96,73.74,1018.70,4.14,99.00
Thu 28/05/2026 - 15:51:58,21.96,73.90,1018.80,4.14,99.00
Thu 28/05/2026 - 15:52:32,21.94,73.81,1018.69,4.14,99.00
Thu 28/05/2026 - 15:53:06,21.93,73.85,1018.67,4.14,99.00
Thu 28/05/2026 - 15:53:40,21.92,74.03,1018.72,4.14,99.00
Thu 28/05/2026 - 15:54:14,21.92,74.00,1018.73,4.14,99.00
Thu 28/05/2026 - 15:54:48,21.89,73.99,1018.72,4.14,99.00
Thu 28/05/2026 - 15:55:22,21.89,73.93,1018.64,4.14,99.00
Thu 28/05/2026 - 15:55:56,21.89,73.99,1018.67,4.14,99.00
Thu 28/05/2026 - 15:56:30,21.86,73.95,1018.63,4.14,99.00
Thu 28/05/2026 - 15:57:04,21.87,74.10,1018.71,4.14,98.00
Thu 28/05/2026 - 15:57:38,21.86,74.23,1018.76,4.14,99.00
Thu 28/05/2026 - 15:58:12,21.87,74.10,1018.76,4.14,98.00
Thu 28/05/2026 - 15:58:46,21.85,74.08,1018.73,4.14,99.00
Thu 28/05/2026 - 15:59:20,21.86,74.19,1018.72,4.14,99.00
Thu 28/05/2026 - 15:59:54,21.84,74.08,1018.74,4.14,99.00
Thu 28/05/2026 - 16:00:28,21.86,74.02,1018.73,4.14,99.00
Thu 28/05/2026 - 16:01:02,21.86,74.13,1018.80,4.14,99.00
Thu 28/05/2026 - 16:01:36,21.85,74.16,1018.75,4.14,99.00
Thu 28/05/2026 - 16:02:10,21.86,74.11,1018.73,4.14,99.00
Thu 28/05/2026 - 16:02:44,21.86,74.14,1018.74,4.14,99.00
Thu 28/05/2026 - 16:03:18,21.87,74.17,1018.73,4.14,99.00
Thu 28/05/2026 - 16:03:52,21.89,74.09,1018.72,4.14,99.00
Thu 28/05/2026 - 16:04:26,21.89,73.99,1018.72,4.14,98.00
Thu 28/05/2026 - 16:05:00,21.89,73.80,1018.72,4.14,98.00
Thu 28/05/2026 - 16:05:34,21.91,73.65,1018.70,4.14,99.00
Thu 28/05/2026 - 16:06:08,21.91,73.94,1018.77,4.14,98.00
Thu 28/05/2026 - 16:06:42,21.92,74.03,1018.77,4.14,99.00
Thu 28/05/2026 - 16:07:16,21.92,73.76,1018.72,4.14,98.00
Thu 28/05/2026 - 16:07:50,21.93,73.76,1018.74,4.14,98.00
Thu 28/05/2026 - 16:08:24,21.94,73.62,1018.83,4.14,98.00
Thu 28/05/2026 - 16:08:58,21.94,73.57,1018.83,4.14,98.00
Thu 28/05/2026 - 16:09:32,21.92,73.60,1018.77,4.14,98.00
Thu 28/05/2026 - 16:10:06,21.90,73.67,1018.79,4.14,99.00
Thu 28/05/2026 - 16:10:40,21.92,73.56,1018.83,4.14,98.00
Thu 28/05/2026 - 16:11:14,21.92,73.37,1018.80,4.14,98.00
Thu 28/05/2026 - 16:11:48,21.93,73.38,1018.83,4.14,98.00
Thu 28/05/2026 - 16:12:22,21.89,73.60,1018.78,4.14,98.00
Thu 28/05/2026 - 16:12:56,21.88,73.56,1018.77,4.14,98.00
Thu 28/05/2026 - 16:13:30,21.88,73.53,1018.77,4.14,98.00
Thu 28/05/2026 - 16:14:04,21.89,73.14,1018.80,4.14,98.00
Thu 28/05/2026 - 16:14:38,21.89,73.32,1018.75,4.14,98.00
Thu 28/05/2026 - 16:15:12,21.87,73.37,1018.79,4.14,98.00
Thu 28/05/2026 - 16:15:46,21.87,73.33,1018.73,4.14,98.00
Thu 28/05/2026 - 16:16:20,21.87,73.35,1018.76,4.14,98.00
Thu 28/05/2026 - 16:16:54,21.85,73.36,1018.75,4.14,98.00
Thu 28/05/2026 - 16:17:28,21.86,73.16,1018.80,4.13,98.00
Thu 28/05/2026 - 16:18:02,21.85,73.15,1018.77,4.14,98.00
Thu 28/05/2026 - 16:18:36,21.84,72.93,1018.75,4.14,98.00
Thu 28/05/2026 - 16:19:10,21.84,72.69,1018.82,4.14,98.00
Thu 28/05/2026 - 16:19:44,21.82,72.94,1018.77,4.14,98.00
Thu 28/05/2026 - 16:20:18,21.82,73.16,1018.73,4.14,98.00
Thu 28/05/2026 - 16:20:52,21.81,73.16,1018.82,4.13,98.00
Thu 28/05/2026 - 16:21:26,21.79,73.35,1018.75,4.14,98.00
Thu 28/05/2026 - 16:21:59,21.76,73.44,1018.81,4.13,98.00
Thu 28/05/2026 - 16:22:33,21.74,73.30,1018.83,4.14,98.00
Thu 28/05/2026 - 16:23:07,21.74,73.16,1018.75,4.14,98.00
Thu 28/05/2026 - 16:23:41,21.72,73.26,1018.83,4.13,98.00
Thu 28/05/2026 - 16:24:15,21.70,73.51,1018.81,4.13,98.00
Thu 28/05/2026 - 16:24:49,21.69,73.45,1018.82,4.13,98.00
Thu 28/05/2026 - 16:25:23,21.67,73.69,1018.85,4.13,98.00
Thu 28/05/2026 - 16:25:57,21.65,73.54,1018.93,4.13,98.00
Thu 28/05/2026 - 16:26:31,21.63,73.73,1018.86,4.13,98.00
Thu 28/05/2026 - 16:27:05,21.61,73.73,1018.91,4.13,98.00
Thu 28/05/2026 - 16:27:39,21.60,73.82,1018.94,4.13,98.00
Thu 28/05/2026 - 16:28:13,21.58,73.80,1018.91,4.13,98.00
Thu 28/05/2026 - 16:28:47,21.57,73.89,1018.83,4.13,98.00
Thu 28/05/2026 - 16:29:21,21.54,74.02,1018.90,4.13,98.00
Thu 28/05/2026 - 16:29:55,21.53,74.00,1018.88,4.13,98.00
Thu 28/05/2026 - 16:30:29,21.50,74.27,1018.89,4.13,98.00
Thu 28/05/2026 - 16:31:03,21.50,74.30,1018.89,4.13,98.00
Thu 28/05/2026 - 16:31:37,21.48,74.40,1018.88,4.13,98.00
Thu 28/05/2026 - 16:32:11,21.45,74.41,1018.85,4.13,98.00
Thu 28/05/2026 - 16:32:45,21.44,74.55,1018.77,4.13,98.00
Thu 28/05/2026 - 16:33:19,21.43,74.49,1018.87,4.13,98.00
Thu 28/05/2026 - 16:33:53,21.41,74.79,1018.87,4.13,98.00
Thu 28/05/2026 - 16:34:27,21.39,74.80,1018.81,4.13,98.00
Thu 28/05/2026 - 16:35:01,21.39,74.84,1018.86,4.13,98.00
Thu 28/05/2026 - 16:35:35,21.36,74.86,1018.82,4.13,98.00
Thu 28/05/2026 - 16:36:09,21.35,74.95,1018.95,4.13,98.00
Thu 28/05/2026 - 16:36:43,21.33,75.03,1018.87,4.13,98.00
Thu 28/05/2026 - 16:37:17,21.33,75.10,1018.87,4.13,98.00
Thu 28/05/2026 - 16:37:51,21.32,74.92,1018.86,4.13,98.00
Thu 28/05/2026 - 16:38:25,21.31,75.25,1018.91,4.13,98.00
Thu 28/05/2026 - 16:38:59,21.29,75.12,1018.89,4.13,98.00
Thu 28/05/2026 - 16:39:33,21.28,75.20,1019.00,4.13,98.00
Thu 28/05/2026 - 16:40:07,21.27,75.08,1018.93,4.13,98.00
Thu 28/05/2026 - 16:40:41,21.26,75.19,1018.97,4.13,98.00
Thu 28/05/2026 - 16:41:15,21.25,75.35,1018.95,4.13,98.00
Thu 28/05/2026 - 16:41:49,21.23,75.29,1018.92,4.13,98.00
Thu 28/05/2026 - 16:42:23,21.22,75.26,1018.96,4.13,98.00
Thu 28/05/2026 - 16:42:57,21.22,75.37,1018.95,4.13,98.00
Thu 28/05/2026 - 16:43:31,21.21,75.30,1018.90,4.13,98.00
Thu 28/05/2026 - 16:44:05,21.20,75.35,1018.98,4.13,98.00
Thu 28/05/2026 - 16:44:39,21.19,75.59,1019.01,4.13,98.00
Thu 28/05/2026 - 16:45:13,21.17,75.68,1018.98,4.13,98.00
Thu 28/05/2026 - 16:45:47,21.17,75.78,1019.00,4.13,98.00
Thu 28/05/2026 - 16:46:21,21.16,75.81,1019.06,4.13,98.00
Thu 28/05/2026 - 16:46:55,21.15,75.72,1019.10,4.13,98.00
Thu 28/05/2026 - 16:47:29,21.14,75.87,1019.09,4.13,98.00
Thu 28/05/2026 - 16:48:03,21.12,75.93,1019.02,4.13,98.00
Thu 28/05/2026 - 16:48:37,21.11,76.15,1018.98,4.13,98.00
Thu 28/05/2026 - 16:49:11,21.08,76.03,1018.95,4.13,98.00
Thu 28/05/2026 - 16:49:45,21.08,76.26,1019.04,4.13,98.00
Thu 28/05/2026 - 16:50:19,21.06,76.09,1018.94,4.13,98.00
Thu 28/05/2026 - 16:50:53,21.06,76.52,1019.00,4.13,98.00
Thu 28/05/2026 - 16:51:27,21.03,76.47,1019.01,4.13,98.00
Thu 28/05/2026 - 16:52:01,21.02,76.48,1019.05,4.13,98.00
Thu 28/05/2026 - 16:52:35,21.00,76.46,1019.01,4.13,98.00
Thu 28/05/2026 - 16:53:09,21.00,76.26,1019.00,4.13,98.00
Thu 28/05/2026 - 16:53:43,20.99,76.34,1019.01,4.13,98.00
Thu 28/05/2026 - 16:54:17,20.97,76.55,1018.97,4.13,98.00
Thu 28/05/2026 - 16:54:51,20.96,76.56,1018.95,4.13,98.00
Thu 28/05/2026 - 16:55:25,20.95,76.60,1018.99,4.13,98.00
Thu 28/05/2026 - 16:55:59,20.94,76.83,1018.96,4.13,98.00
Thu 28/05/2026 - 16:56:33,20.93,76.84,1019.06,4.13,98.00
Thu 28/05/2026 - 16:57:07,20.90,77.18,1018.84,4.13,98.00
Thu 28/05/2026 - 16:57:41,20.88,77.28,1018.95,4.13,98.00
Thu 28/05/2026 - 16:58:15,20.88,77.41,1019.01,4.13,98.00
Thu 28/05/2026 - 16:58:49,20.87,77.59,1019.02,4.13,98.00
Thu 28/05/2026 - 16:59:23,20.85,77.66,1018.98,4.13,98.00
Thu 28/05/2026 - 16:59:57,20.84,77.59,1019.01,4.13,98.00
Thu 28/05/2026 - 17:00:31,20.81,77.56,1019.10,4.13,98.00
Thu 28/05/2026 - 17:01:05,20.81,77.71,1019.10,4.13,98.00
Thu 28/05/2026 - 17:01:39,20.79,77.73,1019.10,4.13,98.00
Thu 28/05/2026 - 17:02:13,20.77,78.49,1019.09,4.13,98.00
Thu 28/05/2026 - 17:02:47,20.76,78.17,1019.10,4.13,98.00
Thu 28/05/2026 - 17:03:21,20.75,78.20,1019.08,4.13,98.00
Thu 28/05/2026 - 17:03:55,20.73,78.29,1019.10,4.13,98.00
Thu 28/05/2026 - 17:04:29,20.72,78.44,1019.08,4.13,98.00
Thu 28/05/2026 - 17:05:03,20.70,78.53,1019.05,4.13,98.00
Thu 28/05/2026 - 17:05:37,20.70,78.67,1019.10,4.13,98.00
Thu 28/05/2026 - 17:06:11,20.69,78.87,1019.08,4.12,98.00
Thu 28/05/2026 - 17:06:44,20.67,79.07,1019.05,4.13,98.00
Thu 28/05/2026 - 17:07:18,20.66,79.19,1019.01,4.13,98.00
Thu 28/05/2026 - 17:07:52,20.64,79.29,1019.11,4.12,98.00
Thu 28/05/2026 - 17:08:26,20.63,79.37,1019.11,4.13,98.00
Thu 28/05/2026 - 17:09:00,20.60,79.47,1019.09,4.13,98.00
Thu 28/05/2026 - 17:09:34,20.59,79.68,1019.08,4.13,98.00
Thu 28/05/2026 - 17:10:08,20.58,79.65,1019.06,4.13,98.00
Thu 28/05/2026 - 17:10:42,20.56,79.79,1019.13,4.12,98.00
Thu 28/05/2026 - 17:11:16,20.55,79.84,1019.17,4.12,98.00
Thu 28/05/2026 - 17:11:50,20.54,80.01,1019.06,4.13,98.00
Thu 28/05/2026 - 17:12:24,20.54,80.09,1019.09,4.12,98.00
Thu 28/05/2026 - 17:12:58,20.53,80.31,1019.13,4.12,98.00
Thu 28/05/2026 - 17:13:32,20.51,80.36,1019.13,4.12,98.00
Thu 28/05/2026 - 17:14:06,20.49,80.50,1019.10,4.13,98.00
Thu 28/05/2026 - 17:14:40,20.48,80.65,1019.19,4.12,98.00
Thu 28/05/2026 - 17:15:14,20.47,80.85,1019.20,4.12,98.00
Thu 28/05/2026 - 17:15:48,20.46,81.06,1019.18,4.12,98.00
Thu 28/05/2026 - 17:16:22,20.44,81.27,1019.17,4.12,98.00
Thu 28/05/2026 - 17:16:56,20.44,81.30,1019.20,4.12,98.00
Thu 28/05/2026 - 17:17:30,20.42,81.54,1019.25,4.12,98.00
Thu 28/05/2026 - 17:18:04,20.41,81.71,1019.23,4.12,98.00
Thu 28/05/2026 - 17:18:38,20.39,81.90,1019.23,4.12,98.00
Thu 28/05/2026 - 17:19:12,20.39,82.09,1019.33,4.12,98.00
Thu 28/05/2026 - 17:19:46,20.38,82.32,1019.37,4.12,98.00
Thu 28/05/2026 - 17:20:20,20.37,82.48,1019.30,4.12,98.00
Thu 28/05/2026 - 17:20:54,20.34,82.65,1019.20,4.12,98.00
Thu 28/05/2026 - 17:21:28,20.34,82.82,1019.30,4.12,98.00
Thu 28/05/2026 - 17:22:02,20.33,83.16,1019.25,4.12,98.00
Thu 28/05/2026 - 17:22:36,20.31,83.27,1019.31,4.12,98.00
Thu 28/05/2026 - 17:23:10,20.30,83.37,1019.23,4.12,98.00
Thu 28/05/2026 - 17:23:44,20.29,83.61,1019.27,4.12,98.00
Thu 28/05/2026 - 17:24:18,20.28,83.79,1019.29,4.12,98.00
Thu 28/05/2026 - 17:24:52,20.26,84.04,1019.28,4.12,98.00
Thu 28/05/2026 - 17:25:26,20.26,84.21,1019.30,4.12,98.00
Thu 28/05/2026 - 17:26:00,20.25,84.33,1019.26,4.12,98.00
Thu 28/05/2026 - 17:26:34,20.24,84.46,1019.35,4.12,98.00
Thu 28/05/2026 - 17:27:08,20.22,84.69,1019.34,4.12,98.00
Thu 28/05/2026 - 17:27:42,20.21,84.76,1019.29,4.12,98.00
Thu 28/05/2026 - 17:28:16,20.20,85.06,1019.27,4.12,98.00
Thu 28/05/2026 - 17:28:50,20.19,85.15,1019.28,4.12,98.00
Thu 28/05/2026 - 17:29:24,20.19,85.38,1019.34,4.12,98.00
Thu 28/05/2026 - 17:29:58,20.17,85.54,1019.25,4.12,98.00
Thu 28/05/2026 - 17:30:32,20.16,85.67,1019.32,4.12,98.00
Thu 28/05/2026 - 17:31:06,20.14,85.83,1019.36,4.12,98.00
Thu 28/05/2026 - 17:31:40,20.13,85.96,1019.37,4.12,98.00
Thu 28/05/2026 - 17:32:14,20.12,86.06,1019.36,4.12,98.00
Thu 28/05/2026 - 17:32:48,20.12,86.32,1019.45,4.12,98.00
Thu 28/05/2026 - 17:33:22,20.11,86.44,1019.50,4.12,98.00
Thu 28/05/2026 - 17:33:56,20.09,86.48,1019.41,4.12,98.00
Thu 28/05/2026 - 17:34:30,20.08,86.67,1019.46,4.12,98.00
Thu 28/05/2026 - 17:35:04,20.06,86.73,1019.43,4.12,98.00
Thu 28/05/2026 - 17:35:38,20.06,86.74,1019.45,4.12,98.00
Thu 28/05/2026 - 17:36:12,20.04,86.85,1019.45,4.12,98.00
Thu 28/05/2026 - 17:36:46,20.02,86.85,1019.47,4.12,98.00
Thu 28/05/2026 - 17:37:20,20.02,86.88,1019.46,4.12,98.00
Thu 28/05/2026 - 17:37:54,19.99,86.83,1019.47,4.12,98.00
Thu 28/05/2026 - 17:38:28,19.98,86.93,1019.48,4.12,98.00
Thu 28/05/2026 - 17:39:02,19.96,86.99,1019.53,4.12,98.00
Thu 28/05/2026 - 17:39:36,19.96,86.98,1019.53,4.12,98.00
Thu 28/05/2026 - 17:40:10,19.96,87.01,1019.64,4.12,98.00
Thu 28/05/2026 - 17:40:44,19.93,87.02,1019.56,4.12,98.00
Thu 28/05/2026 - 17:41:18,19.91,87.03,1019.55,4.12,98.00
Thu 28/05/2026 - 17:41:52,19.90,87.05,1019.58,4.12,98.00
Thu 28/05/2026 - 17:42:26,19.89,87.10,1019.57,4.12,98.00
Thu 28/05/2026 - 17:43:00,19.89,87.12,1019.62,4.12,98.00
Thu 28/05/2026 - 17:43:34,19.86,87.07,1019.57,4.12,98.00
Thu 28/05/2026 - 17:44:08,19.85,87.19,1019.55,4.12,98.00
Thu 28/05/2026 - 17:44:42,19.83,87.10,1019.63,4.12,98.00
Thu 28/05/2026 - 17:45:16,19.81,87.12,1019.60,4.12,98.00
Thu 28/05/2026 - 17:45:49,19.80,87.12,1019.66,4.12,98.00
Thu 28/05/2026 - 17:46:23,19.79,87.08,1019.62,4.12,98.00
Thu 28/05/2026 - 17:46:57,19.78,87.15,1019.65,4.12,98.00
Thu 28/05/2026 - 17:47:31,19.77,87.19,1019.68,4.12,98.00
Thu 28/05/2026 - 17:48:05,19.75,87.17,1019.71,4.12,98.00
Thu 28/05/2026 - 17:48:39,19.74,87.23,1019.58,4.12,98.00
Thu 28/05/2026 - 17:49:13,19.73,87.26,1019.70,4.12,98.00
Thu 28/05/2026 - 17:49:47,19.72,87.28,1019.71,4.12,98.00
Thu 28/05/2026 - 17:50:21,19.70,87.31,1019.71,4.12,98.00
Thu 28/05/2026 - 17:50:55,19.69,87.34,1019.69,4.12,98.00
Thu 28/05/2026 - 17:51:29,19.69,87.38,1019.72,4.12,98.00
Thu 28/05/2026 - 17:52:03,19.66,87.37,1019.68,4.12,98.00
Thu 28/05/2026 - 17:52:37,19.65,87.39,1019.76,4.12,98.00
Thu 28/05/2026 - 17:53:11,19.64,87.39,1019.74,4.12,98.00
Thu 28/05/2026 - 17:53:45,19.63,87.47,1019.74,4.12,98.00
Thu 28/05/2026 - 17:54:19,19.62,87.60,1019.70,4.12,98.00
Thu 28/05/2026 - 17:54:53,19.59,87.64,1019.77,4.12,98.00
Thu 28/05/2026 - 17:55:27,19.58,87.68,1019.69,4.12,98.00
Thu 28/05/2026 - 17:56:01,19.57,87.69,1019.78,4.12,98.00
Thu 28/05/2026 - 17:56:35,19.55,87.76,1019.70,4.12,98.00
Thu 28/05/2026 - 17:57:09,19.54,87.83,1019.67,4.12,98.00
Thu 28/05/2026 - 17:57:43,19.54,87.97,1019.73,4.12,98.00
Thu 28/05/2026 - 17:58:17,19.52,87.93,1019.67,4.12,98.00
Thu 28/05/2026 - 17:58:51,19.50,87.83,1019.71,4.12,98.00
Thu 28/05/2026 - 17:59:25,19.49,87.85,1019.70,4.12,98.00
Thu 28/05/2026 - 17:59:59,19.47,87.91,1019.64,4.12,98.00
Thu 28/05/2026 - 18:00:33,19.48,87.99,1019.68,4.12,98.00
Thu 28/05/2026 - 18:01:07,19.46,88.14,1019.64,4.12,98.00
Thu 28/05/2026 - 18:01:41,19.45,88.23,1019.66,4.11,98.00
Thu 28/05/2026 - 18:02:15,19.44,88.36,1019.73,4.12,98.00
Thu 28/05/2026 - 18:02:49,19.42,88.48,1019.58,4.11,98.00
Thu 28/05/2026 - 18:03:23,19.42,88.79,1019.69,4.12,98.00
Thu 28/05/2026 - 18:03:57,19.41,89.07,1019.69,4.11,98.00
Thu 28/05/2026 - 18:04:31,19.39,89.34,1019.64,4.11,98.00
Thu 28/05/2026 - 18:05:05,19.38,89.56,1019.79,4.11,98.00
Thu 28/05/2026 - 18:05:39,19.37,89.75,1019.68,4.12,98.00
Thu 28/05/2026 - 18:06:13,19.36,89.95,1019.64,4.12,98.00
Thu 28/05/2026 - 18:06:47,19.34,90.25,1019.74,4.11,98.00
Thu 28/05/2026 - 18:07:21,19.33,90.58,1019.70,4.12,98.00
Thu 28/05/2026 - 18:07:55,19.33,90.84,1019.72,4.11,98.00
Thu 28/05/2026 - 18:08:29,19.32,91.17,1019.78,4.11,98.00
Thu 28/05/2026 - 18:09:03,19.30,91.53,1019.69,4.12,98.00
Thu 28/05/2026 - 18:09:37,19.28,91.91,1019.72,4.12,98.00
Thu 28/05/2026 - 18:10:11,19.28,92.37,1019.77,4.11,98.00
Thu 28/05/2026 - 18:10:45,19.28,92.70,1019.74,4.11,98.00
Thu 28/05/2026 - 18:11:19,19.26,93.02,1019.79,4.11,98.00
Thu 28/05/2026 - 18:11:53,19.25,93.31,1019.77,4.11,98.00
Thu 28/05/2026 - 18:12:27,19.23,93.59,1019.77,4.11,98.00
Thu 28/05/2026 - 18:13:01,19.23,93.90,1019.69,4.11,98.00
Thu 28/05/2026 - 18:13:35,19.22,93.95,1019.75,4.11,98.00
Thu 28/05/2026 - 18:14:09,19.21,94.24,1019.85,4.11,98.00
Thu 28/05/2026 - 18:14:43,19.20,94.39,1019.80,4.11,98.00
Thu 28/05/2026 - 18:15:17,19.19,94.66,1019.83,4.11,98.00
Thu 28/05/2026 - 18:15:51,19.18,94.88,1019.82,4.12,98.00
Thu 28/05/2026 - 18:16:25,19.17,94.99,1019.84,4.11,98.00
Thu 28/05/2026 - 18:16:59,19.15,95.22,1019.78,4.11,98.00
Thu 28/05/2026 - 18:17:33,19.14,95.32,1019.79,4.11,98.00
Thu 28/05/2026 - 18:18:07,19.13,95.44,1019.84,4.11,98.00
Thu 28/05/2026 - 18:18:41,19.12,95.55,1019.78,4.11,98.00
Thu 28/05/2026 - 18:19:15,19.11,95.61,1019.87,4.11,98.00
Thu 28/05/2026 - 18:19:49,19.09,95.87,1019.84,4.11,98.00
Thu 28/05/2026 - 18:20:23,19.10,95.96,1019.88,4.11,98.00
Thu 28/05/2026 - 18:20:57,19.08,96.02,1019.87,4.11,98.00
Thu 28/05/2026 - 18:21:31,19.06,96.20,1019.89,4.11,98.00
Thu 28/05/2026 - 18:22:05,19.05,96.38,1019.88,4.11,98.00
Thu 28/05/2026 - 18:22:39,19.05,96.44,1019.92,4.11,98.00
Thu 28/05/2026 - 18:23:13,19.03,96.62,1019.90,4.11,98.00
Thu 28/05/2026 - 18:23:47,19.02,96.81,1019.88,4.11,98.00
Thu 28/05/2026 - 18:24:21,19.01,96.84,1019.92,4.11,98.00
Thu 28/05/2026 - 18:24:55,19.01,97.03,1019.94,4.11,98.00
Thu 28/05/2026 - 18:25:29,18.99,97.05,1019.88,4.11,98.00
Thu 28/05/2026 - 18:26:03,18.98,97.10,1019.86,4.11,98.00
Thu 28/05/2026 - 18:26:37,18.96,97.24,1019.91,4.11,98.00
Thu 28/05/2026 - 18:27:11,18.95,97.29,1019.92,4.11,98.00
Thu 28/05/2026 - 18:27:45,18.96,97.28,1019.93,4.11,98.00
Thu 28/05/2026 - 18:28:19,18.93,97.33,1019.88,4.11,98.00
Thu 28/05/2026 - 18:28:53,18.92,97.34,1019.87,4.11,98.00
Thu 28/05/2026 - 18:29:27,18.92,97.32,1019.92,4.11,98.00
Thu 28/05/2026 - 18:30:01,18.91,97.38,1019.90,4.11,98.00
Thu 28/05/2026 - 18:30:35,18.88,97.42,1019.85,4.11,98.00
Thu 28/05/2026 - 18:31:09,18.88,97.58,1019.91,4.11,98.00
Thu 28/05/2026 - 18:31:43,18.86,97.46,1019.87,4.11,98.00
Thu 28/05/2026 - 18:32:17,18.86,97.61,1019.87,4.11,98.00
Thu 28/05/2026 - 18:32:51,18.84,97.55,1019.89,4.11,98.00
Thu 28/05/2026 - 18:33:25,18.82,97.56,1019.81,4.11,98.00
Thu 28/05/2026 - 18:33:59,18.83,97.76,1019.87,4.11,98.00
Thu 28/05/2026 - 18:34:33,18.81,97.59,1019.83,4.11,98.00
Thu 28/05/2026 - 18:35:07,18.79,97.58,1019.86,4.11,98.00
Thu 28/05/2026 - 18:35:40,18.78,97.77,1019.84,4.11,98.00
Thu 28/05/2026 - 18:36:14,18.78,97.81,1019.84,4.11,98.00
Thu 28/05/2026 - 18:36:48,18.76,97.90,1019.86,4.11,98.00
Thu 28/05/2026 - 18:37:22,18.75,97.81,1019.93,4.11,98.00
Thu 28/05/2026 - 18:37:56,18.73,97.85,1019.87,4.11,98.00
Thu 28/05/2026 - 18:38:30,18.73,97.78,1019.91,4.11,98.00
Thu 28/05/2026 - 18:39:04,18.72,97.77,1019.85,4.11,98.00
Thu 28/05/2026 - 18:39:38,18.70,97.86,1019.95,4.11,98.00
Thu 28/05/2026 - 18:40:12,18.68,97.98,1019.86,4.11,98.00
Thu 28/05/2026 - 18:40:46,18.68,98.00,1019.86,4.11,98.00
Thu 28/05/2026 - 18:41:20,18.68,98.03,1019.89,4.11,98.00
Thu 28/05/2026 - 18:41:54,18.66,98.07,1019.96,4.11,98.00
Thu 28/05/2026 - 18:42:28,18.64,98.11,1019.93,4.11,98.00
Thu 28/05/2026 - 18:43:02,18.63,98.14,1019.86,4.11,98.00
Thu 28/05/2026 - 18:43:36,18.62,98.24,1019.92,4.11,98.00
Thu 28/05/2026 - 18:44:10,18.61,98.24,1019.93,4.11,98.00
Thu 28/05/2026 - 18:44:44,18.60,98.39,1019.91,4.11,98.00
Thu 28/05/2026 - 18:45:18,18.59,98.35,1019.95,4.11,98.00
Thu 28/05/2026 - 18:45:52,18.58,98.35,1019.93,4.11,98.00
Thu 28/05/2026 - 18:46:26,18.56,98.49,1019.95,4.11,98.00
Thu 28/05/2026 - 18:47:00,18.56,98.52,1019.95,4.11,98.00
Thu 28/05/2026 - 18:47:34,18.54,98.50,1019.98,4.11,98.00
Thu 28/05/2026 - 18:48:08,18.53,98.65,1019.95,4.11,98.00
Thu 28/05/2026 - 18:48:42,18.52,98.75,1020.02,4.11,98.00
Thu 28/05/2026 - 18:49:16,18.51,98.86,1020.03,4.11,98.00
Thu 28/05/2026 - 18:49:50,18.50,98.86,1020.01,4.11,98.00
Thu 28/05/2026 - 18:50:24,18.49,98.88,1019.91,4.11,98.00
Thu 28/05/2026 - 18:50:58,18.48,98.93,1020.03,4.11,98.00
Thu 28/05/2026 - 18:51:32,18.48,99.14,1019.95,4.11,98.00
Thu 28/05/2026 - 18:52:06,18.48,99.11,1019.98,4.11,98.00
Thu 28/05/2026 - 18:52:40,18.47,99.16,1019.96,4.11,98.00
Thu 28/05/2026 - 18:53:14,18.45,99.23,1019.99,4.11,98.00
Thu 28/05/2026 - 18:53:48,18.45,99.31,1020.03,4.11,98.00
Thu 28/05/2026 - 18:54:22,18.43,99.42,1020.00,4.11,98.00
Thu 28/05/2026 - 18:54:56,18.42,99.50,1020.06,4.11,98.00
Thu 28/05/2026 - 18:55:30,18.41,99.48,1020.03,4.11,98.00
Thu 28/05/2026 - 18:56:04,18.40,99.52,1020.06,4.11,98.00
Thu 28/05/2026 - 18:56:38,18.39,99.53,1020.04,4.11,98.00
Thu 28/05/2026 - 18:57:12,18.38,99.63,1020.02,4.11,98.00
Thu 28/05/2026 - 18:57:46,18.37,99.63,1020.06,4.11,98.00
Thu 28/05/2026 - 18:58:20,18.36,99.71,1020.08,4.11,98.00
Thu 28/05/2026 - 18:58:54,18.36,99.79,1020.15,4.11,98.00
Thu 28/05/2026 - 18:59:28,18.35,99.88,1020.08,4.11,98.00
Thu 28/05/2026 - 19:00:02,18.33,99.87,1020.10,4.11,98.00
Thu 28/05/2026 - 19:00:36,18.33,99.97,1020.04,4.11,98.00
Thu 28/05/2026 - 19:01:10,18.32,100.00,1020.09,4.11,98.00
Thu 28/05/2026 - 19:01:44,18.30,100.00,1020.10,4.11,98.00
Thu 28/05/2026 - 19:02:18,18.30,100.00,1020.04,4.11,98.00
Thu 28/05/2026 - 19:02:52,18.29,100.00,1020.03,4.11,98.00
Thu 28/05/2026 - 19:03:26,18.29,100.00,1020.08,4.11,98.00
Thu 28/05/2026 - 19:04:00,18.27,100.00,1020.05,4.11,98.00
Thu 28/05/2026 - 19:04:34,18.25,100.00,1020.06,4.11,98.00
Thu 28/05/2026 - 19:05:08,18.25,100.00,1020.08,4.11,98.00
Thu 28/05/2026 - 19:05:42,18.24,100.00,1020.07,4.11,98.00
Thu 28/05/2026 - 19:06:16,18.24,100.00,1020.12,4.11,98.00
Thu 28/05/2026 - 19:06:50,18.23,100.00,1020.15,4.11,98.00
Thu 28/05/2026 - 19:07:24,18.21,100.00,1020.12,4.11,98.00
Thu 28/05/2026 - 19:07:58,18.20,100.00,1020.08,4.11,98.00
Thu 28/05/2026 - 19:08:32,18.20,100.00,1020.10,4.11,98.00
Thu 28/05/2026 - 19:09:06,18.18,100.00,1020.07,4.11,98.00
Thu 28/05/2026 - 19:09:40,18.19,100.00,1020.14,4.11,98.00
Thu 28/05/2026 - 19:10:14,18.18,100.00,1020.10,4.11,98.00
Thu 28/05/2026 - 19:10:48,18.17,100.00,1020.10,4.11,98.00
Thu 28/05/2026 - 19:11:22,18.17,100.00,1020.05,4.11,98.00
Thu 28/05/2026 - 19:11:56,18.16,100.00,1020.09,4.11,98.00
Thu 28/05/2026 - 19:12:30,18.15,100.00,1020.05,4.11,98.00
Thu 28/05/2026 - 19:13:04,18.14,100.00,1020.11,4.10,98.00
Thu 28/05/2026 - 19:13:37,18.14,100.00,1020.06,4.11,98.00
Thu 28/05/2026 - 19:14:11,18.14,100.00,1020.05,4.11,98.00
Thu 28/05/2026 - 19:14:45,18.13,100.00,1020.09,4.11,98.00
Thu 28/05/2026 - 19:15:19,18.13,100.00,1020.06,4.10,98.00
Thu 28/05/2026 - 19:15:53,18.12,100.00,1020.12,4.11,98.00
Thu 28/05/2026 - 19:16:27,18.11,100.00,1020.10,4.11,98.00
Thu 28/05/2026 - 19:17:01,18.11,100.00,1020.10,4.11,98.00
Thu 28/05/2026 - 19:17:35,18.10,100.00,1020.06,4.10,98.00
Thu 28/05/2026 - 19:18:09,18.10,100.00,1020.14,4.10,98.00
Thu 28/05/2026 - 19:18:43,18.08,100.00,1020.09,4.11,98.00
Thu 28/05/2026 - 19:19:17,18.07,100.00,1020.04,4.11,98.00
Thu 28/05/2026 - 19:19:51,18.07,100.00,1020.15,4.10,98.00
Thu 28/05/2026 - 19:20:25,18.06,100.00,1020.05,4.10,98.00
Thu 28/05/2026 - 19:20:59,18.06,100.00,1020.15,4.10,98.00
Thu 28/05/2026 - 19:21:33,18.05,100.00,1020.14,4.10,98.00
Thu 28/05/2026 - 19:22:07,18.04,100.00,1020.13,4.10,98.00
Thu 28/05/2026 - 19:22:41,18.02,100.00,1020.04,4.10,98.00
Thu 28/05/2026 - 19:23:15,18.02,100.00,1020.06,4.11,98.00
Thu 28/05/2026 - 19:23:49,18.03,100.00,1020.19,4.10,98.00
Thu 28/05/2026 - 19:24:23,18.00,100.00,1020.14,4.10,98.00
Thu 28/05/2026 - 19:24:57,18.00,100.00,1020.08,4.10,98.00
Thu 28/05/2026 - 19:25:31,17.99,100.00,1020.12,4.10,98.00
Thu 28/05/2026 - 19:26:05,17.98,100.00,1020.10,4.10,98.00
Thu 28/05/2026 - 19:26:39,17.98,100.00,1020.16,4.11,98.00
Thu 28/05/2026 - 19:27:13,17.97,100.00,1020.09,4.10,98.00
Thu 28/05/2026 - 19:27:47,17.96,100.00,1020.12,4.10,98.00
Thu 28/05/2026 - 19:28:21,17.96,100.00,1020.12,4.10,98.00
Thu 28/05/2026 - 19:28:55,17.96,100.00,1020.14,4.10,98.00
Thu 28/05/2026 - 19:29:29,17.95,100.00,1020.21,4.10,98.00
Thu 28/05/2026 - 19:30:03,17.94,100.00,1020.14,4.10,98.00
Thu 28/05/2026 - 19:30:37,17.93,100.00,1020.23,4.10,98.00
Thu 28/05/2026 - 19:31:11,17.92,100.00,1020.16,4.10,98.00
Thu 28/05/2026 - 19:31:45,17.92,100.00,1020.07,4.10,98.00
Thu 28/05/2026 - 19:32:19,17.92,100.00,1020.15,4.10,98.00
Thu 28/05/2026 - 19:32:53,17.91,100.00,1020.17,4.10,98.00
Thu 28/05/2026 - 19:33:27,17.90,100.00,1020.12,4.10,98.00
Thu 28/05/2026 - 19:34:01,17.89,100.00,1020.18,4.10,98.00
Thu 28/05/2026 - 19:34:35,17.88,100.00,1020.09,4.10,98.00
Thu 28/05/2026 - 19:35:09,17.88,100.00,1020.12,4.10,98.00
Thu 28/05/2026 - 19:35:43,17.87,100.00,1020.10,4.10,98.00
Thu 28/05/2026 - 19:36:17,17.87,100.00,1020.12,4.10,98.00
Thu 28/05/2026 - 19:36:51,17.86,100.00,1020.17,4.10,98.00
Thu 28/05/2026 - 19:37:25,17.85,100.00,1020.12,4.10,98.00
Thu 28/05/2026 - 19:37:59,17.85,100.00,1020.12,4.10,98.00
Thu 28/05/2026 - 19:38:33,17.84,100.00,1020.11,4.10,98.00
Thu 28/05/2026 - 19:39:07,17.83,100.00,1020.11,4.10,98.00
Thu 28/05/2026 - 19:39:41,17.81,100.00,1020.11,4.10,98.00
Thu 28/05/2026 - 19:40:15,17.81,100.00,1020.14,4.10,98.00
Thu 28/05/2026 - 19:40:49,17.81,100.00,1020.16,4.10,98.00
Thu 28/05/2026 - 19:41:23,17.80,100.00,1020.12,4.10,98.00
Thu 28/05/2026 - 19:41:57,17.79,100.00,1020.13,4.10,98.00
Thu 28/05/2026 - 19:42:31,17.78,100.00,1020.09,4.10,98.00
Thu 28/05/2026 - 19:43:05,17.78,100.00,1020.19,4.10,98.00
Thu 28/05/2026 - 19:43:39,17.76,100.00,1020.27,4.10,98.00
Thu 28/05/2026 - 19:44:13,17.75,100.00,1020.14,4.10,98.00
Thu 28/05/2026 - 19:44:47,17.73,100.00,1020.21,4.10,98.00
Thu 28/05/2026 - 19:45:21,17.73,100.00,1020.22,4.10,98.00
Thu 28/05/2026 - 19:45:55,17.72,100.00,1020.26,4.10,98.00
Thu 28/05/2026 - 19:46:29,17.72,100.00,1020.21,4.10,98.00
Thu 28/05/2026 - 19:47:03,17.73,100.00,1020.27,4.10,98.00
Thu 28/05/2026 - 19:47:37,17.72,100.00,1020.28,4.10,98.00
Thu 28/05/2026 - 19:48:11,17.71,100.00,1020.24,4.10,98.00
Thu 28/05/2026 - 19:48:45,17.72,100.00,1020.29,4.10,98.00
Thu 28/05/2026 - 19:49:19,17.71,100.00,1020.26,4.10,98.00
Thu 28/05/2026 - 19:49:53,17.73,100.00,1020.27,4.10,98.00
Thu 28/05/2026 - 19:50:27,17.72,100.00,1020.20,4.10,98.00
Thu 28/05/2026 - 19:51:01,17.72,100.00,1020.25,4.10,98.00
Thu 28/05/2026 - 19:51:35,17.73,100.00,1020.25,4.10,98.00
Thu 28/05/2026 - 19:52:09,17.73,100.00,1020.29,4.10,98.00
Thu 28/05/2026 - 19:52:43,17.73,100.00,1020.32,4.10,98.00
Thu 28/05/2026 - 19:53:17,17.73,100.00,1020.34,4.10,98.00
Thu 28/05/2026 - 19:53:51,17.73,100.00,1020.32,4.10,98.00
Thu 28/05/2026 - 19:54:25,17.73,100.00,1020.29,4.10,98.00
Thu 28/05/2026 - 19:54:59,17.72,100.00,1020.26,4.10,98.00
Thu 28/05/2026 - 19:55:32,17.73,100.00,1020.25,4.10,98.00
Thu 28/05/2026 - 19:56:06,17.73,100.00,1020.22,4.10,98.00
Thu 28/05/2026 - 19:56:40,17.73,100.00,1020.28,4.10,98.00
Thu 28/05/2026 - 19:57:14,17.73,100.00,1020.29,4.10,98.00
Thu 28/05/2026 - 19:57:48,17.74,100.00,1020.29,4.10,98.00
Thu 28/05/2026 - 19:58:22,17.73,100.00,1020.30,4.10,98.00
Thu 28/05/2026 - 19:58:56,17.73,100.00,1020.32,4.10,98.00
Thu 28/05/2026 - 19:59:30,17.74,100.00,1020.34,4.10,98.00
Thu 28/05/2026 - 20:00:04,17.74,100.00,1020.37,4.10,98.00
Thu 28/05/2026 - 20:00:38,17.73,100.00,1020.35,4.10,98.00
Thu 28/05/2026 - 20:01:12,17.74,100.00,1020.37,4.10,98.00
Thu 28/05/2026 - 20:01:46,17.74,100.00,1020.34,4.10,98.00
Thu 28/05/2026 - 20:02:20,17.73,100.00,1020.43,4.10,98.00
Thu 28/05/2026 - 20:02:54,17.74,100.00,1020.39,4.10,98.00
Thu 28/05/2026 - 20:03:28,17.74,100.00,1020.42,4.10,98.00
Thu 28/05/2026 - 20:04:02,17.74,100.00,1020.39,4.10,98.00
Thu 28/05/2026 - 20:04:36,17.73,100.00,1020.33,4.10,98.00
Thu 28/05/2026 - 20:05:10,17.73,100.00,1020.35,4.10,98.00
Thu 28/05/2026 - 20:05:44,17.74,100.00,1020.31,4.10,98.00
Thu 28/05/2026 - 20:06:18,17.73,100.00,1020.40,4.10,98.00
Thu 28/05/2026 - 20:06:52,17.73,100.00,1020.38,4.10,98.00
Thu 28/05/2026 - 20:07:26,17.72,100.00,1020.29,4.10,98.00
Thu 28/05/2026 - 20:08:00,17.72,100.00,1020.42,4.10,98.00
Thu 28/05/2026 - 20:08:34,17.73,100.00,1020.32,4.10,98.00
Thu 28/05/2026 - 20:09:08,17.73,100.00,1020.29,4.10,98.00
Thu 28/05/2026 - 20:09:42,17.72,100.00,1020.37,4.10,98.00
Thu 28/05/2026 - 20:10:16,17.71,100.00,1020.30,4.10,98.00
Thu 28/05/2026 - 20:10:50,17.71,100.00,1020.29,4.10,98.00
Thu 28/05/2026 - 20:11:24,17.71,100.00,1020.30,4.10,98.00
Thu 28/05/2026 - 20:11:58,17.71,100.00,1020.29,4.10,98.00
Thu 28/05/2026 - 20:12:32,17.71,100.00,1020.29,4.10,98.00
Thu 28/05/2026 - 20:13:06,17.69,100.00,1020.23,4.10,98.00
Thu 28/05/2026 - 20:13:40,17.70,100.00,1020.25,4.10,98.00
Thu 28/05/2026 - 20:14:14,17.69,100.00,1020.25,4.10,98.00
Thu 28/05/2026 - 20:14:48,17.70,100.00,1020.27,4.10,98.00
Thu 28/05/2026 - 20:15:22,17.68,100.00,1020.22,4.10,98.00
Thu 28/05/2026 - 20:15:56,17.68,100.00,1020.21,4.10,98.00
Thu 28/05/2026 - 20:16:30,17.68,100.00,1020.24,4.10,98.00
Thu 28/05/2026 - 20:17:04,17.67,100.00,1020.23,4.10,98.00
Thu 28/05/2026 - 20:17:38,17.67,100.00,1020.25,4.10,98.00
Thu 28/05/2026 - 20:18:12,17.67,100.00,1020.27,4.10,98.00
Thu 28/05/2026 - 20:18:46,17.66,100.00,1020.26,4.10,98.00
Thu 28/05/2026 - 20:19:20,17.66,100.00,1020.26,4.10,98.00
Thu 28/05/2026 - 20:19:54,17.66,100.00,1020.29,4.10,98.00
Thu 28/05/2026 - 20:20:28,17.66,100.00,1020.31,4.10,98.00
Thu 28/05/2026 - 20:21:02,17.65,100.00,1020.26,4.10,98.00
Thu 28/05/2026 - 20:21:36,17.65,100.00,1020.25,4.10,98.00
Thu 28/05/2026 - 20:22:10,17.65,100.00,1020.29,4.10,98.00
Thu 28/05/2026 - 20:22:44,17.64,100.00,1020.28,4.10,98.00
Thu 28/05/2026 - 20:23:18,17.63,100.00,1020.27,4.10,98.00
Thu 28/05/2026 - 20:23:52,17.63,100.00,1020.26,4.10,98.00
Thu 28/05/2026 - 20:24:25,17.62,100.00,1020.14,4.10,98.00
Thu 28/05/2026 - 20:24:59,17.62,100.00,1020.24,4.10,98.00
Thu 28/05/2026 - 20:25:33,17.62,100.00,1020.21,4.10,98.00
Thu 28/05/2026 - 20:26:07,17.61,100.00,1020.25,4.10,98.00
Thu 28/05/2026 - 20:26:41,17.61,100.00,1020.33,4.10,98.00
Thu 28/05/2026 - 20:27:15,17.60,100.00,1020.27,4.10,98.00
Thu 28/05/2026 - 20:27:49,17.60,100.00,1020.26,4.10,98.00
Thu 28/05/2026 - 20:28:23,17.59,100.00,1020.24,4.10,98.00
Thu 28/05/2026 - 20:28:57,17.59,100.00,1020.31,4.10,98.00
Thu 28/05/2026 - 20:29:31,17.58,100.00,1020.34,4.10,98.00
Thu 28/05/2026 - 20:30:05,17.58,100.00,1020.28,4.10,98.00
Thu 28/05/2026 - 20:30:39,17.58,100.00,1020.23,4.10,98.00
Thu 28/05/2026 - 20:31:13,17.57,100.00,1020.26,4.10,98.00
Thu 28/05/2026 - 20:31:47,17.56,100.00,1020.31,4.10,98.00
Thu 28/05/2026 - 20:32:21,17.57,100.00,1020.24,4.10,98.00
Thu 28/05/2026 - 20:32:55,17.55,100.00,1020.18,4.10,98.00
Thu 28/05/2026 - 20:33:29,17.55,100.00,1020.28,4.10,98.00
Thu 28/05/2026 - 20:34:03,17.54,100.00,1020.21,4.09,97.00
Thu 28/05/2026 - 20:34:37,17.54,100.00,1020.26,4.10,98.00
Thu 28/05/2026 - 20:35:11,17.53,100.00,1020.26,4.10,98.00
Thu 28/05/2026 - 20:35:45,17.52,100.00,1020.21,4.09,97.00
Thu 28/05/2026 - 20:36:19,17.53,100.00,1020.30,4.10,98.00
Thu 28/05/2026 - 20:36:53,17.52,100.00,1020.26,4.10,98.00
Thu 28/05/2026 - 20:37:27,17.53,100.00,1020.19,4.10,98.00
Thu 28/05/2026 - 20:38:01,17.52,100.00,1020.28,4.09,97.00
Thu 28/05/2026 - 20:38:35,17.51,100.00,1020.32,4.09,97.00
Thu 28/05/2026 - 20:39:09,17.50,100.00,1020.28,4.09,97.00
Thu 28/05/2026 - 20:39:43,17.50,100.00,1020.25,4.10,98.00
Thu 28/05/2026 - 20:40:17,17.49,100.00,1020.21,4.09,97.00
Thu 28/05/2026 - 20:40:51,17.49,100.00,1020.27,4.09,97.00
Thu 28/05/2026 - 20:41:25,17.48,100.00,1020.25,4.09,97.00
Thu 28/05/2026 - 20:41:59,17.48,100.00,1020.28,4.09,97.00
Thu 28/05/2026 - 20:42:33,17.47,100.00,1020.33,4.09,97.00
Thu 28/05/2026 - 20:43:07,17.48,100.00,1020.32,4.10,98.00
Thu 28/05/2026 - 20:43:41,17.47,100.00,1020.33,4.09,97.00
Thu 28/05/2026 - 20:44:15,17.46,100.00,1020.34,4.10,98.00
Thu 28/05/2026 - 20:44:49,17.46,100.00,1020.32,4.10,98.00
Thu 28/05/2026 - 20:45:23,17.46,100.00,1020.37,4.09,97.00
Thu 28/05/2026 - 20:45:57,17.45,100.00,1020.33,4.09,97.00
Thu 28/05/2026 - 20:46:31,17.44,100.00,1020.37,4.09,97.00
Thu 28/05/2026 - 20:47:05,17.44,100.00,1020.42,4.09,97.00
Thu 28/05/2026 - 20:47:39,17.44,100.00,1020.42,4.09,97.00
Thu 28/05/2026 - 20:48:13,17.43,100.00,1020.43,4.09,97.00
Thu 28/05/2026 - 20:48:47,17.43,100.00,1020.40,4.09,97.00
Thu 28/05/2026 - 20:49:21,17.42,100.00,1020.49,4.09,97.00
Thu 28/05/2026 - 20:49:55,17.42,100.00,1020.38,4.09,97.00
Thu 28/05/2026 - 20:50:29,17.41,100.00,1020.36,4.09,97.00
Thu 28/05/2026 - 20:51:03,17.41,100.00,1020.47,4.09,97.00
Thu 28/05/2026 - 20:51:37,17.40,100.00,1020.37,4.09,97.00
Thu 28/05/2026 - 20:52:11,17.41,100.00,1020.42,4.09,97.00
Thu 28/05/2026 - 20:52:45,17.39,100.00,1020.45,4.09,97.00
Thu 28/05/2026 - 20:53:19,17.39,100.00,1020.39,4.09,97.00
Thu 28/05/2026 - 20:53:53,17.39,100.00,1020.44,4.09,97.00
Thu 28/05/2026 - 20:54:27,17.39,100.00,1020.38,4.09,97.00
Thu 28/05/2026 - 20:55:01,17.39,100.00,1020.44,4.09,97.00
Thu 28/05/2026 - 20:55:35,17.38,100.00,1020.47,4.09,97.00
Thu 28/05/2026 - 20:56:09,17.37,100.00,1020.41,4.09,97.00
Thu 28/05/2026 - 20:56:43,17.37,100.00,1020.40,4.09,97.00
Thu 28/05/2026 - 20:57:17,17.36,100.00,1020.39,4.09,97.00
Thu 28/05/2026 - 20:57:51,17.37,100.00,1020.44,4.09,97.00
Thu 28/05/2026 - 20:58:25,17.37,100.00,1020.44,4.09,97.00
Thu 28/05/2026 - 20:58:59,17.37,100.00,1020.48,4.09,97.00
Thu 28/05/2026 - 20:59:33,17.37,100.00,1020.46,4.09,97.00
Thu 28/05/2026 - 21:00:07,17.37,100.00,1020.46,4.09,97.00
Thu 28/05/2026 - 21:00:41,17.36,100.00,1020.48,4.09,97.00
Thu 28/05/2026 - 21:01:15,17.34,100.00,1020.42,4.09,97.00
Thu 28/05/2026 - 21:01:49,17.34,100.00,1020.48,4.09,97.00
Thu 28/05/2026 - 21:02:23,17.33,100.00,1020.40,4.09,97.00
Thu 28/05/2026 - 21:02:57,17.34,100.00,1020.48,4.09,97.00
Thu 28/05/2026 - 21:03:31,17.33,100.00,1020.38,4.09,97.00
Thu 28/05/2026 - 21:04:05,17.33,100.00,1020.46,4.09,97.00
Thu 28/05/2026 - 21:04:39,17.34,100.00,1020.41,4.09,97.00
Thu 28/05/2026 - 21:05:13,17.33,100.00,1020.49,4.09,97.00
Thu 28/05/2026 - 21:05:47,17.34,100.00,1020.48,4.09,97.00
Thu 28/05/2026 - 21:06:21,17.34,100.00,1020.42,4.09,97.00
Thu 28/05/2026 - 21:06:55,17.34,100.00,1020.48,4.09,97.00
Thu 28/05/2026 - 21:07:29,17.33,100.00,1020.46,4.09,97.00
Thu 28/05/2026 - 21:08:03,17.33,100.00,1020.45,4.09,97.00
Thu 28/05/2026 - 21:08:37,17.33,100.00,1020.40,4.09,97.00
Thu 28/05/2026 - 21:09:11,17.31,100.00,1020.37,4.09,97.00
Thu 28/05/2026 - 21:09:45,17.30,100.00,1020.40,4.09,97.00
Thu 28/05/2026 - 21:10:19,17.29,100.00,1020.47,4.09,97.00
Thu 28/05/2026 - 21:10:53,17.28,100.00,1020.37,4.09,97.00
Thu 28/05/2026 - 21:11:27,17.28,100.00,1020.47,4.09,97.00
Thu 28/05/2026 - 21:12:01,17.27,100.00,1020.35,4.09,97.00
Thu 28/05/2026 - 21:12:35,17.26,100.00,1020.36,4.09,97.00
Thu 28/05/2026 - 21:13:09,17.25,100.00,1020.37,4.09,97.00
Thu 28/05/2026 - 21:13:43,17.24,100.00,1020.32,4.09,97.00
Thu 28/05/2026 - 21:14:17,17.24,100.00,1020.36,4.09,97.00
Thu 28/05/2026 - 21:14:51,17.23,100.00,1020.39,4.09,97.00
Thu 28/05/2026 - 21:15:25,17.22,100.00,1020.40,4.09,97.00
Thu 28/05/2026 - 21:15:59,17.20,100.00,1020.34,4.09,97.00
Thu 28/05/2026 - 21:16:33,17.20,100.00,1020.44,4.09,97.00
Thu 28/05/2026 - 21:17:07,17.19,100.00,1020.43,4.09,97.00
Thu 28/05/2026 - 21:17:41,17.19,100.00,1020.38,4.09,97.00
Thu 28/05/2026 - 21:18:15,17.17,100.00,1020.40,4.09,97.00
Thu 28/05/2026 - 21:18:49,17.17,100.00,1020.45,4.09,97.00
Thu 28/05/2026 - 21:19:23,17.16,100.00,1020.38,4.09,97.00
Thu 28/05/2026 - 21:19:57,17.15,100.00,1020.28,4.09,97.00
Thu 28/05/2026 - 21:20:31,17.15,100.00,1020.36,4.09,97.00
Thu 28/05/2026 - 21:21:05,17.15,100.00,1020.41,4.09,97.00
Thu 28/05/2026 - 21:21:39,17.13,100.00,1020.38,4.09,97.00
Thu 28/05/2026 - 21:22:13,17.13,100.00,1020.36,4.09,97.00
Thu 28/05/2026 - 21:22:47,17.12,100.00,1020.37,4.09,97.00
Thu 28/05/2026 - 21:23:21,17.11,100.00,1020.38,4.09,97.00
Thu 28/05/2026 - 21:23:55,17.12,100.00,1020.37,4.09,97.00
Thu 28/05/2026 - 21:24:29,17.12,100.00,1020.39,4.09,97.00
Thu 28/05/2026 - 21:25:03,17.11,100.00,1020.38,4.09,97.00
Thu 28/05/2026 - 21:25:37,17.11,100.00,1020.42,4.09,97.00
Thu 28/05/2026 - 21:26:11,17.10,100.00,1020.33,4.09,97.00
Thu 28/05/2026 - 21:26:45,17.10,100.00,1020.39,4.09,97.00
Thu 28/05/2026 - 21:27:19,17.09,100.00,1020.34,4.09,97.00
Thu 28/05/2026 - 21:27:53,17.09,100.00,1020.31,4.09,97.00
Thu 28/05/2026 - 21:28:27,17.08,100.00,1020.35,4.09,97.00
Thu 28/05/2026 - 21:29:01,17.09,100.00,1020.39,4.09,97.00
Thu 28/05/2026 - 21:29:35,17.08,100.00,1020.32,4.09,97.00
Thu 28/05/2026 - 21:30:09,17.08,100.00,1020.32,4.09,97.00
Thu 28/05/2026 - 21:30:43,17.08,100.00,1020.38,4.09,97.00
Thu 28/05/2026 - 21:31:17,17.08,100.00,1020.35,4.09,97.00
Thu 28/05/2026 - 21:31:51,17.07,100.00,1020.30,4.09,97.00
Thu 28/05/2026 - 21:32:25,17.07,100.00,1020.39,4.09,97.00
Thu 28/05/2026 - 21:32:59,17.06,100.00,1020.34,4.09,97.00
Thu 28/05/2026 - 21:33:33,17.07,100.00,1020.33,4.09,97.00
Thu 28/05/2026 - 21:34:07,17.06,100.00,1020.37,4.09,97.00
Thu 28/05/2026 - 21:34:40,17.07,100.00,1020.38,4.09,97.00
Thu 28/05/2026 - 21:35:14,17.06,100.00,1020.37,4.09,97.00
Thu 28/05/2026 - 21:35:48,17.06,100.00,1020.40,4.09,97.00
Thu 28/05/2026 - 21:36:22,17.05,100.00,1020.41,4.09,97.00
Thu 28/05/2026 - 21:36:56,17.06,100.00,1020.36,4.09,97.00
Thu 28/05/2026 - 21:37:30,17.05,100.00,1020.40,4.09,97.00
Thu 28/05/2026 - 21:38:04,17.05,100.00,1020.41,4.09,97.00
Thu 28/05/2026 - 21:38:38,17.05,100.00,1020.33,4.09,97.00
Thu 28/05/2026 - 21:39:12,17.05,100.00,1020.34,4.09,97.00
Thu 28/05/2026 - 21:39:46,17.03,100.00,1020.32,4.09,97.00
Thu 28/05/2026 - 21:40:20,17.03,100.00,1020.27,4.09,97.00
Thu 28/05/2026 - 21:40:54,17.04,100.00,1020.33,4.09,97.00
Thu 28/05/2026 - 21:41:28,17.03,100.00,1020.31,4.09,97.00
Thu 28/05/2026 - 21:42:02,17.03,100.00,1020.32,4.09,97.00
Thu 28/05/2026 - 21:42:36,17.03,100.00,1020.37,4.09,97.00
Thu 28/05/2026 - 21:43:10,17.03,100.00,1020.31,4.09,97.00
Thu 28/05/2026 - 21:43:44,17.02,100.00,1020.30,4.09,97.00
Thu 28/05/2026 - 21:44:18,17.02,100.00,1020.36,4.09,97.00
Thu 28/05/2026 - 21:44:52,17.02,100.00,1020.36,4.09,97.00
Thu 28/05/2026 - 21:45:26,17.02,100.00,1020.36,4.09,97.00
Thu 28/05/2026 - 21:46:00,17.01,100.00,1020.34,4.09,97.00
Thu 28/05/2026 - 21:46:34,17.01,100.00,1020.33,4.09,97.00
Thu 28/05/2026 - 21:47:08,17.02,100.00,1020.37,4.09,97.00
Thu 28/05/2026 - 21:47:42,17.01,100.00,1020.37,4.09,97.00
Thu 28/05/2026 - 21:48:16,17.00,100.00,1020.38,4.09,97.00
Thu 28/05/2026 - 21:48:50,17.01,100.00,1020.33,4.09,97.00
Thu 28/05/2026 - 21:49:24,17.00,100.00,1020.34,4.09,97.00
Thu 28/05/2026 - 21:49:58,17.00,100.00,1020.32,4.09,97.00
Thu 28/05/2026 - 21:50:32,16.99,100.00,1020.33,4.09,97.00
Thu 28/05/2026 - 21:51:06,16.99,100.00,1020.33,4.09,97.00
Thu 28/05/2026 - 21:51:40,16.99,100.00,1020.27,4.09,97.00
Thu 28/05/2026 - 21:52:14,16.99,100.00,1020.27,4.09,97.00
Thu 28/05/2026 - 21:52:48,16.99,100.00,1020.30,4.09,97.00
Thu 28/05/2026 - 21:53:22,16.98,100.00,1020.34,4.09,97.00
Thu 28/05/2026 - 21:53:56,16.98,100.00,1020.23,4.09,97.00
Thu 28/05/2026 - 21:54:30,16.97,100.00,1020.24,4.09,97.00
Thu 28/05/2026 - 21:55:04,16.97,100.00,1020.30,4.09,97.00
Thu 28/05/2026 - 21:55:38,16.97,100.00,1020.27,4.09,97.00
Thu 28/05/2026 - 21:56:12,16.97,100.00,1020.26,4.09,97.00
Thu 28/05/2026 - 21:56:46,16.96,100.00,1020.28,4.09,97.00
Thu 28/05/2026 - 21:57:20,16.97,100.00,1020.32,4.09,97.00
Thu 28/05/2026 - 21:57:54,16.97,100.00,1020.29,4.09,97.00
Thu 28/05/2026 - 21:58:28,16.97,100.00,1020.34,4.09,97.00
Thu 28/05/2026 - 21:59:02,16.96,100.00,1020.31,4.09,97.00
Thu 28/05/2026 - 21:59:36,16.96,100.00,1020.31,4.09,97.00
Thu 28/05/2026 - 22:00:10,16.95,100.00,1020.34,4.08,97.00
Thu 28/05/2026 - 22:00:44,16.95,100.00,1020.37,4.09,97.00
Thu 28/05/2026 - 22:01:18,16.96,100.00,1020.30,4.09,97.00
Thu 28/05/2026 - 22:01:52,16.96,100.00,1020.31,4.09,97.00
Thu 28/05/2026 - 22:02:26,16.95,100.00,1020.29,4.09,97.00
Thu 28/05/2026 - 22:03:00,16.95,100.00,1020.29,4.09,97.00
Thu 28/05/2026 - 22:03:34,16.95,100.00,1020.33,4.09,97.00
Thu 28/05/2026 - 22:04:08,16.95,100.00,1020.32,4.09,97.00
Thu 28/05/2026 - 22:04:42,16.94,100.00,1020.33,4.09,97.00
Thu 28/05/2026 - 22:05:16,16.95,100.00,1020.28,4.09,97.00
Thu 28/05/2026 - 22:05:50,16.95,100.00,1020.36,4.09,97.00
Thu 28/05/2026 - 22:06:24,16.95,100.00,1020.33,4.09,97.00
Thu 28/05/2026 - 22:06:58,16.95,100.00,1020.26,4.09,97.00
Thu 28/05/2026 - 22:07:32,16.95,100.00,1020.24,4.08,97.00
Thu 28/05/2026 - 22:08:06,16.94,100.00,1020.26,4.08,97.00
Thu 28/05/2026 - 22:08:40,16.94,100.00,1020.19,4.09,97.00
Thu 28/05/2026 - 22:09:14,16.94,100.00,1020.30,4.09,97.00
Thu 28/05/2026 - 22:09:48,16.95,100.00,1020.33,4.08,97.00
Thu 28/05/2026 - 22:10:22,16.93,100.00,1020.28,4.09,97.00
Thu 28/05/2026 - 22:10:56,16.94,100.00,1020.29,4.08,97.00
Thu 28/05/2026 - 22:11:30,16.93,100.00,1020.25,4.08,97.00
Thu 28/05/2026 - 22:12:04,16.94,100.00,1020.35,4.08,97.00
Thu 28/05/2026 - 22:12:38,16.94,100.00,1020.32,4.08,97.00
Thu 28/05/2026 - 22:13:12,16.94,100.00,1020.33,4.08,97.00
Thu 28/05/2026 - 22:13:46,16.93,100.00,1020.34,4.08,97.00
Thu 28/05/2026 - 22:14:20,16.94,100.00,1020.33,4.08,97.00
Thu 28/05/2026 - 22:14:54,16.93,100.00,1020.31,4.08,97.00
Thu 28/05/2026 - 22:15:28,16.94,100.00,1020.33,4.09,97.00
Thu 28/05/2026 - 22:16:02,16.93,100.00,1020.30,4.09,97.00
Thu 28/05/2026 - 22:16:36,16.94,100.00,1020.33,4.09,97.00
Thu 28/05/2026 - 22:17:10,16.94,100.00,1020.32,4.09,97.00
Thu 28/05/2026 - 22:17:44,16.93,100.00,1020.34,4.09,97.00
Thu 28/05/2026 - 22:18:18,16.93,100.00,1020.31,4.08,97.00
Thu 28/05/2026 - 22:18:52,16.93,100.00,1020.31,4.08,97.00
Thu 28/05/2026 - 22:19:25,16.94,100.00,1020.30,4.08,97.00
Thu 28/05/2026 - 22:19:59,16.93,100.00,1020.30,4.08,97.00
Thu 28/05/2026 - 22:20:33,16.94,100.00,1020.37,4.09,97.00
Thu 28/05/2026 - 22:21:07,16.93,100.00,1020.36,4.08,97.00
Thu 28/05/2026 - 22:21:41,16.93,100.00,1020.31,4.08,97.00
Thu 28/05/2026 - 22:22:15,16.92,100.00,1020.29,4.08,97.00
Thu 28/05/2026 - 22:22:49,16.93,100.00,1020.31,4.08,97.00
Thu 28/05/2026 - 22:23:23,16.93,100.00,1020.34,4.08,97.00
Thu 28/05/2026 - 22:23:57,16.93,100.00,1020.36,4.08,97.00
Thu 28/05/2026 - 22:24:31,16.93,100.00,1020.33,4.08,97.00
Thu 28/05/2026 - 22:25:05,16.93,100.00,1020.28,4.08,97.00
Thu 28/05/2026 - 22:25:39,16.93,100.00,1020.34,4.08,97.00
Thu 28/05/2026 - 22:26:13,16.92,100.00,1020.34,4.08,97.00
Thu 28/05/2026 - 22:26:47,16.94,100.00,1020.32,4.08,97.00
Thu 28/05/2026 - 22:27:21,16.93,100.00,1020.31,4.08,97.00
Thu 28/05/2026 - 22:27:55,16.93,100.00,1020.34,4.09,97.00
Thu 28/05/2026 - 22:28:29,16.93,100.00,1020.34,4.08,97.00
Thu 28/05/2026 - 22:29:03,16.92,100.00,1020.29,4.08,97.00
Thu 28/05/2026 - 22:29:37,16.92,100.00,1020.37,4.08,97.00
Thu 28/05/2026 - 22:30:11,16.92,100.00,1020.34,4.08,97.00
Thu 28/05/2026 - 22:30:45,16.92,100.00,1020.34,4.08,97.00
Thu 28/05/2026 - 22:31:19,16.93,100.00,1020.36,4.08,97.00
Thu 28/05/2026 - 22:31:53,16.92,100.00,1020.34,4.08,97.00
Thu 28/05/2026 - 22:32:27,16.92,100.00,1020.34,4.08,97.00
Thu 28/05/2026 - 22:33:01,16.92,100.00,1020.34,4.08,97.00
Thu 28/05/2026 - 22:33:35,16.92,100.00,1020.29,4.08,97.00
Thu 28/05/2026 - 22:34:09,16.92,100.00,1020.34,4.08,97.00
Thu 28/05/2026 - 22:34:43,16.93,100.00,1020.35,4.08,97.00
Thu 28/05/2026 - 22:35:17,16.91,100.00,1020.33,4.08,97.00
Thu 28/05/2026 - 22:35:51,16.92,100.00,1020.34,4.08,97.00
Thu 28/05/2026 - 22:36:25,16.91,100.00,1020.27,4.08,97.00
Thu 28/05/2026 - 22:36:59,16.91,100.00,1020.33,4.08,97.00
Thu 28/05/2026 - 22:37:33,16.91,100.00,1020.27,4.08,97.00
Thu 28/05/2026 - 22:38:07,16.91,100.00,1020.30,4.08,97.00
Thu 28/05/2026 - 22:38:41,16.91,100.00,1020.35,4.08,97.00
Thu 28/05/2026 - 22:39:15,16.92,100.00,1020.28,4.08,97.00
Thu 28/05/2026 - 22:39:49,16.91,100.00,1020.27,4.08,97.00
Thu 28/05/2026 - 22:40:23,16.91,100.00,1020.22,4.08,97.00
Thu 28/05/2026 - 22:40:57,16.91,100.00,1020.25,4.08,97.00
Thu 28/05/2026 - 22:41:31,16.90,100.00,1020.20,4.08,97.00
Thu 28/05/2026 - 22:42:05,16.89,100.00,1020.19,4.08,97.00
Thu 28/05/2026 - 22:42:39,16.89,100.00,1020.24,4.08,97.00
Thu 28/05/2026 - 22:43:13,16.88,100.00,1020.30,4.08,97.00
Thu 28/05/2026 - 22:43:47,16.89,100.00,1020.29,4.08,97.00
Thu 28/05/2026 - 22:44:21,16.89,100.00,1020.29,4.08,97.00
Thu 28/05/2026 - 22:44:55,16.88,100.00,1020.19,4.08,97.00
Thu 28/05/2026 - 22:45:29,16.88,100.00,1020.36,4.08,97.00
Thu 28/05/2026 - 22:46:03,16.87,100.00,1020.21,4.08,97.00
Thu 28/05/2026 - 22:46:37,16.87,100.00,1020.27,4.08,97.00
Thu 28/05/2026 - 22:47:11,16.87,100.00,1020.23,4.08,97.00
Thu 28/05/2026 - 22:47:45,16.87,100.00,1020.23,4.08,97.00
Thu 28/05/2026 - 22:48:19,16.85,100.00,1020.23,4.08,97.00
Thu 28/05/2026 - 22:48:53,16.86,100.00,1020.24,4.08,97.00
Thu 28/05/2026 - 22:49:27,16.85,100.00,1020.26,4.08,97.00
Thu 28/05/2026 - 22:50:01,16.85,100.00,1020.20,4.08,97.00
Thu 28/05/2026 - 22:50:35,16.86,100.00,1020.32,4.08,97.00
Thu 28/05/2026 - 22:51:09,16.86,100.00,1020.21,4.08,97.00
Thu 28/05/2026 - 22:51:43,16.85,100.00,1020.26,4.08,97.00
Thu 28/05/2026 - 22:52:17,16.85,100.00,1020.28,4.08,97.00
Thu 28/05/2026 - 22:52:51,16.85,100.00,1020.28,4.08,97.00
Thu 28/05/2026 - 22:53:25,16.84,100.00,1020.32,4.08,97.00
Thu 28/05/2026 - 22:53:58,16.85,100.00,1020.28,4.08,97.00
Thu 28/05/2026 - 22:54:32,16.84,100.00,1020.29,4.08,97.00
Thu 28/05/2026 - 22:55:06,16.84,100.00,1020.23,4.08,97.00
Thu 28/05/2026 - 22:55:40,16.84,100.00,1020.23,4.08,97.00
Thu 28/05/2026 - 22:56:14,16.83,100.00,1020.25,4.08,97.00
Thu 28/05/2026 - 22:56:48,16.84,100.00,1020.31,4.08,97.00
Thu 28/05/2026 - 22:57:22,16.83,100.00,1020.20,4.08,97.00
Thu 28/05/2026 - 22:57:56,16.83,100.00,1020.30,4.08,97.00
Thu 28/05/2026 - 22:58:30,16.83,100.00,1020.19,4.08,97.00
Thu 28/05/2026 - 22:59:04,16.83,100.00,1020.24,4.08,97.00
Thu 28/05/2026 - 22:59:38,16.81,100.00,1020.22,4.08,97.00
Thu 28/05/2026 - 23:00:12,16.82,100.00,1020.24,4.08,97.00
Thu 28/05/2026 - 23:00:46,16.81,100.00,1020.16,4.08,97.00
Thu 28/05/2026 - 23:01:20,16.81,100.00,1020.21,4.08,97.00
Thu 28/05/2026 - 23:01:54,16.81,100.00,1020.16,4.08,97.00
Thu 28/05/2026 - 23:02:28,16.80,100.00,1020.20,4.08,97.00
Thu 28/05/2026 - 23:03:02,16.80,100.00,1020.15,4.08,97.00
Thu 28/05/2026 - 23:03:36,16.81,100.00,1020.21,4.08,97.00
Thu 28/05/2026 - 23:04:10,16.80,100.00,1020.19,4.08,97.00
Thu 28/05/2026 - 23:04:44,16.79,100.00,1020.17,4.08,97.00
Thu 28/05/2026 - 23:05:18,16.80,100.00,1020.16,4.08,97.00
Thu 28/05/2026 - 23:05:52,16.79,100.00,1020.12,4.08,97.00
Thu 28/05/2026 - 23:06:26,16.78,100.00,1020.09,4.08,97.00
Thu 28/05/2026 - 23:07:00,16.78,100.00,1020.10,4.08,97.00
Thu 28/05/2026 - 23:07:34,16.77,100.00,1020.09,4.08,97.00
Thu 28/05/2026 - 23:08:08,16.78,100.00,1020.10,4.08,97.00
Thu 28/05/2026 - 23:08:42,16.78,100.00,1020.16,4.08,97.00
Thu 28/05/2026 - 23:09:16,16.77,100.00,1020.14,4.08,97.00
Thu 28/05/2026 - 23:09:50,16.76,100.00,1020.10,4.08,97.00
Thu 28/05/2026 - 23:10:24,16.76,100.00,1020.12,4.08,97.00
Thu 28/05/2026 - 23:10:58,16.76,100.00,1020.12,4.08,97.00
Thu 28/05/2026 - 23:11:32,16.75,100.00,1020.14,4.08,97.00
Thu 28/05/2026 - 23:12:06,16.75,100.00,1020.11,4.08,97.00
Thu 28/05/2026 - 23:12:40,16.75,100.00,1020.11,4.08,97.00
Thu 28/05/2026 - 23:13:14,16.74,100.00,1020.15,4.08,97.00
Thu 28/05/2026 - 23:13:48,16.74,100.00,1020.12,4.08,97.00
Thu 28/05/2026 - 23:14:22,16.74,100.00,1020.12,4.08,97.00
Thu 28/05/2026 - 23:14:56,16.73,100.00,1020.08,4.08,97.00
Thu 28/05/2026 - 23:15:30,16.72,100.00,1020.08,4.08,97.00
Thu 28/05/2026 - 23:16:04,16.71,100.00,1020.10,4.08,97.00
Thu 28/05/2026 - 23:16:38,16.71,100.00,1020.10,4.08,97.00
Thu 28/05/2026 - 23:17:12,16.70,100.00,1020.08,4.08,97.00
Thu 28/05/2026 - 23:17:46,16.69,100.00,1020.04,4.08,97.00
Thu 28/05/2026 - 23:18:20,16.69,100.00,1020.09,4.08,97.00
Thu 28/05/2026 - 23:18:54,16.70,100.00,1020.13,4.08,97.00
Thu 28/05/2026 - 23:19:28,16.68,100.00,1020.10,4.08,97.00
Thu 28/05/2026 - 23:20:02,16.69,100.00,1020.17,4.08,97.00
Thu 28/05/2026 - 23:20:36,16.67,100.00,1020.14,4.08,97.00
Thu 28/05/2026 - 23:21:10,16.68,100.00,1020.12,4.08,97.00
Thu 28/05/2026 - 23:21:44,16.68,100.00,1020.12,4.08,97.00
Thu 28/05/2026 - 23:22:18,16.67,100.00,1020.11,4.08,97.00
Thu 28/05/2026 - 23:22:52,16.66,100.00,1020.07,4.08,97.00
Thu 28/05/2026 - 23:23:26,16.67,100.00,1020.13,4.08,97.00
Thu 28/05/2026 - 23:24:00,16.66,100.00,1020.12,4.08,97.00
Thu 28/05/2026 - 23:24:34,16.65,100.00,1020.08,4.08,97.00
Thu 28/05/2026 - 23:25:08,16.65,100.00,1020.12,4.08,97.00
Thu 28/05/2026 - 23:25:42,16.65,100.00,1020.12,4.08,97.00
Thu 28/05/2026 - 23:26:16,16.65,100.00,1020.07,4.08,97.00
Thu 28/05/2026 - 23:26:50,16.65,100.00,1020.10,4.08,97.00
Thu 28/05/2026 - 23:27:24,16.63,100.00,1020.07,4.08,97.00
Thu 28/05/2026 - 23:27:57,16.63,100.00,1020.09,4.08,97.00
Thu 28/05/2026 - 23:28:31,16.63,100.00,1020.11,4.08,97.00
Thu 28/05/2026 - 23:29:05,16.63,100.00,1020.11,4.08,97.00
Thu 28/05/2026 - 23:29:39,16.62,100.00,1020.05,4.08,97.00
Thu 28/05/2026 - 23:30:13,16.61,100.00,1020.13,4.08,97.00
Thu 28/05/2026 - 23:30:48,16.62,100.00,1020.10,4.08,97.00
Thu 28/05/2026 - 23:31:22,16.60,100.00,1020.06,4.08,97.00
Thu 28/05/2026 - 23:31:56,16.60,100.00,1020.09,4.08,97.00
Thu 28/05/2026 - 23:32:29,16.60,100.00,1020.12,4.08,97.00
Thu 28/05/2026 - 23:33:03,16.60,100.00,1020.09,4.08,97.00
Thu 28/05/2026 - 23:33:37,16.59,100.00,1020.05,4.08,97.00
Thu 28/05/2026 - 23:34:11,16.60,100.00,1020.12,4.08,97.00
Thu 28/05/2026 - 23:34:45,16.58,100.00,1020.09,4.08,97.00
Thu 28/05/2026 - 23:35:19,16.59,100.00,1020.13,4.08,97.00
Thu 28/05/2026 - 23:35:53,16.58,100.00,1020.14,4.08,97.00
Thu 28/05/2026 - 23:36:27,16.58,100.00,1020.09,4.08,97.00
Thu 28/05/2026 - 23:37:01,16.59,100.00,1020.13,4.08,97.00
Thu 28/05/2026 - 23:37:35,16.57,100.00,1020.10,4.08,97.00
Thu 28/05/2026 - 23:38:09,16.58,100.00,1020.14,4.08,97.00
Thu 28/05/2026 - 23:38:43,16.58,100.00,1020.14,4.08,97.00
Thu 28/05/2026 - 23:39:17,16.57,100.00,1020.10,4.08,97.00
Thu 28/05/2026 - 23:39:51,16.56,100.00,1020.14,4.08,97.00
Thu 28/05/2026 - 23:40:25,16.56,100.00,1020.08,4.08,97.00
Thu 28/05/2026 - 23:40:59,16.56,100.00,1020.10,4.08,97.00
Thu 28/05/2026 - 23:41:33,16.55,100.00,1020.08,4.08,97.00
Thu 28/05/2026 - 23:42:07,16.55,100.00,1020.12,4.08,97.00
Thu 28/05/2026 - 23:42:41,16.55,100.00,1020.08,4.08,97.00
Thu 28/05/2026 - 23:43:15,16.55,100.00,1020.09,4.08,97.00
Thu 28/05/2026 - 23:43:49,16.55,100.00,1020.08,4.08,97.00
Thu 28/05/2026 - 23:44:23,16.55,100.00,1020.11,4.08,97.00
Thu 28/05/2026 - 23:44:57,16.54,100.00,1020.13,4.08,97.00
Thu 28/05/2026 - 23:45:31,16.54,100.00,1020.04,4.08,97.00
Thu 28/05/2026 - 23:46:05,16.54,100.00,1020.05,4.08,97.00
Thu 28/05/2026 - 23:46:39,16.53,100.00,1020.02,4.08,97.00
Thu 28/05/2026 - 23:47:13,16.54,100.00,1020.09,4.08,97.00
Thu 28/05/2026 - 23:47:47,16.54,100.00,1020.12,4.08,97.00
Thu 28/05/2026 - 23:48:21,16.54,100.00,1020.07,4.08,97.00
Thu 28/05/2026 - 23:48:55,16.53,100.00,1020.11,4.08,97.00
Thu 28/05/2026 - 23:49:29,16.53,100.00,1020.17,4.08,97.00
Thu 28/05/2026 - 23:50:03,16.53,100.00,1020.08,4.08,97.00
Thu 28/05/2026 - 23:50:37,16.54,100.00,1020.17,4.08,97.00
Thu 28/05/2026 - 23:51:11,16.53,100.00,1020.22,4.08,97.00
Thu 28/05/2026 - 23:51:45,16.53,100.00,1020.13,4.08,97.00
Thu 28/05/2026 - 23:52:19,16.52,100.00,1020.11,4.08,97.00
Thu 28/05/2026 - 23:52:53,16.52,100.00,1020.17,4.08,97.00
Thu 28/05/2026 - 23:53:27,16.53,100.00,1020.16,4.08,97.00
Thu 28/05/2026 - 23:54:01,16.53,100.00,1020.16,4.08,97.00
Thu 28/05/2026 - 23:54:35,16.53,100.00,1020.16,4.08,97.00
Thu 28/05/2026 - 23:55:09,16.52,100.00,1020.17,4.08,97.00
Thu 28/05/2026 - 23:55:43,16.52,100.00,1020.19,4.07,97.00
Thu 28/05/2026 - 23:56:17,16.53,100.00,1020.16,4.08,97.00
Thu 28/05/2026 - 23:56:51,16.53,100.00,1020.16,4.08,97.00
Thu 28/05/2026 - 23:57:25,16.52,100.00,1020.09,4.08,97.00
Thu 28/05/2026 - 23:57:59,16.51,100.00,1020.10,4.08,97.00
Thu 28/05/2026 - 23:58:33,16.52,100.00,1020.17,4.08,97.00
Thu 28/05/2026 - 23:59:07,16.51,100.00,1020.10,4.08,97.00
Thu 28/05/2026 - 23:59:41,16.52,100.00,1020.14,4.08,97.00
