Wed 27/05/2026 - 00:00:29,17.06,100.00,1024.89,4.08,97.00
Wed 27/05/2026 - 00:01:03,17.06,100.00,1024.95,4.08,97.00
Wed 27/05/2026 - 00:01:37,17.05,100.00,1024.91,4.08,97.00
Wed 27/05/2026 - 00:02:11,17.04,100.00,1024.97,4.08,97.00
Wed 27/05/2026 - 00:02:45,17.02,100.00,1024.83,4.08,97.00
Wed 27/05/2026 - 00:03:19,17.03,100.00,1024.93,4.08,97.00
Wed 27/05/2026 - 00:03:53,17.03,100.00,1024.96,4.08,97.00
Wed 27/05/2026 - 00:04:27,17.02,100.00,1024.94,4.08,97.00
Wed 27/05/2026 - 00:05:01,17.01,100.00,1024.94,4.08,97.00
Wed 27/05/2026 - 00:05:35,17.00,100.00,1024.93,4.08,97.00
Wed 27/05/2026 - 00:06:08,17.00,100.00,1025.02,4.08,97.00
Wed 27/05/2026 - 00:06:42,17.00,100.00,1024.90,4.08,97.00
Wed 27/05/2026 - 00:07:16,17.00,100.00,1024.88,4.08,97.00
Wed 27/05/2026 - 00:07:50,17.01,100.00,1024.92,4.08,97.00
Wed 27/05/2026 - 00:08:24,16.99,100.00,1024.89,4.08,97.00
Wed 27/05/2026 - 00:08:58,16.98,100.00,1024.87,4.08,97.00
Wed 27/05/2026 - 00:09:32,16.99,100.00,1024.84,4.08,97.00
Wed 27/05/2026 - 00:10:06,16.98,100.00,1024.86,4.08,97.00
Wed 27/05/2026 - 00:10:40,16.97,100.00,1024.80,4.08,97.00
Wed 27/05/2026 - 00:11:14,16.98,100.00,1024.78,4.08,97.00
Wed 27/05/2026 - 00:11:48,16.96,100.00,1024.78,4.08,97.00
Wed 27/05/2026 - 00:12:22,16.97,100.00,1024.77,4.08,97.00
Wed 27/05/2026 - 00:12:56,16.96,100.00,1024.78,4.08,97.00
Wed 27/05/2026 - 00:13:30,16.97,100.00,1024.87,4.08,97.00
Wed 27/05/2026 - 00:14:04,16.96,100.00,1024.75,4.08,97.00
Wed 27/05/2026 - 00:14:38,16.95,100.00,1024.81,4.08,97.00
Wed 27/05/2026 - 00:15:12,16.95,100.00,1024.73,4.08,97.00
Wed 27/05/2026 - 00:15:46,16.94,100.00,1024.74,4.08,97.00
Wed 27/05/2026 - 00:16:20,16.93,100.00,1024.72,4.08,97.00
Wed 27/05/2026 - 00:16:54,16.93,100.00,1024.73,4.08,97.00
Wed 27/05/2026 - 00:17:28,16.92,100.00,1024.66,4.08,97.00
Wed 27/05/2026 - 00:18:02,16.92,100.00,1024.71,4.08,97.00
Wed 27/05/2026 - 00:18:36,16.92,100.00,1024.71,4.08,97.00
Wed 27/05/2026 - 00:19:10,16.91,100.00,1024.64,4.08,97.00
Wed 27/05/2026 - 00:19:44,16.91,100.00,1024.64,4.08,97.00
Wed 27/05/2026 - 00:20:18,16.90,100.00,1024.68,4.08,97.00
Wed 27/05/2026 - 00:20:52,16.90,100.00,1024.68,4.08,97.00
Wed 27/05/2026 - 00:21:26,16.90,100.00,1024.71,4.08,97.00
Wed 27/05/2026 - 00:22:00,16.90,100.00,1024.68,4.08,97.00
Wed 27/05/2026 - 00:22:34,16.90,100.00,1024.72,4.08,97.00
Wed 27/05/2026 - 00:23:08,16.90,100.00,1024.73,4.08,97.00
Wed 27/05/2026 - 00:23:42,16.88,100.00,1024.67,4.08,97.00
Wed 27/05/2026 - 00:24:16,16.88,100.00,1024.70,4.08,97.00
Wed 27/05/2026 - 00:24:50,16.87,100.00,1024.63,4.08,97.00
Wed 27/05/2026 - 00:25:24,16.87,100.00,1024.63,4.08,97.00
Wed 27/05/2026 - 00:25:58,16.87,100.00,1024.66,4.08,97.00
Wed 27/05/2026 - 00:26:32,16.86,100.00,1024.64,4.08,97.00
Wed 27/05/2026 - 00:27:06,16.87,100.00,1024.60,4.08,97.00
Wed 27/05/2026 - 00:27:40,16.87,100.00,1024.63,4.08,97.00
Wed 27/05/2026 - 00:28:14,16.85,100.00,1024.60,4.08,97.00
Wed 27/05/2026 - 00:28:48,16.85,100.00,1024.60,4.08,97.00
Wed 27/05/2026 - 00:29:22,16.85,100.00,1024.55,4.08,97.00
Wed 27/05/2026 - 00:29:56,16.84,100.00,1024.58,4.08,97.00
Wed 27/05/2026 - 00:30:30,16.85,100.00,1024.59,4.08,97.00
Wed 27/05/2026 - 00:31:04,16.84,100.00,1024.66,4.08,97.00
Wed 27/05/2026 - 00:31:38,16.84,100.00,1024.63,4.08,97.00
Wed 27/05/2026 - 00:32:12,16.84,100.00,1024.68,4.08,97.00
Wed 27/05/2026 - 00:32:46,16.84,100.00,1024.66,4.08,97.00
Wed 27/05/2026 - 00:33:20,16.83,100.00,1024.67,4.08,97.00
Wed 27/05/2026 - 00:33:54,16.83,100.00,1024.69,4.08,97.00
Wed 27/05/2026 - 00:34:28,16.83,100.00,1024.67,4.08,97.00
Wed 27/05/2026 - 00:35:02,16.83,100.00,1024.69,4.08,97.00
Wed 27/05/2026 - 00:35:36,16.81,100.00,1024.63,4.08,97.00
Wed 27/05/2026 - 00:36:10,16.81,100.00,1024.63,4.07,97.00
Wed 27/05/2026 - 00:36:44,16.81,100.00,1024.60,4.08,97.00
Wed 27/05/2026 - 00:37:18,16.80,100.00,1024.62,4.07,97.00
Wed 27/05/2026 - 00:37:52,16.81,100.00,1024.60,4.07,97.00
Wed 27/05/2026 - 00:38:26,16.79,100.00,1024.60,4.07,97.00
Wed 27/05/2026 - 00:39:00,16.79,100.00,1024.55,4.07,97.00
Wed 27/05/2026 - 00:39:34,16.79,100.00,1024.61,4.07,97.00
Wed 27/05/2026 - 00:40:08,16.79,100.00,1024.61,4.08,97.00
Wed 27/05/2026 - 00:40:42,16.78,100.00,1024.59,4.07,97.00
Wed 27/05/2026 - 00:41:16,16.79,100.00,1024.65,4.08,97.00
Wed 27/05/2026 - 00:41:50,16.78,100.00,1024.59,4.08,97.00
Wed 27/05/2026 - 00:42:24,16.78,100.00,1024.58,4.07,97.00
Wed 27/05/2026 - 00:42:58,16.78,100.00,1024.63,4.07,97.00
Wed 27/05/2026 - 00:43:32,16.78,100.00,1024.56,4.07,97.00
Wed 27/05/2026 - 00:44:06,16.78,100.00,1024.53,4.07,97.00
Wed 27/05/2026 - 00:44:40,16.77,100.00,1024.54,4.07,97.00
Wed 27/05/2026 - 00:45:13,16.77,100.00,1024.57,4.07,97.00
Wed 27/05/2026 - 00:45:47,16.77,100.00,1024.57,4.08,97.00
Wed 27/05/2026 - 00:46:21,16.77,100.00,1024.62,4.07,97.00
Wed 27/05/2026 - 00:46:55,16.77,100.00,1024.59,4.07,97.00
Wed 27/05/2026 - 00:47:29,16.77,100.00,1024.62,4.07,97.00
Wed 27/05/2026 - 00:48:03,16.77,100.00,1024.51,4.07,97.00
Wed 27/05/2026 - 00:48:37,16.76,100.00,1024.57,4.07,97.00
Wed 27/05/2026 - 00:49:11,16.75,100.00,1024.62,4.07,97.00
Wed 27/05/2026 - 00:49:45,16.75,100.00,1024.64,4.07,97.00
Wed 27/05/2026 - 00:50:19,16.74,100.00,1024.57,4.07,97.00
Wed 27/05/2026 - 00:50:53,16.74,100.00,1024.58,4.07,97.00
Wed 27/05/2026 - 00:51:27,16.74,100.00,1024.56,4.07,97.00
Wed 27/05/2026 - 00:52:01,16.73,100.00,1024.58,4.07,97.00
Wed 27/05/2026 - 00:52:35,16.73,100.00,1024.53,4.07,97.00
Wed 27/05/2026 - 00:53:09,16.74,100.00,1024.51,4.07,97.00
Wed 27/05/2026 - 00:53:43,16.72,100.00,1024.46,4.07,97.00
Wed 27/05/2026 - 00:54:17,16.73,100.00,1024.47,4.07,97.00
Wed 27/05/2026 - 00:54:51,16.72,100.00,1024.54,4.07,97.00
Wed 27/05/2026 - 00:55:25,16.72,100.00,1024.45,4.07,97.00
Wed 27/05/2026 - 00:55:59,16.71,100.00,1024.47,4.07,97.00
Wed 27/05/2026 - 00:56:33,16.70,100.00,1024.45,4.07,97.00
Wed 27/05/2026 - 00:57:07,16.70,100.00,1024.50,4.07,97.00
Wed 27/05/2026 - 00:57:41,16.69,100.00,1024.49,4.07,97.00
Wed 27/05/2026 - 00:58:15,16.70,100.00,1024.50,4.07,97.00
Wed 27/05/2026 - 00:58:49,16.69,100.00,1024.53,4.07,97.00
Wed 27/05/2026 - 00:59:23,16.70,100.00,1024.55,4.07,97.00
Wed 27/05/2026 - 00:59:57,16.68,100.00,1024.58,4.07,97.00
Wed 27/05/2026 - 01:00:31,16.67,100.00,1024.58,4.07,97.00
Wed 27/05/2026 - 01:01:05,16.67,100.00,1024.63,4.07,97.00
Wed 27/05/2026 - 01:01:39,16.67,100.00,1024.61,4.07,97.00
Wed 27/05/2026 - 01:02:13,16.66,100.00,1024.57,4.07,97.00
Wed 27/05/2026 - 01:02:47,16.67,100.00,1024.66,4.07,97.00
Wed 27/05/2026 - 01:03:21,16.66,100.00,1024.64,4.07,97.00
Wed 27/05/2026 - 01:03:55,16.65,100.00,1024.60,4.07,97.00
Wed 27/05/2026 - 01:04:29,16.65,100.00,1024.61,4.07,97.00
Wed 27/05/2026 - 01:05:03,16.65,100.00,1024.60,4.07,97.00
Wed 27/05/2026 - 01:05:37,16.65,100.00,1024.69,4.07,97.00
Wed 27/05/2026 - 01:06:11,16.64,100.00,1024.59,4.07,97.00
Wed 27/05/2026 - 01:06:45,16.64,100.00,1024.63,4.07,97.00
Wed 27/05/2026 - 01:07:19,16.64,100.00,1024.61,4.07,97.00
Wed 27/05/2026 - 01:07:53,16.64,100.00,1024.62,4.07,97.00
Wed 27/05/2026 - 01:08:27,16.63,100.00,1024.62,4.07,97.00
Wed 27/05/2026 - 01:09:01,16.63,100.00,1024.64,4.07,97.00
Wed 27/05/2026 - 01:09:35,16.63,100.00,1024.67,4.07,97.00
Wed 27/05/2026 - 01:10:09,16.62,100.00,1024.63,4.07,97.00
Wed 27/05/2026 - 01:10:43,16.62,100.00,1024.65,4.07,97.00
Wed 27/05/2026 - 01:11:17,16.62,100.00,1024.65,4.07,97.00
Wed 27/05/2026 - 01:11:51,16.61,100.00,1024.72,4.07,97.00
Wed 27/05/2026 - 01:12:25,16.60,100.00,1024.62,4.07,97.00
Wed 27/05/2026 - 01:12:59,16.61,100.00,1024.62,4.07,97.00
Wed 27/05/2026 - 01:13:33,16.60,100.00,1024.63,4.07,97.00
Wed 27/05/2026 - 01:14:07,16.60,100.00,1024.70,4.07,97.00
Wed 27/05/2026 - 01:14:41,16.60,100.00,1024.70,4.07,97.00
Wed 27/05/2026 - 01:15:15,16.59,100.00,1024.66,4.07,97.00
Wed 27/05/2026 - 01:15:49,16.59,100.00,1024.68,4.07,97.00
Wed 27/05/2026 - 01:16:23,16.59,100.00,1024.65,4.07,97.00
Wed 27/05/2026 - 01:16:56,16.58,100.00,1024.66,4.07,97.00
Wed 27/05/2026 - 01:17:30,16.59,100.00,1024.68,4.07,97.00
Wed 27/05/2026 - 01:18:04,16.59,100.00,1024.68,4.07,97.00
Wed 27/05/2026 - 01:18:38,16.58,100.00,1024.73,4.07,97.00
Wed 27/05/2026 - 01:19:12,16.58,100.00,1024.72,4.07,97.00
Wed 27/05/2026 - 01:19:46,16.58,100.00,1024.72,4.07,97.00
Wed 27/05/2026 - 01:20:20,16.56,100.00,1024.71,4.07,97.00
Wed 27/05/2026 - 01:20:54,16.57,100.00,1024.70,4.07,97.00
Wed 27/05/2026 - 01:21:28,16.55,100.00,1024.72,4.07,97.00
Wed 27/05/2026 - 01:22:02,16.55,100.00,1024.77,4.07,97.00
Wed 27/05/2026 - 01:22:36,16.55,100.00,1024.72,4.07,97.00
Wed 27/05/2026 - 01:23:10,16.54,100.00,1024.70,4.07,97.00
Wed 27/05/2026 - 01:23:44,16.54,100.00,1024.76,4.07,97.00
Wed 27/05/2026 - 01:24:18,16.54,100.00,1024.76,4.07,97.00
Wed 27/05/2026 - 01:24:52,16.54,100.00,1024.84,4.07,97.00
Wed 27/05/2026 - 01:25:26,16.53,100.00,1024.79,4.07,97.00
Wed 27/05/2026 - 01:26:00,16.53,100.00,1024.85,4.07,97.00
Wed 27/05/2026 - 01:26:34,16.52,100.00,1024.92,4.07,97.00
Wed 27/05/2026 - 01:27:08,16.52,100.00,1024.88,4.07,97.00
Wed 27/05/2026 - 01:27:42,16.53,100.00,1025.01,4.07,97.00
Wed 27/05/2026 - 01:28:16,16.51,100.00,1024.93,4.07,97.00
Wed 27/05/2026 - 01:28:50,16.52,100.00,1024.94,4.07,97.00
Wed 27/05/2026 - 01:29:24,16.53,100.00,1024.90,4.07,97.00
Wed 27/05/2026 - 01:29:58,16.52,100.00,1024.94,4.07,97.00
Wed 27/05/2026 - 01:30:32,16.51,100.00,1025.00,4.07,97.00
Wed 27/05/2026 - 01:31:06,16.51,100.00,1024.97,4.07,97.00
Wed 27/05/2026 - 01:31:40,16.50,100.00,1024.90,4.07,97.00
Wed 27/05/2026 - 01:32:14,16.50,100.00,1024.90,4.07,97.00
Wed 27/05/2026 - 01:32:48,16.51,100.00,1024.92,4.07,97.00
Wed 27/05/2026 - 01:33:22,16.50,100.00,1024.96,4.07,97.00
Wed 27/05/2026 - 01:33:56,16.50,100.00,1024.90,4.07,97.00
Wed 27/05/2026 - 01:34:30,16.49,100.00,1024.89,4.07,97.00
Wed 27/05/2026 - 01:35:04,16.49,100.00,1024.95,4.07,97.00
Wed 27/05/2026 - 01:35:38,16.49,100.00,1024.95,4.07,97.00
Wed 27/05/2026 - 01:36:12,16.49,100.00,1024.95,4.07,97.00
Wed 27/05/2026 - 01:36:46,16.49,100.00,1024.95,4.07,97.00
Wed 27/05/2026 - 01:37:20,16.49,100.00,1024.95,4.07,97.00
Wed 27/05/2026 - 01:37:54,16.48,100.00,1024.98,4.07,97.00
Wed 27/05/2026 - 01:38:28,16.48,100.00,1024.94,4.07,97.00
Wed 27/05/2026 - 01:39:02,16.49,100.00,1024.99,4.07,97.00
Wed 27/05/2026 - 01:39:36,16.48,100.00,1024.96,4.07,97.00
Wed 27/05/2026 - 01:40:10,16.48,100.00,1024.98,4.07,97.00
Wed 27/05/2026 - 01:40:44,16.49,100.00,1024.99,4.07,97.00
Wed 27/05/2026 - 01:41:18,16.48,100.00,1024.95,4.07,97.00
Wed 27/05/2026 - 01:41:52,16.47,100.00,1024.99,4.07,97.00
Wed 27/05/2026 - 01:42:26,16.48,100.00,1025.00,4.07,97.00
Wed 27/05/2026 - 01:43:00,16.48,100.00,1024.98,4.07,97.00
Wed 27/05/2026 - 01:43:34,16.47,100.00,1025.07,4.07,97.00
Wed 27/05/2026 - 01:44:08,16.47,100.00,1025.04,4.07,97.00
Wed 27/05/2026 - 01:44:42,16.47,100.00,1025.01,4.07,97.00
Wed 27/05/2026 - 01:45:16,16.48,100.00,1025.03,4.07,97.00
Wed 27/05/2026 - 01:45:50,16.47,100.00,1025.01,4.07,97.00
Wed 27/05/2026 - 01:46:24,16.48,100.00,1025.04,4.07,97.00
Wed 27/05/2026 - 01:46:58,16.48,100.00,1025.06,4.07,97.00
Wed 27/05/2026 - 01:47:32,16.47,100.00,1024.96,4.07,97.00
Wed 27/05/2026 - 01:48:06,16.48,100.00,1025.08,4.07,97.00
Wed 27/05/2026 - 01:48:40,16.48,100.00,1025.08,4.07,97.00
Wed 27/05/2026 - 01:49:14,16.47,100.00,1024.99,4.07,97.00
Wed 27/05/2026 - 01:49:48,16.47,100.00,1024.97,4.07,97.00
Wed 27/05/2026 - 01:50:22,16.47,100.00,1024.96,4.07,97.00
Wed 27/05/2026 - 01:50:56,16.47,100.00,1025.02,4.07,97.00
Wed 27/05/2026 - 01:51:30,16.47,100.00,1025.04,4.07,97.00
Wed 27/05/2026 - 01:52:04,16.47,100.00,1025.05,4.07,97.00
Wed 27/05/2026 - 01:52:38,16.47,100.00,1025.01,4.07,97.00
Wed 27/05/2026 - 01:53:12,16.48,100.00,1024.98,4.07,97.00
Wed 27/05/2026 - 01:53:46,16.48,100.00,1025.06,4.07,97.00
Wed 27/05/2026 - 01:54:20,16.49,100.00,1025.00,4.07,97.00
Wed 27/05/2026 - 01:54:54,16.49,100.00,1024.97,4.07,97.00
Wed 27/05/2026 - 01:55:28,16.47,100.00,1024.96,4.07,97.00
Wed 27/05/2026 - 01:56:02,16.48,100.00,1024.98,4.07,97.00
Wed 27/05/2026 - 01:56:36,16.48,100.00,1024.98,4.07,97.00
Wed 27/05/2026 - 01:57:10,16.47,100.00,1024.97,4.07,97.00
Wed 27/05/2026 - 01:57:44,16.47,100.00,1024.96,4.07,97.00
Wed 27/05/2026 - 01:58:18,16.47,100.00,1024.89,4.07,97.00
Wed 27/05/2026 - 01:58:52,16.47,100.00,1025.01,4.07,97.00
Wed 27/05/2026 - 01:59:26,16.48,100.00,1024.92,4.07,97.00
Wed 27/05/2026 - 02:00:00,16.48,100.00,1024.99,4.07,97.00
Wed 27/05/2026 - 02:00:34,16.47,100.00,1024.90,4.07,97.00
Wed 27/05/2026 - 02:01:08,16.48,100.00,1024.98,4.07,97.00
Wed 27/05/2026 - 02:01:42,16.48,100.00,1024.98,4.07,97.00
Wed 27/05/2026 - 02:02:16,16.49,100.00,1024.99,4.07,97.00
Wed 27/05/2026 - 02:02:50,16.48,100.00,1024.93,4.07,97.00
Wed 27/05/2026 - 02:03:24,16.48,100.00,1025.03,4.07,97.00
Wed 27/05/2026 - 02:03:58,16.49,100.00,1025.02,4.07,97.00
Wed 27/05/2026 - 02:04:32,16.49,100.00,1024.99,4.07,97.00
Wed 27/05/2026 - 02:05:06,16.49,100.00,1025.00,4.07,97.00
Wed 27/05/2026 - 02:05:40,16.48,100.00,1024.93,4.07,97.00
Wed 27/05/2026 - 02:06:14,16.49,100.00,1025.05,4.07,97.00
Wed 27/05/2026 - 02:06:48,16.49,100.00,1024.94,4.07,97.00
Wed 27/05/2026 - 02:07:22,16.49,100.00,1024.95,4.07,97.00
Wed 27/05/2026 - 02:07:55,16.49,100.00,1024.99,4.07,97.00
Wed 27/05/2026 - 02:08:29,16.49,100.00,1024.89,4.07,97.00
Wed 27/05/2026 - 02:09:03,16.48,100.00,1024.88,4.07,97.00
Wed 27/05/2026 - 02:09:37,16.50,100.00,1024.85,4.07,97.00
Wed 27/05/2026 - 02:10:11,16.49,100.00,1024.89,4.07,97.00
Wed 27/05/2026 - 02:10:45,16.49,100.00,1024.89,4.07,97.00
Wed 27/05/2026 - 02:11:19,16.49,100.00,1024.89,4.07,97.00
Wed 27/05/2026 - 02:11:53,16.50,100.00,1024.90,4.07,97.00
Wed 27/05/2026 - 02:12:27,16.50,100.00,1024.90,4.07,97.00
Wed 27/05/2026 - 02:13:01,16.50,100.00,1024.93,4.07,97.00
Wed 27/05/2026 - 02:13:35,16.49,100.00,1024.89,4.07,97.00
Wed 27/05/2026 - 02:14:09,16.50,100.00,1024.93,4.07,97.00
Wed 27/05/2026 - 02:14:43,16.50,100.00,1024.91,4.07,97.00
Wed 27/05/2026 - 02:15:17,16.51,100.00,1024.92,4.07,97.00
Wed 27/05/2026 - 02:15:51,16.51,100.00,1024.87,4.07,97.00
Wed 27/05/2026 - 02:16:25,16.50,100.00,1024.91,4.07,97.00
Wed 27/05/2026 - 02:16:59,16.51,100.00,1024.81,4.07,97.00
Wed 27/05/2026 - 02:17:33,16.51,100.00,1024.87,4.07,97.00
Wed 27/05/2026 - 02:18:07,16.50,100.00,1024.80,4.07,97.00
Wed 27/05/2026 - 02:18:41,16.51,100.00,1024.81,4.07,97.00
Wed 27/05/2026 - 02:19:15,16.50,100.00,1024.80,4.07,97.00
Wed 27/05/2026 - 02:19:49,16.51,100.00,1024.79,4.07,97.00
Wed 27/05/2026 - 02:20:23,16.51,100.00,1024.77,4.07,97.00
Wed 27/05/2026 - 02:20:57,16.51,100.00,1024.81,4.07,97.00
Wed 27/05/2026 - 02:21:31,16.51,100.00,1024.76,4.07,97.00
Wed 27/05/2026 - 02:22:05,16.51,100.00,1024.77,4.07,97.00
Wed 27/05/2026 - 02:22:39,16.51,100.00,1024.79,4.07,97.00
Wed 27/05/2026 - 02:23:13,16.51,100.00,1024.82,4.07,97.00
Wed 27/05/2026 - 02:23:47,16.52,100.00,1024.83,4.07,97.00
Wed 27/05/2026 - 02:24:21,16.51,100.00,1024.79,4.07,97.00
Wed 27/05/2026 - 02:24:55,16.52,100.00,1024.80,4.07,97.00
Wed 27/05/2026 - 02:25:29,16.52,100.00,1024.83,4.07,97.00
Wed 27/05/2026 - 02:26:03,16.53,100.00,1024.85,4.07,97.00
Wed 27/05/2026 - 02:26:37,16.52,100.00,1024.87,4.07,97.00
Wed 27/05/2026 - 02:27:11,16.53,100.00,1024.85,4.07,97.00
Wed 27/05/2026 - 02:27:45,16.52,100.00,1024.83,4.07,97.00
Wed 27/05/2026 - 02:28:19,16.52,100.00,1024.88,4.07,97.00
Wed 27/05/2026 - 02:28:53,16.52,100.00,1024.81,4.07,97.00
Wed 27/05/2026 - 02:29:27,16.53,100.00,1024.85,4.07,97.00
Wed 27/05/2026 - 02:30:01,16.52,100.00,1024.70,4.07,97.00
Wed 27/05/2026 - 02:30:35,16.54,100.00,1024.78,4.07,97.00
Wed 27/05/2026 - 02:31:09,16.53,100.00,1024.83,4.07,97.00
Wed 27/05/2026 - 02:31:43,16.53,100.00,1024.74,4.07,97.00
Wed 27/05/2026 - 02:32:17,16.53,100.00,1024.83,4.07,97.00
Wed 27/05/2026 - 02:32:51,16.54,100.00,1024.77,4.07,97.00
Wed 27/05/2026 - 02:33:25,16.53,100.00,1024.74,4.06,97.00
Wed 27/05/2026 - 02:33:59,16.54,100.00,1024.78,4.07,97.00
Wed 27/05/2026 - 02:34:33,16.55,100.00,1024.77,4.07,97.00
Wed 27/05/2026 - 02:35:07,16.55,100.00,1024.75,4.07,97.00
Wed 27/05/2026 - 02:35:41,16.54,100.00,1024.76,4.06,97.00
Wed 27/05/2026 - 02:36:15,16.55,100.00,1024.72,4.07,97.00
Wed 27/05/2026 - 02:36:49,16.54,100.00,1024.71,4.07,97.00
Wed 27/05/2026 - 02:37:23,16.55,100.00,1024.69,4.06,97.00
Wed 27/05/2026 - 02:37:57,16.55,100.00,1024.73,4.07,97.00
Wed 27/05/2026 - 02:38:31,16.56,100.00,1024.71,4.07,97.00
Wed 27/05/2026 - 02:39:05,16.54,100.00,1024.63,4.07,97.00
Wed 27/05/2026 - 02:39:39,16.55,100.00,1024.69,4.07,97.00
Wed 27/05/2026 - 02:40:13,16.55,100.00,1024.65,4.06,97.00
Wed 27/05/2026 - 02:40:47,16.55,100.00,1024.67,4.07,97.00
Wed 27/05/2026 - 02:41:21,16.55,100.00,1024.72,4.07,97.00
Wed 27/05/2026 - 02:41:55,16.55,100.00,1024.65,4.06,97.00
Wed 27/05/2026 - 02:42:29,16.57,100.00,1024.70,4.07,97.00
Wed 27/05/2026 - 02:43:03,16.55,100.00,1024.59,4.06,97.00
Wed 27/05/2026 - 02:43:37,16.56,100.00,1024.66,4.06,97.00
Wed 27/05/2026 - 02:44:11,16.54,100.00,1024.52,4.06,97.00
Wed 27/05/2026 - 02:44:45,16.55,100.00,1024.65,4.06,97.00
Wed 27/05/2026 - 02:45:18,16.56,100.00,1024.55,4.06,97.00
Wed 27/05/2026 - 02:45:52,16.55,100.00,1024.51,4.06,97.00
Wed 27/05/2026 - 02:46:26,16.55,100.00,1024.50,4.06,97.00
Wed 27/05/2026 - 02:47:00,16.56,100.00,1024.47,4.06,97.00
Wed 27/05/2026 - 02:47:34,16.55,100.00,1024.45,4.06,97.00
Wed 27/05/2026 - 02:48:08,16.56,100.00,1024.47,4.06,97.00
Wed 27/05/2026 - 02:48:42,16.55,100.00,1024.46,4.06,97.00
Wed 27/05/2026 - 02:49:16,16.55,100.00,1024.37,4.06,97.00
Wed 27/05/2026 - 02:49:50,16.56,100.00,1024.36,4.07,97.00
Wed 27/05/2026 - 02:50:24,16.57,100.00,1024.42,4.06,97.00
Wed 27/05/2026 - 02:50:58,16.56,100.00,1024.37,4.06,97.00
Wed 27/05/2026 - 02:51:32,16.56,100.00,1024.44,4.06,97.00
Wed 27/05/2026 - 02:52:06,16.56,100.00,1024.36,4.06,97.00
Wed 27/05/2026 - 02:52:40,16.56,100.00,1024.37,4.06,97.00
Wed 27/05/2026 - 02:53:14,16.56,100.00,1024.36,4.06,97.00
Wed 27/05/2026 - 02:53:48,16.55,100.00,1024.40,4.06,97.00
Wed 27/05/2026 - 02:54:22,16.56,100.00,1024.41,4.06,97.00
Wed 27/05/2026 - 02:54:56,16.55,100.00,1024.40,4.06,97.00
Wed 27/05/2026 - 02:55:30,16.55,100.00,1024.40,4.06,97.00
Wed 27/05/2026 - 02:56:04,16.55,100.00,1024.43,4.06,97.00
Wed 27/05/2026 - 02:56:38,16.54,100.00,1024.39,4.06,97.00
Wed 27/05/2026 - 02:57:12,16.55,100.00,1024.42,4.06,97.00
Wed 27/05/2026 - 02:57:46,16.53,100.00,1024.36,4.06,97.00
Wed 27/05/2026 - 02:58:20,16.55,100.00,1024.42,4.06,97.00
Wed 27/05/2026 - 02:58:54,16.55,100.00,1024.41,4.06,97.00
Wed 27/05/2026 - 02:59:28,16.56,100.00,1024.41,4.06,97.00
Wed 27/05/2026 - 03:00:02,16.54,100.00,1024.50,4.06,97.00
Wed 27/05/2026 - 03:00:36,16.54,100.00,1024.41,4.06,97.00
Wed 27/05/2026 - 03:01:10,16.54,100.00,1024.49,4.06,97.00
Wed 27/05/2026 - 03:01:44,16.53,100.00,1024.51,4.06,97.00
Wed 27/05/2026 - 03:02:18,16.53,100.00,1024.48,4.06,97.00
Wed 27/05/2026 - 03:02:52,16.54,100.00,1024.49,4.06,97.00
Wed 27/05/2026 - 03:03:26,16.54,100.00,1024.51,4.06,97.00
Wed 27/05/2026 - 03:04:00,16.53,100.00,1024.58,4.06,97.00
Wed 27/05/2026 - 03:04:34,16.52,100.00,1024.45,4.06,97.00
Wed 27/05/2026 - 03:05:08,16.53,100.00,1024.59,4.06,97.00
Wed 27/05/2026 - 03:05:42,16.52,100.00,1024.56,4.06,97.00
Wed 27/05/2026 - 03:06:16,16.51,100.00,1024.52,4.06,97.00
Wed 27/05/2026 - 03:06:50,16.52,100.00,1024.59,4.06,97.00
Wed 27/05/2026 - 03:07:24,16.52,100.00,1024.64,4.06,97.00
Wed 27/05/2026 - 03:07:58,16.52,100.00,1024.70,4.06,97.00
Wed 27/05/2026 - 03:08:32,16.51,100.00,1024.61,4.06,97.00
Wed 27/05/2026 - 03:09:06,16.52,100.00,1024.64,4.06,97.00
Wed 27/05/2026 - 03:09:40,16.51,100.00,1024.65,4.06,97.00
Wed 27/05/2026 - 03:10:14,16.51,100.00,1024.60,4.06,97.00
Wed 27/05/2026 - 03:10:48,16.51,100.00,1024.60,4.06,97.00
Wed 27/05/2026 - 03:11:22,16.50,100.00,1024.61,4.06,97.00
Wed 27/05/2026 - 03:11:56,16.50,100.00,1024.64,4.06,97.00
Wed 27/05/2026 - 03:12:30,16.50,100.00,1024.63,4.06,97.00
Wed 27/05/2026 - 03:13:04,16.50,100.00,1024.63,4.06,97.00
Wed 27/05/2026 - 03:13:38,16.50,100.00,1024.58,4.06,97.00
Wed 27/05/2026 - 03:14:12,16.49,100.00,1024.60,4.06,97.00
Wed 27/05/2026 - 03:14:46,16.49,100.00,1024.56,4.06,97.00
Wed 27/05/2026 - 03:15:20,16.48,100.00,1024.60,4.06,97.00
Wed 27/05/2026 - 03:15:54,16.48,100.00,1024.54,4.06,97.00
Wed 27/05/2026 - 03:16:28,16.48,100.00,1024.61,4.06,97.00
Wed 27/05/2026 - 03:17:02,16.48,100.00,1024.55,4.06,97.00
Wed 27/05/2026 - 03:17:36,16.48,100.00,1024.54,4.06,97.00
Wed 27/05/2026 - 03:18:10,16.47,100.00,1024.47,4.06,97.00
Wed 27/05/2026 - 03:18:44,16.47,100.00,1024.47,4.06,97.00
Wed 27/05/2026 - 03:19:18,16.45,100.00,1024.46,4.06,97.00
Wed 27/05/2026 - 03:19:52,16.46,100.00,1024.52,4.06,97.00
Wed 27/05/2026 - 03:20:26,16.47,100.00,1024.47,4.06,97.00
Wed 27/05/2026 - 03:21:00,16.46,100.00,1024.36,4.06,97.00
Wed 27/05/2026 - 03:21:34,16.45,100.00,1024.35,4.06,97.00
Wed 27/05/2026 - 03:22:08,16.45,100.00,1024.35,4.06,97.00
Wed 27/05/2026 - 03:22:42,16.46,100.00,1024.36,4.06,97.00
Wed 27/05/2026 - 03:23:15,16.45,100.00,1024.37,4.06,97.00
Wed 27/05/2026 - 03:23:49,16.46,100.00,1024.44,4.06,97.00
Wed 27/05/2026 - 03:24:23,16.45,100.00,1024.34,4.06,97.00
Wed 27/05/2026 - 03:24:57,16.44,100.00,1024.36,4.06,97.00
Wed 27/05/2026 - 03:25:31,16.45,100.00,1024.42,4.06,97.00
Wed 27/05/2026 - 03:26:05,16.44,100.00,1024.33,4.06,97.00
Wed 27/05/2026 - 03:26:39,16.45,100.00,1024.31,4.06,97.00
Wed 27/05/2026 - 03:27:13,16.44,100.00,1024.22,4.06,97.00
Wed 27/05/2026 - 03:27:47,16.44,100.00,1024.25,4.06,97.00
Wed 27/05/2026 - 03:28:21,16.43,100.00,1024.31,4.06,97.00
Wed 27/05/2026 - 03:28:55,16.44,100.00,1024.33,4.06,97.00
Wed 27/05/2026 - 03:29:29,16.44,100.00,1024.25,4.06,97.00
Wed 27/05/2026 - 03:30:03,16.44,100.00,1024.25,4.06,97.00
Wed 27/05/2026 - 03:30:37,16.43,100.00,1024.29,4.06,97.00
Wed 27/05/2026 - 03:31:11,16.44,100.00,1024.27,4.06,97.00
Wed 27/05/2026 - 03:31:45,16.45,100.00,1024.29,4.06,97.00
Wed 27/05/2026 - 03:32:19,16.44,100.00,1024.33,4.06,97.00
Wed 27/05/2026 - 03:32:53,16.44,100.00,1024.27,4.06,97.00
Wed 27/05/2026 - 03:33:27,16.43,100.00,1024.26,4.06,97.00
Wed 27/05/2026 - 03:34:01,16.43,100.00,1024.25,4.06,97.00
Wed 27/05/2026 - 03:34:35,16.42,100.00,1024.16,4.06,97.00
Wed 27/05/2026 - 03:35:09,16.43,100.00,1024.21,4.06,97.00
Wed 27/05/2026 - 03:35:43,16.43,100.00,1024.21,4.06,97.00
Wed 27/05/2026 - 03:36:17,16.43,100.00,1024.17,4.06,97.00
Wed 27/05/2026 - 03:36:51,16.42,100.00,1024.22,4.06,97.00
Wed 27/05/2026 - 03:37:25,16.43,100.00,1024.20,4.06,97.00
Wed 27/05/2026 - 03:37:59,16.42,100.00,1024.24,4.06,97.00
Wed 27/05/2026 - 03:38:33,16.42,100.00,1024.24,4.06,97.00
Wed 27/05/2026 - 03:39:07,16.42,100.00,1024.24,4.06,97.00
Wed 27/05/2026 - 03:39:41,16.43,100.00,1024.26,4.06,97.00
Wed 27/05/2026 - 03:40:15,16.42,100.00,1024.26,4.06,97.00
Wed 27/05/2026 - 03:40:49,16.42,100.00,1024.24,4.06,97.00
Wed 27/05/2026 - 03:41:23,16.42,100.00,1024.29,4.06,97.00
Wed 27/05/2026 - 03:41:57,16.40,100.00,1024.26,4.06,97.00
Wed 27/05/2026 - 03:42:31,16.40,100.00,1024.34,4.06,97.00
Wed 27/05/2026 - 03:43:05,16.41,100.00,1024.30,4.06,97.00
Wed 27/05/2026 - 03:43:39,16.41,100.00,1024.30,4.06,97.00
Wed 27/05/2026 - 03:44:13,16.40,100.00,1024.34,4.06,97.00
Wed 27/05/2026 - 03:44:47,16.40,100.00,1024.37,4.06,97.00
Wed 27/05/2026 - 03:45:21,16.39,100.00,1024.33,4.06,97.00
Wed 27/05/2026 - 03:45:55,16.38,100.00,1024.33,4.06,97.00
Wed 27/05/2026 - 03:46:29,16.39,100.00,1024.30,4.06,97.00
Wed 27/05/2026 - 03:47:03,16.39,100.00,1024.27,4.06,97.00
Wed 27/05/2026 - 03:47:37,16.38,100.00,1024.27,4.06,97.00
Wed 27/05/2026 - 03:48:11,16.38,100.00,1024.39,4.06,97.00
Wed 27/05/2026 - 03:48:45,16.39,100.00,1024.33,4.06,97.00
Wed 27/05/2026 - 03:49:19,16.38,100.00,1024.36,4.06,97.00
Wed 27/05/2026 - 03:49:53,16.38,100.00,1024.35,4.06,97.00
Wed 27/05/2026 - 03:50:27,16.38,100.00,1024.30,4.06,97.00
Wed 27/05/2026 - 03:51:01,16.37,100.00,1024.26,4.06,97.00
Wed 27/05/2026 - 03:51:35,16.36,100.00,1024.30,4.06,97.00
Wed 27/05/2026 - 03:52:09,16.36,100.00,1024.30,4.06,97.00
Wed 27/05/2026 - 03:52:43,16.35,100.00,1024.18,4.06,97.00
Wed 27/05/2026 - 03:53:17,16.35,100.00,1024.28,4.06,97.00
Wed 27/05/2026 - 03:53:51,16.34,100.00,1024.27,4.06,97.00
Wed 27/05/2026 - 03:54:25,16.34,100.00,1024.18,4.06,97.00
Wed 27/05/2026 - 03:54:59,16.33,100.00,1024.22,4.06,97.00
Wed 27/05/2026 - 03:55:33,16.34,100.00,1024.27,4.06,97.00
Wed 27/05/2026 - 03:56:07,16.33,100.00,1024.25,4.06,97.00
Wed 27/05/2026 - 03:56:41,16.32,100.00,1024.20,4.06,97.00
Wed 27/05/2026 - 03:57:15,16.33,100.00,1024.30,4.06,97.00
Wed 27/05/2026 - 03:57:49,16.33,100.00,1024.29,4.06,97.00
Wed 27/05/2026 - 03:58:23,16.32,100.00,1024.26,4.06,97.00
Wed 27/05/2026 - 03:58:57,16.32,100.00,1024.28,4.06,97.00
Wed 27/05/2026 - 03:59:31,16.32,100.00,1024.28,4.06,97.00
Wed 27/05/2026 - 04:00:05,16.32,100.00,1024.34,4.06,97.00
Wed 27/05/2026 - 04:00:39,16.31,100.00,1024.35,4.06,97.00
Wed 27/05/2026 - 04:01:13,16.30,100.00,1024.25,4.06,97.00
Wed 27/05/2026 - 04:01:47,16.29,100.00,1024.26,4.06,97.00
Wed 27/05/2026 - 04:02:21,16.30,100.00,1024.30,4.06,97.00
Wed 27/05/2026 - 04:02:55,16.29,100.00,1024.18,4.06,97.00
Wed 27/05/2026 - 04:03:28,16.29,100.00,1024.31,4.06,97.00
Wed 27/05/2026 - 04:04:02,16.29,100.00,1024.29,4.06,97.00
Wed 27/05/2026 - 04:04:36,16.28,100.00,1024.22,4.06,97.00
Wed 27/05/2026 - 04:05:10,16.28,100.00,1024.22,4.06,97.00
Wed 27/05/2026 - 04:05:44,16.27,100.00,1024.22,4.06,97.00
Wed 27/05/2026 - 04:06:18,16.26,100.00,1024.21,4.06,97.00
Wed 27/05/2026 - 04:06:52,16.26,100.00,1024.26,4.06,97.00
Wed 27/05/2026 - 04:07:26,16.26,100.00,1024.23,4.06,97.00
Wed 27/05/2026 - 04:08:00,16.26,100.00,1024.23,4.06,97.00
Wed 27/05/2026 - 04:08:34,16.25,100.00,1024.24,4.06,97.00
Wed 27/05/2026 - 04:09:08,16.24,100.00,1024.25,4.06,97.00
Wed 27/05/2026 - 04:09:42,16.23,100.00,1024.18,4.06,97.00
Wed 27/05/2026 - 04:10:16,16.23,100.00,1024.29,4.06,97.00
Wed 27/05/2026 - 04:10:50,16.23,100.00,1024.29,4.06,97.00
Wed 27/05/2026 - 04:11:24,16.22,100.00,1024.32,4.06,97.00
Wed 27/05/2026 - 04:11:58,16.22,100.00,1024.32,4.06,97.00
Wed 27/05/2026 - 04:12:32,16.23,100.00,1024.37,4.06,97.00
Wed 27/05/2026 - 04:13:06,16.22,100.00,1024.32,4.06,97.00
Wed 27/05/2026 - 04:13:40,16.20,100.00,1024.40,4.06,97.00
Wed 27/05/2026 - 04:14:14,16.20,100.00,1024.35,4.06,97.00
Wed 27/05/2026 - 04:14:48,16.20,100.00,1024.34,4.06,97.00
Wed 27/05/2026 - 04:15:22,16.19,100.00,1024.33,4.06,97.00
Wed 27/05/2026 - 04:15:56,16.19,100.00,1024.38,4.06,97.00
Wed 27/05/2026 - 04:16:30,16.18,100.00,1024.38,4.06,97.00
Wed 27/05/2026 - 04:17:04,16.18,100.00,1024.42,4.06,97.00
Wed 27/05/2026 - 04:17:38,16.17,100.00,1024.43,4.06,97.00
Wed 27/05/2026 - 04:18:12,16.17,100.00,1024.40,4.06,97.00
Wed 27/05/2026 - 04:18:46,16.17,100.00,1024.46,4.06,97.00
Wed 27/05/2026 - 04:19:20,16.16,100.00,1024.44,4.06,97.00
Wed 27/05/2026 - 04:19:54,16.16,100.00,1024.47,4.06,97.00
Wed 27/05/2026 - 04:20:28,16.15,100.00,1024.45,4.06,97.00
Wed 27/05/2026 - 04:21:02,16.16,100.00,1024.48,4.06,97.00
Wed 27/05/2026 - 04:21:36,16.15,100.00,1024.41,4.06,97.00
Wed 27/05/2026 - 04:22:10,16.15,100.00,1024.45,4.06,97.00
Wed 27/05/2026 - 04:22:44,16.14,100.00,1024.43,4.06,97.00
Wed 27/05/2026 - 04:23:18,16.14,100.00,1024.46,4.06,97.00
Wed 27/05/2026 - 04:23:52,16.14,100.00,1024.48,4.06,97.00
Wed 27/05/2026 - 04:24:26,16.14,100.00,1024.40,4.06,97.00
Wed 27/05/2026 - 04:25:00,16.13,100.00,1024.38,4.06,97.00
Wed 27/05/2026 - 04:25:34,16.13,100.00,1024.46,4.06,97.00
Wed 27/05/2026 - 04:26:08,16.12,100.00,1024.42,4.06,97.00
Wed 27/05/2026 - 04:26:42,16.11,100.00,1024.41,4.06,97.00
Wed 27/05/2026 - 04:27:16,16.11,100.00,1024.37,4.06,97.00
Wed 27/05/2026 - 04:27:50,16.10,100.00,1024.39,4.06,97.00
Wed 27/05/2026 - 04:28:24,16.10,100.00,1024.33,4.06,97.00
Wed 27/05/2026 - 04:28:58,16.10,100.00,1024.42,4.06,97.00
Wed 27/05/2026 - 04:29:32,16.09,100.00,1024.34,4.06,97.00
Wed 27/05/2026 - 04:30:06,16.09,100.00,1024.37,4.05,97.00
Wed 27/05/2026 - 04:30:40,16.10,100.00,1024.33,4.06,97.00
Wed 27/05/2026 - 04:31:14,16.09,100.00,1024.29,4.06,97.00
Wed 27/05/2026 - 04:31:48,16.09,100.00,1024.31,4.06,97.00
Wed 27/05/2026 - 04:32:22,16.07,100.00,1024.28,4.06,97.00
Wed 27/05/2026 - 04:32:56,16.08,100.00,1024.26,4.06,97.00
Wed 27/05/2026 - 04:33:30,16.05,100.00,1024.29,4.06,97.00
Wed 27/05/2026 - 04:34:04,16.05,100.00,1024.19,4.06,97.00
Wed 27/05/2026 - 04:34:38,16.05,100.00,1024.24,4.06,97.00
Wed 27/05/2026 - 04:35:12,16.04,100.00,1024.23,4.06,97.00
Wed 27/05/2026 - 04:35:46,16.04,100.00,1024.28,4.06,97.00
Wed 27/05/2026 - 04:36:20,16.04,100.00,1024.26,4.06,97.00
Wed 27/05/2026 - 04:36:54,16.02,100.00,1024.25,4.06,97.00
Wed 27/05/2026 - 04:37:28,16.02,100.00,1024.30,4.06,97.00
Wed 27/05/2026 - 04:38:02,16.02,100.00,1024.24,4.06,97.00
Wed 27/05/2026 - 04:38:36,16.01,100.00,1024.29,4.06,97.00
Wed 27/05/2026 - 04:39:10,16.01,100.00,1024.29,4.06,97.00
Wed 27/05/2026 - 04:39:44,15.99,100.00,1024.31,4.06,97.00
Wed 27/05/2026 - 04:40:17,15.99,100.00,1024.31,4.06,97.00
Wed 27/05/2026 - 04:40:51,15.99,100.00,1024.33,4.06,97.00
Wed 27/05/2026 - 04:41:25,15.99,100.00,1024.39,4.06,97.00
Wed 27/05/2026 - 04:41:59,15.98,100.00,1024.30,4.06,97.00
Wed 27/05/2026 - 04:42:33,15.97,100.00,1024.28,4.06,97.00
Wed 27/05/2026 - 04:43:07,15.97,100.00,1024.39,4.06,97.00
Wed 27/05/2026 - 04:43:41,15.96,100.00,1024.26,4.06,97.00
Wed 27/05/2026 - 04:44:15,15.96,100.00,1024.31,4.06,97.00
Wed 27/05/2026 - 04:44:49,15.96,100.00,1024.25,4.06,97.00
Wed 27/05/2026 - 04:45:23,15.95,100.00,1024.30,4.06,97.00
Wed 27/05/2026 - 04:45:57,15.95,100.00,1024.34,4.06,97.00
Wed 27/05/2026 - 04:46:31,15.93,100.00,1024.32,4.06,97.00
Wed 27/05/2026 - 04:47:05,15.92,100.00,1024.30,4.06,97.00
Wed 27/05/2026 - 04:47:39,15.92,100.00,1024.35,4.06,97.00
Wed 27/05/2026 - 04:48:13,15.92,100.00,1024.40,4.06,97.00
Wed 27/05/2026 - 04:48:47,15.91,100.00,1024.34,4.06,97.00
Wed 27/05/2026 - 04:49:21,15.90,100.00,1024.37,4.06,97.00
Wed 27/05/2026 - 04:49:55,15.89,100.00,1024.36,4.05,97.00
Wed 27/05/2026 - 04:50:29,15.89,100.00,1024.37,4.05,97.00
Wed 27/05/2026 - 04:51:03,15.88,100.00,1024.38,4.05,97.00
Wed 27/05/2026 - 04:51:37,15.87,100.00,1024.35,4.06,97.00
Wed 27/05/2026 - 04:52:11,15.88,100.00,1024.41,4.06,97.00
Wed 27/05/2026 - 04:52:45,15.87,100.00,1024.42,4.05,97.00
Wed 27/05/2026 - 04:53:19,15.87,100.00,1024.39,4.06,97.00
Wed 27/05/2026 - 04:53:53,15.85,100.00,1024.44,4.05,97.00
Wed 27/05/2026 - 04:54:27,15.85,100.00,1024.34,4.05,97.00
Wed 27/05/2026 - 04:55:01,15.84,100.00,1024.29,4.06,97.00
Wed 27/05/2026 - 04:55:35,15.83,100.00,1024.30,4.05,97.00
Wed 27/05/2026 - 04:56:09,15.82,100.00,1024.33,4.05,97.00
Wed 27/05/2026 - 04:56:43,15.82,100.00,1024.28,4.06,97.00
Wed 27/05/2026 - 04:57:17,15.82,100.00,1024.33,4.05,97.00
Wed 27/05/2026 - 04:57:51,15.81,100.00,1024.32,4.05,97.00
Wed 27/05/2026 - 04:58:25,15.80,100.00,1024.33,4.05,97.00
Wed 27/05/2026 - 04:58:59,15.79,100.00,1024.39,4.05,97.00
Wed 27/05/2026 - 04:59:33,15.78,100.00,1024.41,4.05,97.00
Wed 27/05/2026 - 05:00:07,15.78,100.00,1024.40,4.05,97.00
Wed 27/05/2026 - 05:00:41,15.78,100.00,1024.48,4.05,97.00
Wed 27/05/2026 - 05:01:15,15.76,100.00,1024.40,4.05,97.00
Wed 27/05/2026 - 05:01:49,15.76,100.00,1024.48,4.05,97.00
Wed 27/05/2026 - 05:02:23,15.76,100.00,1024.50,4.05,97.00
Wed 27/05/2026 - 05:02:57,15.73,100.00,1024.46,4.05,97.00
Wed 27/05/2026 - 05:03:31,15.74,100.00,1024.45,4.05,97.00
Wed 27/05/2026 - 05:04:05,15.73,100.00,1024.43,4.05,97.00
Wed 27/05/2026 - 05:04:39,15.71,100.00,1024.39,4.05,97.00
Wed 27/05/2026 - 05:05:13,15.72,100.00,1024.46,4.05,97.00
Wed 27/05/2026 - 05:05:47,15.72,100.00,1024.43,4.05,97.00
Wed 27/05/2026 - 05:06:21,15.71,100.00,1024.44,4.05,97.00
Wed 27/05/2026 - 05:06:55,15.71,100.00,1024.41,4.05,97.00
Wed 27/05/2026 - 05:07:29,15.70,100.00,1024.45,4.05,97.00
Wed 27/05/2026 - 05:08:03,15.69,100.00,1024.44,4.05,97.00
Wed 27/05/2026 - 05:08:37,15.68,100.00,1024.39,4.05,97.00
Wed 27/05/2026 - 05:09:11,15.67,100.00,1024.41,4.05,97.00
Wed 27/05/2026 - 05:09:45,15.66,100.00,1024.35,4.05,97.00
Wed 27/05/2026 - 05:10:19,15.66,100.00,1024.33,4.05,96.00
Wed 27/05/2026 - 05:10:53,15.65,100.00,1024.40,4.05,97.00
Wed 27/05/2026 - 05:11:27,15.65,100.00,1024.42,4.05,97.00
Wed 27/05/2026 - 05:12:01,15.64,100.00,1024.41,4.05,97.00
Wed 27/05/2026 - 05:12:35,15.64,100.00,1024.41,4.05,97.00
Wed 27/05/2026 - 05:13:09,15.63,100.00,1024.44,4.05,97.00
Wed 27/05/2026 - 05:13:43,15.63,100.00,1024.54,4.05,96.00
Wed 27/05/2026 - 05:14:17,15.63,100.00,1024.46,4.05,96.00
Wed 27/05/2026 - 05:14:51,15.62,100.00,1024.43,4.05,96.00
Wed 27/05/2026 - 05:15:25,15.61,100.00,1024.48,4.05,97.00
Wed 27/05/2026 - 05:15:59,15.60,100.00,1024.46,4.05,96.00
Wed 27/05/2026 - 05:16:33,15.60,100.00,1024.38,4.05,97.00
Wed 27/05/2026 - 05:17:07,15.58,100.00,1024.41,4.05,96.00
Wed 27/05/2026 - 05:17:41,15.58,100.00,1024.43,4.05,96.00
Wed 27/05/2026 - 05:18:15,15.56,100.00,1024.34,4.05,96.00
Wed 27/05/2026 - 05:18:49,15.56,100.00,1024.38,4.05,96.00
Wed 27/05/2026 - 05:19:22,15.56,100.00,1024.39,4.05,96.00
Wed 27/05/2026 - 05:19:56,15.55,100.00,1024.36,4.05,96.00
Wed 27/05/2026 - 05:20:30,15.55,100.00,1024.43,4.05,96.00
Wed 27/05/2026 - 05:21:04,15.55,100.00,1024.43,4.05,96.00
Wed 27/05/2026 - 05:21:38,15.54,100.00,1024.40,4.05,96.00
Wed 27/05/2026 - 05:22:12,15.53,100.00,1024.47,4.05,96.00
Wed 27/05/2026 - 05:22:46,15.53,100.00,1024.41,4.05,96.00
Wed 27/05/2026 - 05:23:20,15.52,100.00,1024.47,4.05,96.00
Wed 27/05/2026 - 05:23:54,15.51,100.00,1024.43,4.05,96.00
Wed 27/05/2026 - 05:24:28,15.51,100.00,1024.46,4.05,96.00
Wed 27/05/2026 - 05:25:02,15.49,100.00,1024.48,4.05,97.00
Wed 27/05/2026 - 05:25:36,15.49,100.00,1024.48,4.05,96.00
Wed 27/05/2026 - 05:26:10,15.49,100.00,1024.52,4.05,96.00
Wed 27/05/2026 - 05:26:44,15.48,100.00,1024.54,4.05,96.00
Wed 27/05/2026 - 05:27:18,15.48,100.00,1024.57,4.05,96.00
Wed 27/05/2026 - 05:27:52,15.48,100.00,1024.59,4.05,96.00
Wed 27/05/2026 - 05:28:26,15.46,100.00,1024.59,4.05,96.00
Wed 27/05/2026 - 05:29:00,15.47,100.00,1024.55,4.05,96.00
Wed 27/05/2026 - 05:29:34,15.46,100.00,1024.64,4.05,96.00
Wed 27/05/2026 - 05:30:08,15.45,100.00,1024.57,4.05,96.00
Wed 27/05/2026 - 05:30:42,15.44,100.00,1024.58,4.05,96.00
Wed 27/05/2026 - 05:31:16,15.44,100.00,1024.55,4.05,96.00
Wed 27/05/2026 - 05:31:50,15.44,100.00,1024.53,4.05,96.00
Wed 27/05/2026 - 05:32:24,15.42,100.00,1024.51,4.05,96.00
Wed 27/05/2026 - 05:32:58,15.42,100.00,1024.46,4.05,96.00
Wed 27/05/2026 - 05:33:32,15.42,100.00,1024.52,4.05,96.00
Wed 27/05/2026 - 05:34:06,15.41,100.00,1024.44,4.05,96.00
Wed 27/05/2026 - 05:34:40,15.40,100.00,1024.39,4.05,96.00
Wed 27/05/2026 - 05:35:14,15.40,100.00,1024.38,4.05,96.00
Wed 27/05/2026 - 05:35:48,15.39,100.00,1024.41,4.05,96.00
Wed 27/05/2026 - 05:36:22,15.38,100.00,1024.45,4.05,96.00
Wed 27/05/2026 - 05:36:56,15.38,100.00,1024.45,4.05,96.00
Wed 27/05/2026 - 05:37:30,15.37,100.00,1024.43,4.05,96.00
Wed 27/05/2026 - 05:38:04,15.37,100.00,1024.49,4.05,96.00
Wed 27/05/2026 - 05:38:38,15.37,100.00,1024.53,4.05,96.00
Wed 27/05/2026 - 05:39:12,15.36,100.00,1024.60,4.05,96.00
Wed 27/05/2026 - 05:39:46,15.35,100.00,1024.56,4.05,96.00
Wed 27/05/2026 - 05:40:20,15.35,100.00,1024.61,4.05,96.00
Wed 27/05/2026 - 05:40:54,15.35,100.00,1024.61,4.05,96.00
Wed 27/05/2026 - 05:41:28,15.35,100.00,1024.66,4.05,96.00
Wed 27/05/2026 - 05:42:02,15.35,100.00,1024.64,4.05,96.00
Wed 27/05/2026 - 05:42:36,15.34,100.00,1024.75,4.05,96.00
Wed 27/05/2026 - 05:43:10,15.34,100.00,1024.73,4.05,96.00
Wed 27/05/2026 - 05:43:44,15.33,100.00,1024.74,4.05,96.00
Wed 27/05/2026 - 05:44:18,15.32,100.00,1024.72,4.05,96.00
Wed 27/05/2026 - 05:44:52,15.32,100.00,1024.77,4.05,96.00
Wed 27/05/2026 - 05:45:26,15.32,100.00,1024.82,4.05,96.00
Wed 27/05/2026 - 05:46:00,15.32,100.00,1024.77,4.05,96.00
Wed 27/05/2026 - 05:46:34,15.31,100.00,1024.78,4.05,96.00
Wed 27/05/2026 - 05:47:08,15.31,100.00,1024.70,4.05,96.00
Wed 27/05/2026 - 05:47:42,15.30,100.00,1024.74,4.05,96.00
Wed 27/05/2026 - 05:48:16,15.29,100.00,1024.78,4.05,96.00
Wed 27/05/2026 - 05:48:50,15.30,100.00,1024.79,4.05,96.00
Wed 27/05/2026 - 05:49:24,15.29,100.00,1024.72,4.05,96.00
Wed 27/05/2026 - 05:49:58,15.28,100.00,1024.73,4.05,96.00
Wed 27/05/2026 - 05:50:32,15.28,100.00,1024.76,4.05,96.00
Wed 27/05/2026 - 05:51:06,15.28,100.00,1024.75,4.05,96.00
Wed 27/05/2026 - 05:51:40,15.27,100.00,1024.68,4.05,96.00
Wed 27/05/2026 - 05:52:14,15.27,100.00,1024.72,4.05,96.00
Wed 27/05/2026 - 05:52:48,15.27,100.00,1024.69,4.05,96.00
Wed 27/05/2026 - 05:53:22,15.27,100.00,1024.69,4.05,96.00
Wed 27/05/2026 - 05:53:56,15.25,100.00,1024.65,4.05,96.00
Wed 27/05/2026 - 05:54:30,15.25,100.00,1024.65,4.05,96.00
Wed 27/05/2026 - 05:55:04,15.25,100.00,1024.63,4.05,96.00
Wed 27/05/2026 - 05:55:38,15.25,100.00,1024.68,4.05,96.00
Wed 27/05/2026 - 05:56:12,15.24,100.00,1024.64,4.05,96.00
Wed 27/05/2026 - 05:56:46,15.25,100.00,1024.71,4.05,96.00
Wed 27/05/2026 - 05:57:20,15.24,100.00,1024.74,4.05,96.00
Wed 27/05/2026 - 05:57:54,15.23,100.00,1024.73,4.05,96.00
Wed 27/05/2026 - 05:58:28,15.24,100.00,1024.76,4.05,96.00
Wed 27/05/2026 - 05:59:02,15.22,100.00,1024.74,4.05,96.00
Wed 27/05/2026 - 05:59:36,15.23,100.00,1024.77,4.05,96.00
Wed 27/05/2026 - 06:00:10,15.24,100.00,1024.74,4.05,96.00
Wed 27/05/2026 - 06:00:44,15.23,100.00,1024.73,4.05,96.00
Wed 27/05/2026 - 06:01:18,15.23,100.00,1024.74,4.05,96.00
Wed 27/05/2026 - 06:01:52,15.22,100.00,1024.79,4.05,96.00
Wed 27/05/2026 - 06:02:26,15.21,100.00,1024.68,4.05,96.00
Wed 27/05/2026 - 06:03:00,15.20,100.00,1024.67,4.05,96.00
Wed 27/05/2026 - 06:03:34,15.20,100.00,1024.62,4.05,96.00
Wed 27/05/2026 - 06:04:08,15.21,100.00,1024.71,4.05,96.00
Wed 27/05/2026 - 06:04:42,15.21,100.00,1024.63,4.05,96.00
Wed 27/05/2026 - 06:05:16,15.21,100.00,1024.74,4.05,96.00
Wed 27/05/2026 - 06:05:50,15.20,100.00,1024.75,4.05,96.00
Wed 27/05/2026 - 06:06:24,15.21,100.00,1024.79,4.05,96.00
Wed 27/05/2026 - 06:06:58,15.21,100.00,1024.76,4.05,96.00
Wed 27/05/2026 - 06:07:32,15.21,100.00,1024.79,4.05,96.00
Wed 27/05/2026 - 06:08:06,15.21,100.00,1024.77,4.05,96.00
Wed 27/05/2026 - 06:08:40,15.20,100.00,1024.80,4.05,96.00
Wed 27/05/2026 - 06:09:14,15.21,100.00,1024.84,4.05,96.00
Wed 27/05/2026 - 06:09:48,15.20,100.00,1024.85,4.05,96.00
Wed 27/05/2026 - 06:10:22,15.19,100.00,1024.87,4.05,96.00
Wed 27/05/2026 - 06:10:56,15.19,100.00,1024.92,4.05,96.00
Wed 27/05/2026 - 06:11:30,15.19,100.00,1024.93,4.05,96.00
Wed 27/05/2026 - 06:12:03,15.18,100.00,1024.96,4.05,96.00
Wed 27/05/2026 - 06:12:37,15.18,100.00,1024.90,4.05,96.00
Wed 27/05/2026 - 06:13:11,15.17,100.00,1024.94,4.05,96.00
Wed 27/05/2026 - 06:13:45,15.18,100.00,1024.98,4.05,96.00
Wed 27/05/2026 - 06:14:19,15.17,100.00,1024.92,4.05,96.00
Wed 27/05/2026 - 06:14:53,15.18,100.00,1024.98,4.05,96.00
Wed 27/05/2026 - 06:15:27,15.18,100.00,1024.95,4.05,96.00
Wed 27/05/2026 - 06:16:01,15.16,100.00,1024.93,4.05,96.00
Wed 27/05/2026 - 06:16:35,15.16,100.00,1025.04,4.05,96.00
Wed 27/05/2026 - 06:17:09,15.16,100.00,1024.98,4.05,96.00
Wed 27/05/2026 - 06:17:43,15.16,100.00,1024.97,4.05,96.00
Wed 27/05/2026 - 06:18:17,15.15,100.00,1024.96,4.05,96.00
Wed 27/05/2026 - 06:18:51,15.14,100.00,1025.05,4.05,96.00
Wed 27/05/2026 - 06:19:25,15.14,100.00,1025.05,4.05,96.00
Wed 27/05/2026 - 06:19:59,15.14,100.00,1025.10,4.05,96.00
Wed 27/05/2026 - 06:20:33,15.14,100.00,1025.10,4.05,96.00
Wed 27/05/2026 - 06:21:07,15.13,100.00,1025.06,4.05,96.00
Wed 27/05/2026 - 06:21:41,15.13,100.00,1025.08,4.05,96.00
Wed 27/05/2026 - 06:22:15,15.13,100.00,1025.16,4.05,96.00
Wed 27/05/2026 - 06:22:49,15.11,100.00,1025.16,4.05,96.00
Wed 27/05/2026 - 06:23:23,15.12,100.00,1025.24,4.05,96.00
Wed 27/05/2026 - 06:23:57,15.11,100.00,1025.27,4.05,96.00
Wed 27/05/2026 - 06:24:31,15.12,100.00,1025.33,4.05,96.00
Wed 27/05/2026 - 06:25:05,15.10,100.00,1025.20,4.05,96.00
Wed 27/05/2026 - 06:25:39,15.11,100.00,1025.27,4.05,96.00
Wed 27/05/2026 - 06:26:13,15.10,100.00,1025.33,4.05,96.00
Wed 27/05/2026 - 06:26:47,15.09,100.00,1025.34,4.05,96.00
Wed 27/05/2026 - 06:27:21,15.08,100.00,1025.33,4.05,96.00
Wed 27/05/2026 - 06:27:55,15.08,100.00,1025.36,4.05,96.00
Wed 27/05/2026 - 06:28:29,15.08,100.00,1025.36,4.05,96.00
Wed 27/05/2026 - 06:29:03,15.08,100.00,1025.39,4.05,96.00
Wed 27/05/2026 - 06:29:37,15.06,100.00,1025.35,4.05,96.00
Wed 27/05/2026 - 06:30:11,15.07,100.00,1025.31,4.05,96.00
Wed 27/05/2026 - 06:30:45,15.06,100.00,1025.32,4.05,96.00
Wed 27/05/2026 - 06:31:19,15.06,100.00,1025.29,4.05,96.00
Wed 27/05/2026 - 06:31:53,15.06,100.00,1025.27,4.05,96.00
Wed 27/05/2026 - 06:32:27,15.05,100.00,1025.28,4.05,96.00
Wed 27/05/2026 - 06:33:01,15.05,100.00,1025.33,4.05,96.00
Wed 27/05/2026 - 06:33:35,15.05,100.00,1025.38,4.05,96.00
Wed 27/05/2026 - 06:34:09,15.05,100.00,1025.33,4.05,96.00
Wed 27/05/2026 - 06:34:43,15.04,100.00,1025.34,4.05,96.00
Wed 27/05/2026 - 06:35:17,15.03,100.00,1025.40,4.05,96.00
Wed 27/05/2026 - 06:35:51,15.03,100.00,1025.35,4.05,96.00
Wed 27/05/2026 - 06:36:25,15.03,100.00,1025.35,4.05,96.00
Wed 27/05/2026 - 06:36:59,15.03,100.00,1025.46,4.05,96.00
Wed 27/05/2026 - 06:37:33,15.03,100.00,1025.43,4.05,96.00
Wed 27/05/2026 - 06:38:07,15.03,100.00,1025.46,4.05,96.00
Wed 27/05/2026 - 06:38:41,15.02,100.00,1025.44,4.05,96.00
Wed 27/05/2026 - 06:39:15,15.01,100.00,1025.56,4.05,96.00
Wed 27/05/2026 - 06:39:49,15.00,100.00,1025.55,4.05,96.00
Wed 27/05/2026 - 06:40:23,15.00,100.00,1025.51,4.05,96.00
Wed 27/05/2026 - 06:40:57,15.00,100.00,1025.54,4.05,96.00
Wed 27/05/2026 - 06:41:31,15.00,100.00,1025.51,4.05,96.00
Wed 27/05/2026 - 06:42:05,15.01,100.00,1025.53,4.05,96.00
Wed 27/05/2026 - 06:42:39,14.98,100.00,1025.51,4.05,96.00
Wed 27/05/2026 - 06:43:13,14.99,100.00,1025.55,4.05,96.00
Wed 27/05/2026 - 06:43:47,14.99,100.00,1025.55,4.05,96.00
Wed 27/05/2026 - 06:44:21,14.99,100.00,1025.57,4.05,96.00
Wed 27/05/2026 - 06:44:55,14.98,100.00,1025.53,4.05,96.00
Wed 27/05/2026 - 06:45:29,14.97,100.00,1025.60,4.05,96.00
Wed 27/05/2026 - 06:46:03,14.98,100.00,1025.65,4.05,96.00
Wed 27/05/2026 - 06:46:37,14.97,100.00,1025.59,4.05,96.00
Wed 27/05/2026 - 06:47:11,14.97,100.00,1025.62,4.05,96.00
Wed 27/05/2026 - 06:47:45,14.97,100.00,1025.65,4.05,96.00
Wed 27/05/2026 - 06:48:19,14.96,100.00,1025.60,4.05,96.00
Wed 27/05/2026 - 06:48:53,14.97,100.00,1025.57,4.05,96.00
Wed 27/05/2026 - 06:49:27,14.95,100.00,1025.65,4.05,96.00
Wed 27/05/2026 - 06:50:01,14.95,100.00,1025.59,4.05,96.00
Wed 27/05/2026 - 06:50:35,14.95,100.00,1025.64,4.05,96.00
Wed 27/05/2026 - 06:51:09,14.95,100.00,1025.59,4.05,96.00
Wed 27/05/2026 - 06:51:43,14.94,100.00,1025.57,4.05,96.00
Wed 27/05/2026 - 06:52:17,14.94,100.00,1025.57,4.05,96.00
Wed 27/05/2026 - 06:52:51,14.93,100.00,1025.51,4.05,96.00
Wed 27/05/2026 - 06:53:25,14.93,100.00,1025.55,4.05,96.00
Wed 27/05/2026 - 06:53:59,14.93,100.00,1025.50,4.05,96.00
Wed 27/05/2026 - 06:54:33,14.93,100.00,1025.50,4.05,96.00
Wed 27/05/2026 - 06:55:07,14.91,100.00,1025.52,4.05,96.00
Wed 27/05/2026 - 06:55:41,14.91,100.00,1025.52,4.05,96.00
Wed 27/05/2026 - 06:56:15,14.92,100.00,1025.53,4.05,96.00
Wed 27/05/2026 - 06:56:49,14.92,100.00,1025.51,4.05,96.00
Wed 27/05/2026 - 06:57:23,14.91,100.00,1025.57,4.05,96.00
Wed 27/05/2026 - 06:57:57,14.91,100.00,1025.52,4.05,96.00
Wed 27/05/2026 - 06:58:31,14.91,100.00,1025.47,4.04,96.00
Wed 27/05/2026 - 06:59:05,14.92,100.00,1025.53,4.05,96.00
Wed 27/05/2026 - 06:59:39,14.91,100.00,1025.52,4.05,96.00
Wed 27/05/2026 - 07:00:13,14.90,100.00,1025.53,4.04,96.00
Wed 27/05/2026 - 07:00:47,14.90,100.00,1025.51,4.05,96.00
Wed 27/05/2026 - 07:01:21,14.90,100.00,1025.56,4.05,96.00
Wed 27/05/2026 - 07:01:55,14.91,100.00,1025.47,4.05,96.00
Wed 27/05/2026 - 07:02:28,14.91,100.00,1025.41,4.05,96.00
Wed 27/05/2026 - 07:03:02,14.90,100.00,1025.40,4.05,96.00
Wed 27/05/2026 - 07:03:36,14.91,100.00,1025.46,4.04,96.00
Wed 27/05/2026 - 07:04:10,14.91,100.00,1025.49,4.05,96.00
Wed 27/05/2026 - 07:04:44,14.90,100.00,1025.44,4.04,96.00
Wed 27/05/2026 - 07:05:18,14.91,100.00,1025.41,4.05,96.00
Wed 27/05/2026 - 07:05:52,14.90,100.00,1025.44,4.05,96.00
Wed 27/05/2026 - 07:06:26,14.90,100.00,1025.44,4.05,96.00
Wed 27/05/2026 - 07:07:00,14.90,100.00,1025.51,4.05,96.00
Wed 27/05/2026 - 07:07:34,14.90,100.00,1025.45,4.05,96.00
Wed 27/05/2026 - 07:08:08,14.89,100.00,1025.52,4.05,96.00
Wed 27/05/2026 - 07:08:42,14.88,100.00,1025.45,4.05,96.00
Wed 27/05/2026 - 07:09:16,14.89,100.00,1025.51,4.04,96.00
Wed 27/05/2026 - 07:09:50,14.89,100.00,1025.48,4.05,96.00
Wed 27/05/2026 - 07:10:24,14.89,100.00,1025.51,4.05,96.00
Wed 27/05/2026 - 07:10:58,14.89,100.00,1025.51,4.05,96.00
Wed 27/05/2026 - 07:11:32,14.89,100.00,1025.51,4.04,96.00
Wed 27/05/2026 - 07:12:06,14.89,100.00,1025.53,4.05,96.00
Wed 27/05/2026 - 07:12:40,14.89,100.00,1025.53,4.05,96.00
Wed 27/05/2026 - 07:13:14,14.88,100.00,1025.57,4.04,96.00
Wed 27/05/2026 - 07:13:48,14.87,100.00,1025.51,4.04,96.00
Wed 27/05/2026 - 07:14:22,14.88,100.00,1025.52,4.05,96.00
Wed 27/05/2026 - 07:14:56,14.88,100.00,1025.54,4.04,96.00
Wed 27/05/2026 - 07:15:30,14.87,100.00,1025.50,4.04,96.00
Wed 27/05/2026 - 07:16:04,14.87,100.00,1025.50,4.04,96.00
Wed 27/05/2026 - 07:16:38,14.87,100.00,1025.56,4.04,96.00
Wed 27/05/2026 - 07:17:12,14.87,100.00,1025.53,4.04,96.00
Wed 27/05/2026 - 07:17:46,14.86,100.00,1025.60,4.04,96.00
Wed 27/05/2026 - 07:18:20,14.86,100.00,1025.56,4.04,96.00
Wed 27/05/2026 - 07:18:54,14.86,100.00,1025.59,4.04,96.00
Wed 27/05/2026 - 07:19:28,14.85,100.00,1025.55,4.04,96.00
Wed 27/05/2026 - 07:20:02,14.86,100.00,1025.63,4.04,96.00
Wed 27/05/2026 - 07:20:36,14.85,100.00,1025.60,4.04,96.00
Wed 27/05/2026 - 07:21:10,14.85,100.00,1025.63,4.04,96.00
Wed 27/05/2026 - 07:21:44,14.85,100.00,1025.65,4.04,96.00
Wed 27/05/2026 - 07:22:18,14.85,100.00,1025.60,4.05,96.00
Wed 27/05/2026 - 07:22:52,14.86,100.00,1025.64,4.04,96.00
Wed 27/05/2026 - 07:23:26,14.86,100.00,1025.59,4.04,96.00
Wed 27/05/2026 - 07:24:00,14.85,100.00,1025.63,4.04,96.00
Wed 27/05/2026 - 07:24:34,14.87,100.00,1025.58,4.05,96.00
Wed 27/05/2026 - 07:25:08,14.87,100.00,1025.56,4.05,96.00
Wed 27/05/2026 - 07:25:42,14.86,100.00,1025.65,4.04,96.00
Wed 27/05/2026 - 07:26:16,14.87,100.00,1025.67,4.04,96.00
Wed 27/05/2026 - 07:26:50,14.85,100.00,1025.61,4.04,96.00
Wed 27/05/2026 - 07:27:24,14.85,100.00,1025.60,4.04,96.00
Wed 27/05/2026 - 07:27:58,14.82,100.00,1025.57,4.04,96.00
Wed 27/05/2026 - 07:28:32,14.82,100.00,1025.72,4.04,96.00
Wed 27/05/2026 - 07:29:06,14.85,100.00,1025.65,4.04,96.00
Wed 27/05/2026 - 07:29:40,14.86,100.00,1025.70,4.04,96.00
Wed 27/05/2026 - 07:30:14,14.86,100.00,1025.78,4.04,96.00
Wed 27/05/2026 - 07:30:48,14.83,100.00,1025.78,4.04,96.00
Wed 27/05/2026 - 07:31:22,14.87,100.00,1025.85,4.04,96.00
Wed 27/05/2026 - 07:31:56,14.89,100.00,1025.80,4.04,96.00
Wed 27/05/2026 - 07:32:30,14.84,100.00,1025.83,4.04,96.00
Wed 27/05/2026 - 07:33:04,14.83,100.00,1025.76,4.04,96.00
Wed 27/05/2026 - 07:33:38,14.83,100.00,1025.86,4.04,96.00
Wed 27/05/2026 - 07:34:12,14.80,100.00,1025.79,4.04,96.00
Wed 27/05/2026 - 07:34:45,14.80,100.00,1025.86,4.04,96.00
Wed 27/05/2026 - 07:35:19,14.78,100.00,1025.84,4.04,96.00
Wed 27/05/2026 - 07:35:53,14.76,100.00,1025.90,4.04,96.00
Wed 27/05/2026 - 07:36:27,14.72,100.00,1025.84,4.04,96.00
Wed 27/05/2026 - 07:37:01,14.71,100.00,1025.87,4.04,96.00
Wed 27/05/2026 - 07:37:35,14.69,100.00,1025.91,4.04,96.00
Wed 27/05/2026 - 07:38:09,14.69,100.00,1025.95,4.04,96.00
Wed 27/05/2026 - 07:38:43,14.69,100.00,1025.95,4.04,96.00
Wed 27/05/2026 - 07:39:17,14.68,100.00,1026.00,4.04,96.00
Wed 27/05/2026 - 07:39:51,14.65,100.00,1026.01,4.04,96.00
Wed 27/05/2026 - 07:40:25,14.65,100.00,1025.92,4.04,96.00
Wed 27/05/2026 - 07:40:59,14.62,100.00,1025.99,4.04,96.00
Wed 27/05/2026 - 07:41:33,14.63,100.00,1025.96,4.04,96.00
Wed 27/05/2026 - 07:42:07,14.61,100.00,1026.01,4.04,96.00
Wed 27/05/2026 - 07:42:41,14.63,100.00,1025.95,4.04,96.00
Wed 27/05/2026 - 07:43:15,14.62,100.00,1025.94,4.04,96.00
Wed 27/05/2026 - 07:43:49,14.65,100.00,1025.99,4.04,96.00
Wed 27/05/2026 - 07:44:23,14.62,100.00,1025.94,4.04,96.00
Wed 27/05/2026 - 07:44:57,14.59,100.00,1025.86,4.04,96.00
Wed 27/05/2026 - 07:45:31,14.56,100.00,1025.92,4.04,96.00
Wed 27/05/2026 - 07:46:05,14.54,100.00,1025.94,4.04,96.00
Wed 27/05/2026 - 07:46:39,14.53,100.00,1025.92,4.04,96.00
Wed 27/05/2026 - 07:47:13,14.52,100.00,1025.98,4.04,96.00
Wed 27/05/2026 - 07:47:47,14.50,100.00,1025.90,4.04,96.00
Wed 27/05/2026 - 07:48:21,14.49,100.00,1025.85,4.04,96.00
Wed 27/05/2026 - 07:48:55,14.50,100.00,1025.87,4.04,96.00
Wed 27/05/2026 - 07:49:29,14.49,100.00,1025.87,4.04,96.00
Wed 27/05/2026 - 07:50:03,14.49,100.00,1025.82,4.04,96.00
Wed 27/05/2026 - 07:50:37,14.48,100.00,1025.80,4.04,96.00
Wed 27/05/2026 - 07:51:11,14.48,100.00,1025.77,4.04,96.00
Wed 27/05/2026 - 07:51:45,14.48,100.00,1025.78,4.04,96.00
Wed 27/05/2026 - 07:52:19,14.46,100.00,1025.68,4.04,96.00
Wed 27/05/2026 - 07:52:53,14.46,100.00,1025.75,4.04,96.00
Wed 27/05/2026 - 07:53:27,14.46,100.00,1025.69,4.04,96.00
Wed 27/05/2026 - 07:54:01,14.47,100.00,1025.70,4.04,96.00
Wed 27/05/2026 - 07:54:35,14.47,100.00,1025.75,4.04,96.00
Wed 27/05/2026 - 07:55:09,14.44,100.00,1025.68,4.04,96.00
Wed 27/05/2026 - 07:55:43,14.43,100.00,1025.72,4.04,96.00
Wed 27/05/2026 - 07:56:17,14.41,100.00,1025.68,4.04,96.00
Wed 27/05/2026 - 07:56:51,14.39,100.00,1025.65,4.04,96.00
Wed 27/05/2026 - 07:57:25,14.38,100.00,1025.69,4.04,96.00
Wed 27/05/2026 - 07:57:59,14.37,100.00,1025.62,4.04,96.00
Wed 27/05/2026 - 07:58:33,14.35,100.00,1025.61,4.04,96.00
Wed 27/05/2026 - 07:59:07,14.34,100.00,1025.62,4.04,96.00
Wed 27/05/2026 - 07:59:41,14.35,100.00,1025.63,4.04,96.00
Wed 27/05/2026 - 08:00:15,14.35,100.00,1025.63,4.04,96.00
Wed 27/05/2026 - 08:00:49,14.36,100.00,1025.65,4.04,96.00
Wed 27/05/2026 - 08:01:23,14.38,100.00,1025.62,4.04,96.00
Wed 27/05/2026 - 08:01:57,14.39,100.00,1025.64,4.04,96.00
Wed 27/05/2026 - 08:02:31,14.39,100.00,1025.65,4.04,96.00
Wed 27/05/2026 - 08:03:05,14.41,100.00,1025.68,4.04,96.00
Wed 27/05/2026 - 08:03:39,14.43,100.00,1025.68,4.04,96.00
Wed 27/05/2026 - 08:04:13,14.41,100.00,1025.66,4.04,96.00
Wed 27/05/2026 - 08:04:47,14.44,100.00,1025.63,4.04,96.00
Wed 27/05/2026 - 08:05:21,14.46,100.00,1025.66,4.04,96.00
Wed 27/05/2026 - 08:05:55,14.48,100.00,1025.74,4.04,96.00
Wed 27/05/2026 - 08:06:28,14.49,100.00,1025.80,4.04,96.00
Wed 27/05/2026 - 08:07:02,14.49,100.00,1025.72,4.04,96.00
Wed 27/05/2026 - 08:07:36,14.50,100.00,1025.73,4.04,96.00
Wed 27/05/2026 - 08:08:10,14.51,100.00,1025.75,4.04,96.00
Wed 27/05/2026 - 08:08:44,14.53,100.00,1025.64,4.04,96.00
Wed 27/05/2026 - 08:09:18,14.55,100.00,1025.66,4.04,96.00
Wed 27/05/2026 - 08:09:52,14.57,100.00,1025.67,4.04,96.00
Wed 27/05/2026 - 08:10:26,14.60,100.00,1025.67,4.04,96.00
Wed 27/05/2026 - 08:11:00,14.62,100.00,1025.57,4.04,96.00
Wed 27/05/2026 - 08:11:34,14.65,100.00,1025.60,4.04,96.00
Wed 27/05/2026 - 08:12:08,14.64,100.00,1025.54,4.04,96.00
Wed 27/05/2026 - 08:12:42,14.65,100.00,1025.58,4.05,96.00
Wed 27/05/2026 - 08:13:16,14.66,100.00,1025.63,4.04,96.00
Wed 27/05/2026 - 08:13:50,14.66,100.00,1025.62,4.04,96.00
Wed 27/05/2026 - 08:14:24,14.65,100.00,1025.60,4.04,96.00
Wed 27/05/2026 - 08:14:58,14.66,100.00,1025.62,4.04,96.00
Wed 27/05/2026 - 08:15:32,14.66,100.00,1025.67,4.04,96.00
Wed 27/05/2026 - 08:16:06,14.69,100.00,1025.70,4.04,96.00
Wed 27/05/2026 - 08:16:40,14.70,100.00,1025.58,4.05,96.00
Wed 27/05/2026 - 08:17:14,14.73,100.00,1025.58,4.04,96.00
Wed 27/05/2026 - 08:17:48,14.75,100.00,1025.56,4.04,96.00
Wed 27/05/2026 - 08:18:22,14.75,100.00,1025.67,4.04,96.00
Wed 27/05/2026 - 08:18:56,14.77,100.00,1025.58,4.05,96.00
Wed 27/05/2026 - 08:19:30,14.75,100.00,1025.56,4.04,96.00
Wed 27/05/2026 - 08:20:04,14.77,100.00,1025.58,4.04,96.00
Wed 27/05/2026 - 08:20:38,14.77,100.00,1025.55,4.04,96.00
Wed 27/05/2026 - 08:21:12,14.78,100.00,1025.61,4.04,96.00
Wed 27/05/2026 - 08:21:46,14.78,100.00,1025.59,4.05,96.00
Wed 27/05/2026 - 08:22:20,14.80,100.00,1025.65,4.04,96.00
Wed 27/05/2026 - 08:22:54,14.80,100.00,1025.59,4.04,96.00
Wed 27/05/2026 - 08:23:28,14.80,100.00,1025.65,4.04,96.00
Wed 27/05/2026 - 08:24:02,14.82,100.00,1025.57,4.04,96.00
Wed 27/05/2026 - 08:24:36,14.84,100.00,1025.53,4.04,96.00
Wed 27/05/2026 - 08:25:10,14.86,100.00,1025.64,4.04,96.00
Wed 27/05/2026 - 08:25:44,14.88,100.00,1025.57,4.05,96.00
Wed 27/05/2026 - 08:26:18,14.89,100.00,1025.64,4.04,96.00
Wed 27/05/2026 - 08:26:52,14.90,100.00,1025.61,4.04,96.00
Wed 27/05/2026 - 08:27:26,14.93,100.00,1025.60,4.05,96.00
Wed 27/05/2026 - 08:28:00,14.96,100.00,1025.58,4.04,96.00
Wed 27/05/2026 - 08:28:34,14.99,100.00,1025.64,4.05,96.00
Wed 27/05/2026 - 08:29:08,15.03,100.00,1025.62,4.05,96.00
Wed 27/05/2026 - 08:29:42,15.08,100.00,1025.70,4.05,96.00
Wed 27/05/2026 - 08:30:16,15.11,100.00,1025.67,4.05,96.00
Wed 27/05/2026 - 08:30:50,15.13,100.00,1025.71,4.05,96.00
Wed 27/05/2026 - 08:31:24,15.14,100.00,1025.70,4.05,96.00
Wed 27/05/2026 - 08:31:58,15.16,100.00,1025.82,4.05,96.00
Wed 27/05/2026 - 08:32:32,15.20,100.00,1025.80,4.05,96.00
Wed 27/05/2026 - 08:33:06,15.22,100.00,1025.76,4.05,96.00
Wed 27/05/2026 - 08:33:40,15.27,100.00,1025.76,4.05,96.00
Wed 27/05/2026 - 08:34:14,15.33,100.00,1025.82,4.05,96.00
Wed 27/05/2026 - 08:34:48,15.39,100.00,1025.80,4.05,96.00
Wed 27/05/2026 - 08:35:22,15.41,100.00,1025.79,4.05,96.00
Wed 27/05/2026 - 08:35:56,15.44,100.00,1025.82,4.05,96.00
Wed 27/05/2026 - 08:36:30,15.48,100.00,1025.88,4.05,96.00
Wed 27/05/2026 - 08:37:04,15.51,100.00,1025.82,4.05,96.00
Wed 27/05/2026 - 08:37:38,15.53,100.00,1025.89,4.05,96.00
Wed 27/05/2026 - 08:38:12,15.60,100.00,1025.92,4.05,96.00
Wed 27/05/2026 - 08:38:46,15.61,100.00,1025.91,4.05,96.00
Wed 27/05/2026 - 08:39:20,15.65,100.00,1025.92,4.05,96.00
Wed 27/05/2026 - 08:39:54,15.70,100.00,1025.96,4.05,96.00
Wed 27/05/2026 - 08:40:28,15.75,100.00,1025.97,4.05,96.00
Wed 27/05/2026 - 08:41:02,15.74,100.00,1025.90,4.05,96.00
Wed 27/05/2026 - 08:41:36,15.77,100.00,1025.98,4.05,96.00
Wed 27/05/2026 - 08:42:10,15.78,100.00,1025.96,4.05,96.00
Wed 27/05/2026 - 08:42:43,15.82,100.00,1025.95,4.05,97.00
Wed 27/05/2026 - 08:43:17,15.86,100.00,1025.91,4.05,96.00
Wed 27/05/2026 - 08:43:51,15.90,100.00,1025.98,4.05,96.00
Wed 27/05/2026 - 08:44:25,15.95,100.00,1025.99,4.05,97.00
Wed 27/05/2026 - 08:44:59,16.07,100.00,1026.01,4.05,97.00
Wed 27/05/2026 - 08:45:33,16.16,100.00,1025.95,4.05,97.00
Wed 27/05/2026 - 08:46:07,16.26,100.00,1025.90,4.05,97.00
Wed 27/05/2026 - 08:46:41,16.35,100.00,1025.97,4.06,97.00
Wed 27/05/2026 - 08:47:15,16.45,100.00,1025.96,4.06,97.00
Wed 27/05/2026 - 08:47:49,16.56,100.00,1025.87,4.06,97.00
Wed 27/05/2026 - 08:48:23,16.61,100.00,1025.96,4.06,97.00
Wed 27/05/2026 - 08:48:57,16.62,100.00,1025.97,4.05,97.00
Wed 27/05/2026 - 08:49:31,16.60,100.00,1025.91,4.05,97.00
Wed 27/05/2026 - 08:50:05,16.62,100.00,1026.00,4.05,97.00
Wed 27/05/2026 - 08:50:39,16.64,100.00,1026.01,4.05,97.00
Wed 27/05/2026 - 08:51:13,16.64,100.00,1026.04,4.06,97.00
Wed 27/05/2026 - 08:51:47,16.71,100.00,1026.03,4.06,97.00
Wed 27/05/2026 - 08:52:21,16.81,100.00,1026.04,4.06,97.00
Wed 27/05/2026 - 08:52:55,16.95,100.00,1026.06,4.07,97.00
Wed 27/05/2026 - 08:53:29,17.12,100.00,1026.11,4.08,97.00
Wed 27/05/2026 - 08:54:03,17.24,100.00,1026.07,4.08,97.00
Wed 27/05/2026 - 08:54:37,17.38,100.00,1026.07,4.08,97.00
Wed 27/05/2026 - 08:55:11,17.48,100.00,1025.97,4.08,97.00
Wed 27/05/2026 - 08:55:45,17.67,100.00,1026.03,4.08,97.00
Wed 27/05/2026 - 08:56:19,17.90,100.00,1026.05,4.08,97.00
Wed 27/05/2026 - 08:56:53,18.04,100.00,1026.02,4.08,97.00
Wed 27/05/2026 - 08:57:27,18.23,100.00,1026.00,4.09,97.00
Wed 27/05/2026 - 08:58:01,18.36,100.00,1026.08,4.08,97.00
Wed 27/05/2026 - 08:58:35,18.55,99.88,1026.02,4.10,98.00
Wed 27/05/2026 - 08:59:09,18.84,98.99,1026.06,4.11,98.00
Wed 27/05/2026 - 08:59:43,19.12,99.45,1026.05,4.10,98.00
Wed 27/05/2026 - 09:00:17,19.33,97.68,1026.03,4.11,98.00
Wed 27/05/2026 - 09:00:51,19.52,95.93,1025.98,4.11,98.00
Wed 27/05/2026 - 09:01:25,19.73,93.31,1025.96,4.11,98.00
Wed 27/05/2026 - 09:01:59,19.94,95.37,1025.97,4.11,98.00
Wed 27/05/2026 - 09:02:33,20.16,90.15,1025.99,4.11,98.00
Wed 27/05/2026 - 09:03:07,20.40,89.41,1026.00,4.12,98.00
Wed 27/05/2026 - 09:03:41,20.64,88.22,1026.00,4.12,98.00
Wed 27/05/2026 - 09:04:15,20.87,87.75,1025.94,4.13,98.00
Wed 27/05/2026 - 09:04:49,21.12,86.57,1026.00,4.13,98.00
Wed 27/05/2026 - 09:05:23,21.35,84.79,1026.02,4.13,98.00
Wed 27/05/2026 - 09:05:57,21.54,85.76,1025.94,4.11,98.00
Wed 27/05/2026 - 09:06:31,21.63,83.44,1025.90,4.10,98.00
Wed 27/05/2026 - 09:07:05,21.73,83.15,1025.99,4.10,98.00
Wed 27/05/2026 - 09:07:39,21.86,81.22,1025.97,4.11,98.00
Wed 27/05/2026 - 09:08:13,22.03,80.51,1026.09,4.12,98.00
Wed 27/05/2026 - 09:08:47,22.10,80.33,1026.05,4.11,98.00
Wed 27/05/2026 - 09:09:21,22.27,79.58,1026.00,4.12,98.00
Wed 27/05/2026 - 09:09:55,22.43,78.38,1026.10,4.12,98.00
Wed 27/05/2026 - 09:10:29,22.55,78.25,1026.14,4.12,98.00
Wed 27/05/2026 - 09:11:03,22.64,77.21,1026.05,4.12,98.00
Wed 27/05/2026 - 09:11:37,22.80,76.88,1026.10,4.12,98.00
Wed 27/05/2026 - 09:12:11,22.92,76.06,1026.01,4.11,98.00
Wed 27/05/2026 - 09:12:45,22.96,75.43,1025.99,4.10,98.00
Wed 27/05/2026 - 09:13:19,22.96,75.97,1026.05,4.09,97.00
Wed 27/05/2026 - 09:13:53,22.94,75.06,1026.01,4.09,97.00
Wed 27/05/2026 - 09:14:27,22.91,75.22,1026.04,4.08,97.00
Wed 27/05/2026 - 09:15:01,22.83,76.15,1026.10,4.08,97.00
Wed 27/05/2026 - 09:15:35,22.85,75.30,1026.13,4.08,97.00
Wed 27/05/2026 - 09:16:09,22.88,75.45,1026.07,4.08,97.00
Wed 27/05/2026 - 09:16:43,22.90,75.03,1026.01,4.09,97.00
Wed 27/05/2026 - 09:17:17,22.90,75.03,1026.05,4.09,97.00
Wed 27/05/2026 - 09:17:51,22.83,76.26,1026.15,4.09,97.00
Wed 27/05/2026 - 09:18:24,22.83,75.32,1026.13,4.09,97.00
Wed 27/05/2026 - 09:18:58,22.82,75.10,1026.08,4.08,97.00
Wed 27/05/2026 - 09:19:32,22.79,75.08,1026.16,4.08,97.00
Wed 27/05/2026 - 09:20:06,22.75,75.26,1026.11,4.08,97.00
Wed 27/05/2026 - 09:20:40,22.71,75.37,1026.14,4.08,97.00
Wed 27/05/2026 - 09:21:14,22.68,75.59,1026.17,4.08,97.00
Wed 27/05/2026 - 09:21:48,22.67,75.38,1026.16,4.08,97.00
Wed 27/05/2026 - 09:22:22,22.64,75.81,1026.21,4.08,97.00
Wed 27/05/2026 - 09:22:56,22.58,75.89,1026.27,4.08,97.00
Wed 27/05/2026 - 09:23:30,22.53,75.78,1026.19,4.08,97.00
Wed 27/05/2026 - 09:24:04,22.46,76.09,1026.23,4.08,97.00
Wed 27/05/2026 - 09:24:38,22.41,75.57,1026.31,4.08,97.00
Wed 27/05/2026 - 09:25:12,22.34,76.01,1026.29,4.08,97.00
Wed 27/05/2026 - 09:25:46,22.18,76.37,1026.36,4.08,97.00
Wed 27/05/2026 - 09:26:20,22.11,76.84,1026.34,4.08,97.00
Wed 27/05/2026 - 09:26:54,21.93,76.38,1026.35,4.08,97.00
Wed 27/05/2026 - 09:27:28,21.79,77.57,1026.34,4.08,97.00
Wed 27/05/2026 - 09:28:02,21.61,77.58,1026.36,4.07,97.00
Wed 27/05/2026 - 09:28:36,21.48,78.33,1026.41,4.07,97.00
Wed 27/05/2026 - 09:29:10,21.34,78.62,1026.36,4.07,97.00
Wed 27/05/2026 - 09:29:44,21.19,79.53,1026.35,4.07,97.00
Wed 27/05/2026 - 09:30:18,21.07,80.52,1026.33,4.07,97.00
Wed 27/05/2026 - 09:30:52,20.85,80.71,1026.39,4.07,97.00
Wed 27/05/2026 - 09:31:26,20.66,81.41,1026.39,4.07,97.00
Wed 27/05/2026 - 09:32:00,20.52,82.22,1026.34,4.07,97.00
Wed 27/05/2026 - 09:32:34,20.43,82.47,1026.43,4.08,97.00
Wed 27/05/2026 - 09:33:08,20.33,82.95,1026.45,4.08,97.00
Wed 27/05/2026 - 09:33:42,20.37,83.09,1026.40,4.08,97.00
Wed 27/05/2026 - 09:34:16,20.35,83.90,1026.50,4.08,97.00
Wed 27/05/2026 - 09:34:50,20.43,84.98,1026.53,4.08,97.00
Wed 27/05/2026 - 09:35:24,20.37,84.34,1026.46,4.08,97.00
Wed 27/05/2026 - 09:35:58,20.47,84.24,1026.47,4.08,97.00
Wed 27/05/2026 - 09:36:32,20.35,83.39,1026.54,4.08,97.00
Wed 27/05/2026 - 09:37:06,20.19,83.99,1026.40,4.08,97.00
Wed 27/05/2026 - 09:37:40,20.06,84.31,1026.48,4.08,97.00
Wed 27/05/2026 - 09:38:14,20.05,84.66,1026.51,4.09,97.00
Wed 27/05/2026 - 09:38:48,19.90,85.31,1026.49,4.09,97.00
Wed 27/05/2026 - 09:39:22,19.81,85.67,1026.48,4.09,97.00
Wed 27/05/2026 - 09:39:56,19.81,86.51,1026.47,4.09,97.00
Wed 27/05/2026 - 09:40:30,19.86,85.89,1026.49,4.09,97.00
Wed 27/05/2026 - 09:41:04,19.81,86.39,1026.48,4.09,97.00
Wed 27/05/2026 - 09:41:38,19.90,86.98,1026.47,4.09,97.00
Wed 27/05/2026 - 09:42:12,20.09,86.01,1026.52,4.09,97.00
Wed 27/05/2026 - 09:42:46,20.24,85.83,1026.39,4.09,97.00
Wed 27/05/2026 - 09:43:20,20.26,85.18,1026.44,4.09,97.00
Wed 27/05/2026 - 09:43:54,20.32,85.16,1026.48,4.09,97.00
Wed 27/05/2026 - 09:44:28,20.39,84.92,1026.42,4.09,97.00
Wed 27/05/2026 - 09:45:02,20.40,84.62,1026.37,4.09,97.00
Wed 27/05/2026 - 09:45:36,20.48,84.12,1026.38,4.09,97.00
Wed 27/05/2026 - 09:46:10,20.61,83.92,1026.30,4.09,97.00
Wed 27/05/2026 - 09:46:44,20.78,82.61,1026.30,4.09,97.00
Wed 27/05/2026 - 09:47:18,20.78,81.71,1026.24,4.11,98.00
Wed 27/05/2026 - 09:47:51,20.87,82.24,1026.24,4.12,98.00
Wed 27/05/2026 - 09:48:25,20.98,82.30,1026.15,4.10,98.00
Wed 27/05/2026 - 09:48:59,21.08,80.92,1026.18,4.11,98.00
Wed 27/05/2026 - 09:49:33,21.12,80.89,1026.14,4.11,98.00
Wed 27/05/2026 - 09:50:07,21.20,81.14,1026.14,4.12,98.00
Wed 27/05/2026 - 09:50:41,21.28,80.61,1026.17,4.11,98.00
Wed 27/05/2026 - 09:51:15,21.35,80.11,1026.15,4.10,98.00
Wed 27/05/2026 - 09:51:49,21.44,79.65,1026.12,4.11,98.00
Wed 27/05/2026 - 09:52:23,21.63,80.59,1026.14,4.11,98.00
Wed 27/05/2026 - 09:52:57,21.69,78.91,1026.17,4.10,98.00
Wed 27/05/2026 - 09:53:31,21.75,78.05,1026.17,4.10,98.00
Wed 27/05/2026 - 09:54:05,21.79,78.43,1026.24,4.10,98.00
Wed 27/05/2026 - 09:54:39,21.88,77.95,1026.22,4.10,98.00
Wed 27/05/2026 - 09:55:13,22.01,77.37,1026.34,4.11,98.00
Wed 27/05/2026 - 09:55:47,22.11,77.21,1026.28,4.11,98.00
Wed 27/05/2026 - 09:56:21,22.19,76.62,1026.37,4.11,98.00
Wed 27/05/2026 - 09:56:55,22.27,76.45,1026.35,4.11,98.00
Wed 27/05/2026 - 09:57:29,22.36,76.10,1026.41,4.11,98.00
Wed 27/05/2026 - 09:58:03,22.44,75.53,1026.36,4.11,98.00
Wed 27/05/2026 - 09:58:37,22.50,75.66,1026.40,4.11,98.00
Wed 27/05/2026 - 09:59:11,22.53,75.17,1026.30,4.11,98.00
Wed 27/05/2026 - 09:59:45,22.64,74.78,1026.40,4.11,98.00
Wed 27/05/2026 - 10:00:19,22.69,74.50,1026.35,4.11,98.00
Wed 27/05/2026 - 10:00:53,22.74,74.22,1026.36,4.12,98.00
Wed 27/05/2026 - 10:01:27,22.79,73.97,1026.35,4.11,98.00
Wed 27/05/2026 - 10:02:01,22.83,73.84,1026.37,4.11,98.00
Wed 27/05/2026 - 10:02:35,22.89,73.35,1026.37,4.11,98.00
Wed 27/05/2026 - 10:03:09,22.90,73.15,1026.40,4.11,98.00
Wed 27/05/2026 - 10:03:43,22.98,73.15,1026.46,4.11,98.00
Wed 27/05/2026 - 10:04:17,23.01,72.70,1026.46,4.11,98.00
Wed 27/05/2026 - 10:04:51,23.02,72.59,1026.39,4.11,98.00
Wed 27/05/2026 - 10:05:25,23.00,72.58,1026.45,4.11,98.00
Wed 27/05/2026 - 10:05:59,23.04,72.29,1026.46,4.11,98.00
Wed 27/05/2026 - 10:06:33,23.09,72.37,1026.54,4.11,98.00
Wed 27/05/2026 - 10:07:07,23.13,71.96,1026.57,4.11,98.00
Wed 27/05/2026 - 10:07:41,23.12,71.58,1026.48,4.11,98.00
Wed 27/05/2026 - 10:08:15,23.11,71.95,1026.52,4.11,98.00
Wed 27/05/2026 - 10:08:49,23.06,72.12,1026.55,4.11,98.00
Wed 27/05/2026 - 10:09:23,23.08,71.86,1026.58,4.11,98.00
Wed 27/05/2026 - 10:09:57,23.06,72.16,1026.60,4.11,98.00
Wed 27/05/2026 - 10:10:31,23.02,72.36,1026.57,4.11,98.00
Wed 27/05/2026 - 10:11:05,23.05,72.10,1026.61,4.11,98.00
Wed 27/05/2026 - 10:11:39,23.07,71.99,1026.68,4.11,98.00
Wed 27/05/2026 - 10:12:13,23.08,71.86,1026.63,4.11,98.00
Wed 27/05/2026 - 10:12:47,23.09,71.69,1026.65,4.11,98.00
Wed 27/05/2026 - 10:13:21,23.13,71.95,1026.69,4.11,98.00
Wed 27/05/2026 - 10:13:55,23.11,71.74,1026.72,4.11,98.00
Wed 27/05/2026 - 10:14:29,23.14,71.52,1026.74,4.11,98.00
Wed 27/05/2026 - 10:15:03,23.14,71.47,1026.76,4.11,98.00
Wed 27/05/2026 - 10:15:37,23.13,71.73,1026.80,4.10,98.00
Wed 27/05/2026 - 10:16:11,23.11,71.59,1026.82,4.11,98.00
Wed 27/05/2026 - 10:16:45,22.99,71.36,1026.83,4.11,98.00
Wed 27/05/2026 - 10:17:19,22.88,72.08,1026.78,4.11,98.00
Wed 27/05/2026 - 10:17:53,22.85,72.18,1026.92,4.10,98.00
Wed 27/05/2026 - 10:18:26,22.83,72.06,1026.83,4.10,98.00
Wed 27/05/2026 - 10:19:00,22.80,72.18,1026.87,4.10,98.00
Wed 27/05/2026 - 10:19:34,22.72,72.34,1026.87,4.10,98.00
Wed 27/05/2026 - 10:20:08,22.69,72.62,1026.82,4.10,98.00
Wed 27/05/2026 - 10:20:42,22.88,72.98,1026.92,4.10,98.00
Wed 27/05/2026 - 10:21:16,22.82,71.93,1026.93,4.10,98.00
Wed 27/05/2026 - 10:21:50,22.72,72.39,1026.90,4.10,98.00
Wed 27/05/2026 - 10:22:24,22.63,72.93,1026.91,4.10,98.00
Wed 27/05/2026 - 10:22:58,22.58,73.22,1026.88,4.10,98.00
Wed 27/05/2026 - 10:23:32,22.58,73.19,1026.92,4.10,98.00
Wed 27/05/2026 - 10:24:06,22.57,73.50,1026.99,4.10,98.00
Wed 27/05/2026 - 10:24:40,22.56,73.28,1027.03,4.10,98.00
Wed 27/05/2026 - 10:25:14,22.56,73.37,1027.06,4.10,98.00
Wed 27/05/2026 - 10:25:48,22.55,73.32,1027.06,4.10,98.00
Wed 27/05/2026 - 10:26:22,22.53,73.54,1027.14,4.10,98.00
Wed 27/05/2026 - 10:26:56,22.52,72.98,1027.02,4.10,98.00
Wed 27/05/2026 - 10:27:30,22.64,73.32,1027.08,4.10,98.00
Wed 27/05/2026 - 10:28:04,22.66,72.31,1027.03,4.10,98.00
Wed 27/05/2026 - 10:28:38,22.61,72.60,1027.04,4.10,98.00
Wed 27/05/2026 - 10:29:12,22.56,73.02,1027.01,4.10,98.00
Wed 27/05/2026 - 10:29:46,22.51,73.09,1027.00,4.10,98.00
Wed 27/05/2026 - 10:30:20,22.42,73.49,1027.03,4.10,98.00
Wed 27/05/2026 - 10:30:54,22.32,73.80,1027.05,4.10,98.00
Wed 27/05/2026 - 10:31:28,22.29,73.80,1027.00,4.10,98.00
Wed 27/05/2026 - 10:32:02,22.24,74.00,1027.00,4.10,98.00
Wed 27/05/2026 - 10:32:36,22.18,73.83,1026.93,4.10,98.00
Wed 27/05/2026 - 10:33:10,22.00,74.83,1026.91,4.10,98.00
Wed 27/05/2026 - 10:33:44,21.97,74.95,1026.92,4.10,98.00
Wed 27/05/2026 - 10:34:18,22.00,75.03,1026.90,4.10,98.00
Wed 27/05/2026 - 10:34:52,21.97,75.39,1026.87,4.10,98.00
Wed 27/05/2026 - 10:35:26,21.86,75.91,1026.93,4.10,98.00
Wed 27/05/2026 - 10:36:00,21.77,76.32,1026.85,4.10,98.00
Wed 27/05/2026 - 10:36:34,21.78,76.23,1026.87,4.10,98.00
Wed 27/05/2026 - 10:37:08,21.79,76.21,1026.86,4.10,98.00
Wed 27/05/2026 - 10:37:42,21.82,76.15,1026.86,4.10,98.00
Wed 27/05/2026 - 10:38:16,21.81,76.51,1026.90,4.10,98.00
Wed 27/05/2026 - 10:38:50,21.81,76.48,1026.86,4.10,98.00
Wed 27/05/2026 - 10:39:24,21.66,76.40,1026.88,4.10,98.00
Wed 27/05/2026 - 10:39:58,21.63,76.94,1026.82,4.10,98.00
Wed 27/05/2026 - 10:40:32,21.51,77.33,1026.89,4.10,98.00
Wed 27/05/2026 - 10:41:06,21.52,77.31,1026.88,4.10,98.00
Wed 27/05/2026 - 10:41:40,21.51,77.52,1026.86,4.10,98.00
Wed 27/05/2026 - 10:42:14,21.41,78.00,1026.88,4.10,98.00
Wed 27/05/2026 - 10:42:48,21.45,78.07,1026.90,4.10,98.00
Wed 27/05/2026 - 10:43:22,21.70,77.42,1026.90,4.10,98.00
Wed 27/05/2026 - 10:43:56,21.65,76.98,1026.86,4.10,98.00
Wed 27/05/2026 - 10:44:30,21.55,77.19,1026.88,4.10,98.00
Wed 27/05/2026 - 10:45:04,21.41,77.80,1026.91,4.10,98.00
Wed 27/05/2026 - 10:45:38,21.53,77.50,1026.90,4.10,98.00
Wed 27/05/2026 - 10:46:11,21.62,77.09,1026.87,4.10,98.00
Wed 27/05/2026 - 10:46:45,21.65,77.04,1026.94,4.10,98.00
Wed 27/05/2026 - 10:47:19,21.80,76.59,1026.92,4.10,98.00
Wed 27/05/2026 - 10:47:53,21.86,76.13,1026.95,4.10,98.00
Wed 27/05/2026 - 10:48:27,21.98,75.94,1026.87,4.10,98.00
Wed 27/05/2026 - 10:49:01,22.07,75.46,1026.82,4.10,98.00
Wed 27/05/2026 - 10:49:35,22.21,74.79,1026.84,4.10,98.00
Wed 27/05/2026 - 10:50:09,22.29,75.56,1026.81,4.10,98.00
Wed 27/05/2026 - 10:50:43,22.37,75.38,1026.80,4.11,98.00
Wed 27/05/2026 - 10:51:17,22.35,74.69,1026.86,4.11,98.00
Wed 27/05/2026 - 10:51:51,22.45,74.73,1026.84,4.11,98.00
Wed 27/05/2026 - 10:52:25,22.35,75.00,1026.83,4.11,98.00
Wed 27/05/2026 - 10:52:59,22.39,74.29,1026.77,4.11,98.00
Wed 27/05/2026 - 10:53:33,22.48,74.02,1026.81,4.11,98.00
Wed 27/05/2026 - 10:54:07,22.41,74.30,1026.91,4.11,98.00
Wed 27/05/2026 - 10:54:41,22.45,74.99,1026.79,4.11,98.00
Wed 27/05/2026 - 10:55:15,22.51,74.81,1026.81,4.11,98.00
Wed 27/05/2026 - 10:55:49,22.36,74.77,1026.80,4.11,98.00
Wed 27/05/2026 - 10:56:23,22.29,75.13,1026.79,4.11,98.00
Wed 27/05/2026 - 10:56:57,22.29,75.45,1026.86,4.11,98.00
Wed 27/05/2026 - 10:57:31,22.30,75.41,1026.83,4.11,98.00
Wed 27/05/2026 - 10:58:05,22.27,75.73,1026.78,4.11,98.00
Wed 27/05/2026 - 10:58:39,22.27,75.99,1026.75,4.11,98.00
Wed 27/05/2026 - 10:59:13,22.26,75.16,1026.82,4.11,98.00
Wed 27/05/2026 - 10:59:47,22.25,76.02,1026.78,4.12,98.00
Wed 27/05/2026 - 11:00:21,22.27,76.53,1026.80,4.12,98.00
Wed 27/05/2026 - 11:00:55,22.33,76.70,1026.93,4.12,98.00
Wed 27/05/2026 - 11:01:29,22.47,75.98,1026.79,4.12,98.00
Wed 27/05/2026 - 11:02:03,22.55,75.01,1026.82,4.12,98.00
Wed 27/05/2026 - 11:02:37,22.71,74.53,1026.80,4.12,98.00
Wed 27/05/2026 - 11:03:11,22.70,74.04,1026.81,4.12,98.00
Wed 27/05/2026 - 11:03:45,22.68,74.22,1026.83,4.12,98.00
Wed 27/05/2026 - 11:04:19,22.83,74.33,1026.78,4.13,98.00
Wed 27/05/2026 - 11:04:53,22.85,73.30,1026.81,4.12,98.00
Wed 27/05/2026 - 11:05:27,23.00,73.76,1026.80,4.12,98.00
Wed 27/05/2026 - 11:06:01,23.00,72.91,1026.77,4.12,98.00
Wed 27/05/2026 - 11:06:35,23.14,73.00,1026.79,4.12,98.00
Wed 27/05/2026 - 11:07:09,23.22,71.86,1026.79,4.12,98.00
Wed 27/05/2026 - 11:07:43,23.15,71.71,1026.79,4.13,98.00
Wed 27/05/2026 - 11:08:17,23.25,71.57,1026.67,4.14,98.00
Wed 27/05/2026 - 11:08:51,23.20,71.25,1026.71,4.13,98.00
Wed 27/05/2026 - 11:09:25,23.13,71.51,1026.67,4.13,98.00
Wed 27/05/2026 - 11:09:59,23.18,71.95,1026.65,4.13,98.00
Wed 27/05/2026 - 11:10:33,23.32,71.24,1026.69,4.13,98.00
Wed 27/05/2026 - 11:11:07,23.28,71.45,1026.64,4.13,98.00
Wed 27/05/2026 - 11:11:41,23.25,71.66,1026.49,4.13,98.00
Wed 27/05/2026 - 11:12:15,23.21,71.24,1026.59,4.13,98.00
Wed 27/05/2026 - 11:12:49,23.17,71.35,1026.49,4.13,98.00
Wed 27/05/2026 - 11:13:23,23.17,71.63,1026.61,4.13,98.00
Wed 27/05/2026 - 11:13:57,23.30,71.35,1026.49,4.13,98.00
Wed 27/05/2026 - 11:14:31,23.28,71.52,1026.60,4.13,98.00
Wed 27/05/2026 - 11:15:05,23.28,71.14,1026.49,4.13,98.00
Wed 27/05/2026 - 11:15:39,23.42,70.80,1026.46,4.14,99.00
Wed 27/05/2026 - 11:16:13,23.53,70.29,1026.48,4.13,98.00
Wed 27/05/2026 - 11:16:47,23.48,70.50,1026.50,4.13,98.00
Wed 27/05/2026 - 11:17:21,23.48,70.72,1026.50,4.13,98.00
Wed 27/05/2026 - 11:17:55,23.47,70.65,1026.46,4.12,98.00
Wed 27/05/2026 - 11:18:29,23.42,70.80,1026.46,4.12,98.00
Wed 27/05/2026 - 11:19:03,23.38,71.08,1026.50,4.12,98.00
Wed 27/05/2026 - 11:19:37,23.39,71.00,1026.52,4.12,98.00
Wed 27/05/2026 - 11:20:11,23.48,70.91,1026.53,4.12,98.00
Wed 27/05/2026 - 11:20:45,23.48,70.47,1026.44,4.12,98.00
Wed 27/05/2026 - 11:21:19,23.42,70.64,1026.46,4.12,98.00
Wed 27/05/2026 - 11:21:53,23.36,70.54,1026.41,4.12,98.00
Wed 27/05/2026 - 11:22:27,23.31,70.91,1026.43,4.12,98.00
Wed 27/05/2026 - 11:23:01,23.27,70.87,1026.50,4.12,98.00
Wed 27/05/2026 - 11:23:34,23.24,71.10,1026.59,4.12,98.00
Wed 27/05/2026 - 11:24:08,23.18,71.25,1026.49,4.12,98.00
Wed 27/05/2026 - 11:24:42,23.18,71.25,1026.43,4.12,98.00
Wed 27/05/2026 - 11:25:16,23.11,71.70,1026.48,4.12,98.00
Wed 27/05/2026 - 11:25:50,23.08,71.65,1026.47,4.12,98.00
Wed 27/05/2026 - 11:26:24,23.01,71.91,1026.47,4.11,98.00
Wed 27/05/2026 - 11:26:58,22.96,71.92,1026.54,4.12,98.00
Wed 27/05/2026 - 11:27:32,23.10,71.48,1026.46,4.11,98.00
Wed 27/05/2026 - 11:28:06,23.06,71.30,1026.53,4.11,98.00
Wed 27/05/2026 - 11:28:40,22.99,71.08,1026.54,4.11,98.00
Wed 27/05/2026 - 11:29:14,23.10,71.79,1026.51,4.11,98.00
Wed 27/05/2026 - 11:29:48,22.99,71.47,1026.54,4.12,98.00
Wed 27/05/2026 - 11:30:22,23.12,71.77,1026.48,4.11,98.00
Wed 27/05/2026 - 11:30:56,23.11,71.09,1026.41,4.11,98.00
Wed 27/05/2026 - 11:31:30,23.05,71.33,1026.42,4.11,98.00
Wed 27/05/2026 - 11:32:04,22.93,72.00,1026.47,4.11,98.00
Wed 27/05/2026 - 11:32:38,23.01,72.01,1026.46,4.11,98.00
Wed 27/05/2026 - 11:33:12,22.96,71.98,1026.44,4.11,98.00
Wed 27/05/2026 - 11:33:46,23.03,71.78,1026.39,4.11,98.00
Wed 27/05/2026 - 11:34:20,23.06,71.56,1026.33,4.12,98.00
Wed 27/05/2026 - 11:34:54,22.98,71.43,1026.38,4.12,98.00
Wed 27/05/2026 - 11:35:28,22.89,71.75,1026.39,4.12,98.00
Wed 27/05/2026 - 11:36:02,22.95,71.93,1026.34,4.12,98.00
Wed 27/05/2026 - 11:36:36,23.07,71.61,1026.33,4.12,98.00
Wed 27/05/2026 - 11:37:10,22.97,71.83,1026.39,4.12,98.00
Wed 27/05/2026 - 11:37:44,22.83,72.20,1026.34,4.12,98.00
Wed 27/05/2026 - 11:38:18,22.74,72.68,1026.39,4.12,98.00
Wed 27/05/2026 - 11:38:52,22.69,73.25,1026.36,4.12,98.00
Wed 27/05/2026 - 11:39:26,22.78,73.38,1026.29,4.12,98.00
Wed 27/05/2026 - 11:40:00,23.01,72.57,1026.35,4.12,98.00
Wed 27/05/2026 - 11:40:34,22.96,72.38,1026.33,4.12,98.00
Wed 27/05/2026 - 11:41:08,23.04,72.20,1026.27,4.13,98.00
Wed 27/05/2026 - 11:41:42,23.04,72.06,1026.32,4.12,98.00
Wed 27/05/2026 - 11:42:16,23.08,72.11,1026.31,4.12,98.00
Wed 27/05/2026 - 11:42:50,23.03,72.05,1026.36,4.12,98.00
Wed 27/05/2026 - 11:43:24,23.02,71.98,1026.32,4.12,98.00
Wed 27/05/2026 - 11:43:58,22.96,72.28,1026.32,4.12,98.00
Wed 27/05/2026 - 11:44:32,22.92,72.44,1026.30,4.12,98.00
Wed 27/05/2026 - 11:45:06,22.92,72.65,1026.31,4.12,98.00
Wed 27/05/2026 - 11:45:40,23.03,71.83,1026.28,4.13,98.00
Wed 27/05/2026 - 11:46:14,22.97,72.19,1026.25,4.13,98.00
Wed 27/05/2026 - 11:46:48,22.93,72.01,1026.27,4.13,98.00
Wed 27/05/2026 - 11:47:22,22.87,72.67,1026.22,4.13,98.00
Wed 27/05/2026 - 11:47:56,22.91,72.55,1026.19,4.13,98.00
Wed 27/05/2026 - 11:48:30,22.86,72.70,1026.13,4.13,98.00
Wed 27/05/2026 - 11:49:04,22.86,72.46,1026.15,4.14,98.00
Wed 27/05/2026 - 11:49:38,22.96,72.05,1026.10,4.14,99.00
Wed 27/05/2026 - 11:50:12,23.31,70.80,1026.12,4.14,99.00
Wed 27/05/2026 - 11:50:46,23.41,70.54,1026.05,4.14,99.00
Wed 27/05/2026 - 11:51:20,23.66,69.63,1026.05,4.12,98.00
Wed 27/05/2026 - 11:51:54,23.47,69.89,1026.05,4.13,98.00
Wed 27/05/2026 - 11:52:28,23.40,70.20,1026.09,4.13,98.00
Wed 27/05/2026 - 11:53:02,23.39,70.29,1026.02,4.13,98.00
Wed 27/05/2026 - 11:53:36,23.43,70.43,1026.03,4.14,98.00
Wed 27/05/2026 - 11:54:10,23.52,69.99,1025.97,4.15,99.00
Wed 27/05/2026 - 11:54:43,23.63,69.59,1026.02,4.14,99.00
Wed 27/05/2026 - 11:55:17,23.76,69.22,1026.00,4.14,99.00
Wed 27/05/2026 - 11:55:51,24.25,67.49,1025.94,4.13,98.00
Wed 27/05/2026 - 11:56:25,24.40,66.80,1025.95,4.13,98.00
Wed 27/05/2026 - 11:56:59,24.35,66.61,1025.96,4.13,98.00
Wed 27/05/2026 - 11:57:33,24.32,66.76,1025.86,4.14,99.00
Wed 27/05/2026 - 11:58:07,24.64,65.86,1025.85,4.14,99.00
Wed 27/05/2026 - 11:58:41,24.47,66.06,1025.91,4.13,98.00
Wed 27/05/2026 - 11:59:15,24.42,66.18,1025.85,4.14,99.00
Wed 27/05/2026 - 11:59:49,24.65,65.63,1025.96,4.14,99.00
Wed 27/05/2026 - 12:00:23,25.10,64.28,1025.85,4.14,99.00
Wed 27/05/2026 - 12:00:57,25.45,62.78,1025.77,4.13,98.00
Wed 27/05/2026 - 12:01:31,25.71,61.70,1025.88,4.13,98.00
Wed 27/05/2026 - 12:02:05,25.91,61.06,1025.84,4.13,98.00
Wed 27/05/2026 - 12:02:39,26.04,60.42,1025.87,4.13,98.00
Wed 27/05/2026 - 12:03:13,26.14,58.99,1025.87,4.13,98.00
Wed 27/05/2026 - 12:03:47,25.87,59.73,1025.82,4.13,98.00
Wed 27/05/2026 - 12:04:21,25.72,59.22,1025.79,4.13,98.00
Wed 27/05/2026 - 12:04:55,25.63,59.22,1025.78,4.13,98.00
Wed 27/05/2026 - 12:05:29,25.58,59.49,1025.71,4.13,98.00
Wed 27/05/2026 - 12:06:03,25.53,58.98,1025.73,4.13,98.00
Wed 27/05/2026 - 12:06:37,25.53,58.85,1025.79,4.13,98.00
Wed 27/05/2026 - 12:07:11,25.45,59.02,1025.77,4.13,98.00
Wed 27/05/2026 - 12:07:45,25.40,59.01,1025.80,4.13,98.00
Wed 27/05/2026 - 12:08:19,25.31,59.31,1025.77,4.13,98.00
Wed 27/05/2026 - 12:08:53,25.27,59.28,1025.74,4.13,98.00
Wed 27/05/2026 - 12:09:27,25.23,59.32,1025.78,4.13,98.00
Wed 27/05/2026 - 12:10:01,25.15,59.60,1025.81,4.13,98.00
Wed 27/05/2026 - 12:10:35,25.02,59.92,1025.75,4.13,98.00
Wed 27/05/2026 - 12:11:09,24.96,60.10,1025.75,4.13,98.00
Wed 27/05/2026 - 12:11:43,24.86,60.06,1025.77,4.13,98.00
Wed 27/05/2026 - 12:12:17,24.76,60.45,1025.79,4.13,98.00
Wed 27/05/2026 - 12:12:51,24.68,60.74,1025.71,4.13,98.00
Wed 27/05/2026 - 12:13:25,24.57,60.94,1025.69,4.13,98.00
Wed 27/05/2026 - 12:13:59,24.48,61.35,1025.60,4.13,98.00
Wed 27/05/2026 - 12:14:33,24.41,61.44,1025.58,4.13,98.00
Wed 27/05/2026 - 12:15:07,24.36,61.68,1025.65,4.13,98.00
Wed 27/05/2026 - 12:15:41,24.33,61.88,1025.58,4.13,98.00
Wed 27/05/2026 - 12:16:15,24.29,62.18,1025.62,4.13,98.00
Wed 27/05/2026 - 12:16:49,24.23,62.42,1025.54,4.13,98.00
Wed 27/05/2026 - 12:17:23,24.15,62.65,1025.55,4.14,98.00
Wed 27/05/2026 - 12:17:57,24.12,62.83,1025.55,4.14,99.00
Wed 27/05/2026 - 12:18:31,24.10,62.99,1025.49,4.14,99.00
Wed 27/05/2026 - 12:19:05,24.11,62.90,1025.51,4.14,99.00
Wed 27/05/2026 - 12:19:39,24.08,62.88,1025.56,4.14,99.00
Wed 27/05/2026 - 12:20:13,24.05,63.12,1025.54,4.14,99.00
Wed 27/05/2026 - 12:20:47,24.01,63.45,1025.50,4.14,99.00
Wed 27/05/2026 - 12:21:21,23.99,63.31,1025.46,4.14,99.00
Wed 27/05/2026 - 12:21:55,24.00,63.49,1025.51,4.14,99.00
Wed 27/05/2026 - 12:22:29,23.99,63.22,1025.52,4.14,99.00
Wed 27/05/2026 - 12:23:03,24.02,63.46,1025.44,4.15,99.00
Wed 27/05/2026 - 12:23:37,24.27,62.80,1025.44,4.14,98.00
Wed 27/05/2026 - 12:24:11,24.75,61.52,1025.47,4.14,98.00
Wed 27/05/2026 - 12:24:45,25.11,60.16,1025.41,4.14,98.00
Wed 27/05/2026 - 12:25:19,25.40,59.10,1025.38,4.14,98.00
Wed 27/05/2026 - 12:25:53,25.36,58.89,1025.34,4.14,98.00
Wed 27/05/2026 - 12:26:27,25.62,58.16,1025.34,4.14,98.00
Wed 27/05/2026 - 12:27:01,25.76,57.61,1025.36,4.14,98.00
Wed 27/05/2026 - 12:27:35,26.01,55.01,1025.41,4.14,98.00
Wed 27/05/2026 - 12:28:09,26.33,53.98,1025.36,4.14,98.00
Wed 27/05/2026 - 12:28:43,26.56,52.89,1025.41,4.14,98.00
Wed 27/05/2026 - 12:29:17,26.77,51.97,1025.33,4.14,98.00
Wed 27/05/2026 - 12:29:51,27.02,50.61,1025.29,4.14,98.00
Wed 27/05/2026 - 12:30:25,27.06,49.69,1025.38,4.15,99.00
Wed 27/05/2026 - 12:30:59,27.21,49.10,1025.40,4.15,99.00
Wed 27/05/2026 - 12:31:33,27.32,48.51,1025.35,4.14,99.00
Wed 27/05/2026 - 12:32:07,27.50,47.92,1025.36,4.15,99.00
Wed 27/05/2026 - 12:32:41,27.64,47.20,1025.25,4.15,99.00
Wed 27/05/2026 - 12:33:15,27.68,46.81,1025.31,4.15,99.00
Wed 27/05/2026 - 12:33:49,27.87,46.10,1025.17,4.14,99.00
Wed 27/05/2026 - 12:34:23,27.79,45.99,1025.27,4.14,99.00
Wed 27/05/2026 - 12:34:57,27.93,45.68,1025.25,4.14,99.00
Wed 27/05/2026 - 12:35:31,28.15,45.00,1025.32,4.14,99.00
Wed 27/05/2026 - 12:36:05,28.26,44.46,1025.25,4.14,99.00
Wed 27/05/2026 - 12:36:39,28.37,44.04,1025.19,4.14,99.00
Wed 27/05/2026 - 12:37:13,28.48,43.70,1025.27,4.14,99.00
Wed 27/05/2026 - 12:37:46,28.56,43.37,1025.14,4.14,99.00
Wed 27/05/2026 - 12:38:20,28.65,43.12,1025.18,4.14,99.00
Wed 27/05/2026 - 12:38:54,28.70,42.90,1025.24,4.14,99.00
Wed 27/05/2026 - 12:39:28,28.76,42.69,1025.23,4.14,99.00
Wed 27/05/2026 - 12:40:02,28.76,42.56,1025.12,4.16,99.00
Wed 27/05/2026 - 12:40:36,28.79,42.53,1025.14,4.16,99.00
Wed 27/05/2026 - 12:41:10,28.87,42.30,1025.12,4.14,99.00
Wed 27/05/2026 - 12:41:44,28.57,42.73,1025.21,4.15,99.00
Wed 27/05/2026 - 12:42:18,28.30,43.35,1025.16,4.14,99.00
Wed 27/05/2026 - 12:42:52,28.10,43.86,1025.18,4.15,99.00
Wed 27/05/2026 - 12:43:26,28.08,43.90,1025.15,4.14,99.00
Wed 27/05/2026 - 12:44:00,28.31,43.49,1025.14,4.14,99.00
Wed 27/05/2026 - 12:44:34,28.49,43.02,1025.10,4.14,99.00
Wed 27/05/2026 - 12:45:08,28.48,43.04,1025.16,4.15,99.00
Wed 27/05/2026 - 12:45:42,28.46,42.91,1025.13,4.14,99.00
Wed 27/05/2026 - 12:46:16,28.37,43.12,1025.09,4.14,99.00
Wed 27/05/2026 - 12:46:50,28.14,43.55,1025.13,4.14,99.00
Wed 27/05/2026 - 12:47:24,27.95,44.00,1025.11,4.15,99.00
Wed 27/05/2026 - 12:47:58,27.79,44.34,1025.09,4.14,99.00
Wed 27/05/2026 - 12:48:32,27.65,44.75,1025.10,4.14,99.00
Wed 27/05/2026 - 12:49:06,27.50,45.05,1025.09,4.14,99.00
Wed 27/05/2026 - 12:49:40,27.48,45.21,1025.09,4.14,99.00
Wed 27/05/2026 - 12:50:14,27.29,45.53,1025.11,4.14,99.00
Wed 27/05/2026 - 12:50:48,27.15,45.86,1025.05,4.14,99.00
Wed 27/05/2026 - 12:51:22,27.00,46.23,1025.11,4.14,99.00
Wed 27/05/2026 - 12:51:56,26.87,46.55,1025.14,4.14,99.00
Wed 27/05/2026 - 12:52:30,26.75,46.87,1025.19,4.14,99.00
Wed 27/05/2026 - 12:53:04,26.65,47.13,1025.07,4.14,99.00
Wed 27/05/2026 - 12:53:38,26.52,47.56,1025.18,4.14,99.00
Wed 27/05/2026 - 12:54:12,26.40,47.88,1025.11,4.14,99.00
Wed 27/05/2026 - 12:54:46,26.28,48.28,1025.16,4.14,99.00
Wed 27/05/2026 - 12:55:20,26.18,48.50,1025.13,4.14,99.00
Wed 27/05/2026 - 12:55:54,26.03,49.00,1025.11,4.14,99.00
Wed 27/05/2026 - 12:56:28,25.89,49.49,1025.07,4.14,99.00
Wed 27/05/2026 - 12:57:02,25.76,49.65,1025.10,4.14,99.00
Wed 27/05/2026 - 12:57:36,25.66,50.21,1025.08,4.14,99.00
Wed 27/05/2026 - 12:58:10,25.57,50.40,1024.98,4.14,99.00
Wed 27/05/2026 - 12:58:44,25.41,50.70,1025.01,4.14,99.00
Wed 27/05/2026 - 12:59:18,25.30,51.03,1024.97,4.14,99.00
Wed 27/05/2026 - 12:59:52,25.17,51.58,1025.02,4.14,99.00
Wed 27/05/2026 - 13:00:26,25.12,51.84,1024.92,4.14,98.00
Wed 27/05/2026 - 13:01:00,25.02,52.36,1024.93,4.14,99.00
Wed 27/05/2026 - 13:01:34,24.93,52.62,1025.04,4.14,99.00
Wed 27/05/2026 - 13:02:08,24.85,53.08,1025.02,4.14,98.00
Wed 27/05/2026 - 13:02:42,24.77,53.31,1025.01,4.14,99.00
Wed 27/05/2026 - 13:03:16,24.72,53.54,1025.06,4.14,98.00
Wed 27/05/2026 - 13:03:50,24.67,53.67,1025.04,4.14,98.00
Wed 27/05/2026 - 13:04:24,24.62,53.77,1025.00,4.14,98.00
Wed 27/05/2026 - 13:04:58,24.55,54.19,1024.98,4.14,98.00
Wed 27/05/2026 - 13:05:32,24.48,54.54,1025.00,4.14,99.00
Wed 27/05/2026 - 13:06:05,24.41,54.75,1024.98,4.14,98.00
Wed 27/05/2026 - 13:06:39,24.33,54.59,1024.97,4.14,98.00
Wed 27/05/2026 - 13:07:13,24.25,54.81,1024.95,4.14,99.00
Wed 27/05/2026 - 13:07:47,24.18,55.17,1024.94,4.14,99.00
Wed 27/05/2026 - 13:08:21,24.11,55.11,1024.96,4.14,99.00
Wed 27/05/2026 - 13:08:55,24.09,55.09,1024.99,4.14,99.00
Wed 27/05/2026 - 13:09:29,24.05,55.35,1024.86,4.14,99.00
Wed 27/05/2026 - 13:10:03,24.01,55.53,1024.90,4.14,99.00
Wed 27/05/2026 - 13:10:37,23.94,55.81,1024.86,4.14,99.00
Wed 27/05/2026 - 13:11:11,23.96,56.11,1024.84,4.14,99.00
Wed 27/05/2026 - 13:11:45,23.91,55.94,1024.87,4.14,99.00
Wed 27/05/2026 - 13:12:19,23.86,56.28,1024.83,4.14,99.00
Wed 27/05/2026 - 13:12:53,23.83,56.45,1024.78,4.14,99.00
Wed 27/05/2026 - 13:13:27,23.81,56.71,1024.77,4.14,99.00
Wed 27/05/2026 - 13:14:01,23.80,56.82,1024.75,4.14,99.00
Wed 27/05/2026 - 13:14:35,23.72,57.07,1024.84,4.14,99.00
Wed 27/05/2026 - 13:15:09,23.67,57.27,1024.75,4.14,99.00
Wed 27/05/2026 - 13:15:43,23.63,57.43,1024.83,4.14,99.00
Wed 27/05/2026 - 13:16:17,23.63,57.56,1024.78,4.14,99.00
Wed 27/05/2026 - 13:16:51,23.65,57.61,1024.73,4.14,99.00
Wed 27/05/2026 - 13:17:25,23.63,57.55,1024.78,4.14,99.00
Wed 27/05/2026 - 13:17:59,23.61,57.75,1024.71,4.14,99.00
Wed 27/05/2026 - 13:18:33,23.61,57.87,1024.69,4.14,99.00
Wed 27/05/2026 - 13:19:07,23.61,57.91,1024.74,4.14,99.00
Wed 27/05/2026 - 13:19:41,23.60,57.97,1024.75,4.14,99.00
Wed 27/05/2026 - 13:20:15,23.55,58.38,1024.67,4.14,99.00
Wed 27/05/2026 - 13:20:49,23.55,58.24,1024.66,4.14,99.00
Wed 27/05/2026 - 13:21:23,23.54,58.24,1024.70,4.14,99.00
Wed 27/05/2026 - 13:21:57,23.55,58.34,1024.64,4.14,99.00
Wed 27/05/2026 - 13:22:31,23.54,58.43,1024.68,4.14,99.00
Wed 27/05/2026 - 13:23:05,23.51,58.38,1024.64,4.14,99.00
Wed 27/05/2026 - 13:23:39,23.53,58.68,1024.62,4.14,99.00
Wed 27/05/2026 - 13:24:13,23.53,58.51,1024.65,4.14,99.00
Wed 27/05/2026 - 13:24:47,23.51,58.31,1024.57,4.14,99.00
Wed 27/05/2026 - 13:25:21,23.53,58.53,1024.65,4.14,99.00
Wed 27/05/2026 - 13:25:55,23.47,58.93,1024.64,4.14,99.00
Wed 27/05/2026 - 13:26:29,23.47,58.79,1024.58,4.14,99.00
Wed 27/05/2026 - 13:27:03,23.49,58.67,1024.64,4.14,99.00
Wed 27/05/2026 - 13:27:37,23.50,58.84,1024.52,4.14,99.00
Wed 27/05/2026 - 13:28:11,23.50,58.54,1024.60,4.14,99.00
Wed 27/05/2026 - 13:28:45,23.48,58.62,1024.54,4.14,99.00
Wed 27/05/2026 - 13:29:19,23.46,58.73,1024.54,4.14,99.00
Wed 27/05/2026 - 13:29:53,23.45,58.85,1024.47,4.14,99.00
Wed 27/05/2026 - 13:30:27,23.42,58.99,1024.49,4.14,99.00
Wed 27/05/2026 - 13:31:01,23.41,59.07,1024.47,4.14,99.00
Wed 27/05/2026 - 13:31:35,23.39,59.28,1024.55,4.14,99.00
Wed 27/05/2026 - 13:32:09,23.36,59.40,1024.49,4.14,99.00
Wed 27/05/2026 - 13:32:43,23.34,59.39,1024.49,4.14,99.00
Wed 27/05/2026 - 13:33:16,23.33,59.38,1024.45,4.14,99.00
Wed 27/05/2026 - 13:33:50,23.32,59.42,1024.49,4.14,99.00
Wed 27/05/2026 - 13:34:24,23.32,59.55,1024.49,4.14,99.00
Wed 27/05/2026 - 13:34:58,23.32,59.62,1024.51,4.14,99.00
Wed 27/05/2026 - 13:35:32,23.30,59.64,1024.44,4.14,99.00
Wed 27/05/2026 - 13:36:06,23.28,59.98,1024.46,4.14,99.00
Wed 27/05/2026 - 13:36:41,23.29,59.97,1024.43,4.14,99.00
Wed 27/05/2026 - 13:37:14,23.29,59.74,1024.45,4.14,99.00
Wed 27/05/2026 - 13:37:48,23.26,59.88,1024.46,4.14,99.00
Wed 27/05/2026 - 13:38:22,23.25,59.82,1024.42,4.14,99.00
Wed 27/05/2026 - 13:38:56,23.28,59.94,1024.50,4.14,99.00
Wed 27/05/2026 - 13:39:30,23.31,59.74,1024.41,4.14,99.00
Wed 27/05/2026 - 13:40:04,23.33,59.56,1024.39,4.15,99.00
Wed 27/05/2026 - 13:40:38,23.34,59.54,1024.41,4.14,99.00
Wed 27/05/2026 - 13:41:12,23.32,59.58,1024.38,4.14,99.00
Wed 27/05/2026 - 13:41:46,23.27,59.77,1024.35,4.14,99.00
Wed 27/05/2026 - 13:42:20,23.27,59.84,1024.35,4.15,99.00
Wed 27/05/2026 - 13:42:54,23.26,60.03,1024.32,4.14,99.00
Wed 27/05/2026 - 13:43:28,23.24,60.08,1024.32,4.14,99.00
Wed 27/05/2026 - 13:44:02,23.20,60.00,1024.34,4.14,99.00
Wed 27/05/2026 - 13:44:36,23.18,60.31,1024.30,4.14,99.00
Wed 27/05/2026 - 13:45:10,23.18,60.30,1024.30,4.14,99.00
Wed 27/05/2026 - 13:45:44,23.18,60.24,1024.19,4.14,99.00
Wed 27/05/2026 - 13:46:18,23.31,59.60,1024.33,4.14,99.00
Wed 27/05/2026 - 13:46:52,23.27,59.80,1024.28,4.14,99.00
Wed 27/05/2026 - 13:47:26,23.21,59.62,1024.31,4.14,99.00
Wed 27/05/2026 - 13:48:00,23.24,59.75,1024.29,4.14,99.00
Wed 27/05/2026 - 13:48:34,23.28,59.62,1024.24,4.14,99.00
Wed 27/05/2026 - 13:49:08,23.25,59.58,1024.31,4.14,99.00
Wed 27/05/2026 - 13:49:42,23.30,59.73,1024.29,4.15,99.00
Wed 27/05/2026 - 13:50:16,23.40,59.24,1024.29,4.15,99.00
Wed 27/05/2026 - 13:50:50,23.58,58.63,1024.34,4.15,99.00
Wed 27/05/2026 - 13:51:24,23.67,58.13,1024.24,4.15,99.00
Wed 27/05/2026 - 13:51:58,23.75,57.43,1024.26,4.15,99.00
Wed 27/05/2026 - 13:52:32,23.83,57.26,1024.18,4.15,99.00
Wed 27/05/2026 - 13:53:06,23.82,57.46,1024.13,4.15,99.00
Wed 27/05/2026 - 13:53:40,23.95,56.73,1024.20,4.15,99.00
Wed 27/05/2026 - 13:54:14,24.07,56.50,1024.11,4.15,99.00
Wed 27/05/2026 - 13:54:48,24.03,56.64,1024.22,4.15,99.00
Wed 27/05/2026 - 13:55:22,24.01,56.63,1024.14,4.15,99.00
Wed 27/05/2026 - 13:55:56,23.92,56.86,1024.09,4.15,99.00
Wed 27/05/2026 - 13:56:30,23.91,56.78,1024.24,4.15,99.00
Wed 27/05/2026 - 13:57:04,24.06,56.53,1024.22,4.15,99.00
Wed 27/05/2026 - 13:57:38,23.81,56.66,1024.17,4.15,99.00
Wed 27/05/2026 - 13:58:12,24.04,56.20,1024.22,4.15,99.00
Wed 27/05/2026 - 13:58:46,24.12,56.23,1024.16,4.15,99.00
Wed 27/05/2026 - 13:59:20,24.21,55.97,1024.26,4.15,99.00
Wed 27/05/2026 - 13:59:54,24.22,55.79,1024.17,4.15,99.00
Wed 27/05/2026 - 14:00:28,24.23,55.91,1024.21,4.15,99.00
Wed 27/05/2026 - 14:01:02,24.35,55.53,1024.23,4.15,99.00
Wed 27/05/2026 - 14:01:36,24.34,55.51,1024.21,4.15,99.00
Wed 27/05/2026 - 14:02:10,24.40,55.33,1024.26,4.15,99.00
Wed 27/05/2026 - 14:02:44,24.22,54.90,1024.22,4.15,99.00
Wed 27/05/2026 - 14:03:18,24.17,55.44,1024.24,4.15,99.00
Wed 27/05/2026 - 14:03:52,24.33,55.11,1024.25,4.15,99.00
Wed 27/05/2026 - 14:04:26,24.18,54.93,1024.26,4.15,99.00
Wed 27/05/2026 - 14:05:00,24.04,55.17,1024.29,4.15,99.00
Wed 27/05/2026 - 14:05:34,23.94,55.42,1024.26,4.15,99.00
Wed 27/05/2026 - 14:06:08,23.99,55.25,1024.21,4.15,99.00
Wed 27/05/2026 - 14:06:42,23.83,55.74,1024.28,4.15,99.00
Wed 27/05/2026 - 14:07:16,23.76,55.49,1024.22,4.15,99.00
Wed 27/05/2026 - 14:07:50,23.78,55.79,1024.23,4.15,99.00
Wed 27/05/2026 - 14:08:24,23.83,56.08,1024.29,4.15,99.00
Wed 27/05/2026 - 14:08:58,23.95,55.61,1024.28,4.15,99.00
Wed 27/05/2026 - 14:09:32,23.96,55.44,1024.18,4.15,99.00
Wed 27/05/2026 - 14:10:06,23.94,55.40,1024.18,4.15,99.00
Wed 27/05/2026 - 14:10:40,23.90,55.26,1024.16,4.15,99.00
Wed 27/05/2026 - 14:11:14,23.77,55.46,1024.18,4.15,99.00
Wed 27/05/2026 - 14:11:48,23.89,55.34,1024.20,4.15,99.00
Wed 27/05/2026 - 14:12:22,24.01,55.07,1024.17,4.15,99.00
Wed 27/05/2026 - 14:12:55,24.07,54.69,1024.15,4.15,99.00
Wed 27/05/2026 - 14:13:29,24.13,54.08,1024.15,4.15,99.00
Wed 27/05/2026 - 14:14:03,24.11,53.19,1024.14,4.15,99.00
Wed 27/05/2026 - 14:14:37,24.10,53.67,1024.18,4.15,99.00
Wed 27/05/2026 - 14:15:11,24.07,53.89,1024.18,4.15,99.00
Wed 27/05/2026 - 14:15:45,24.11,53.58,1024.17,4.15,99.00
Wed 27/05/2026 - 14:16:19,24.29,53.72,1024.17,4.15,99.00
Wed 27/05/2026 - 14:16:53,24.01,53.23,1024.03,4.15,99.00
Wed 27/05/2026 - 14:17:27,24.13,54.16,1024.09,4.15,99.00
Wed 27/05/2026 - 14:18:01,24.20,53.57,1024.13,4.15,99.00
Wed 27/05/2026 - 14:18:35,24.04,53.56,1024.05,4.15,99.00
Wed 27/05/2026 - 14:19:09,24.03,53.84,1024.08,4.15,99.00
Wed 27/05/2026 - 14:19:43,23.91,53.71,1024.07,4.15,99.00
Wed 27/05/2026 - 14:20:17,23.97,54.90,1024.02,4.15,99.00
Wed 27/05/2026 - 14:20:51,23.90,55.27,1024.00,4.15,99.00
Wed 27/05/2026 - 14:21:25,23.84,55.77,1023.98,4.15,99.00
Wed 27/05/2026 - 14:21:59,23.80,56.07,1023.97,4.15,99.00
Wed 27/05/2026 - 14:22:33,23.79,56.38,1023.97,4.15,99.00
Wed 27/05/2026 - 14:23:07,23.77,56.50,1023.88,4.15,99.00
Wed 27/05/2026 - 14:23:41,23.73,56.80,1023.95,4.15,99.00
Wed 27/05/2026 - 14:24:15,23.71,57.01,1023.91,4.15,99.00
Wed 27/05/2026 - 14:24:49,23.65,57.05,1023.86,4.15,99.00
Wed 27/05/2026 - 14:25:23,23.63,57.25,1023.93,4.15,99.00
Wed 27/05/2026 - 14:25:57,23.59,57.84,1023.89,4.15,99.00
Wed 27/05/2026 - 14:26:31,23.57,57.55,1023.94,4.15,99.00
Wed 27/05/2026 - 14:27:05,23.54,57.94,1023.88,4.15,99.00
Wed 27/05/2026 - 14:27:39,23.49,57.98,1023.85,4.15,99.00
Wed 27/05/2026 - 14:28:13,23.47,58.18,1023.85,4.15,99.00
Wed 27/05/2026 - 14:28:47,23.46,58.37,1023.90,4.15,99.00
Wed 27/05/2026 - 14:29:21,23.42,58.36,1023.84,4.15,99.00
Wed 27/05/2026 - 14:29:55,23.39,58.69,1023.84,4.15,99.00
Wed 27/05/2026 - 14:30:29,23.39,58.78,1023.95,4.15,99.00
Wed 27/05/2026 - 14:31:03,23.39,58.73,1023.93,4.14,99.00
Wed 27/05/2026 - 14:31:37,23.38,58.95,1023.93,4.15,99.00
Wed 27/05/2026 - 14:32:11,23.35,59.03,1023.94,4.14,99.00
Wed 27/05/2026 - 14:32:45,23.33,59.27,1023.96,4.15,99.00
Wed 27/05/2026 - 14:33:19,23.30,59.31,1023.93,4.14,99.00
Wed 27/05/2026 - 14:33:53,23.27,59.62,1023.96,4.15,99.00
Wed 27/05/2026 - 14:34:27,23.24,59.75,1023.97,4.14,99.00
Wed 27/05/2026 - 14:35:01,23.20,59.90,1023.99,4.14,99.00
Wed 27/05/2026 - 14:35:35,23.16,60.08,1023.97,4.14,99.00
Wed 27/05/2026 - 14:36:09,23.13,60.30,1024.00,4.14,99.00
Wed 27/05/2026 - 14:36:43,23.11,60.23,1023.97,4.14,99.00
Wed 27/05/2026 - 14:37:17,23.08,60.44,1024.02,4.15,99.00
Wed 27/05/2026 - 14:37:51,23.07,60.66,1023.90,4.15,99.00
Wed 27/05/2026 - 14:38:25,23.06,60.69,1024.05,4.15,99.00
Wed 27/05/2026 - 14:38:59,23.04,60.78,1024.01,4.15,99.00
Wed 27/05/2026 - 14:39:33,23.01,61.01,1023.98,4.15,99.00
Wed 27/05/2026 - 14:40:07,22.99,61.12,1023.97,4.15,99.00
Wed 27/05/2026 - 14:40:41,22.96,61.28,1024.00,4.14,99.00
Wed 27/05/2026 - 14:41:15,22.95,61.40,1024.01,4.14,99.00
Wed 27/05/2026 - 14:41:49,22.91,61.54,1023.95,4.15,99.00
Wed 27/05/2026 - 14:42:23,22.90,61.69,1023.93,4.14,99.00
Wed 27/05/2026 - 14:42:57,22.88,61.64,1023.95,4.15,99.00
Wed 27/05/2026 - 14:43:31,22.86,61.75,1023.92,4.15,99.00
Wed 27/05/2026 - 14:44:05,22.86,62.02,1023.91,4.14,99.00
Wed 27/05/2026 - 14:44:39,22.82,62.06,1023.95,4.14,99.00
Wed 27/05/2026 - 14:45:13,22.79,62.35,1023.90,4.14,99.00
Wed 27/05/2026 - 14:45:47,22.76,62.69,1023.91,4.14,99.00
Wed 27/05/2026 - 14:46:21,22.74,62.75,1023.97,4.14,99.00
Wed 27/05/2026 - 14:46:55,22.72,62.89,1023.90,4.14,99.00
Wed 27/05/2026 - 14:47:29,22.71,62.88,1023.89,4.14,99.00
Wed 27/05/2026 - 14:48:03,22.71,63.02,1023.83,4.14,99.00
Wed 27/05/2026 - 14:48:36,22.69,63.03,1023.80,4.14,99.00
Wed 27/05/2026 - 14:49:10,22.67,63.13,1023.84,4.14,99.00
Wed 27/05/2026 - 14:49:44,22.65,63.34,1023.78,4.14,99.00
Wed 27/05/2026 - 14:50:18,22.62,63.38,1023.79,4.14,99.00
Wed 27/05/2026 - 14:50:52,22.60,63.72,1023.80,4.14,99.00
Wed 27/05/2026 - 14:51:26,22.58,63.67,1023.69,4.14,99.00
Wed 27/05/2026 - 14:52:00,22.57,63.80,1023.81,4.14,99.00
Wed 27/05/2026 - 14:52:34,22.56,63.86,1023.79,4.14,99.00
Wed 27/05/2026 - 14:53:08,22.56,63.49,1023.71,4.14,99.00
Wed 27/05/2026 - 14:53:42,22.54,63.97,1023.70,4.14,99.00
Wed 27/05/2026 - 14:54:16,22.52,64.16,1023.75,4.14,99.00
Wed 27/05/2026 - 14:54:50,22.51,64.27,1023.73,4.14,99.00
Wed 27/05/2026 - 14:55:24,22.51,64.19,1023.71,4.14,99.00
Wed 27/05/2026 - 14:55:58,22.51,64.35,1023.73,4.14,99.00
Wed 27/05/2026 - 14:56:32,22.50,64.32,1023.74,4.14,99.00
Wed 27/05/2026 - 14:57:06,22.48,64.40,1023.73,4.14,99.00
Wed 27/05/2026 - 14:57:40,22.47,64.02,1023.68,4.14,99.00
Wed 27/05/2026 - 14:58:14,22.46,64.37,1023.73,4.14,99.00
Wed 27/05/2026 - 14:58:48,22.46,64.50,1023.80,4.14,99.00
Wed 27/05/2026 - 14:59:22,22.45,63.82,1023.71,4.14,99.00
Wed 27/05/2026 - 14:59:56,22.45,64.27,1023.65,4.14,99.00
Wed 27/05/2026 - 15:00:30,22.45,64.21,1023.70,4.14,99.00
Wed 27/05/2026 - 15:01:04,22.44,64.65,1023.69,4.14,99.00
Wed 27/05/2026 - 15:01:38,22.44,64.48,1023.71,4.14,99.00
Wed 27/05/2026 - 15:02:12,22.43,64.78,1023.73,4.14,99.00
Wed 27/05/2026 - 15:02:46,22.43,64.84,1023.70,4.14,99.00
Wed 27/05/2026 - 15:03:20,22.42,64.93,1023.77,4.14,99.00
Wed 27/05/2026 - 15:03:54,22.42,63.94,1023.74,4.14,99.00
Wed 27/05/2026 - 15:04:28,22.44,63.80,1023.74,4.14,99.00
Wed 27/05/2026 - 15:05:02,22.41,64.89,1023.75,4.14,99.00
Wed 27/05/2026 - 15:05:36,22.42,64.75,1023.76,4.14,99.00
Wed 27/05/2026 - 15:06:10,22.41,65.01,1023.80,4.14,99.00
Wed 27/05/2026 - 15:06:44,22.41,64.16,1023.86,4.14,99.00
Wed 27/05/2026 - 15:07:18,22.41,64.96,1023.81,4.14,99.00
Wed 27/05/2026 - 15:07:52,22.38,65.04,1023.86,4.14,99.00
Wed 27/05/2026 - 15:08:26,22.38,65.12,1023.81,4.14,99.00
Wed 27/05/2026 - 15:09:00,22.37,65.44,1023.84,4.14,99.00
Wed 27/05/2026 - 15:09:34,22.37,64.34,1023.84,4.14,99.00
Wed 27/05/2026 - 15:10:08,22.37,64.55,1023.84,4.14,99.00
Wed 27/05/2026 - 15:10:42,22.38,65.01,1023.97,4.14,99.00
Wed 27/05/2026 - 15:11:16,22.37,65.11,1023.93,4.14,99.00
Wed 27/05/2026 - 15:11:50,22.36,64.95,1023.88,4.14,99.00
Wed 27/05/2026 - 15:12:24,22.35,65.36,1023.89,4.14,99.00
Wed 27/05/2026 - 15:12:58,22.35,64.87,1023.98,4.14,99.00
Wed 27/05/2026 - 15:13:32,22.36,65.17,1023.98,4.15,99.00
Wed 27/05/2026 - 15:14:06,22.33,64.97,1023.94,4.14,99.00
Wed 27/05/2026 - 15:14:40,22.32,65.66,1023.88,4.14,99.00
Wed 27/05/2026 - 15:15:14,22.31,65.52,1023.89,4.14,99.00
Wed 27/05/2026 - 15:15:48,22.32,65.12,1023.98,4.14,99.00
Wed 27/05/2026 - 15:16:22,22.33,65.95,1023.94,4.14,99.00
Wed 27/05/2026 - 15:16:56,22.32,65.80,1023.92,4.14,99.00
Wed 27/05/2026 - 15:17:30,22.31,65.76,1023.85,4.14,99.00
Wed 27/05/2026 - 15:18:04,22.32,65.82,1023.95,4.14,99.00
Wed 27/05/2026 - 15:18:38,22.30,65.49,1023.92,4.14,99.00
Wed 27/05/2026 - 15:19:12,22.30,65.53,1023.89,4.14,99.00
Wed 27/05/2026 - 15:19:46,22.29,65.81,1023.85,4.14,99.00
Wed 27/05/2026 - 15:20:20,22.29,66.15,1024.04,4.14,99.00
Wed 27/05/2026 - 15:20:54,22.28,66.20,1023.99,4.14,99.00
Wed 27/05/2026 - 15:21:28,22.27,66.23,1024.00,4.14,99.00
Wed 27/05/2026 - 15:22:02,22.26,66.03,1023.96,4.14,99.00
Wed 27/05/2026 - 15:22:36,22.25,65.92,1023.97,4.14,99.00
Wed 27/05/2026 - 15:23:09,22.25,65.56,1024.08,4.14,99.00
Wed 27/05/2026 - 15:23:43,22.25,65.55,1024.02,4.14,99.00
Wed 27/05/2026 - 15:24:17,22.24,65.92,1024.07,4.14,99.00
Wed 27/05/2026 - 15:24:51,22.25,65.63,1024.13,4.14,99.00
Wed 27/05/2026 - 15:25:25,22.22,66.36,1024.02,4.14,99.00
Wed 27/05/2026 - 15:25:59,22.21,66.15,1024.04,4.14,99.00
Wed 27/05/2026 - 15:26:33,22.21,66.49,1024.06,4.14,99.00
Wed 27/05/2026 - 15:27:07,22.21,66.06,1024.01,4.14,99.00
Wed 27/05/2026 - 15:27:41,22.20,66.54,1024.04,4.14,99.00
Wed 27/05/2026 - 15:28:15,22.20,66.65,1024.04,4.14,99.00
Wed 27/05/2026 - 15:28:49,22.20,66.60,1024.04,4.14,99.00
Wed 27/05/2026 - 15:29:23,22.19,65.86,1024.08,4.14,99.00
Wed 27/05/2026 - 15:29:57,22.18,66.73,1024.04,4.14,99.00
Wed 27/05/2026 - 15:30:31,22.17,66.65,1024.05,4.14,99.00
Wed 27/05/2026 - 15:31:05,22.18,66.78,1024.06,4.14,99.00
Wed 27/05/2026 - 15:31:39,22.18,66.59,1024.01,4.14,99.00
Wed 27/05/2026 - 15:32:13,22.18,66.66,1024.01,4.14,99.00
Wed 27/05/2026 - 15:32:47,22.17,66.79,1024.05,4.14,99.00
Wed 27/05/2026 - 15:33:21,22.16,67.24,1024.03,4.14,99.00
Wed 27/05/2026 - 15:33:55,22.15,67.20,1024.09,4.14,99.00
Wed 27/05/2026 - 15:34:29,22.16,66.96,1024.03,4.14,99.00
Wed 27/05/2026 - 15:35:03,22.16,67.07,1024.01,4.14,99.00
Wed 27/05/2026 - 15:35:37,22.17,67.03,1024.10,4.14,99.00
Wed 27/05/2026 - 15:36:11,22.16,67.29,1024.11,4.14,99.00
Wed 27/05/2026 - 15:36:45,22.15,67.39,1024.07,4.14,99.00
Wed 27/05/2026 - 15:37:19,22.15,67.45,1024.07,4.14,99.00
Wed 27/05/2026 - 15:37:53,22.15,67.14,1024.15,4.14,99.00
Wed 27/05/2026 - 15:38:27,22.14,67.20,1024.11,4.14,99.00
Wed 27/05/2026 - 15:39:01,22.14,66.86,1024.05,4.14,99.00
Wed 27/05/2026 - 15:39:35,22.14,67.06,1024.05,4.14,99.00
Wed 27/05/2026 - 15:40:09,22.13,67.36,1024.03,4.14,99.00
Wed 27/05/2026 - 15:40:43,22.14,67.18,1024.02,4.14,99.00
Wed 27/05/2026 - 15:41:17,22.13,67.23,1024.07,4.14,99.00
Wed 27/05/2026 - 15:41:51,22.13,67.52,1024.06,4.14,99.00
Wed 27/05/2026 - 15:42:25,22.13,67.25,1024.09,4.14,99.00
Wed 27/05/2026 - 15:42:59,22.14,66.34,1024.00,4.14,99.00
Wed 27/05/2026 - 15:43:33,22.14,66.88,1024.03,4.14,99.00
Wed 27/05/2026 - 15:44:07,22.12,67.14,1024.04,4.14,99.00
Wed 27/05/2026 - 15:44:41,22.12,66.97,1023.96,4.14,99.00
Wed 27/05/2026 - 15:45:15,22.11,66.76,1024.01,4.14,99.00
Wed 27/05/2026 - 15:45:49,22.14,67.25,1023.94,4.14,99.00
Wed 27/05/2026 - 15:46:23,22.12,67.16,1023.96,4.14,99.00
Wed 27/05/2026 - 15:46:57,22.12,67.40,1023.96,4.14,99.00
Wed 27/05/2026 - 15:47:31,22.12,67.42,1023.93,4.14,99.00
Wed 27/05/2026 - 15:48:05,22.12,67.58,1023.96,4.14,99.00
Wed 27/05/2026 - 15:48:39,22.11,67.61,1023.95,4.14,99.00
Wed 27/05/2026 - 15:49:13,22.10,67.59,1023.90,4.14,99.00
Wed 27/05/2026 - 15:49:47,22.11,67.69,1024.00,4.14,99.00
Wed 27/05/2026 - 15:50:21,22.11,67.57,1023.92,4.14,99.00
Wed 27/05/2026 - 15:50:55,22.11,66.92,1023.98,4.14,99.00
Wed 27/05/2026 - 15:51:29,22.11,67.40,1024.00,4.14,99.00
Wed 27/05/2026 - 15:52:03,22.11,67.65,1023.94,4.14,99.00
Wed 27/05/2026 - 15:52:37,22.11,67.67,1023.94,4.14,99.00
Wed 27/05/2026 - 15:53:11,22.11,67.50,1023.92,4.14,99.00
Wed 27/05/2026 - 15:53:45,22.09,67.67,1023.85,4.14,99.00
Wed 27/05/2026 - 15:54:19,22.08,67.83,1023.84,4.14,99.00
Wed 27/05/2026 - 15:54:53,22.07,67.87,1023.88,4.14,99.00
Wed 27/05/2026 - 15:55:27,22.06,68.01,1023.92,4.14,99.00
Wed 27/05/2026 - 15:56:01,22.05,67.92,1023.85,4.14,99.00
Wed 27/05/2026 - 15:56:35,22.04,68.05,1023.93,4.14,99.00
Wed 27/05/2026 - 15:57:08,22.05,68.01,1023.89,4.14,99.00
Wed 27/05/2026 - 15:57:42,22.03,68.27,1023.97,4.14,99.00
Wed 27/05/2026 - 15:58:16,22.01,68.32,1023.91,4.14,99.00
Wed 27/05/2026 - 15:58:50,22.01,68.36,1023.94,4.14,99.00
Wed 27/05/2026 - 15:59:24,22.02,68.33,1023.95,4.14,99.00
Wed 27/05/2026 - 15:59:58,22.00,68.33,1023.92,4.14,99.00
Wed 27/05/2026 - 16:00:32,21.98,68.62,1023.97,4.14,99.00
Wed 27/05/2026 - 16:01:06,21.97,68.58,1024.00,4.14,99.00
Wed 27/05/2026 - 16:01:40,21.97,68.70,1024.04,4.14,99.00
Wed 27/05/2026 - 16:02:14,21.96,68.78,1024.11,4.14,99.00
Wed 27/05/2026 - 16:02:48,21.92,68.87,1023.98,4.14,99.00
Wed 27/05/2026 - 16:03:22,21.92,68.96,1024.02,4.14,99.00
Wed 27/05/2026 - 16:03:56,21.89,69.12,1023.98,4.14,99.00
Wed 27/05/2026 - 16:04:30,21.88,69.38,1024.04,4.14,99.00
Wed 27/05/2026 - 16:05:04,21.84,69.49,1023.93,4.14,99.00
Wed 27/05/2026 - 16:05:38,21.83,69.55,1023.98,4.14,99.00
Wed 27/05/2026 - 16:06:12,21.81,69.89,1024.01,4.14,99.00
Wed 27/05/2026 - 16:06:46,21.79,70.01,1024.01,4.14,99.00
Wed 27/05/2026 - 16:07:20,21.78,70.13,1024.10,4.14,99.00
Wed 27/05/2026 - 16:07:54,21.77,70.22,1024.03,4.14,99.00
Wed 27/05/2026 - 16:08:28,21.77,70.13,1024.04,4.14,99.00
Wed 27/05/2026 - 16:09:02,21.77,69.56,1024.08,4.14,99.00
Wed 27/05/2026 - 16:09:36,21.78,69.80,1024.02,4.14,99.00
Wed 27/05/2026 - 16:10:10,21.77,70.20,1024.05,4.14,99.00
Wed 27/05/2026 - 16:10:44,21.76,70.31,1024.06,4.14,99.00
Wed 27/05/2026 - 16:11:18,21.77,69.55,1023.97,4.14,99.00
Wed 27/05/2026 - 16:11:52,21.77,70.19,1024.04,4.14,99.00
Wed 27/05/2026 - 16:12:26,21.76,70.55,1024.01,4.14,99.00
Wed 27/05/2026 - 16:13:00,21.74,70.54,1024.03,4.14,99.00
Wed 27/05/2026 - 16:13:34,21.72,70.87,1024.05,4.14,99.00
Wed 27/05/2026 - 16:14:08,21.69,70.91,1024.08,4.14,99.00
Wed 27/05/2026 - 16:14:42,21.67,71.17,1023.96,4.14,99.00
Wed 27/05/2026 - 16:15:16,21.64,71.09,1024.02,4.14,99.00
Wed 27/05/2026 - 16:15:50,21.63,70.95,1024.00,4.14,99.00
Wed 27/05/2026 - 16:16:24,21.63,71.10,1024.05,4.14,99.00
Wed 27/05/2026 - 16:16:58,21.60,71.03,1024.02,4.14,99.00
Wed 27/05/2026 - 16:17:32,21.60,70.49,1023.98,4.14,99.00
Wed 27/05/2026 - 16:18:06,21.55,70.87,1024.00,4.14,99.00
Wed 27/05/2026 - 16:18:40,21.56,71.10,1023.98,4.14,99.00
Wed 27/05/2026 - 16:19:14,21.55,70.98,1024.03,4.14,99.00
Wed 27/05/2026 - 16:19:48,21.54,71.35,1024.01,4.14,99.00
Wed 27/05/2026 - 16:20:22,21.54,71.04,1023.97,4.14,99.00
Wed 27/05/2026 - 16:20:56,21.52,71.37,1024.03,4.14,99.00
Wed 27/05/2026 - 16:21:30,21.51,71.11,1024.01,4.14,99.00
Wed 27/05/2026 - 16:22:04,21.50,71.33,1023.96,4.14,99.00
Wed 27/05/2026 - 16:22:38,21.49,71.70,1024.02,4.14,99.00
Wed 27/05/2026 - 16:23:12,21.47,72.02,1023.99,4.14,99.00
Wed 27/05/2026 - 16:23:46,21.45,71.85,1023.91,4.14,98.00
Wed 27/05/2026 - 16:24:20,21.45,71.67,1023.91,4.14,99.00
Wed 27/05/2026 - 16:24:54,21.44,71.86,1023.99,4.14,98.00
Wed 27/05/2026 - 16:25:28,21.43,72.13,1023.98,4.14,98.00
Wed 27/05/2026 - 16:26:02,21.42,72.25,1023.96,4.14,98.00
Wed 27/05/2026 - 16:26:36,21.39,72.43,1023.99,4.14,98.00
Wed 27/05/2026 - 16:27:10,21.39,72.44,1023.98,4.14,98.00
Wed 27/05/2026 - 16:27:44,21.39,72.35,1023.91,4.14,98.00
Wed 27/05/2026 - 16:28:18,21.35,72.73,1023.96,4.14,98.00
Wed 27/05/2026 - 16:28:52,21.34,72.81,1023.94,4.14,98.00
Wed 27/05/2026 - 16:29:26,21.34,72.76,1024.02,4.14,98.00
Wed 27/05/2026 - 16:30:00,21.31,73.07,1024.03,4.14,98.00
Wed 27/05/2026 - 16:30:34,21.29,73.37,1024.04,4.14,98.00
Wed 27/05/2026 - 16:31:08,21.27,73.41,1023.96,4.14,98.00
Wed 27/05/2026 - 16:31:42,21.25,73.62,1024.01,4.14,98.00
Wed 27/05/2026 - 16:32:16,21.24,73.43,1024.06,4.14,98.00
Wed 27/05/2026 - 16:32:50,21.22,73.75,1024.03,4.14,98.00
Wed 27/05/2026 - 16:33:24,21.19,74.28,1024.04,4.13,98.00
Wed 27/05/2026 - 16:33:58,21.18,74.96,1024.01,4.13,98.00
Wed 27/05/2026 - 16:34:32,21.17,74.88,1023.98,4.13,98.00
Wed 27/05/2026 - 16:35:06,21.17,74.38,1024.08,4.13,98.00
Wed 27/05/2026 - 16:35:40,21.18,74.52,1024.01,4.14,98.00
Wed 27/05/2026 - 16:36:14,21.18,74.26,1024.05,4.13,98.00
Wed 27/05/2026 - 16:36:48,21.18,74.46,1024.10,4.13,98.00
Wed 27/05/2026 - 16:37:22,21.17,74.42,1024.11,4.13,98.00
Wed 27/05/2026 - 16:37:56,21.18,73.82,1024.10,4.13,98.00
Wed 27/05/2026 - 16:38:30,21.16,74.00,1024.12,4.13,98.00
Wed 27/05/2026 - 16:39:04,21.16,74.14,1024.20,4.13,98.00
Wed 27/05/2026 - 16:39:38,21.16,74.36,1024.17,4.13,98.00
Wed 27/05/2026 - 16:40:12,21.15,74.15,1024.12,4.13,98.00
Wed 27/05/2026 - 16:40:46,21.14,74.37,1024.19,4.13,98.00
Wed 27/05/2026 - 16:41:20,21.12,74.62,1024.21,4.13,98.00
Wed 27/05/2026 - 16:41:54,21.12,74.67,1024.24,4.13,98.00
Wed 27/05/2026 - 16:42:28,21.11,74.46,1024.19,4.13,98.00
Wed 27/05/2026 - 16:43:02,21.10,74.64,1024.20,4.13,98.00
Wed 27/05/2026 - 16:43:36,21.09,74.95,1024.16,4.13,98.00
Wed 27/05/2026 - 16:44:10,21.06,75.17,1024.14,4.13,98.00
Wed 27/05/2026 - 16:44:43,21.05,75.10,1024.15,4.13,98.00
Wed 27/05/2026 - 16:45:17,21.06,74.72,1024.16,4.13,98.00
Wed 27/05/2026 - 16:45:51,21.05,74.91,1024.07,4.13,98.00
Wed 27/05/2026 - 16:46:25,21.03,74.59,1024.08,4.13,98.00
Wed 27/05/2026 - 16:46:59,21.02,74.91,1024.15,4.13,98.00
Wed 27/05/2026 - 16:47:33,21.01,75.30,1024.07,4.13,98.00
Wed 27/05/2026 - 16:48:07,20.99,75.28,1024.16,4.13,98.00
Wed 27/05/2026 - 16:48:41,20.97,75.59,1024.13,4.13,98.00
Wed 27/05/2026 - 16:49:15,20.96,75.44,1024.11,4.13,98.00
Wed 27/05/2026 - 16:49:49,20.95,75.51,1024.09,4.13,98.00
Wed 27/05/2026 - 16:50:23,20.94,75.41,1024.05,4.13,98.00
Wed 27/05/2026 - 16:50:57,20.92,75.57,1024.06,4.13,98.00
Wed 27/05/2026 - 16:51:31,20.90,75.77,1024.01,4.13,98.00
Wed 27/05/2026 - 16:52:05,20.89,75.98,1024.02,4.13,98.00
Wed 27/05/2026 - 16:52:39,20.88,76.01,1023.97,4.13,98.00
Wed 27/05/2026 - 16:53:13,20.87,75.91,1024.01,4.13,98.00
Wed 27/05/2026 - 16:53:47,20.85,76.08,1024.03,4.13,98.00
Wed 27/05/2026 - 16:54:21,20.84,75.93,1024.04,4.13,98.00
Wed 27/05/2026 - 16:54:55,20.83,75.89,1024.00,4.13,98.00
Wed 27/05/2026 - 16:55:29,20.81,76.10,1024.07,4.13,98.00
Wed 27/05/2026 - 16:56:03,20.80,76.35,1024.05,4.13,98.00
Wed 27/05/2026 - 16:56:37,20.79,76.41,1024.06,4.13,98.00
Wed 27/05/2026 - 16:57:11,20.77,76.51,1024.06,4.13,98.00
Wed 27/05/2026 - 16:57:45,20.75,76.47,1024.05,4.13,98.00
Wed 27/05/2026 - 16:58:19,20.75,76.75,1024.05,4.13,98.00
Wed 27/05/2026 - 16:58:53,20.73,76.73,1023.99,4.13,98.00
Wed 27/05/2026 - 16:59:27,20.73,76.98,1024.06,4.13,98.00
Wed 27/05/2026 - 17:00:01,20.71,76.86,1024.03,4.13,98.00
Wed 27/05/2026 - 17:00:35,20.69,76.87,1024.03,4.13,98.00
Wed 27/05/2026 - 17:01:09,20.68,77.04,1024.04,4.13,98.00
Wed 27/05/2026 - 17:01:43,20.66,76.96,1024.00,4.13,98.00
Wed 27/05/2026 - 17:02:17,20.66,77.13,1024.06,4.13,98.00
Wed 27/05/2026 - 17:02:51,20.65,77.15,1024.01,4.13,98.00
Wed 27/05/2026 - 17:03:25,20.63,77.29,1023.97,4.13,98.00
Wed 27/05/2026 - 17:03:59,20.61,77.42,1024.00,4.13,98.00
Wed 27/05/2026 - 17:04:33,20.61,77.62,1024.04,4.13,98.00
Wed 27/05/2026 - 17:05:07,20.58,77.92,1023.94,4.13,98.00
Wed 27/05/2026 - 17:05:41,20.57,77.57,1024.09,4.13,98.00
Wed 27/05/2026 - 17:06:15,20.55,77.77,1024.03,4.13,98.00
Wed 27/05/2026 - 17:06:49,20.55,77.90,1024.02,4.13,98.00
Wed 27/05/2026 - 17:07:23,20.54,77.72,1024.01,4.13,98.00
Wed 27/05/2026 - 17:07:57,20.53,78.08,1024.07,4.13,98.00
Wed 27/05/2026 - 17:08:31,20.52,77.86,1024.02,4.13,98.00
Wed 27/05/2026 - 17:09:05,20.50,78.00,1023.91,4.13,98.00
Wed 27/05/2026 - 17:09:39,20.49,78.17,1024.01,4.13,98.00
Wed 27/05/2026 - 17:10:13,20.48,78.07,1024.02,4.13,98.00
Wed 27/05/2026 - 17:10:47,20.46,78.22,1023.94,4.13,98.00
Wed 27/05/2026 - 17:11:21,20.46,78.27,1024.01,4.13,98.00
Wed 27/05/2026 - 17:11:55,20.45,78.32,1023.94,4.13,98.00
Wed 27/05/2026 - 17:12:29,20.43,78.58,1023.97,4.13,98.00
Wed 27/05/2026 - 17:13:03,20.42,78.65,1024.00,4.13,98.00
Wed 27/05/2026 - 17:13:37,20.41,78.67,1024.04,4.13,98.00
Wed 27/05/2026 - 17:14:11,20.40,78.68,1023.99,4.13,98.00
Wed 27/05/2026 - 17:14:45,20.39,78.62,1023.95,4.13,98.00
Wed 27/05/2026 - 17:15:19,20.38,78.79,1024.01,4.13,98.00
Wed 27/05/2026 - 17:15:53,20.37,78.79,1023.96,4.13,98.00
Wed 27/05/2026 - 17:16:27,20.35,78.74,1023.99,4.13,98.00
Wed 27/05/2026 - 17:17:01,20.35,78.83,1024.01,4.13,98.00
Wed 27/05/2026 - 17:17:35,20.34,78.98,1024.07,4.12,98.00
Wed 27/05/2026 - 17:18:09,20.33,78.98,1024.06,4.12,98.00
Wed 27/05/2026 - 17:18:43,20.32,79.05,1024.04,4.13,98.00
Wed 27/05/2026 - 17:19:17,20.31,79.10,1024.08,4.13,98.00
Wed 27/05/2026 - 17:19:51,20.30,79.08,1024.06,4.13,98.00
Wed 27/05/2026 - 17:20:25,20.30,79.11,1024.06,4.13,98.00
Wed 27/05/2026 - 17:20:59,20.29,79.20,1024.09,4.12,98.00
Wed 27/05/2026 - 17:21:33,20.27,79.26,1024.11,4.12,98.00
Wed 27/05/2026 - 17:22:07,20.27,79.29,1024.01,4.12,98.00
Wed 27/05/2026 - 17:22:41,20.25,79.47,1024.06,4.12,98.00
Wed 27/05/2026 - 17:23:15,20.24,79.45,1024.06,4.12,98.00
Wed 27/05/2026 - 17:23:49,20.23,79.57,1024.07,4.12,98.00
Wed 27/05/2026 - 17:24:23,20.23,79.57,1024.10,4.12,98.00
Wed 27/05/2026 - 17:24:56,20.22,79.56,1024.11,4.12,98.00
Wed 27/05/2026 - 17:25:30,20.20,79.58,1024.08,4.12,98.00
Wed 27/05/2026 - 17:26:04,20.19,79.67,1024.11,4.12,98.00
Wed 27/05/2026 - 17:26:38,20.18,79.92,1024.13,4.12,98.00
Wed 27/05/2026 - 17:27:12,20.18,79.89,1024.18,4.12,98.00
Wed 27/05/2026 - 17:27:46,20.17,80.01,1024.17,4.12,98.00
Wed 27/05/2026 - 17:28:20,20.16,79.98,1024.19,4.12,98.00
Wed 27/05/2026 - 17:28:54,20.15,80.01,1024.16,4.12,98.00
Wed 27/05/2026 - 17:29:28,20.15,80.07,1024.15,4.12,98.00
Wed 27/05/2026 - 17:30:02,20.13,80.00,1024.12,4.12,98.00
Wed 27/05/2026 - 17:30:36,20.12,80.12,1024.11,4.12,98.00
Wed 27/05/2026 - 17:31:10,20.11,80.25,1024.06,4.12,98.00
Wed 27/05/2026 - 17:31:44,20.11,80.37,1024.05,4.12,98.00
Wed 27/05/2026 - 17:32:18,20.09,80.46,1024.06,4.12,98.00
Wed 27/05/2026 - 17:32:52,20.10,80.40,1024.04,4.12,98.00
Wed 27/05/2026 - 17:33:26,20.08,80.56,1024.07,4.12,98.00
Wed 27/05/2026 - 17:34:00,20.07,80.56,1023.99,4.12,98.00
Wed 27/05/2026 - 17:34:34,20.06,80.57,1024.04,4.12,98.00
Wed 27/05/2026 - 17:35:08,20.05,80.59,1024.05,4.12,98.00
Wed 27/05/2026 - 17:35:42,20.03,80.63,1024.01,4.12,98.00
Wed 27/05/2026 - 17:36:16,20.04,80.77,1024.06,4.12,98.00
Wed 27/05/2026 - 17:36:50,20.04,80.85,1024.10,4.12,98.00
Wed 27/05/2026 - 17:37:24,20.02,81.16,1024.02,4.12,98.00
Wed 27/05/2026 - 17:37:58,20.01,80.87,1024.01,4.12,98.00
Wed 27/05/2026 - 17:38:32,20.01,80.84,1024.01,4.12,98.00
Wed 27/05/2026 - 17:39:06,19.99,81.01,1024.03,4.12,98.00
Wed 27/05/2026 - 17:39:40,19.99,81.06,1024.02,4.12,98.00
Wed 27/05/2026 - 17:40:14,19.98,81.11,1024.01,4.12,98.00
Wed 27/05/2026 - 17:40:48,19.97,81.14,1024.05,4.12,98.00
Wed 27/05/2026 - 17:41:22,19.97,81.18,1024.10,4.12,98.00
Wed 27/05/2026 - 17:41:56,19.96,81.25,1024.06,4.12,98.00
Wed 27/05/2026 - 17:42:30,19.96,81.30,1024.05,4.12,98.00
Wed 27/05/2026 - 17:43:04,19.95,81.24,1024.06,4.12,98.00
Wed 27/05/2026 - 17:43:38,19.93,81.41,1024.06,4.12,98.00
Wed 27/05/2026 - 17:44:12,19.93,81.40,1024.11,4.12,98.00
Wed 27/05/2026 - 17:44:46,19.92,81.46,1024.07,4.12,98.00
Wed 27/05/2026 - 17:45:20,19.92,81.54,1024.06,4.12,98.00
Wed 27/05/2026 - 17:45:54,19.90,81.67,1024.14,4.12,98.00
Wed 27/05/2026 - 17:46:28,19.91,81.58,1024.10,4.12,98.00
Wed 27/05/2026 - 17:47:02,19.89,81.67,1024.02,4.12,98.00
Wed 27/05/2026 - 17:47:36,19.89,81.67,1024.07,4.12,98.00
Wed 27/05/2026 - 17:48:10,19.89,81.81,1024.06,4.12,98.00
Wed 27/05/2026 - 17:48:44,19.87,81.79,1024.06,4.12,98.00
Wed 27/05/2026 - 17:49:18,19.87,81.87,1024.03,4.12,98.00
Wed 27/05/2026 - 17:49:52,19.86,81.91,1024.02,4.12,98.00
Wed 27/05/2026 - 17:50:26,19.85,82.00,1024.08,4.12,98.00
Wed 27/05/2026 - 17:51:00,19.86,81.98,1024.12,4.12,98.00
Wed 27/05/2026 - 17:51:34,19.84,82.02,1024.08,4.12,98.00
Wed 27/05/2026 - 17:52:08,19.84,82.08,1024.08,4.12,98.00
Wed 27/05/2026 - 17:52:42,19.83,82.14,1024.13,4.12,98.00
Wed 27/05/2026 - 17:53:16,19.83,82.21,1024.13,4.12,98.00
Wed 27/05/2026 - 17:53:50,19.81,82.18,1024.12,4.12,98.00
Wed 27/05/2026 - 17:54:24,19.81,82.34,1024.09,4.12,98.00
Wed 27/05/2026 - 17:54:58,19.80,82.46,1024.02,4.12,98.00
Wed 27/05/2026 - 17:55:32,19.80,82.43,1024.12,4.12,98.00
Wed 27/05/2026 - 17:56:06,19.80,82.55,1024.07,4.12,98.00
Wed 27/05/2026 - 17:56:40,19.79,82.64,1024.06,4.12,98.00
Wed 27/05/2026 - 17:57:14,19.77,82.74,1024.08,4.12,98.00
Wed 27/05/2026 - 17:57:48,19.76,82.70,1024.09,4.12,98.00
Wed 27/05/2026 - 17:58:21,19.76,82.74,1024.14,4.12,98.00
Wed 27/05/2026 - 17:58:56,19.75,82.73,1024.10,4.12,98.00
Wed 27/05/2026 - 17:59:30,19.74,82.74,1024.08,4.12,98.00
Wed 27/05/2026 - 18:00:03,19.74,82.80,1024.10,4.12,98.00
Wed 27/05/2026 - 18:00:37,19.74,82.86,1024.06,4.12,98.00
Wed 27/05/2026 - 18:01:11,19.73,82.90,1024.04,4.12,98.00
Wed 27/05/2026 - 18:01:45,19.73,82.94,1024.11,4.12,98.00
Wed 27/05/2026 - 18:02:19,19.72,83.16,1024.09,4.12,98.00
Wed 27/05/2026 - 18:02:53,19.72,83.18,1024.02,4.12,98.00
Wed 27/05/2026 - 18:03:27,19.71,83.26,1024.08,4.12,98.00
Wed 27/05/2026 - 18:04:01,19.70,83.29,1024.07,4.12,98.00
Wed 27/05/2026 - 18:04:35,19.71,83.48,1024.02,4.12,98.00
Wed 27/05/2026 - 18:05:09,19.70,83.57,1024.18,4.12,98.00
Wed 27/05/2026 - 18:05:43,19.68,83.66,1024.09,4.12,98.00
Wed 27/05/2026 - 18:06:17,19.68,83.66,1024.08,4.12,98.00
Wed 27/05/2026 - 18:06:51,19.67,83.76,1024.12,4.12,98.00
Wed 27/05/2026 - 18:07:25,19.67,83.92,1024.10,4.12,98.00
Wed 27/05/2026 - 18:07:59,19.66,84.05,1024.13,4.12,98.00
Wed 27/05/2026 - 18:08:33,19.66,84.13,1024.11,4.12,98.00
Wed 27/05/2026 - 18:09:07,19.66,84.21,1024.13,4.12,98.00
Wed 27/05/2026 - 18:09:41,19.65,84.25,1024.14,4.12,98.00
Wed 27/05/2026 - 18:10:15,19.63,84.28,1024.11,4.12,98.00
Wed 27/05/2026 - 18:10:49,19.64,84.38,1024.13,4.12,98.00
Wed 27/05/2026 - 18:11:23,19.62,84.46,1024.14,4.12,98.00
Wed 27/05/2026 - 18:11:57,19.62,84.50,1024.15,4.12,98.00
Wed 27/05/2026 - 18:12:31,19.62,84.49,1024.09,4.12,98.00
Wed 27/05/2026 - 18:13:05,19.61,84.54,1024.18,4.12,98.00
Wed 27/05/2026 - 18:13:39,19.60,84.68,1024.11,4.12,98.00
Wed 27/05/2026 - 18:14:13,19.59,84.74,1024.05,4.12,98.00
Wed 27/05/2026 - 18:14:47,19.58,84.66,1024.14,4.12,98.00
Wed 27/05/2026 - 18:15:21,19.58,84.67,1024.09,4.12,98.00
Wed 27/05/2026 - 18:15:55,19.57,84.87,1024.06,4.12,98.00
Wed 27/05/2026 - 18:16:29,19.57,84.79,1024.04,4.12,98.00
Wed 27/05/2026 - 18:17:03,19.56,84.85,1024.08,4.12,98.00
Wed 27/05/2026 - 18:17:37,19.56,84.92,1024.07,4.12,98.00
Wed 27/05/2026 - 18:18:11,19.56,84.94,1024.04,4.11,98.00
Wed 27/05/2026 - 18:18:45,19.56,84.98,1024.07,4.11,98.00
Wed 27/05/2026 - 18:19:19,19.55,84.99,1024.09,4.11,98.00
Wed 27/05/2026 - 18:19:53,19.54,85.01,1024.06,4.12,98.00
Wed 27/05/2026 - 18:20:27,19.53,85.10,1024.05,4.12,98.00
Wed 27/05/2026 - 18:21:01,19.53,85.20,1024.10,4.11,98.00
Wed 27/05/2026 - 18:21:35,19.52,85.15,1024.04,4.11,98.00
Wed 27/05/2026 - 18:22:09,19.51,85.25,1024.07,4.11,98.00
Wed 27/05/2026 - 18:22:43,19.50,85.33,1024.11,4.11,98.00
Wed 27/05/2026 - 18:23:17,19.51,85.32,1024.06,4.11,98.00
Wed 27/05/2026 - 18:23:51,19.50,85.40,1024.05,4.11,98.00
Wed 27/05/2026 - 18:24:25,19.49,85.59,1024.08,4.11,98.00
Wed 27/05/2026 - 18:24:59,19.49,85.64,1024.06,4.11,98.00
Wed 27/05/2026 - 18:25:33,19.48,85.63,1024.12,4.11,98.00
Wed 27/05/2026 - 18:26:07,19.47,85.72,1024.00,4.11,98.00
Wed 27/05/2026 - 18:26:41,19.48,85.91,1024.09,4.11,98.00
Wed 27/05/2026 - 18:27:15,19.47,85.98,1024.11,4.11,98.00
Wed 27/05/2026 - 18:27:49,19.46,86.19,1024.09,4.11,98.00
Wed 27/05/2026 - 18:28:23,19.46,86.35,1024.06,4.11,98.00
Wed 27/05/2026 - 18:28:57,19.46,86.49,1024.10,4.11,98.00
Wed 27/05/2026 - 18:29:31,19.45,86.62,1024.02,4.11,98.00
Wed 27/05/2026 - 18:30:05,19.45,86.72,1024.18,4.11,98.00
Wed 27/05/2026 - 18:30:39,19.44,86.77,1024.08,4.11,98.00
Wed 27/05/2026 - 18:31:13,19.42,87.10,1024.08,4.11,98.00
Wed 27/05/2026 - 18:31:47,19.43,87.17,1024.09,4.11,98.00
Wed 27/05/2026 - 18:32:21,19.43,87.26,1024.14,4.11,98.00
Wed 27/05/2026 - 18:32:55,19.42,87.44,1024.15,4.11,98.00
Wed 27/05/2026 - 18:33:29,19.42,87.35,1024.18,4.11,98.00
Wed 27/05/2026 - 18:34:03,19.41,87.38,1024.11,4.11,98.00
Wed 27/05/2026 - 18:34:37,19.40,87.36,1024.09,4.11,98.00
Wed 27/05/2026 - 18:35:11,19.40,87.41,1024.06,4.11,98.00
Wed 27/05/2026 - 18:35:45,19.39,87.47,1024.00,4.11,98.00
Wed 27/05/2026 - 18:36:19,19.39,87.45,1024.07,4.11,98.00
Wed 27/05/2026 - 18:36:53,19.38,87.56,1024.01,4.11,98.00
Wed 27/05/2026 - 18:37:27,19.39,87.74,1024.10,4.11,98.00
Wed 27/05/2026 - 18:38:01,19.37,87.78,1024.09,4.11,98.00
Wed 27/05/2026 - 18:38:35,19.37,87.70,1024.07,4.11,98.00
Wed 27/05/2026 - 18:39:09,19.35,87.73,1024.00,4.11,98.00
Wed 27/05/2026 - 18:39:43,19.35,87.67,1024.00,4.11,98.00
Wed 27/05/2026 - 18:40:17,19.35,87.72,1024.04,4.11,98.00
Wed 27/05/2026 - 18:40:51,19.34,87.76,1024.05,4.11,98.00
Wed 27/05/2026 - 18:41:25,19.34,87.93,1024.04,4.11,98.00
Wed 27/05/2026 - 18:41:59,19.33,87.94,1024.08,4.11,98.00
Wed 27/05/2026 - 18:42:33,19.33,88.00,1024.08,4.11,98.00
Wed 27/05/2026 - 18:43:07,19.33,88.27,1024.08,4.11,98.00
Wed 27/05/2026 - 18:43:41,19.31,88.25,1023.99,4.11,98.00
Wed 27/05/2026 - 18:44:15,19.31,88.38,1024.07,4.11,98.00
Wed 27/05/2026 - 18:44:49,19.29,88.34,1024.02,4.11,98.00
Wed 27/05/2026 - 18:45:23,19.31,88.71,1024.02,4.11,98.00
Wed 27/05/2026 - 18:45:57,19.28,88.67,1024.05,4.11,98.00
Wed 27/05/2026 - 18:46:31,19.28,88.72,1023.99,4.11,98.00
Wed 27/05/2026 - 18:47:05,19.28,88.75,1024.08,4.11,98.00
Wed 27/05/2026 - 18:47:38,19.27,88.87,1024.08,4.11,98.00
Wed 27/05/2026 - 18:48:12,19.27,88.93,1024.11,4.11,98.00
Wed 27/05/2026 - 18:48:46,19.27,89.06,1024.08,4.11,98.00
Wed 27/05/2026 - 18:49:20,19.26,89.14,1024.13,4.11,98.00
Wed 27/05/2026 - 18:49:54,19.25,89.21,1024.05,4.11,98.00
Wed 27/05/2026 - 18:50:28,19.25,89.50,1024.10,4.11,98.00
Wed 27/05/2026 - 18:51:02,19.25,89.54,1024.11,4.11,98.00
Wed 27/05/2026 - 18:51:36,19.24,89.69,1024.07,4.11,98.00
Wed 27/05/2026 - 18:52:10,19.23,89.69,1023.96,4.11,98.00
Wed 27/05/2026 - 18:52:44,19.23,89.54,1024.05,4.11,98.00
Wed 27/05/2026 - 18:53:18,19.23,89.68,1024.01,4.11,98.00
Wed 27/05/2026 - 18:53:52,19.23,89.70,1023.96,4.11,98.00
Wed 27/05/2026 - 18:54:26,19.22,89.82,1024.00,4.11,98.00
Wed 27/05/2026 - 18:55:00,19.21,89.91,1024.03,4.11,98.00
Wed 27/05/2026 - 18:55:34,19.21,89.74,1024.01,4.11,98.00
Wed 27/05/2026 - 18:56:08,19.20,89.71,1023.93,4.11,98.00
Wed 27/05/2026 - 18:56:42,19.20,89.68,1024.02,4.11,98.00
Wed 27/05/2026 - 18:57:16,19.20,89.69,1023.99,4.11,98.00
Wed 27/05/2026 - 18:57:50,19.19,91.01,1024.12,4.11,98.00
Wed 27/05/2026 - 18:58:24,19.17,90.82,1023.97,4.11,98.00
Wed 27/05/2026 - 18:58:58,19.17,91.13,1024.07,4.11,98.00
Wed 27/05/2026 - 18:59:32,19.17,90.97,1023.98,4.11,98.00
Wed 27/05/2026 - 19:00:06,19.17,90.89,1024.07,4.11,98.00
Wed 27/05/2026 - 19:00:40,19.17,90.94,1024.05,4.11,98.00
Wed 27/05/2026 - 19:01:14,19.15,91.10,1024.00,4.11,98.00
Wed 27/05/2026 - 19:01:48,19.15,91.16,1024.06,4.11,98.00
Wed 27/05/2026 - 19:02:22,19.16,91.22,1024.04,4.11,98.00
Wed 27/05/2026 - 19:02:56,19.17,91.30,1024.07,4.11,98.00
Wed 27/05/2026 - 19:03:30,19.17,91.45,1024.14,4.11,98.00
Wed 27/05/2026 - 19:04:04,19.16,91.57,1024.01,4.11,98.00
Wed 27/05/2026 - 19:04:38,19.16,91.68,1024.14,4.11,98.00
Wed 27/05/2026 - 19:05:12,19.17,91.67,1024.07,4.11,98.00
Wed 27/05/2026 - 19:05:46,19.17,91.85,1024.07,4.11,98.00
Wed 27/05/2026 - 19:06:20,19.17,91.95,1024.07,4.11,98.00
Wed 27/05/2026 - 19:06:54,19.17,92.08,1024.14,4.11,98.00
Wed 27/05/2026 - 19:07:28,19.17,92.08,1024.09,4.11,98.00
Wed 27/05/2026 - 19:08:02,19.17,92.03,1024.07,4.11,98.00
Wed 27/05/2026 - 19:08:36,19.17,92.14,1024.07,4.11,98.00
Wed 27/05/2026 - 19:09:10,19.17,92.20,1024.07,4.11,98.00
Wed 27/05/2026 - 19:09:44,19.17,92.69,1024.07,4.11,98.00
Wed 27/05/2026 - 19:10:18,19.17,92.33,1024.10,4.11,98.00
Wed 27/05/2026 - 19:10:52,19.17,92.42,1024.13,4.11,98.00
Wed 27/05/2026 - 19:11:26,19.16,92.42,1024.04,4.11,98.00
Wed 27/05/2026 - 19:12:00,19.18,92.47,1024.15,4.11,98.00
Wed 27/05/2026 - 19:12:34,19.18,92.51,1024.15,4.11,98.00
Wed 27/05/2026 - 19:13:08,19.17,92.57,1024.13,4.11,98.00
Wed 27/05/2026 - 19:13:42,19.19,92.50,1024.11,4.11,98.00
Wed 27/05/2026 - 19:14:16,19.18,92.45,1024.21,4.11,98.00
Wed 27/05/2026 - 19:14:50,19.17,92.54,1024.20,4.11,98.00
Wed 27/05/2026 - 19:15:24,19.19,92.54,1024.22,4.11,98.00
Wed 27/05/2026 - 19:15:58,19.17,92.60,1024.14,4.11,98.00
Wed 27/05/2026 - 19:16:32,19.17,92.63,1024.14,4.11,98.00
Wed 27/05/2026 - 19:17:06,19.19,92.86,1024.16,4.11,98.00
Wed 27/05/2026 - 19:17:40,19.17,93.24,1024.14,4.11,98.00
Wed 27/05/2026 - 19:18:14,19.19,93.77,1024.22,4.11,98.00
Wed 27/05/2026 - 19:18:48,19.19,94.23,1024.22,4.11,98.00
Wed 27/05/2026 - 19:19:22,19.17,94.56,1024.14,4.11,98.00
Wed 27/05/2026 - 19:19:56,19.19,94.78,1024.19,4.11,98.00
Wed 27/05/2026 - 19:20:30,19.17,95.26,1024.09,4.11,98.00
Wed 27/05/2026 - 19:21:04,19.17,95.52,1024.25,4.11,98.00
Wed 27/05/2026 - 19:21:38,19.19,95.73,1024.22,4.11,98.00
Wed 27/05/2026 - 19:22:12,19.17,96.03,1024.20,4.11,98.00
Wed 27/05/2026 - 19:22:46,19.17,96.20,1024.20,4.10,98.00
Wed 27/05/2026 - 19:23:20,19.19,96.31,1024.25,4.11,98.00
Wed 27/05/2026 - 19:23:54,19.18,96.37,1024.13,4.11,98.00
Wed 27/05/2026 - 19:24:28,19.17,96.68,1024.14,4.10,98.00
Wed 27/05/2026 - 19:25:02,19.17,97.21,1024.14,4.10,98.00
Wed 27/05/2026 - 19:25:36,19.19,97.57,1024.16,4.11,98.00
Wed 27/05/2026 - 19:26:10,19.18,98.00,1024.13,4.11,98.00
Wed 27/05/2026 - 19:26:44,19.19,98.42,1024.13,4.10,98.00
Wed 27/05/2026 - 19:27:17,19.18,98.69,1024.15,4.11,98.00
Wed 27/05/2026 - 19:27:51,19.17,98.97,1024.14,4.11,98.00
Wed 27/05/2026 - 19:28:25,19.19,99.31,1024.19,4.11,98.00
Wed 27/05/2026 - 19:28:59,19.18,99.49,1024.15,4.11,98.00
Wed 27/05/2026 - 19:29:33,19.17,99.71,1024.09,4.10,98.00
Wed 27/05/2026 - 19:30:07,19.17,99.92,1024.09,4.10,98.00
Wed 27/05/2026 - 19:30:41,19.18,100.00,1024.15,4.10,98.00
Wed 27/05/2026 - 19:31:15,19.19,100.00,1024.16,4.10,98.00
Wed 27/05/2026 - 19:31:49,19.17,100.00,1024.20,4.10,98.00
Wed 27/05/2026 - 19:32:23,19.17,100.00,1024.20,4.10,98.00
Wed 27/05/2026 - 19:32:57,19.17,100.00,1024.14,4.11,98.00
Wed 27/05/2026 - 19:33:31,19.17,100.00,1024.20,4.10,98.00
Wed 27/05/2026 - 19:34:05,19.18,100.00,1024.23,4.10,98.00
Wed 27/05/2026 - 19:34:39,19.18,100.00,1024.18,4.10,98.00
Wed 27/05/2026 - 19:35:13,19.17,100.00,1024.22,4.10,98.00
Wed 27/05/2026 - 19:35:47,19.18,100.00,1024.23,4.10,98.00
Wed 27/05/2026 - 19:36:21,19.17,100.00,1024.24,4.10,98.00
Wed 27/05/2026 - 19:36:55,19.17,100.00,1024.14,4.10,98.00
Wed 27/05/2026 - 19:37:29,19.17,100.00,1024.24,4.10,98.00
Wed 27/05/2026 - 19:38:03,19.17,100.00,1024.14,4.10,98.00
Wed 27/05/2026 - 19:38:37,19.17,100.00,1024.19,4.10,98.00
Wed 27/05/2026 - 19:39:11,19.17,100.00,1024.25,4.10,98.00
Wed 27/05/2026 - 19:39:45,19.17,100.00,1024.24,4.10,98.00
Wed 27/05/2026 - 19:40:19,19.17,100.00,1024.21,4.10,98.00
Wed 27/05/2026 - 19:40:53,19.16,100.00,1024.23,4.10,98.00
Wed 27/05/2026 - 19:41:27,19.17,100.00,1024.31,4.10,98.00
Wed 27/05/2026 - 19:42:01,19.16,100.00,1024.25,4.10,98.00
Wed 27/05/2026 - 19:42:35,19.17,100.00,1024.26,4.10,98.00
Wed 27/05/2026 - 19:43:09,19.15,100.00,1024.26,4.10,98.00
Wed 27/05/2026 - 19:43:43,19.15,100.00,1024.22,4.10,98.00
Wed 27/05/2026 - 19:44:17,19.15,100.00,1024.30,4.10,98.00
Wed 27/05/2026 - 19:44:51,19.17,100.00,1024.24,4.10,98.00
Wed 27/05/2026 - 19:45:25,19.16,100.00,1024.28,4.10,98.00
Wed 27/05/2026 - 19:45:59,19.14,100.00,1024.25,4.10,98.00
Wed 27/05/2026 - 19:46:33,19.14,100.00,1024.23,4.10,98.00
Wed 27/05/2026 - 19:47:07,19.14,100.00,1024.17,4.10,98.00
Wed 27/05/2026 - 19:47:41,19.16,100.00,1024.23,4.10,98.00
Wed 27/05/2026 - 19:48:15,19.14,100.00,1024.20,4.10,98.00
Wed 27/05/2026 - 19:48:49,19.13,100.00,1024.13,4.10,98.00
Wed 27/05/2026 - 19:49:23,19.13,100.00,1024.24,4.10,98.00
Wed 27/05/2026 - 19:49:57,19.14,100.00,1024.15,4.10,98.00
Wed 27/05/2026 - 19:50:31,19.14,100.00,1024.14,4.10,98.00
Wed 27/05/2026 - 19:51:05,19.13,100.00,1024.12,4.10,98.00
Wed 27/05/2026 - 19:51:39,19.13,100.00,1024.13,4.10,98.00
Wed 27/05/2026 - 19:52:13,19.13,100.00,1024.09,4.10,98.00
Wed 27/05/2026 - 19:52:47,19.12,100.00,1024.06,4.10,98.00
Wed 27/05/2026 - 19:53:21,19.13,100.00,1024.05,4.10,98.00
Wed 27/05/2026 - 19:53:55,19.12,100.00,1024.08,4.10,98.00
Wed 27/05/2026 - 19:54:29,19.11,100.00,1024.04,4.10,98.00
Wed 27/05/2026 - 19:55:03,19.10,100.00,1024.02,4.10,98.00
Wed 27/05/2026 - 19:55:37,19.11,100.00,1023.99,4.10,98.00
Wed 27/05/2026 - 19:56:11,19.12,100.00,1024.05,4.10,98.00
Wed 27/05/2026 - 19:56:45,19.11,100.00,1023.98,4.10,98.00
Wed 27/05/2026 - 19:57:19,19.11,100.00,1024.09,4.10,98.00
Wed 27/05/2026 - 19:57:53,19.10,100.00,1024.07,4.10,98.00
Wed 27/05/2026 - 19:58:27,19.11,100.00,1024.14,4.10,98.00
Wed 27/05/2026 - 19:59:01,19.10,100.00,1024.12,4.10,98.00
Wed 27/05/2026 - 19:59:35,19.10,100.00,1024.10,4.10,98.00
Wed 27/05/2026 - 20:00:09,19.10,100.00,1024.15,4.10,98.00
Wed 27/05/2026 - 20:00:43,19.10,100.00,1024.13,4.10,98.00
Wed 27/05/2026 - 20:01:17,19.08,100.00,1024.10,4.10,98.00
Wed 27/05/2026 - 20:01:51,19.08,100.00,1024.07,4.10,98.00
Wed 27/05/2026 - 20:02:25,19.09,100.00,1024.14,4.10,98.00
Wed 27/05/2026 - 20:02:59,19.08,100.00,1024.04,4.10,98.00
Wed 27/05/2026 - 20:03:33,19.08,100.00,1024.10,4.10,98.00
Wed 27/05/2026 - 20:04:07,19.08,100.00,1024.09,4.10,98.00
Wed 27/05/2026 - 20:04:40,19.07,100.00,1024.15,4.10,98.00
Wed 27/05/2026 - 20:05:15,19.06,100.00,1024.17,4.10,98.00
Wed 27/05/2026 - 20:05:48,19.06,100.00,1024.12,4.10,98.00
Wed 27/05/2026 - 20:06:22,19.06,100.00,1024.14,4.10,98.00
Wed 27/05/2026 - 20:06:56,19.05,100.00,1024.18,4.10,98.00
Wed 27/05/2026 - 20:07:30,19.06,100.00,1024.19,4.10,98.00
Wed 27/05/2026 - 20:08:04,19.04,100.00,1024.11,4.10,98.00
Wed 27/05/2026 - 20:08:38,19.05,100.00,1024.14,4.10,98.00
Wed 27/05/2026 - 20:09:12,19.05,100.00,1024.17,4.10,98.00
Wed 27/05/2026 - 20:09:46,19.04,100.00,1024.21,4.10,98.00
Wed 27/05/2026 - 20:10:20,19.04,100.00,1024.14,4.10,98.00
Wed 27/05/2026 - 20:10:54,19.04,100.00,1024.11,4.10,98.00
Wed 27/05/2026 - 20:11:28,19.03,100.00,1024.11,4.10,98.00
Wed 27/05/2026 - 20:12:02,19.03,100.00,1024.09,4.10,98.00
Wed 27/05/2026 - 20:12:36,19.03,100.00,1024.15,4.10,98.00
Wed 27/05/2026 - 20:13:10,19.02,100.00,1024.13,4.10,98.00
Wed 27/05/2026 - 20:13:44,19.01,100.00,1024.06,4.10,98.00
Wed 27/05/2026 - 20:14:18,19.01,100.00,1024.16,4.10,98.00
Wed 27/05/2026 - 20:14:52,19.01,100.00,1024.13,4.10,98.00
Wed 27/05/2026 - 20:15:26,19.00,100.00,1024.07,4.10,98.00
Wed 27/05/2026 - 20:16:00,19.01,100.00,1024.18,4.10,98.00
Wed 27/05/2026 - 20:16:34,19.00,100.00,1024.07,4.10,98.00
Wed 27/05/2026 - 20:17:08,19.00,100.00,1024.12,4.10,98.00
Wed 27/05/2026 - 20:17:42,18.99,100.00,1024.12,4.10,98.00
Wed 27/05/2026 - 20:18:16,19.00,100.00,1024.08,4.10,98.00
Wed 27/05/2026 - 20:18:50,18.99,100.00,1024.09,4.10,98.00
Wed 27/05/2026 - 20:19:24,18.99,100.00,1024.08,4.10,98.00
Wed 27/05/2026 - 20:19:58,18.98,100.00,1024.05,4.10,98.00
Wed 27/05/2026 - 20:20:32,18.97,100.00,1024.07,4.10,98.00
Wed 27/05/2026 - 20:21:06,18.98,100.00,1024.02,4.10,98.00
Wed 27/05/2026 - 20:21:40,18.97,100.00,1024.07,4.10,98.00
Wed 27/05/2026 - 20:22:14,18.96,100.00,1024.02,4.10,98.00
Wed 27/05/2026 - 20:22:48,18.96,100.00,1023.99,4.10,98.00
Wed 27/05/2026 - 20:23:22,18.95,100.00,1023.98,4.10,98.00
Wed 27/05/2026 - 20:23:56,18.95,100.00,1024.03,4.10,98.00
Wed 27/05/2026 - 20:24:30,18.96,100.00,1024.02,4.10,98.00
Wed 27/05/2026 - 20:25:04,18.95,100.00,1023.92,4.10,98.00
Wed 27/05/2026 - 20:25:38,18.95,100.00,1024.01,4.10,98.00
Wed 27/05/2026 - 20:26:12,18.94,100.00,1023.94,4.10,98.00
Wed 27/05/2026 - 20:26:46,18.94,100.00,1024.02,4.10,98.00
Wed 27/05/2026 - 20:27:20,18.93,100.00,1024.05,4.10,98.00
Wed 27/05/2026 - 20:27:54,18.93,100.00,1024.00,4.10,98.00
Wed 27/05/2026 - 20:28:28,18.93,100.00,1024.00,4.10,98.00
Wed 27/05/2026 - 20:29:02,18.93,100.00,1023.96,4.10,98.00
Wed 27/05/2026 - 20:29:36,18.93,100.00,1023.99,4.10,98.00
Wed 27/05/2026 - 20:30:10,18.93,100.00,1023.99,4.10,98.00
Wed 27/05/2026 - 20:30:44,18.92,100.00,1024.01,4.10,98.00
Wed 27/05/2026 - 20:31:18,18.91,100.00,1024.02,4.10,98.00
Wed 27/05/2026 - 20:31:52,18.92,100.00,1023.97,4.10,98.00
Wed 27/05/2026 - 20:32:26,18.91,100.00,1024.09,4.10,98.00
Wed 27/05/2026 - 20:33:00,18.91,100.00,1024.06,4.10,98.00
Wed 27/05/2026 - 20:33:34,18.90,100.00,1024.00,4.10,98.00
Wed 27/05/2026 - 20:34:08,18.90,100.00,1024.05,4.10,98.00
Wed 27/05/2026 - 20:34:42,18.89,100.00,1024.04,4.10,98.00
Wed 27/05/2026 - 20:35:16,18.90,100.00,1024.06,4.10,98.00
Wed 27/05/2026 - 20:35:50,18.90,100.00,1024.05,4.10,98.00
Wed 27/05/2026 - 20:36:24,18.89,100.00,1024.04,4.10,98.00
Wed 27/05/2026 - 20:36:58,18.89,100.00,1023.98,4.10,98.00
Wed 27/05/2026 - 20:37:32,18.88,100.00,1024.08,4.10,98.00
Wed 27/05/2026 - 20:38:06,18.89,100.00,1024.03,4.10,98.00
Wed 27/05/2026 - 20:38:40,18.88,100.00,1024.02,4.10,98.00
Wed 27/05/2026 - 20:39:14,18.87,100.00,1023.94,4.10,98.00
Wed 27/05/2026 - 20:39:48,18.88,100.00,1024.07,4.10,98.00
Wed 27/05/2026 - 20:40:22,18.88,100.00,1023.99,4.10,98.00
Wed 27/05/2026 - 20:40:56,18.87,100.00,1024.00,4.10,98.00
Wed 27/05/2026 - 20:41:30,18.87,100.00,1024.06,4.10,98.00
Wed 27/05/2026 - 20:42:04,18.86,100.00,1024.01,4.10,98.00
Wed 27/05/2026 - 20:42:38,18.87,100.00,1024.00,4.10,98.00
Wed 27/05/2026 - 20:43:12,18.87,100.00,1024.05,4.10,98.00
Wed 27/05/2026 - 20:43:46,18.85,100.00,1024.02,4.10,98.00
Wed 27/05/2026 - 20:44:20,18.86,100.00,1024.03,4.10,98.00
Wed 27/05/2026 - 20:44:54,18.85,100.00,1024.08,4.10,98.00
Wed 27/05/2026 - 20:45:28,18.84,100.00,1024.11,4.10,98.00
Wed 27/05/2026 - 20:46:02,18.85,100.00,1024.04,4.10,98.00
Wed 27/05/2026 - 20:46:36,18.84,100.00,1024.09,4.10,98.00
Wed 27/05/2026 - 20:47:09,18.84,100.00,1024.13,4.10,98.00
Wed 27/05/2026 - 20:47:43,18.84,100.00,1024.14,4.10,98.00
Wed 27/05/2026 - 20:48:17,18.83,100.00,1024.10,4.10,98.00
Wed 27/05/2026 - 20:48:51,18.83,100.00,1024.18,4.09,97.00
Wed 27/05/2026 - 20:49:25,18.84,100.00,1024.19,4.10,98.00
Wed 27/05/2026 - 20:49:59,18.83,100.00,1024.14,4.09,97.00
Wed 27/05/2026 - 20:50:33,18.84,100.00,1024.19,4.10,98.00
Wed 27/05/2026 - 20:51:07,18.82,100.00,1024.19,4.10,98.00
Wed 27/05/2026 - 20:51:41,18.82,100.00,1024.13,4.10,98.00
Wed 27/05/2026 - 20:52:15,18.82,100.00,1024.21,4.09,97.00
Wed 27/05/2026 - 20:52:49,18.82,100.00,1024.07,4.10,98.00
Wed 27/05/2026 - 20:53:23,18.82,100.00,1024.16,4.10,98.00
Wed 27/05/2026 - 20:53:57,18.81,100.00,1024.12,4.10,98.00
Wed 27/05/2026 - 20:54:31,18.81,100.00,1024.17,4.09,97.00
Wed 27/05/2026 - 20:55:05,18.81,100.00,1024.14,4.09,97.00
Wed 27/05/2026 - 20:55:39,18.81,100.00,1024.14,4.10,98.00
Wed 27/05/2026 - 20:56:13,18.81,100.00,1024.17,4.10,98.00
Wed 27/05/2026 - 20:56:47,18.79,100.00,1024.14,4.09,97.00
Wed 27/05/2026 - 20:57:21,18.79,100.00,1024.19,4.09,97.00
Wed 27/05/2026 - 20:57:55,18.80,100.00,1024.26,4.09,97.00
Wed 27/05/2026 - 20:58:29,18.79,100.00,1024.24,4.09,97.00
Wed 27/05/2026 - 20:59:03,18.78,100.00,1024.23,4.09,97.00
Wed 27/05/2026 - 20:59:37,18.79,100.00,1024.26,4.09,97.00
Wed 27/05/2026 - 21:00:11,18.78,100.00,1024.25,4.09,97.00
Wed 27/05/2026 - 21:00:45,18.78,100.00,1024.25,4.09,97.00
Wed 27/05/2026 - 21:01:19,18.77,100.00,1024.20,4.09,97.00
Wed 27/05/2026 - 21:01:53,18.77,100.00,1024.16,4.09,97.00
Wed 27/05/2026 - 21:02:27,18.77,100.00,1024.23,4.09,97.00
Wed 27/05/2026 - 21:03:01,18.77,100.00,1024.26,4.09,97.00
Wed 27/05/2026 - 21:03:35,18.77,100.00,1024.26,4.09,97.00
Wed 27/05/2026 - 21:04:09,18.76,100.00,1024.18,4.09,97.00
Wed 27/05/2026 - 21:04:43,18.76,100.00,1024.27,4.09,97.00
Wed 27/05/2026 - 21:05:17,18.76,100.00,1024.21,4.09,97.00
Wed 27/05/2026 - 21:05:51,18.76,100.00,1024.19,4.09,97.00
Wed 27/05/2026 - 21:06:25,18.76,100.00,1024.24,4.09,97.00
Wed 27/05/2026 - 21:06:59,18.75,100.00,1024.26,4.09,97.00
Wed 27/05/2026 - 21:07:33,18.76,100.00,1024.29,4.09,97.00
Wed 27/05/2026 - 21:08:07,18.75,100.00,1024.17,4.09,97.00
Wed 27/05/2026 - 21:08:41,18.75,100.00,1024.18,4.09,97.00
Wed 27/05/2026 - 21:09:15,18.75,100.00,1024.17,4.09,97.00
Wed 27/05/2026 - 21:09:49,18.75,100.00,1024.19,4.09,97.00
Wed 27/05/2026 - 21:10:23,18.75,100.00,1024.18,4.09,97.00
Wed 27/05/2026 - 21:10:57,18.75,100.00,1024.20,4.09,97.00
Wed 27/05/2026 - 21:11:31,18.76,100.00,1024.18,4.09,97.00
Wed 27/05/2026 - 21:12:05,18.75,100.00,1024.17,4.09,97.00
Wed 27/05/2026 - 21:12:39,18.74,100.00,1024.21,4.09,97.00
Wed 27/05/2026 - 21:13:13,18.74,100.00,1024.13,4.09,97.00
Wed 27/05/2026 - 21:13:47,18.74,100.00,1024.16,4.09,97.00
Wed 27/05/2026 - 21:14:21,18.74,100.00,1024.10,4.09,97.00
Wed 27/05/2026 - 21:14:55,18.74,100.00,1024.10,4.09,97.00
Wed 27/05/2026 - 21:15:29,18.75,100.00,1024.15,4.09,97.00
Wed 27/05/2026 - 21:16:03,18.74,100.00,1024.08,4.09,97.00
Wed 27/05/2026 - 21:16:37,18.74,100.00,1024.07,4.09,97.00
Wed 27/05/2026 - 21:17:11,18.74,100.00,1024.08,4.09,97.00
Wed 27/05/2026 - 21:17:45,18.74,100.00,1024.08,4.09,97.00
Wed 27/05/2026 - 21:18:19,18.73,100.00,1023.98,4.09,97.00
Wed 27/05/2026 - 21:18:53,18.74,100.00,1024.01,4.09,97.00
Wed 27/05/2026 - 21:19:27,18.74,100.00,1024.02,4.09,97.00
Wed 27/05/2026 - 21:20:01,18.74,100.00,1024.05,4.09,97.00
Wed 27/05/2026 - 21:20:35,18.73,100.00,1024.01,4.09,97.00
Wed 27/05/2026 - 21:21:09,18.73,100.00,1024.08,4.09,97.00
Wed 27/05/2026 - 21:21:43,18.73,100.00,1024.01,4.09,97.00
Wed 27/05/2026 - 21:22:17,18.72,100.00,1024.07,4.09,97.00
Wed 27/05/2026 - 21:22:50,18.73,100.00,1023.98,4.09,97.00
Wed 27/05/2026 - 21:23:24,18.72,100.00,1024.02,4.09,97.00
Wed 27/05/2026 - 21:23:58,18.72,100.00,1024.02,4.09,97.00
Wed 27/05/2026 - 21:24:32,18.73,100.00,1024.03,4.09,97.00
Wed 27/05/2026 - 21:25:06,18.72,100.00,1023.96,4.09,97.00
Wed 27/05/2026 - 21:25:40,18.72,100.00,1024.01,4.09,97.00
Wed 27/05/2026 - 21:26:14,18.72,100.00,1024.02,4.09,97.00
Wed 27/05/2026 - 21:26:48,18.71,100.00,1023.94,4.09,97.00
Wed 27/05/2026 - 21:27:22,18.71,100.00,1024.00,4.09,97.00
Wed 27/05/2026 - 21:27:56,18.71,100.00,1023.97,4.09,97.00
Wed 27/05/2026 - 21:28:30,18.72,100.00,1023.99,4.09,97.00
Wed 27/05/2026 - 21:29:04,18.72,100.00,1024.01,4.09,97.00
Wed 27/05/2026 - 21:29:38,18.72,100.00,1023.98,4.09,97.00
Wed 27/05/2026 - 21:30:12,18.71,100.00,1024.00,4.09,97.00
Wed 27/05/2026 - 21:30:46,18.72,100.00,1024.07,4.09,97.00
Wed 27/05/2026 - 21:31:20,18.71,100.00,1024.11,4.09,97.00
Wed 27/05/2026 - 21:31:54,18.71,100.00,1024.11,4.09,97.00
Wed 27/05/2026 - 21:32:28,18.71,100.00,1024.13,4.09,97.00
Wed 27/05/2026 - 21:33:02,18.70,100.00,1024.09,4.09,97.00
Wed 27/05/2026 - 21:33:36,18.70,100.00,1024.03,4.09,97.00
Wed 27/05/2026 - 21:34:10,18.70,100.00,1024.06,4.09,97.00
Wed 27/05/2026 - 21:34:44,18.69,100.00,1024.08,4.09,97.00
Wed 27/05/2026 - 21:35:18,18.69,100.00,1024.08,4.09,97.00
Wed 27/05/2026 - 21:35:52,18.69,100.00,1024.04,4.09,97.00
Wed 27/05/2026 - 21:36:26,18.70,100.00,1024.09,4.09,97.00
Wed 27/05/2026 - 21:37:00,18.68,100.00,1024.01,4.09,97.00
Wed 27/05/2026 - 21:37:34,18.69,100.00,1024.07,4.09,97.00
Wed 27/05/2026 - 21:38:08,18.68,100.00,1024.01,4.09,97.00
Wed 27/05/2026 - 21:38:42,18.69,100.00,1024.02,4.09,97.00
Wed 27/05/2026 - 21:39:16,18.68,100.00,1024.01,4.09,97.00
Wed 27/05/2026 - 21:39:50,18.68,100.00,1024.05,4.09,97.00
Wed 27/05/2026 - 21:40:24,18.69,100.00,1024.10,4.09,97.00
Wed 27/05/2026 - 21:40:58,18.68,100.00,1024.05,4.09,97.00
Wed 27/05/2026 - 21:41:32,18.68,100.00,1024.11,4.09,97.00
Wed 27/05/2026 - 21:42:06,18.68,100.00,1024.08,4.09,97.00
Wed 27/05/2026 - 21:42:40,18.67,100.00,1024.07,4.09,97.00
Wed 27/05/2026 - 21:43:14,18.67,100.00,1024.09,4.09,97.00
Wed 27/05/2026 - 21:43:48,18.67,100.00,1024.12,4.09,97.00
Wed 27/05/2026 - 21:44:22,18.67,100.00,1024.13,4.09,97.00
Wed 27/05/2026 - 21:44:56,18.66,100.00,1024.08,4.09,97.00
Wed 27/05/2026 - 21:45:30,18.66,100.00,1024.07,4.09,97.00
Wed 27/05/2026 - 21:46:04,18.66,100.00,1024.07,4.09,97.00
Wed 27/05/2026 - 21:46:38,18.66,100.00,1024.07,4.09,97.00
Wed 27/05/2026 - 21:47:12,18.65,100.00,1024.01,4.09,97.00
Wed 27/05/2026 - 21:47:46,18.65,100.00,1024.06,4.09,97.00
Wed 27/05/2026 - 21:48:20,18.64,100.00,1023.98,4.09,97.00
Wed 27/05/2026 - 21:48:54,18.64,100.00,1023.99,4.09,97.00
Wed 27/05/2026 - 21:49:28,18.64,100.00,1024.05,4.09,97.00
Wed 27/05/2026 - 21:50:02,18.64,100.00,1023.98,4.09,97.00
Wed 27/05/2026 - 21:50:36,18.65,100.00,1024.06,4.09,97.00
Wed 27/05/2026 - 21:51:10,18.63,100.00,1023.97,4.09,97.00
Wed 27/05/2026 - 21:51:44,18.64,100.00,1023.98,4.09,97.00
Wed 27/05/2026 - 21:52:18,18.63,100.00,1024.08,4.09,97.00
Wed 27/05/2026 - 21:52:52,18.63,100.00,1023.97,4.09,97.00
Wed 27/05/2026 - 21:53:26,18.63,100.00,1023.92,4.09,97.00
Wed 27/05/2026 - 21:54:00,18.63,100.00,1024.02,4.09,97.00
Wed 27/05/2026 - 21:54:34,18.62,100.00,1023.99,4.09,97.00
Wed 27/05/2026 - 21:55:08,18.62,100.00,1023.93,4.09,97.00
Wed 27/05/2026 - 21:55:42,18.63,100.00,1024.02,4.09,97.00
Wed 27/05/2026 - 21:56:16,18.62,100.00,1024.07,4.09,97.00
Wed 27/05/2026 - 21:56:50,18.61,100.00,1023.94,4.09,97.00
Wed 27/05/2026 - 21:57:24,18.62,100.00,1023.98,4.09,97.00
Wed 27/05/2026 - 21:57:58,18.62,100.00,1023.99,4.09,97.00
Wed 27/05/2026 - 21:58:32,18.62,100.00,1024.00,4.09,97.00
Wed 27/05/2026 - 21:59:06,18.61,100.00,1023.94,4.09,97.00
Wed 27/05/2026 - 21:59:40,18.61,100.00,1024.00,4.09,97.00
Wed 27/05/2026 - 22:00:14,18.62,100.00,1023.96,4.09,97.00
Wed 27/05/2026 - 22:00:48,18.61,100.00,1023.91,4.09,97.00
Wed 27/05/2026 - 22:01:22,18.61,100.00,1023.93,4.09,97.00
Wed 27/05/2026 - 22:01:56,18.61,100.00,1023.93,4.09,97.00
Wed 27/05/2026 - 22:02:29,18.61,100.00,1024.01,4.09,97.00
Wed 27/05/2026 - 22:03:03,18.60,100.00,1023.94,4.09,97.00
Wed 27/05/2026 - 22:03:37,18.61,100.00,1023.96,4.09,97.00
Wed 27/05/2026 - 22:04:11,18.60,100.00,1023.94,4.09,97.00
Wed 27/05/2026 - 22:04:45,18.60,100.00,1023.94,4.09,97.00
Wed 27/05/2026 - 22:05:19,18.59,100.00,1023.95,4.09,97.00
Wed 27/05/2026 - 22:05:53,18.60,100.00,1023.97,4.09,97.00
Wed 27/05/2026 - 22:06:27,18.59,100.00,1023.95,4.09,97.00
Wed 27/05/2026 - 22:07:01,18.59,100.00,1023.95,4.09,97.00
Wed 27/05/2026 - 22:07:35,18.59,100.00,1023.95,4.09,97.00
Wed 27/05/2026 - 22:08:09,18.58,100.00,1023.96,4.09,97.00
Wed 27/05/2026 - 22:08:43,18.58,100.00,1023.94,4.09,97.00
Wed 27/05/2026 - 22:09:17,18.59,100.00,1023.98,4.09,97.00
Wed 27/05/2026 - 22:09:51,18.57,100.00,1023.97,4.09,97.00
Wed 27/05/2026 - 22:10:25,18.58,100.00,1023.96,4.09,97.00
Wed 27/05/2026 - 22:10:59,18.59,100.00,1023.96,4.09,97.00
Wed 27/05/2026 - 22:11:33,18.58,100.00,1024.04,4.09,97.00
Wed 27/05/2026 - 22:12:07,18.58,100.00,1024.05,4.09,97.00
Wed 27/05/2026 - 22:12:41,18.58,100.00,1023.99,4.09,97.00
Wed 27/05/2026 - 22:13:15,18.57,100.00,1023.93,4.09,97.00
Wed 27/05/2026 - 22:13:49,18.56,100.00,1023.95,4.09,97.00
Wed 27/05/2026 - 22:14:23,18.56,100.00,1023.90,4.09,97.00
Wed 27/05/2026 - 22:14:57,18.56,100.00,1023.86,4.09,97.00
Wed 27/05/2026 - 22:15:31,18.56,100.00,1023.95,4.09,97.00
Wed 27/05/2026 - 22:16:05,18.56,100.00,1023.93,4.09,97.00
Wed 27/05/2026 - 22:16:39,18.57,100.00,1023.89,4.09,97.00
Wed 27/05/2026 - 22:17:13,18.56,100.00,1023.87,4.09,97.00
Wed 27/05/2026 - 22:17:47,18.56,100.00,1023.87,4.09,97.00
Wed 27/05/2026 - 22:18:21,18.55,100.00,1023.86,4.09,97.00
Wed 27/05/2026 - 22:18:55,18.56,100.00,1023.85,4.09,97.00
Wed 27/05/2026 - 22:19:29,18.55,100.00,1023.88,4.09,97.00
Wed 27/05/2026 - 22:20:03,18.55,100.00,1023.83,4.09,97.00
Wed 27/05/2026 - 22:20:37,18.55,100.00,1023.86,4.09,97.00
Wed 27/05/2026 - 22:21:11,18.54,100.00,1023.81,4.09,97.00
Wed 27/05/2026 - 22:21:45,18.55,100.00,1023.91,4.09,97.00
Wed 27/05/2026 - 22:22:19,18.54,100.00,1023.87,4.09,97.00
Wed 27/05/2026 - 22:22:53,18.54,100.00,1023.87,4.09,97.00
Wed 27/05/2026 - 22:23:27,18.53,100.00,1023.82,4.09,97.00
Wed 27/05/2026 - 22:24:01,18.53,100.00,1023.86,4.09,97.00
Wed 27/05/2026 - 22:24:35,18.53,100.00,1023.85,4.09,97.00
Wed 27/05/2026 - 22:25:09,18.52,100.00,1023.86,4.09,97.00
Wed 27/05/2026 - 22:25:43,18.53,100.00,1023.82,4.09,97.00
Wed 27/05/2026 - 22:26:17,18.52,100.00,1023.84,4.09,97.00
Wed 27/05/2026 - 22:26:51,18.51,100.00,1023.90,4.09,97.00
Wed 27/05/2026 - 22:27:25,18.50,100.00,1023.81,4.09,97.00
Wed 27/05/2026 - 22:27:59,18.50,100.00,1023.80,4.08,97.00
Wed 27/05/2026 - 22:28:33,18.51,100.00,1023.81,4.09,97.00
Wed 27/05/2026 - 22:29:07,18.50,100.00,1023.86,4.09,97.00
Wed 27/05/2026 - 22:29:41,18.51,100.00,1023.87,4.08,97.00
Wed 27/05/2026 - 22:30:15,18.50,100.00,1023.80,4.09,97.00
Wed 27/05/2026 - 22:30:49,18.50,100.00,1023.85,4.08,97.00
Wed 27/05/2026 - 22:31:23,18.50,100.00,1023.88,4.09,97.00
Wed 27/05/2026 - 22:31:57,18.48,100.00,1023.85,4.08,97.00
Wed 27/05/2026 - 22:32:31,18.49,100.00,1023.84,4.08,97.00
Wed 27/05/2026 - 22:33:05,18.48,100.00,1023.87,4.09,97.00
Wed 27/05/2026 - 22:33:39,18.48,100.00,1023.88,4.09,97.00
Wed 27/05/2026 - 22:34:13,18.48,100.00,1023.87,4.09,97.00
Wed 27/05/2026 - 22:34:47,18.47,100.00,1023.91,4.08,97.00
Wed 27/05/2026 - 22:35:21,18.47,100.00,1023.96,4.08,97.00
Wed 27/05/2026 - 22:35:55,18.48,100.00,1023.90,4.09,97.00
Wed 27/05/2026 - 22:36:29,18.47,100.00,1023.91,4.08,97.00
Wed 27/05/2026 - 22:37:03,18.48,100.00,1023.95,4.09,97.00
Wed 27/05/2026 - 22:37:37,18.46,100.00,1023.92,4.08,97.00
Wed 27/05/2026 - 22:38:11,18.46,100.00,1023.89,4.09,97.00
Wed 27/05/2026 - 22:38:44,18.44,100.00,1023.92,4.09,97.00
Wed 27/05/2026 - 22:39:18,18.45,100.00,1023.87,4.08,97.00
Wed 27/05/2026 - 22:39:52,18.44,100.00,1023.86,4.09,97.00
Wed 27/05/2026 - 22:40:26,18.45,100.00,1023.85,4.08,97.00
Wed 27/05/2026 - 22:41:00,18.45,100.00,1023.87,4.09,97.00
Wed 27/05/2026 - 22:41:34,18.43,100.00,1023.89,4.08,97.00
Wed 27/05/2026 - 22:42:08,18.44,100.00,1023.80,4.08,97.00
Wed 27/05/2026 - 22:42:42,18.44,100.00,1023.86,4.08,97.00
Wed 27/05/2026 - 22:43:16,18.43,100.00,1023.85,4.08,97.00
Wed 27/05/2026 - 22:43:50,18.43,100.00,1023.79,4.09,97.00
Wed 27/05/2026 - 22:44:24,18.42,100.00,1023.75,4.09,97.00
Wed 27/05/2026 - 22:44:58,18.41,100.00,1023.73,4.08,97.00
Wed 27/05/2026 - 22:45:32,18.41,100.00,1023.72,4.08,97.00
Wed 27/05/2026 - 22:46:06,18.41,100.00,1023.75,4.08,97.00
Wed 27/05/2026 - 22:46:40,18.41,100.00,1023.69,4.08,97.00
Wed 27/05/2026 - 22:47:14,18.39,100.00,1023.67,4.08,97.00
Wed 27/05/2026 - 22:47:48,18.39,100.00,1023.64,4.08,97.00
Wed 27/05/2026 - 22:48:22,18.40,100.00,1023.68,4.08,97.00
Wed 27/05/2026 - 22:48:56,18.40,100.00,1023.73,4.08,97.00
Wed 27/05/2026 - 22:49:30,18.39,100.00,1023.66,4.08,97.00
Wed 27/05/2026 - 22:50:04,18.38,100.00,1023.65,4.08,97.00
Wed 27/05/2026 - 22:50:38,18.39,100.00,1023.71,4.08,97.00
Wed 27/05/2026 - 22:51:12,18.37,100.00,1023.65,4.08,97.00
Wed 27/05/2026 - 22:51:46,18.37,100.00,1023.63,4.08,97.00
Wed 27/05/2026 - 22:52:20,18.37,100.00,1023.61,4.08,97.00
Wed 27/05/2026 - 22:52:54,18.36,100.00,1023.59,4.08,97.00
Wed 27/05/2026 - 22:53:28,18.37,100.00,1023.60,4.08,97.00
Wed 27/05/2026 - 22:54:02,18.36,100.00,1023.55,4.08,97.00
Wed 27/05/2026 - 22:54:36,18.35,100.00,1023.55,4.08,97.00
Wed 27/05/2026 - 22:55:10,18.35,100.00,1023.56,4.08,97.00
Wed 27/05/2026 - 22:55:44,18.34,100.00,1023.53,4.08,97.00
Wed 27/05/2026 - 22:56:18,18.34,100.00,1023.56,4.08,97.00
Wed 27/05/2026 - 22:56:52,18.33,100.00,1023.54,4.08,97.00
Wed 27/05/2026 - 22:57:26,18.32,100.00,1023.52,4.08,97.00
Wed 27/05/2026 - 22:58:00,18.32,100.00,1023.43,4.08,97.00
Wed 27/05/2026 - 22:58:34,18.32,100.00,1023.55,4.08,97.00
Wed 27/05/2026 - 22:59:08,18.32,100.00,1023.57,4.08,97.00
Wed 27/05/2026 - 22:59:42,18.30,100.00,1023.51,4.08,97.00
Wed 27/05/2026 - 23:00:16,18.30,100.00,1023.53,4.08,97.00
Wed 27/05/2026 - 23:00:50,18.30,100.00,1023.49,4.08,97.00
Wed 27/05/2026 - 23:01:24,18.30,100.00,1023.56,4.08,97.00
Wed 27/05/2026 - 23:01:58,18.29,100.00,1023.50,4.08,97.00
Wed 27/05/2026 - 23:02:32,18.28,100.00,1023.55,4.08,97.00
Wed 27/05/2026 - 23:03:06,18.29,100.00,1023.49,4.08,97.00
Wed 27/05/2026 - 23:03:40,18.27,100.00,1023.46,4.08,97.00
Wed 27/05/2026 - 23:04:14,18.27,100.00,1023.45,4.08,97.00
Wed 27/05/2026 - 23:04:48,18.27,100.00,1023.45,4.08,97.00
Wed 27/05/2026 - 23:05:22,18.26,100.00,1023.44,4.08,97.00
Wed 27/05/2026 - 23:05:56,18.25,100.00,1023.52,4.08,97.00
Wed 27/05/2026 - 23:06:30,18.24,100.00,1023.42,4.08,97.00
Wed 27/05/2026 - 23:07:04,18.24,100.00,1023.42,4.08,97.00
Wed 27/05/2026 - 23:07:38,18.24,100.00,1023.42,4.08,97.00
Wed 27/05/2026 - 23:08:12,18.23,100.00,1023.46,4.08,97.00
Wed 27/05/2026 - 23:08:46,18.23,100.00,1023.40,4.08,97.00
Wed 27/05/2026 - 23:09:20,18.23,100.00,1023.45,4.08,97.00
Wed 27/05/2026 - 23:09:54,18.22,100.00,1023.38,4.08,97.00
Wed 27/05/2026 - 23:10:28,18.22,100.00,1023.38,4.08,97.00
Wed 27/05/2026 - 23:11:02,18.21,100.00,1023.37,4.08,97.00
Wed 27/05/2026 - 23:11:36,18.19,100.00,1023.39,4.08,97.00
Wed 27/05/2026 - 23:12:10,18.20,100.00,1023.35,4.08,97.00
Wed 27/05/2026 - 23:12:44,18.19,100.00,1023.44,4.08,97.00
Wed 27/05/2026 - 23:13:18,18.19,100.00,1023.41,4.08,97.00
Wed 27/05/2026 - 23:13:52,18.18,100.00,1023.37,4.08,97.00
Wed 27/05/2026 - 23:14:26,18.18,100.00,1023.40,4.08,97.00
Wed 27/05/2026 - 23:15:00,18.17,100.00,1023.40,4.08,97.00
Wed 27/05/2026 - 23:15:34,18.17,100.00,1023.43,4.08,97.00
Wed 27/05/2026 - 23:16:08,18.16,100.00,1023.38,4.08,97.00
Wed 27/05/2026 - 23:16:42,18.16,100.00,1023.33,4.08,97.00
Wed 27/05/2026 - 23:17:16,18.15,100.00,1023.42,4.08,97.00
Wed 27/05/2026 - 23:17:50,18.15,100.00,1023.42,4.08,97.00
Wed 27/05/2026 - 23:18:24,18.14,100.00,1023.34,4.08,97.00
Wed 27/05/2026 - 23:18:58,18.14,100.00,1023.35,4.08,97.00
Wed 27/05/2026 - 23:19:32,18.14,100.00,1023.34,4.08,97.00
Wed 27/05/2026 - 23:20:06,18.13,100.00,1023.39,4.08,97.00
Wed 27/05/2026 - 23:20:40,18.12,100.00,1023.36,4.08,97.00
Wed 27/05/2026 - 23:21:14,18.13,100.00,1023.38,4.08,97.00
Wed 27/05/2026 - 23:21:48,18.11,100.00,1023.36,4.08,97.00
Wed 27/05/2026 - 23:22:22,18.12,100.00,1023.37,4.08,97.00
Wed 27/05/2026 - 23:22:56,18.11,100.00,1023.35,4.08,97.00
Wed 27/05/2026 - 23:23:30,18.11,100.00,1023.35,4.08,97.00
Wed 27/05/2026 - 23:24:04,18.10,100.00,1023.34,4.08,97.00
Wed 27/05/2026 - 23:24:37,18.10,100.00,1023.34,4.08,97.00
Wed 27/05/2026 - 23:25:11,18.10,100.00,1023.38,4.08,97.00
Wed 27/05/2026 - 23:25:45,18.09,100.00,1023.38,4.08,97.00
Wed 27/05/2026 - 23:26:19,18.09,100.00,1023.37,4.08,97.00
Wed 27/05/2026 - 23:26:53,18.08,100.00,1023.36,4.08,97.00
Wed 27/05/2026 - 23:27:27,18.08,100.00,1023.41,4.08,97.00
Wed 27/05/2026 - 23:28:01,18.07,100.00,1023.39,4.08,97.00
Wed 27/05/2026 - 23:28:35,18.06,100.00,1023.35,4.08,97.00
Wed 27/05/2026 - 23:29:09,18.07,100.00,1023.45,4.08,97.00
Wed 27/05/2026 - 23:29:43,18.05,100.00,1023.41,4.08,97.00
Wed 27/05/2026 - 23:30:17,18.05,100.00,1023.41,4.08,97.00
Wed 27/05/2026 - 23:30:51,18.05,100.00,1023.44,4.08,97.00
Wed 27/05/2026 - 23:31:25,18.05,100.00,1023.41,4.08,97.00
Wed 27/05/2026 - 23:31:59,18.05,100.00,1023.43,4.08,97.00
Wed 27/05/2026 - 23:32:33,18.04,100.00,1023.44,4.08,97.00
Wed 27/05/2026 - 23:33:07,18.04,100.00,1023.48,4.08,97.00
Wed 27/05/2026 - 23:33:41,18.02,100.00,1023.42,4.08,97.00
Wed 27/05/2026 - 23:34:15,18.02,100.00,1023.47,4.08,97.00
Wed 27/05/2026 - 23:34:49,18.03,100.00,1023.45,4.08,97.00
Wed 27/05/2026 - 23:35:23,18.01,100.00,1023.45,4.08,97.00
Wed 27/05/2026 - 23:35:57,18.02,100.00,1023.52,4.08,97.00
Wed 27/05/2026 - 23:36:31,18.01,100.00,1023.45,4.08,97.00
Wed 27/05/2026 - 23:37:05,18.01,100.00,1023.45,4.08,97.00
Wed 27/05/2026 - 23:37:39,18.01,100.00,1023.43,4.08,97.00
Wed 27/05/2026 - 23:38:13,18.00,100.00,1023.40,4.08,97.00
Wed 27/05/2026 - 23:38:47,18.00,100.00,1023.43,4.08,97.00
Wed 27/05/2026 - 23:39:21,18.00,100.00,1023.37,4.08,97.00
Wed 27/05/2026 - 23:39:55,17.99,100.00,1023.39,4.08,97.00
Wed 27/05/2026 - 23:40:29,17.99,100.00,1023.31,4.08,97.00
Wed 27/05/2026 - 23:41:03,17.98,100.00,1023.40,4.08,97.00
Wed 27/05/2026 - 23:41:37,17.99,100.00,1023.39,4.08,97.00
Wed 27/05/2026 - 23:42:11,17.99,100.00,1023.44,4.08,97.00
Wed 27/05/2026 - 23:42:45,17.98,100.00,1023.40,4.08,97.00
Wed 27/05/2026 - 23:43:19,17.98,100.00,1023.40,4.08,97.00
Wed 27/05/2026 - 23:43:53,17.97,100.00,1023.38,4.08,97.00
Wed 27/05/2026 - 23:44:27,17.98,100.00,1023.39,4.08,97.00
Wed 27/05/2026 - 23:45:01,17.97,100.00,1023.38,4.08,97.00
Wed 27/05/2026 - 23:45:35,17.97,100.00,1023.36,4.08,97.00
Wed 27/05/2026 - 23:46:09,17.97,100.00,1023.35,4.08,97.00
Wed 27/05/2026 - 23:46:43,17.97,100.00,1023.38,4.08,97.00
Wed 27/05/2026 - 23:47:17,17.97,100.00,1023.43,4.08,97.00
Wed 27/05/2026 - 23:47:51,17.98,100.00,1023.47,4.08,97.00
Wed 27/05/2026 - 23:48:25,17.96,100.00,1023.39,4.08,97.00
Wed 27/05/2026 - 23:48:59,17.97,100.00,1023.43,4.08,97.00
Wed 27/05/2026 - 23:49:33,17.97,100.00,1023.43,4.08,97.00
Wed 27/05/2026 - 23:50:07,17.96,100.00,1023.47,4.08,97.00
Wed 27/05/2026 - 23:50:41,17.96,100.00,1023.41,4.08,97.00
Wed 27/05/2026 - 23:51:15,17.96,100.00,1023.39,4.08,97.00
Wed 27/05/2026 - 23:51:49,17.95,100.00,1023.40,4.08,97.00
Wed 27/05/2026 - 23:52:23,17.95,100.00,1023.35,4.08,97.00
Wed 27/05/2026 - 23:52:57,17.95,100.00,1023.43,4.08,97.00
Wed 27/05/2026 - 23:53:31,17.95,100.00,1023.46,4.08,97.00
Wed 27/05/2026 - 23:54:05,17.96,100.00,1023.37,4.08,97.00
Wed 27/05/2026 - 23:54:39,17.95,100.00,1023.43,4.08,97.00
Wed 27/05/2026 - 23:55:13,17.95,100.00,1023.35,4.08,97.00
Wed 27/05/2026 - 23:55:47,17.95,100.00,1023.45,4.08,97.00
Wed 27/05/2026 - 23:56:21,17.95,100.00,1023.40,4.08,97.00
Wed 27/05/2026 - 23:56:55,17.95,100.00,1023.40,4.08,97.00
Wed 27/05/2026 - 23:57:29,17.94,100.00,1023.33,4.08,97.00
Wed 27/05/2026 - 23:58:03,17.95,100.00,1023.35,4.08,97.00
Wed 27/05/2026 - 23:58:37,17.94,100.00,1023.39,4.08,97.00
Wed 27/05/2026 - 23:59:11,17.95,100.00,1023.38,4.08,97.00
Wed 27/05/2026 - 23:59:45,17.94,100.00,1023.41,4.08,97.00
