Sat 30/05/2026 - 00:00:01,14.41,100.00,1021.67,4.02,96.00
Sat 30/05/2026 - 00:00:35,14.41,100.00,1021.66,4.02,96.00
Sat 30/05/2026 - 00:01:09,14.39,100.00,1021.67,4.02,96.00
Sat 30/05/2026 - 00:01:43,14.39,100.00,1021.70,4.02,96.00
Sat 30/05/2026 - 00:02:17,14.39,100.00,1021.67,4.02,96.00
Sat 30/05/2026 - 00:02:51,14.39,100.00,1021.62,4.02,96.00
Sat 30/05/2026 - 00:03:25,14.38,100.00,1021.63,4.02,96.00
Sat 30/05/2026 - 00:03:59,14.39,100.00,1021.67,4.02,96.00
Sat 30/05/2026 - 00:04:33,14.39,100.00,1021.70,4.02,96.00
Sat 30/05/2026 - 00:05:07,14.39,100.00,1021.77,4.02,96.00
Sat 30/05/2026 - 00:05:41,14.37,100.00,1021.72,4.02,96.00
Sat 30/05/2026 - 00:06:15,14.38,100.00,1021.74,4.02,96.00
Sat 30/05/2026 - 00:06:49,14.37,100.00,1021.74,4.02,96.00
Sat 30/05/2026 - 00:07:23,14.37,100.00,1021.80,4.02,96.00
Sat 30/05/2026 - 00:07:57,14.37,100.00,1021.77,4.02,96.00
Sat 30/05/2026 - 00:08:31,14.37,100.00,1021.75,4.02,96.00
Sat 30/05/2026 - 00:09:05,14.38,100.00,1021.73,4.02,96.00
Sat 30/05/2026 - 00:09:39,14.38,100.00,1021.73,4.02,96.00
Sat 30/05/2026 - 00:10:13,14.38,100.00,1021.76,4.02,96.00
Sat 30/05/2026 - 00:10:47,14.38,100.00,1021.76,4.02,96.00
Sat 30/05/2026 - 00:11:21,14.38,100.00,1021.73,4.02,96.00
Sat 30/05/2026 - 00:11:55,14.37,100.00,1021.69,4.02,96.00
Sat 30/05/2026 - 00:12:29,14.36,100.00,1021.62,4.02,96.00
Sat 30/05/2026 - 00:13:03,14.37,100.00,1021.60,4.02,96.00
Sat 30/05/2026 - 00:13:37,14.36,100.00,1021.68,4.02,96.00
Sat 30/05/2026 - 00:14:11,14.35,100.00,1021.66,4.02,96.00
Sat 30/05/2026 - 00:14:45,14.36,100.00,1021.56,4.02,96.00
Sat 30/05/2026 - 00:15:19,14.36,100.00,1021.62,4.02,96.00
Sat 30/05/2026 - 00:15:53,14.38,100.00,1021.65,4.02,96.00
Sat 30/05/2026 - 00:16:27,14.36,100.00,1021.62,4.02,96.00
Sat 30/05/2026 - 00:17:01,14.36,100.00,1021.68,4.02,96.00
Sat 30/05/2026 - 00:17:35,14.36,100.00,1021.70,4.02,96.00
Sat 30/05/2026 - 00:18:09,14.37,100.00,1021.63,4.02,96.00
Sat 30/05/2026 - 00:18:43,14.37,100.00,1021.64,4.02,96.00
Sat 30/05/2026 - 00:19:17,14.36,100.00,1021.62,4.02,96.00
Sat 30/05/2026 - 00:19:51,14.36,100.00,1021.70,4.02,96.00
Sat 30/05/2026 - 00:20:25,14.36,100.00,1021.56,4.01,96.00
Sat 30/05/2026 - 00:20:59,14.37,100.00,1021.64,4.02,96.00
Sat 30/05/2026 - 00:21:33,14.36,100.00,1021.62,4.02,96.00
Sat 30/05/2026 - 00:22:07,14.37,100.00,1021.63,4.02,96.00
Sat 30/05/2026 - 00:22:41,14.37,100.00,1021.63,4.02,96.00
Sat 30/05/2026 - 00:23:15,14.37,100.00,1021.64,4.02,96.00
Sat 30/05/2026 - 00:23:49,14.38,100.00,1021.66,4.02,96.00
Sat 30/05/2026 - 00:24:23,14.38,100.00,1021.58,4.02,96.00
Sat 30/05/2026 - 00:24:57,14.37,100.00,1021.56,4.02,96.00
Sat 30/05/2026 - 00:25:31,14.37,100.00,1021.59,4.02,96.00
Sat 30/05/2026 - 00:26:04,14.38,100.00,1021.55,4.02,96.00
Sat 30/05/2026 - 00:26:38,14.37,100.00,1021.60,4.02,96.00
Sat 30/05/2026 - 00:27:12,14.37,100.00,1021.59,4.02,96.00
Sat 30/05/2026 - 00:27:46,14.36,100.00,1021.62,4.01,96.00
Sat 30/05/2026 - 00:28:20,14.37,100.00,1021.56,4.02,96.00
Sat 30/05/2026 - 00:28:54,14.37,100.00,1021.59,4.02,96.00
Sat 30/05/2026 - 00:29:28,14.38,100.00,1021.60,4.01,96.00
Sat 30/05/2026 - 00:30:02,14.37,100.00,1021.53,4.02,96.00
Sat 30/05/2026 - 00:30:36,14.38,100.00,1021.58,4.02,96.00
Sat 30/05/2026 - 00:31:10,14.39,100.00,1021.57,4.02,96.00
Sat 30/05/2026 - 00:31:44,14.40,100.00,1021.66,4.02,96.00
Sat 30/05/2026 - 00:32:18,14.39,100.00,1021.54,4.01,96.00
Sat 30/05/2026 - 00:32:52,14.40,100.00,1021.50,4.01,96.00
Sat 30/05/2026 - 00:33:26,14.39,100.00,1021.54,4.01,96.00
Sat 30/05/2026 - 00:34:00,14.37,100.00,1021.53,4.02,96.00
Sat 30/05/2026 - 00:34:34,14.39,100.00,1021.51,4.01,96.00
Sat 30/05/2026 - 00:35:08,14.39,100.00,1021.56,4.01,96.00
Sat 30/05/2026 - 00:35:42,14.38,100.00,1021.51,4.01,96.00
Sat 30/05/2026 - 00:36:16,14.38,100.00,1021.50,4.02,96.00
Sat 30/05/2026 - 00:36:50,14.37,100.00,1021.48,4.02,96.00
Sat 30/05/2026 - 00:37:24,14.37,100.00,1021.51,4.02,96.00
Sat 30/05/2026 - 00:37:58,14.38,100.00,1021.51,4.02,96.00
Sat 30/05/2026 - 00:38:32,14.37,100.00,1021.48,4.02,96.00
Sat 30/05/2026 - 00:39:06,14.37,100.00,1021.48,4.01,96.00
Sat 30/05/2026 - 00:39:40,14.37,100.00,1021.48,4.02,96.00
Sat 30/05/2026 - 00:40:14,14.36,100.00,1021.46,4.01,96.00
Sat 30/05/2026 - 00:40:48,14.35,100.00,1021.47,4.01,96.00
Sat 30/05/2026 - 00:41:22,14.35,100.00,1021.50,4.02,96.00
Sat 30/05/2026 - 00:41:56,14.35,100.00,1021.39,4.01,96.00
Sat 30/05/2026 - 00:42:30,14.35,100.00,1021.49,4.02,96.00
Sat 30/05/2026 - 00:43:04,14.34,100.00,1021.47,4.01,96.00
Sat 30/05/2026 - 00:43:38,14.34,100.00,1021.58,4.01,96.00
Sat 30/05/2026 - 00:44:12,14.34,100.00,1021.51,4.01,96.00
Sat 30/05/2026 - 00:44:46,14.32,100.00,1021.47,4.01,96.00
Sat 30/05/2026 - 00:45:20,14.33,100.00,1021.46,4.01,96.00
Sat 30/05/2026 - 00:45:54,14.32,100.00,1021.45,4.02,96.00
Sat 30/05/2026 - 00:46:28,14.31,100.00,1021.43,4.01,96.00
Sat 30/05/2026 - 00:47:02,14.33,100.00,1021.44,4.01,96.00
Sat 30/05/2026 - 00:47:36,14.32,100.00,1021.44,4.02,96.00
Sat 30/05/2026 - 00:48:10,14.32,100.00,1021.37,4.01,96.00
Sat 30/05/2026 - 00:48:44,14.31,100.00,1021.27,4.01,96.00
Sat 30/05/2026 - 00:49:18,14.32,100.00,1021.28,4.01,96.00
Sat 30/05/2026 - 00:49:52,14.31,100.00,1021.32,4.02,96.00
Sat 30/05/2026 - 00:50:26,14.31,100.00,1021.27,4.01,96.00
Sat 30/05/2026 - 00:51:00,14.30,100.00,1021.28,4.01,96.00
Sat 30/05/2026 - 00:51:34,14.30,100.00,1021.17,4.01,96.00
Sat 30/05/2026 - 00:52:08,14.30,100.00,1021.16,4.01,96.00
Sat 30/05/2026 - 00:52:42,14.30,100.00,1021.14,4.01,96.00
Sat 30/05/2026 - 00:53:16,14.29,100.00,1021.12,4.01,96.00
Sat 30/05/2026 - 00:53:50,14.29,100.00,1021.13,4.01,96.00
Sat 30/05/2026 - 00:54:24,14.28,100.00,1021.15,4.01,96.00
Sat 30/05/2026 - 00:54:57,14.28,100.00,1021.21,4.01,96.00
Sat 30/05/2026 - 00:55:31,14.27,100.00,1021.14,4.01,96.00
Sat 30/05/2026 - 00:56:05,14.27,100.00,1021.22,4.01,96.00
Sat 30/05/2026 - 00:56:39,14.27,100.00,1021.25,4.01,96.00
Sat 30/05/2026 - 00:57:13,14.27,100.00,1021.25,4.01,96.00
Sat 30/05/2026 - 00:57:47,14.26,100.00,1021.32,4.01,96.00
Sat 30/05/2026 - 00:58:21,14.25,100.00,1021.32,4.02,96.00
Sat 30/05/2026 - 00:58:55,14.24,100.00,1021.36,4.01,96.00
Sat 30/05/2026 - 00:59:29,14.24,100.00,1021.31,4.01,96.00
Sat 30/05/2026 - 01:00:03,14.25,100.00,1021.32,4.01,96.00
Sat 30/05/2026 - 01:00:37,14.24,100.00,1021.31,4.01,96.00
Sat 30/05/2026 - 01:01:11,14.24,100.00,1021.28,4.01,96.00
Sat 30/05/2026 - 01:01:45,14.24,100.00,1021.35,4.01,96.00
Sat 30/05/2026 - 01:02:19,14.22,100.00,1021.33,4.01,96.00
Sat 30/05/2026 - 01:02:53,14.22,100.00,1021.28,4.01,96.00
Sat 30/05/2026 - 01:03:27,14.21,100.00,1021.26,4.01,96.00
Sat 30/05/2026 - 01:04:01,14.21,100.00,1021.20,4.01,96.00
Sat 30/05/2026 - 01:04:35,14.21,100.00,1021.20,4.01,96.00
Sat 30/05/2026 - 01:05:09,14.20,100.00,1021.10,4.01,96.00
Sat 30/05/2026 - 01:05:43,14.21,100.00,1021.17,4.01,96.00
Sat 30/05/2026 - 01:06:17,14.19,100.00,1021.17,4.01,96.00
Sat 30/05/2026 - 01:06:51,14.19,100.00,1021.11,4.01,96.00
Sat 30/05/2026 - 01:07:25,14.19,100.00,1021.09,4.01,96.00
Sat 30/05/2026 - 01:07:59,14.19,100.00,1021.09,4.01,96.00
Sat 30/05/2026 - 01:08:33,14.20,100.00,1021.12,4.01,96.00
Sat 30/05/2026 - 01:09:07,14.18,100.00,1021.13,4.01,96.00
Sat 30/05/2026 - 01:09:41,14.18,100.00,1021.07,4.01,96.00
Sat 30/05/2026 - 01:10:15,14.18,100.00,1021.20,4.01,95.00
Sat 30/05/2026 - 01:10:49,14.18,100.00,1021.20,4.01,96.00
Sat 30/05/2026 - 01:11:23,14.17,100.00,1021.20,4.01,96.00
Sat 30/05/2026 - 01:11:57,14.17,100.00,1021.24,4.01,96.00
Sat 30/05/2026 - 01:12:31,14.17,100.00,1021.24,4.01,96.00
Sat 30/05/2026 - 01:13:05,14.17,100.00,1021.19,4.01,96.00
Sat 30/05/2026 - 01:13:39,14.17,100.00,1021.24,4.01,96.00
Sat 30/05/2026 - 01:14:13,14.16,100.00,1021.17,4.01,96.00
Sat 30/05/2026 - 01:14:47,14.16,100.00,1021.15,4.01,96.00
Sat 30/05/2026 - 01:15:21,14.15,100.00,1021.18,4.01,96.00
Sat 30/05/2026 - 01:15:55,14.16,100.00,1021.17,4.01,96.00
Sat 30/05/2026 - 01:16:29,14.15,100.00,1021.07,4.01,96.00
Sat 30/05/2026 - 01:17:03,14.14,100.00,1021.04,4.01,96.00
Sat 30/05/2026 - 01:17:37,14.13,100.00,1021.07,4.01,96.00
Sat 30/05/2026 - 01:18:11,14.13,100.00,1021.02,4.01,96.00
Sat 30/05/2026 - 01:18:45,14.13,100.00,1021.03,4.01,96.00
Sat 30/05/2026 - 01:19:19,14.11,100.00,1021.03,4.01,96.00
Sat 30/05/2026 - 01:19:53,14.12,100.00,1021.05,4.01,96.00
Sat 30/05/2026 - 01:20:27,14.11,100.00,1021.06,4.01,96.00
Sat 30/05/2026 - 01:21:01,14.11,100.00,1020.95,4.01,96.00
Sat 30/05/2026 - 01:21:35,14.11,100.00,1021.03,4.01,96.00
Sat 30/05/2026 - 01:22:09,14.13,100.00,1021.11,4.01,95.00
Sat 30/05/2026 - 01:22:43,14.10,100.00,1020.97,4.01,96.00
Sat 30/05/2026 - 01:23:17,14.10,100.00,1021.01,4.01,96.00
Sat 30/05/2026 - 01:23:51,14.09,100.00,1020.99,4.01,96.00
Sat 30/05/2026 - 01:24:25,14.10,100.00,1021.06,4.01,96.00
Sat 30/05/2026 - 01:24:59,14.10,100.00,1021.04,4.01,96.00
Sat 30/05/2026 - 01:25:33,14.09,100.00,1020.99,4.01,96.00
Sat 30/05/2026 - 01:26:07,14.09,100.00,1021.07,4.01,96.00
Sat 30/05/2026 - 01:26:41,14.08,100.00,1021.01,4.01,96.00
Sat 30/05/2026 - 01:27:15,14.10,100.00,1021.06,4.01,96.00
Sat 30/05/2026 - 01:27:49,14.08,100.00,1020.96,4.01,96.00
Sat 30/05/2026 - 01:28:23,14.07,100.00,1021.02,4.01,96.00
Sat 30/05/2026 - 01:28:57,14.07,100.00,1020.97,4.01,95.00
Sat 30/05/2026 - 01:29:31,14.07,100.00,1021.01,4.01,96.00
Sat 30/05/2026 - 01:30:04,14.07,100.00,1020.96,4.01,95.00
Sat 30/05/2026 - 01:30:38,14.07,100.00,1020.96,4.01,96.00
Sat 30/05/2026 - 01:31:12,14.06,100.00,1020.95,4.01,96.00
Sat 30/05/2026 - 01:31:46,14.06,100.00,1020.97,4.01,95.00
Sat 30/05/2026 - 01:32:20,14.05,100.00,1020.99,4.01,95.00
Sat 30/05/2026 - 01:32:54,14.05,100.00,1020.92,4.01,96.00
Sat 30/05/2026 - 01:33:28,14.05,100.00,1020.99,4.01,96.00
Sat 30/05/2026 - 01:34:02,14.05,100.00,1020.98,4.01,96.00
Sat 30/05/2026 - 01:34:36,14.04,100.00,1021.00,4.01,96.00
Sat 30/05/2026 - 01:35:10,14.05,100.00,1021.01,4.01,95.00
Sat 30/05/2026 - 01:35:44,14.04,100.00,1020.93,4.01,96.00
Sat 30/05/2026 - 01:36:18,14.03,100.00,1021.05,4.01,95.00
Sat 30/05/2026 - 01:36:52,14.04,100.00,1020.96,4.01,96.00
Sat 30/05/2026 - 01:37:26,14.04,100.00,1021.01,4.01,95.00
Sat 30/05/2026 - 01:38:00,14.03,100.00,1021.02,4.01,95.00
Sat 30/05/2026 - 01:38:34,14.02,100.00,1020.94,4.01,96.00
Sat 30/05/2026 - 01:39:08,14.03,100.00,1020.92,4.01,95.00
Sat 30/05/2026 - 01:39:42,14.02,100.00,1020.96,4.01,95.00
Sat 30/05/2026 - 01:40:16,14.02,100.00,1020.95,4.01,96.00
Sat 30/05/2026 - 01:40:50,14.02,100.00,1020.95,4.01,96.00
Sat 30/05/2026 - 01:41:24,14.01,100.00,1020.96,4.01,96.00
Sat 30/05/2026 - 01:41:58,14.00,100.00,1020.98,4.01,95.00
Sat 30/05/2026 - 01:42:32,14.00,100.00,1020.95,4.01,96.00
Sat 30/05/2026 - 01:43:06,14.01,100.00,1020.96,4.01,95.00
Sat 30/05/2026 - 01:43:40,14.00,100.00,1020.85,4.01,95.00
Sat 30/05/2026 - 01:44:14,14.00,100.00,1020.87,4.01,95.00
Sat 30/05/2026 - 01:44:48,13.99,100.00,1020.82,4.01,96.00
Sat 30/05/2026 - 01:45:22,14.00,100.00,1020.84,4.01,95.00
Sat 30/05/2026 - 01:45:56,13.99,100.00,1020.86,4.01,95.00
Sat 30/05/2026 - 01:46:30,14.00,100.00,1020.84,4.01,95.00
Sat 30/05/2026 - 01:47:04,14.00,100.00,1020.84,4.01,95.00
Sat 30/05/2026 - 01:47:38,13.99,100.00,1020.85,4.01,95.00
Sat 30/05/2026 - 01:48:12,13.98,100.00,1020.83,4.01,95.00
Sat 30/05/2026 - 01:48:46,13.99,100.00,1020.77,4.01,95.00
Sat 30/05/2026 - 01:49:20,13.98,100.00,1020.78,4.01,96.00
Sat 30/05/2026 - 01:49:54,13.98,100.00,1020.80,4.01,95.00
Sat 30/05/2026 - 01:50:28,13.99,100.00,1020.82,4.01,95.00
Sat 30/05/2026 - 01:51:02,13.98,100.00,1020.78,4.01,95.00
Sat 30/05/2026 - 01:51:36,13.99,100.00,1020.79,4.01,95.00
Sat 30/05/2026 - 01:52:10,13.97,100.00,1020.81,4.01,95.00
Sat 30/05/2026 - 01:52:44,13.98,100.00,1020.80,4.01,95.00
Sat 30/05/2026 - 01:53:18,13.96,100.00,1020.78,4.01,95.00
Sat 30/05/2026 - 01:53:52,13.97,100.00,1020.76,4.01,95.00
Sat 30/05/2026 - 01:54:26,13.96,100.00,1020.80,4.01,95.00
Sat 30/05/2026 - 01:55:00,13.97,100.00,1020.73,4.01,95.00
Sat 30/05/2026 - 01:55:34,13.96,100.00,1020.72,4.01,95.00
Sat 30/05/2026 - 01:56:08,13.96,100.00,1020.74,4.01,95.00
Sat 30/05/2026 - 01:56:42,13.96,100.00,1020.80,4.01,95.00
Sat 30/05/2026 - 01:57:16,13.96,100.00,1020.80,4.01,95.00
Sat 30/05/2026 - 01:57:49,13.94,100.00,1020.77,4.01,95.00
Sat 30/05/2026 - 01:58:24,13.96,100.00,1020.72,4.01,95.00
Sat 30/05/2026 - 01:58:58,13.95,100.00,1020.75,4.01,95.00
Sat 30/05/2026 - 01:59:32,13.95,100.00,1020.75,4.01,95.00
Sat 30/05/2026 - 02:00:05,13.94,100.00,1020.65,4.01,95.00
Sat 30/05/2026 - 02:00:39,13.94,100.00,1020.69,4.01,95.00
Sat 30/05/2026 - 02:01:13,13.94,100.00,1020.79,4.01,95.00
Sat 30/05/2026 - 02:01:47,13.93,100.00,1020.72,4.01,95.00
Sat 30/05/2026 - 02:02:21,13.94,100.00,1020.71,4.01,95.00
Sat 30/05/2026 - 02:02:55,13.92,100.00,1020.75,4.01,95.00
Sat 30/05/2026 - 02:03:29,13.92,100.00,1020.75,4.01,95.00
Sat 30/05/2026 - 02:04:03,13.92,100.00,1020.65,4.01,95.00
Sat 30/05/2026 - 02:04:37,13.92,100.00,1020.71,4.01,95.00
Sat 30/05/2026 - 02:05:11,13.92,100.00,1020.73,4.01,95.00
Sat 30/05/2026 - 02:05:45,13.92,100.00,1020.62,4.01,95.00
Sat 30/05/2026 - 02:06:19,13.90,100.00,1020.64,4.01,95.00
Sat 30/05/2026 - 02:06:53,13.91,100.00,1020.63,4.01,95.00
Sat 30/05/2026 - 02:07:27,13.90,100.00,1020.62,4.01,95.00
Sat 30/05/2026 - 02:08:01,13.90,100.00,1020.67,4.01,95.00
Sat 30/05/2026 - 02:08:35,13.90,100.00,1020.64,4.01,95.00
Sat 30/05/2026 - 02:09:09,13.89,100.00,1020.66,4.01,95.00
Sat 30/05/2026 - 02:09:43,13.90,100.00,1020.58,4.01,95.00
Sat 30/05/2026 - 02:10:17,13.89,100.00,1020.67,4.01,95.00
Sat 30/05/2026 - 02:10:51,13.90,100.00,1020.70,4.01,95.00
Sat 30/05/2026 - 02:11:25,13.89,100.00,1020.65,4.01,95.00
Sat 30/05/2026 - 02:11:59,13.89,100.00,1020.70,4.01,95.00
Sat 30/05/2026 - 02:12:33,13.88,100.00,1020.56,4.01,95.00
Sat 30/05/2026 - 02:13:07,13.89,100.00,1020.70,4.01,95.00
Sat 30/05/2026 - 02:13:41,13.89,100.00,1020.73,4.01,95.00
Sat 30/05/2026 - 02:14:15,13.89,100.00,1020.76,4.01,95.00
Sat 30/05/2026 - 02:14:49,13.89,100.00,1020.70,4.01,95.00
Sat 30/05/2026 - 02:15:23,13.88,100.00,1020.72,4.01,95.00
Sat 30/05/2026 - 02:15:57,13.87,100.00,1020.61,4.01,95.00
Sat 30/05/2026 - 02:16:31,13.88,100.00,1020.74,4.01,95.00
Sat 30/05/2026 - 02:17:05,13.87,100.00,1020.72,4.01,95.00
Sat 30/05/2026 - 02:17:39,13.87,100.00,1020.67,4.01,95.00
Sat 30/05/2026 - 02:18:13,13.87,100.00,1020.75,4.01,95.00
Sat 30/05/2026 - 02:18:47,13.87,100.00,1020.69,4.01,95.00
Sat 30/05/2026 - 02:19:21,13.85,100.00,1020.69,4.01,95.00
Sat 30/05/2026 - 02:19:55,13.87,100.00,1020.67,4.01,95.00
Sat 30/05/2026 - 02:20:29,13.85,100.00,1020.75,4.01,95.00
Sat 30/05/2026 - 02:21:03,13.85,100.00,1020.63,4.01,95.00
Sat 30/05/2026 - 02:21:37,13.85,100.00,1020.71,4.01,95.00
Sat 30/05/2026 - 02:22:11,13.85,100.00,1020.63,4.01,95.00
Sat 30/05/2026 - 02:22:45,13.85,100.00,1020.69,4.01,95.00
Sat 30/05/2026 - 02:23:19,13.84,100.00,1020.68,4.01,95.00
Sat 30/05/2026 - 02:23:53,13.85,100.00,1020.63,4.01,95.00
Sat 30/05/2026 - 02:24:27,13.85,100.00,1020.69,4.01,95.00
Sat 30/05/2026 - 02:25:01,13.84,100.00,1020.62,4.01,95.00
Sat 30/05/2026 - 02:25:35,13.84,100.00,1020.64,4.01,95.00
Sat 30/05/2026 - 02:26:09,13.84,100.00,1020.70,4.01,95.00
Sat 30/05/2026 - 02:26:43,13.83,100.00,1020.60,4.01,95.00
Sat 30/05/2026 - 02:27:16,13.83,100.00,1020.58,4.01,95.00
Sat 30/05/2026 - 02:27:50,13.83,100.00,1020.60,4.01,95.00
Sat 30/05/2026 - 02:28:24,13.82,100.00,1020.59,4.01,95.00
Sat 30/05/2026 - 02:28:58,13.82,100.00,1020.55,4.01,95.00
Sat 30/05/2026 - 02:29:32,13.82,100.00,1020.63,4.01,95.00
Sat 30/05/2026 - 02:30:06,13.82,100.00,1020.60,4.01,95.00
Sat 30/05/2026 - 02:30:40,13.83,100.00,1020.57,4.01,95.00
Sat 30/05/2026 - 02:31:14,13.82,100.00,1020.58,4.01,95.00
Sat 30/05/2026 - 02:31:48,13.82,100.00,1020.63,4.01,95.00
Sat 30/05/2026 - 02:32:22,13.81,100.00,1020.63,4.01,95.00
Sat 30/05/2026 - 02:32:56,13.82,100.00,1020.66,4.01,95.00
Sat 30/05/2026 - 02:33:30,13.81,100.00,1020.60,4.01,95.00
Sat 30/05/2026 - 02:34:04,13.80,100.00,1020.55,4.01,95.00
Sat 30/05/2026 - 02:34:38,13.80,100.00,1020.57,4.01,95.00
Sat 30/05/2026 - 02:35:12,13.79,100.00,1020.53,4.01,95.00
Sat 30/05/2026 - 02:35:46,13.78,100.00,1020.52,4.01,95.00
Sat 30/05/2026 - 02:36:20,13.79,100.00,1020.66,4.01,95.00
Sat 30/05/2026 - 02:36:54,13.78,100.00,1020.51,4.01,95.00
Sat 30/05/2026 - 02:37:28,13.77,100.00,1020.49,4.01,95.00
Sat 30/05/2026 - 02:38:02,13.78,100.00,1020.54,4.01,95.00
Sat 30/05/2026 - 02:38:36,13.77,100.00,1020.44,4.01,95.00
Sat 30/05/2026 - 02:39:10,13.77,100.00,1020.49,4.00,95.00
Sat 30/05/2026 - 02:39:44,13.77,100.00,1020.52,4.01,95.00
Sat 30/05/2026 - 02:40:18,13.76,100.00,1020.43,4.01,95.00
Sat 30/05/2026 - 02:40:52,13.77,100.00,1020.44,4.01,95.00
Sat 30/05/2026 - 02:41:26,13.77,100.00,1020.48,4.01,95.00
Sat 30/05/2026 - 02:42:00,13.77,100.00,1020.49,4.01,95.00
Sat 30/05/2026 - 02:42:34,13.77,100.00,1020.44,4.01,95.00
Sat 30/05/2026 - 02:43:08,13.77,100.00,1020.42,4.01,95.00
Sat 30/05/2026 - 02:43:42,13.77,100.00,1020.47,4.01,95.00
Sat 30/05/2026 - 02:44:16,13.76,100.00,1020.45,4.01,95.00
Sat 30/05/2026 - 02:44:50,13.77,100.00,1020.44,4.00,95.00
Sat 30/05/2026 - 02:45:24,13.76,100.00,1020.48,4.01,95.00
Sat 30/05/2026 - 02:45:58,13.76,100.00,1020.43,4.01,95.00
Sat 30/05/2026 - 02:46:32,13.77,100.00,1020.41,4.01,95.00
Sat 30/05/2026 - 02:47:06,13.77,100.00,1020.45,4.01,95.00
Sat 30/05/2026 - 02:47:40,13.77,100.00,1020.44,4.01,95.00
Sat 30/05/2026 - 02:48:14,13.77,100.00,1020.49,4.01,95.00
Sat 30/05/2026 - 02:48:48,13.77,100.00,1020.45,4.00,95.00
Sat 30/05/2026 - 02:49:22,13.76,100.00,1020.48,4.01,95.00
Sat 30/05/2026 - 02:49:56,13.77,100.00,1020.49,4.01,95.00
Sat 30/05/2026 - 02:50:30,13.77,100.00,1020.41,4.00,95.00
Sat 30/05/2026 - 02:51:04,13.77,100.00,1020.49,4.01,95.00
Sat 30/05/2026 - 02:51:38,13.76,100.00,1020.37,4.01,95.00
Sat 30/05/2026 - 02:52:12,13.77,100.00,1020.34,4.00,95.00
Sat 30/05/2026 - 02:52:46,13.76,100.00,1020.38,4.01,95.00
Sat 30/05/2026 - 02:53:20,13.75,100.00,1020.33,4.01,95.00
Sat 30/05/2026 - 02:53:54,13.76,100.00,1020.37,4.00,95.00
Sat 30/05/2026 - 02:54:28,13.75,100.00,1020.35,4.01,95.00
Sat 30/05/2026 - 02:55:02,13.75,100.00,1020.30,4.00,95.00
Sat 30/05/2026 - 02:55:36,13.75,100.00,1020.28,4.00,95.00
Sat 30/05/2026 - 02:56:10,13.75,100.00,1020.31,4.01,95.00
Sat 30/05/2026 - 02:56:43,13.74,100.00,1020.26,4.01,95.00
Sat 30/05/2026 - 02:57:17,13.74,100.00,1020.23,4.01,95.00
Sat 30/05/2026 - 02:57:51,13.75,100.00,1020.30,4.01,95.00
Sat 30/05/2026 - 02:58:25,13.74,100.00,1020.23,4.01,95.00
Sat 30/05/2026 - 02:58:59,13.73,100.00,1020.19,4.01,95.00
Sat 30/05/2026 - 02:59:33,13.73,100.00,1020.27,4.01,95.00
Sat 30/05/2026 - 03:00:07,13.72,100.00,1020.26,4.00,95.00
Sat 30/05/2026 - 03:00:41,13.72,100.00,1020.21,4.01,95.00
Sat 30/05/2026 - 03:01:15,13.72,100.00,1020.32,4.00,95.00
Sat 30/05/2026 - 03:01:49,13.71,100.00,1020.21,4.00,95.00
Sat 30/05/2026 - 03:02:23,13.71,100.00,1020.25,4.01,95.00
Sat 30/05/2026 - 03:02:57,13.70,100.00,1020.26,4.00,95.00
Sat 30/05/2026 - 03:03:31,13.70,100.00,1020.26,4.00,95.00
Sat 30/05/2026 - 03:04:05,13.69,100.00,1020.27,4.01,95.00
Sat 30/05/2026 - 03:04:39,13.70,100.00,1020.26,4.00,95.00
Sat 30/05/2026 - 03:05:13,13.70,100.00,1020.26,4.01,95.00
Sat 30/05/2026 - 03:05:47,13.69,100.00,1020.27,4.00,95.00
Sat 30/05/2026 - 03:06:21,13.68,100.00,1020.25,4.01,95.00
Sat 30/05/2026 - 03:06:55,13.69,100.00,1020.29,4.01,95.00
Sat 30/05/2026 - 03:07:29,13.68,100.00,1020.13,4.01,95.00
Sat 30/05/2026 - 03:08:03,13.68,100.00,1020.21,4.01,95.00
Sat 30/05/2026 - 03:08:37,13.68,100.00,1020.24,4.00,95.00
Sat 30/05/2026 - 03:09:11,13.67,100.00,1020.25,4.00,95.00
Sat 30/05/2026 - 03:09:45,13.66,100.00,1020.21,4.00,95.00
Sat 30/05/2026 - 03:10:19,13.65,100.00,1020.25,4.00,95.00
Sat 30/05/2026 - 03:10:53,13.66,100.00,1020.23,4.00,95.00
Sat 30/05/2026 - 03:11:27,13.65,100.00,1020.24,4.00,95.00
Sat 30/05/2026 - 03:12:01,13.64,100.00,1020.23,4.00,95.00
Sat 30/05/2026 - 03:12:35,13.64,100.00,1020.23,4.00,95.00
Sat 30/05/2026 - 03:13:09,13.64,100.00,1020.31,4.00,95.00
Sat 30/05/2026 - 03:13:43,13.64,100.00,1020.31,4.00,95.00
Sat 30/05/2026 - 03:14:17,13.64,100.00,1020.29,4.00,95.00
Sat 30/05/2026 - 03:14:51,13.63,100.00,1020.35,4.01,95.00
Sat 30/05/2026 - 03:15:25,13.63,100.00,1020.35,4.00,95.00
Sat 30/05/2026 - 03:15:59,13.62,100.00,1020.36,4.00,95.00
Sat 30/05/2026 - 03:16:33,13.61,100.00,1020.33,4.00,95.00
Sat 30/05/2026 - 03:17:07,13.61,100.00,1020.33,4.00,95.00
Sat 30/05/2026 - 03:17:41,13.60,100.00,1020.40,4.00,95.00
Sat 30/05/2026 - 03:18:15,13.60,100.00,1020.34,4.00,95.00
Sat 30/05/2026 - 03:18:49,13.60,100.00,1020.54,4.00,95.00
Sat 30/05/2026 - 03:19:23,13.59,100.00,1020.39,4.00,95.00
Sat 30/05/2026 - 03:19:57,13.59,100.00,1020.41,4.00,95.00
Sat 30/05/2026 - 03:20:31,13.58,100.00,1020.39,4.00,95.00
Sat 30/05/2026 - 03:21:05,13.58,100.00,1020.40,4.00,95.00
Sat 30/05/2026 - 03:21:39,13.57,100.00,1020.46,4.00,95.00
Sat 30/05/2026 - 03:22:13,13.57,100.00,1020.43,4.00,95.00
Sat 30/05/2026 - 03:22:47,13.57,100.00,1020.38,4.00,95.00
Sat 30/05/2026 - 03:23:21,13.56,100.00,1020.49,4.00,95.00
Sat 30/05/2026 - 03:23:55,13.56,100.00,1020.42,4.00,95.00
Sat 30/05/2026 - 03:24:29,13.56,100.00,1020.42,4.00,95.00
Sat 30/05/2026 - 03:25:03,13.55,100.00,1020.44,4.00,95.00
Sat 30/05/2026 - 03:25:36,13.55,100.00,1020.48,4.00,95.00
Sat 30/05/2026 - 03:26:10,13.54,100.00,1020.49,4.00,95.00
Sat 30/05/2026 - 03:26:44,13.54,100.00,1020.54,4.00,95.00
Sat 30/05/2026 - 03:27:18,13.55,100.00,1020.48,4.00,95.00
Sat 30/05/2026 - 03:27:52,13.54,100.00,1020.44,4.01,95.00
Sat 30/05/2026 - 03:28:26,13.53,100.00,1020.44,4.00,95.00
Sat 30/05/2026 - 03:29:00,13.53,100.00,1020.52,4.00,95.00
Sat 30/05/2026 - 03:29:34,13.53,100.00,1020.36,4.00,95.00
Sat 30/05/2026 - 03:30:08,13.52,100.00,1020.43,4.00,95.00
Sat 30/05/2026 - 03:30:42,13.51,100.00,1020.44,4.00,95.00
Sat 30/05/2026 - 03:31:16,13.52,100.00,1020.53,4.00,95.00
Sat 30/05/2026 - 03:31:50,13.52,100.00,1020.48,4.00,95.00
Sat 30/05/2026 - 03:32:24,13.52,100.00,1020.42,4.00,95.00
Sat 30/05/2026 - 03:32:58,13.51,100.00,1020.49,4.00,95.00
Sat 30/05/2026 - 03:33:32,13.52,100.00,1020.37,4.00,95.00
Sat 30/05/2026 - 03:34:06,13.51,100.00,1020.40,4.00,95.00
Sat 30/05/2026 - 03:34:40,13.51,100.00,1020.41,4.00,95.00
Sat 30/05/2026 - 03:35:14,13.51,100.00,1020.38,4.00,95.00
Sat 30/05/2026 - 03:35:48,13.50,100.00,1020.47,4.00,95.00
Sat 30/05/2026 - 03:36:22,13.51,100.00,1020.45,4.00,95.00
Sat 30/05/2026 - 03:36:56,13.52,100.00,1020.42,4.00,95.00
Sat 30/05/2026 - 03:37:30,13.50,100.00,1020.45,4.00,95.00
Sat 30/05/2026 - 03:38:04,13.51,100.00,1020.51,4.00,95.00
Sat 30/05/2026 - 03:38:38,13.50,100.00,1020.47,4.00,95.00
Sat 30/05/2026 - 03:39:12,13.50,100.00,1020.44,4.00,95.00
Sat 30/05/2026 - 03:39:46,13.50,100.00,1020.52,4.00,95.00
Sat 30/05/2026 - 03:40:20,13.49,100.00,1020.43,4.00,95.00
Sat 30/05/2026 - 03:40:54,13.50,100.00,1020.44,4.00,95.00
Sat 30/05/2026 - 03:41:28,13.50,100.00,1020.39,4.00,95.00
Sat 30/05/2026 - 03:42:02,13.49,100.00,1020.40,4.00,95.00
Sat 30/05/2026 - 03:42:36,13.49,100.00,1020.34,4.00,95.00
Sat 30/05/2026 - 03:43:10,13.48,100.00,1020.32,4.00,95.00
Sat 30/05/2026 - 03:43:44,13.48,100.00,1020.38,4.00,95.00
Sat 30/05/2026 - 03:44:18,13.48,100.00,1020.38,4.00,95.00
Sat 30/05/2026 - 03:44:52,13.47,100.00,1020.37,4.00,95.00
Sat 30/05/2026 - 03:45:26,13.47,100.00,1020.31,4.00,95.00
Sat 30/05/2026 - 03:46:00,13.47,100.00,1020.31,4.00,95.00
Sat 30/05/2026 - 03:46:34,13.47,100.00,1020.44,4.00,95.00
Sat 30/05/2026 - 03:47:08,13.46,100.00,1020.40,4.00,95.00
Sat 30/05/2026 - 03:47:42,13.44,100.00,1020.40,4.00,95.00
Sat 30/05/2026 - 03:48:16,13.44,100.00,1020.42,4.00,95.00
Sat 30/05/2026 - 03:48:50,13.43,100.00,1020.49,4.00,95.00
Sat 30/05/2026 - 03:49:24,13.44,100.00,1020.52,4.00,95.00
Sat 30/05/2026 - 03:49:58,13.44,100.00,1020.49,4.00,95.00
Sat 30/05/2026 - 03:50:32,13.42,100.00,1020.47,4.00,95.00
Sat 30/05/2026 - 03:51:06,13.43,100.00,1020.50,4.00,95.00
Sat 30/05/2026 - 03:51:40,13.42,100.00,1020.43,4.00,95.00
Sat 30/05/2026 - 03:52:14,13.41,100.00,1020.48,4.00,95.00
Sat 30/05/2026 - 03:52:48,13.41,100.00,1020.50,4.00,95.00
Sat 30/05/2026 - 03:53:22,13.41,100.00,1020.50,4.00,95.00
Sat 30/05/2026 - 03:53:56,13.40,100.00,1020.51,4.00,95.00
Sat 30/05/2026 - 03:54:30,13.39,100.00,1020.47,4.00,95.00
Sat 30/05/2026 - 03:55:04,13.39,100.00,1020.39,4.00,95.00
Sat 30/05/2026 - 03:55:38,13.39,100.00,1020.44,4.00,95.00
Sat 30/05/2026 - 03:56:12,13.39,100.00,1020.44,4.00,95.00
Sat 30/05/2026 - 03:56:46,13.39,100.00,1020.44,4.00,95.00
Sat 30/05/2026 - 03:57:20,13.38,100.00,1020.37,4.00,95.00
Sat 30/05/2026 - 03:57:54,13.37,100.00,1020.36,4.00,95.00
Sat 30/05/2026 - 03:58:28,13.36,100.00,1020.39,4.00,95.00
Sat 30/05/2026 - 03:59:02,13.36,100.00,1020.38,4.00,95.00
Sat 30/05/2026 - 03:59:36,13.35,100.00,1020.43,4.00,95.00
Sat 30/05/2026 - 04:00:10,13.36,100.00,1020.33,4.00,95.00
Sat 30/05/2026 - 04:00:43,13.35,100.00,1020.40,4.00,95.00
Sat 30/05/2026 - 04:01:17,13.34,100.00,1020.41,4.00,95.00
Sat 30/05/2026 - 04:01:51,13.34,100.00,1020.41,4.00,95.00
Sat 30/05/2026 - 04:02:25,13.34,100.00,1020.38,4.00,95.00
Sat 30/05/2026 - 04:02:59,13.34,100.00,1020.40,4.00,95.00
Sat 30/05/2026 - 04:03:33,13.32,100.00,1020.46,4.00,95.00
Sat 30/05/2026 - 04:04:07,13.32,100.00,1020.42,4.00,95.00
Sat 30/05/2026 - 04:04:41,13.33,100.00,1020.49,4.00,95.00
Sat 30/05/2026 - 04:05:15,13.33,100.00,1020.46,4.00,95.00
Sat 30/05/2026 - 04:05:49,13.32,100.00,1020.51,4.00,95.00
Sat 30/05/2026 - 04:06:23,13.30,100.00,1020.56,4.00,95.00
Sat 30/05/2026 - 04:06:57,13.32,100.00,1020.55,4.00,95.00
Sat 30/05/2026 - 04:07:31,13.31,100.00,1020.48,4.00,95.00
Sat 30/05/2026 - 04:08:05,13.30,100.00,1020.50,4.00,95.00
Sat 30/05/2026 - 04:08:39,13.31,100.00,1020.52,4.00,95.00
Sat 30/05/2026 - 04:09:13,13.30,100.00,1020.48,4.00,95.00
Sat 30/05/2026 - 04:09:47,13.29,100.00,1020.43,4.00,95.00
Sat 30/05/2026 - 04:10:21,13.30,100.00,1020.48,4.00,95.00
Sat 30/05/2026 - 04:10:55,13.29,100.00,1020.40,4.00,95.00
Sat 30/05/2026 - 04:11:29,13.29,100.00,1020.43,4.00,95.00
Sat 30/05/2026 - 04:12:03,13.29,100.00,1020.45,4.00,95.00
Sat 30/05/2026 - 04:12:37,13.29,100.00,1020.43,4.00,95.00
Sat 30/05/2026 - 04:13:11,13.29,100.00,1020.46,4.00,95.00
Sat 30/05/2026 - 04:13:45,13.28,100.00,1020.49,4.00,95.00
Sat 30/05/2026 - 04:14:19,13.27,100.00,1020.46,4.00,95.00
Sat 30/05/2026 - 04:14:53,13.29,100.00,1020.46,4.00,95.00
Sat 30/05/2026 - 04:15:27,13.27,100.00,1020.50,4.00,95.00
Sat 30/05/2026 - 04:16:01,13.27,100.00,1020.40,4.00,95.00
Sat 30/05/2026 - 04:16:35,13.27,100.00,1020.46,4.00,95.00
Sat 30/05/2026 - 04:17:09,13.26,100.00,1020.43,4.00,95.00
Sat 30/05/2026 - 04:17:43,13.27,100.00,1020.48,4.00,95.00
Sat 30/05/2026 - 04:18:17,13.26,100.00,1020.49,4.00,95.00
Sat 30/05/2026 - 04:18:51,13.27,100.00,1020.50,4.00,95.00
Sat 30/05/2026 - 04:19:25,13.27,100.00,1020.45,4.00,95.00
Sat 30/05/2026 - 04:19:59,13.27,100.00,1020.48,4.00,95.00
Sat 30/05/2026 - 04:20:33,13.27,100.00,1020.43,4.00,95.00
Sat 30/05/2026 - 04:21:07,13.27,100.00,1020.45,4.00,95.00
Sat 30/05/2026 - 04:21:41,13.27,100.00,1020.47,4.00,95.00
Sat 30/05/2026 - 04:22:15,13.26,100.00,1020.49,4.00,95.00
Sat 30/05/2026 - 04:22:49,13.26,100.00,1020.38,4.00,95.00
Sat 30/05/2026 - 04:23:23,13.25,100.00,1020.48,4.00,95.00
Sat 30/05/2026 - 04:23:57,13.25,100.00,1020.42,4.00,95.00
Sat 30/05/2026 - 04:24:31,13.24,100.00,1020.40,4.00,95.00
Sat 30/05/2026 - 04:25:05,13.23,100.00,1020.46,4.00,95.00
Sat 30/05/2026 - 04:25:39,13.23,100.00,1020.43,4.00,95.00
Sat 30/05/2026 - 04:26:13,13.22,100.00,1020.37,4.00,95.00
Sat 30/05/2026 - 04:26:47,13.22,100.00,1020.40,4.00,95.00
Sat 30/05/2026 - 04:27:21,13.21,100.00,1020.35,4.00,95.00
Sat 30/05/2026 - 04:27:55,13.22,100.00,1020.42,4.00,95.00
Sat 30/05/2026 - 04:28:29,13.21,100.00,1020.36,4.00,95.00
Sat 30/05/2026 - 04:29:03,13.22,100.00,1020.28,4.00,95.00
Sat 30/05/2026 - 04:29:37,13.21,100.00,1020.32,4.00,95.00
Sat 30/05/2026 - 04:30:11,13.21,100.00,1020.40,4.00,95.00
Sat 30/05/2026 - 04:30:45,13.21,100.00,1020.29,4.00,95.00
Sat 30/05/2026 - 04:31:18,13.20,100.00,1020.22,4.00,95.00
Sat 30/05/2026 - 04:31:52,13.20,100.00,1020.28,4.00,95.00
Sat 30/05/2026 - 04:32:26,13.20,100.00,1020.28,4.00,95.00
Sat 30/05/2026 - 04:33:00,13.20,100.00,1020.28,4.00,95.00
Sat 30/05/2026 - 04:33:34,13.20,100.00,1020.34,4.00,95.00
Sat 30/05/2026 - 04:34:08,13.20,100.00,1020.28,4.00,95.00
Sat 30/05/2026 - 04:34:42,13.19,100.00,1020.32,4.00,95.00
Sat 30/05/2026 - 04:35:16,13.20,100.00,1020.38,4.00,95.00
Sat 30/05/2026 - 04:35:50,13.18,100.00,1020.33,4.00,95.00
Sat 30/05/2026 - 04:36:24,13.19,100.00,1020.37,4.00,95.00
Sat 30/05/2026 - 04:36:58,13.19,100.00,1020.37,4.00,95.00
Sat 30/05/2026 - 04:37:32,13.20,100.00,1020.33,4.00,95.00
Sat 30/05/2026 - 04:38:06,13.18,100.00,1020.32,4.00,95.00
Sat 30/05/2026 - 04:38:40,13.18,100.00,1020.36,4.00,95.00
Sat 30/05/2026 - 04:39:14,13.18,100.00,1020.35,4.00,95.00
Sat 30/05/2026 - 04:39:48,13.19,100.00,1020.31,4.00,95.00
Sat 30/05/2026 - 04:40:22,13.19,100.00,1020.31,4.00,95.00
Sat 30/05/2026 - 04:40:56,13.18,100.00,1020.40,4.00,95.00
Sat 30/05/2026 - 04:41:30,13.18,100.00,1020.29,4.00,95.00
Sat 30/05/2026 - 04:42:04,13.17,100.00,1020.30,4.00,95.00
Sat 30/05/2026 - 04:42:38,13.17,100.00,1020.31,4.00,95.00
Sat 30/05/2026 - 04:43:12,13.15,100.00,1020.25,4.00,95.00
Sat 30/05/2026 - 04:43:46,13.17,100.00,1020.30,4.00,95.00
Sat 30/05/2026 - 04:44:20,13.16,100.00,1020.21,4.00,95.00
Sat 30/05/2026 - 04:44:54,13.17,100.00,1020.28,4.00,95.00
Sat 30/05/2026 - 04:45:28,13.17,100.00,1020.17,4.00,95.00
Sat 30/05/2026 - 04:46:02,13.15,100.00,1020.24,4.00,95.00
Sat 30/05/2026 - 04:46:36,13.16,100.00,1020.27,4.00,95.00
Sat 30/05/2026 - 04:47:10,13.16,100.00,1020.31,4.00,95.00
Sat 30/05/2026 - 04:47:44,13.15,100.00,1020.28,4.00,95.00
Sat 30/05/2026 - 04:48:18,13.15,100.00,1020.36,4.00,95.00
Sat 30/05/2026 - 04:48:52,13.15,100.00,1020.19,4.00,95.00
Sat 30/05/2026 - 04:49:26,13.14,100.00,1020.25,4.00,95.00
Sat 30/05/2026 - 04:50:00,13.15,100.00,1020.19,4.00,95.00
Sat 30/05/2026 - 04:50:34,13.14,100.00,1020.23,4.00,95.00
Sat 30/05/2026 - 04:51:08,13.14,100.00,1020.34,4.00,95.00
Sat 30/05/2026 - 04:51:42,13.13,100.00,1020.26,4.00,95.00
Sat 30/05/2026 - 04:52:16,13.14,100.00,1020.25,4.00,95.00
Sat 30/05/2026 - 04:52:50,13.14,100.00,1020.36,4.00,95.00
Sat 30/05/2026 - 04:53:24,13.14,100.00,1020.25,4.00,95.00
Sat 30/05/2026 - 04:53:58,13.11,100.00,1020.32,4.00,95.00
Sat 30/05/2026 - 04:54:32,13.13,100.00,1020.40,4.00,95.00
Sat 30/05/2026 - 04:55:06,13.12,100.00,1020.24,4.00,95.00
Sat 30/05/2026 - 04:55:40,13.13,100.00,1020.26,4.00,95.00
Sat 30/05/2026 - 04:56:14,13.13,100.00,1020.29,4.00,95.00
Sat 30/05/2026 - 04:56:48,13.13,100.00,1020.21,4.00,95.00
Sat 30/05/2026 - 04:57:22,13.12,100.00,1020.24,4.00,95.00
Sat 30/05/2026 - 04:57:56,13.12,100.00,1020.28,4.00,95.00
Sat 30/05/2026 - 04:58:30,13.13,100.00,1020.32,4.00,95.00
Sat 30/05/2026 - 04:59:04,13.12,100.00,1020.30,4.00,95.00
Sat 30/05/2026 - 04:59:37,13.11,100.00,1020.29,4.00,95.00
Sat 30/05/2026 - 05:00:12,13.13,100.00,1020.23,4.00,95.00
Sat 30/05/2026 - 05:00:46,13.12,100.00,1020.27,4.00,95.00
Sat 30/05/2026 - 05:01:19,13.12,100.00,1020.27,4.00,95.00
Sat 30/05/2026 - 05:01:53,13.11,100.00,1020.28,4.00,95.00
Sat 30/05/2026 - 05:02:27,13.11,100.00,1020.28,4.00,95.00
Sat 30/05/2026 - 05:03:01,13.10,100.00,1020.33,4.00,95.00
Sat 30/05/2026 - 05:03:35,13.10,100.00,1020.30,4.00,95.00
Sat 30/05/2026 - 05:04:09,13.10,100.00,1020.27,4.00,95.00
Sat 30/05/2026 - 05:04:43,13.10,100.00,1020.26,4.00,95.00
Sat 30/05/2026 - 05:05:17,13.10,100.00,1020.24,4.00,95.00
Sat 30/05/2026 - 05:05:51,13.09,100.00,1020.25,4.00,95.00
Sat 30/05/2026 - 05:06:25,13.10,100.00,1020.22,4.00,95.00
Sat 30/05/2026 - 05:06:59,13.11,100.00,1020.24,4.00,95.00
Sat 30/05/2026 - 05:07:33,13.10,100.00,1020.24,4.00,95.00
Sat 30/05/2026 - 05:08:07,13.10,100.00,1020.16,4.00,95.00
Sat 30/05/2026 - 05:08:41,13.10,100.00,1020.22,4.00,95.00
Sat 30/05/2026 - 05:09:15,13.10,100.00,1020.21,4.00,95.00
Sat 30/05/2026 - 05:09:49,13.11,100.00,1020.13,4.00,95.00
Sat 30/05/2026 - 05:10:23,13.12,100.00,1020.16,4.00,95.00
Sat 30/05/2026 - 05:10:57,13.11,100.00,1020.15,4.00,95.00
Sat 30/05/2026 - 05:11:31,13.13,100.00,1020.21,4.00,95.00
Sat 30/05/2026 - 05:12:05,13.12,100.00,1020.14,4.00,95.00
Sat 30/05/2026 - 05:12:39,13.12,100.00,1020.22,4.00,95.00
Sat 30/05/2026 - 05:13:13,13.13,100.00,1020.22,4.00,95.00
Sat 30/05/2026 - 05:13:47,13.13,100.00,1020.18,4.00,95.00
Sat 30/05/2026 - 05:14:21,13.14,100.00,1020.20,4.00,95.00
Sat 30/05/2026 - 05:14:55,13.13,100.00,1020.22,4.00,95.00
Sat 30/05/2026 - 05:15:29,13.13,100.00,1020.21,4.00,95.00
Sat 30/05/2026 - 05:16:03,13.14,100.00,1020.20,4.00,95.00
Sat 30/05/2026 - 05:16:37,13.15,100.00,1020.22,4.00,95.00
Sat 30/05/2026 - 05:17:11,13.15,100.00,1020.19,4.00,95.00
Sat 30/05/2026 - 05:17:45,13.15,100.00,1020.14,4.00,95.00
Sat 30/05/2026 - 05:18:19,13.15,100.00,1020.17,4.00,95.00
Sat 30/05/2026 - 05:18:53,13.17,100.00,1020.19,4.00,95.00
Sat 30/05/2026 - 05:19:27,13.17,100.00,1020.17,4.00,95.00
Sat 30/05/2026 - 05:20:01,13.17,100.00,1020.22,4.00,95.00
Sat 30/05/2026 - 05:20:35,13.17,100.00,1020.14,4.00,95.00
Sat 30/05/2026 - 05:21:09,13.17,100.00,1020.18,4.00,95.00
Sat 30/05/2026 - 05:21:43,13.18,100.00,1020.22,4.00,95.00
Sat 30/05/2026 - 05:22:17,13.18,100.00,1020.20,4.00,95.00
Sat 30/05/2026 - 05:22:51,13.17,100.00,1020.23,4.00,95.00
Sat 30/05/2026 - 05:23:25,13.18,100.00,1020.21,4.00,95.00
Sat 30/05/2026 - 05:23:59,13.19,100.00,1020.20,4.00,95.00
Sat 30/05/2026 - 05:24:33,13.18,100.00,1020.22,4.00,95.00
Sat 30/05/2026 - 05:25:07,13.19,100.00,1020.28,4.00,95.00
Sat 30/05/2026 - 05:25:41,13.19,100.00,1020.27,4.00,95.00
Sat 30/05/2026 - 05:26:15,13.20,100.00,1020.26,4.00,95.00
Sat 30/05/2026 - 05:26:49,13.21,100.00,1020.24,4.00,95.00
Sat 30/05/2026 - 05:27:23,13.20,100.00,1020.22,4.00,95.00
Sat 30/05/2026 - 05:27:57,13.21,100.00,1020.22,3.99,95.00
Sat 30/05/2026 - 05:28:31,13.21,100.00,1020.19,4.00,95.00
Sat 30/05/2026 - 05:29:05,13.20,100.00,1020.23,3.99,95.00
Sat 30/05/2026 - 05:29:39,13.21,100.00,1020.13,4.00,95.00
Sat 30/05/2026 - 05:30:13,13.22,100.00,1020.16,4.00,95.00
Sat 30/05/2026 - 05:30:46,13.21,100.00,1020.14,4.00,95.00
Sat 30/05/2026 - 05:31:20,13.22,100.00,1020.15,4.00,95.00
Sat 30/05/2026 - 05:31:54,13.22,100.00,1020.15,4.00,95.00
Sat 30/05/2026 - 05:32:28,13.22,100.00,1020.07,4.00,95.00
Sat 30/05/2026 - 05:33:02,13.23,100.00,1020.11,4.00,95.00
Sat 30/05/2026 - 05:33:36,13.23,100.00,1020.09,3.99,95.00
Sat 30/05/2026 - 05:34:10,13.23,100.00,1020.12,4.00,95.00
Sat 30/05/2026 - 05:34:44,13.24,100.00,1020.18,4.00,95.00
Sat 30/05/2026 - 05:35:18,13.23,100.00,1020.11,4.00,95.00
Sat 30/05/2026 - 05:35:52,13.23,100.00,1020.12,4.00,95.00
Sat 30/05/2026 - 05:36:26,13.23,100.00,1020.11,4.00,95.00
Sat 30/05/2026 - 05:37:00,13.24,100.00,1020.13,4.00,95.00
Sat 30/05/2026 - 05:37:34,13.24,100.00,1020.24,4.00,95.00
Sat 30/05/2026 - 05:38:08,13.23,100.00,1020.18,4.00,95.00
Sat 30/05/2026 - 05:38:42,13.25,100.00,1020.17,3.99,95.00
Sat 30/05/2026 - 05:39:16,13.25,100.00,1020.24,4.00,95.00
Sat 30/05/2026 - 05:39:50,13.25,100.00,1020.26,4.00,95.00
Sat 30/05/2026 - 05:40:24,13.25,100.00,1020.25,4.00,95.00
Sat 30/05/2026 - 05:40:58,13.25,100.00,1020.23,4.00,95.00
Sat 30/05/2026 - 05:41:32,13.27,100.00,1020.32,4.00,95.00
Sat 30/05/2026 - 05:42:06,13.27,100.00,1020.23,4.00,95.00
Sat 30/05/2026 - 05:42:40,13.28,100.00,1020.28,3.99,95.00
Sat 30/05/2026 - 05:43:14,13.27,100.00,1020.29,3.99,95.00
Sat 30/05/2026 - 05:43:48,13.28,100.00,1020.25,4.00,95.00
Sat 30/05/2026 - 05:44:22,13.29,100.00,1020.22,4.00,95.00
Sat 30/05/2026 - 05:44:56,13.29,100.00,1020.24,3.99,95.00
Sat 30/05/2026 - 05:45:30,13.31,100.00,1020.31,3.99,95.00
Sat 30/05/2026 - 05:46:04,13.31,100.00,1020.25,3.99,95.00
Sat 30/05/2026 - 05:46:38,13.31,100.00,1020.19,4.00,95.00
Sat 30/05/2026 - 05:47:12,13.31,100.00,1020.20,4.00,95.00
Sat 30/05/2026 - 05:47:46,13.32,100.00,1020.27,3.99,95.00
Sat 30/05/2026 - 05:48:20,13.32,100.00,1020.32,3.99,95.00
Sat 30/05/2026 - 05:48:54,13.34,100.00,1020.30,3.99,95.00
Sat 30/05/2026 - 05:49:28,13.35,100.00,1020.35,3.99,95.00
Sat 30/05/2026 - 05:50:02,13.34,100.00,1020.33,3.99,95.00
Sat 30/05/2026 - 05:50:36,13.36,100.00,1020.33,3.99,95.00
Sat 30/05/2026 - 05:51:10,13.36,100.00,1020.28,3.99,95.00
Sat 30/05/2026 - 05:51:44,13.37,100.00,1020.33,3.99,95.00
Sat 30/05/2026 - 05:52:18,13.38,100.00,1020.36,3.99,95.00
Sat 30/05/2026 - 05:52:52,13.38,100.00,1020.27,3.99,95.00
Sat 30/05/2026 - 05:53:26,13.39,100.00,1020.31,3.99,95.00
Sat 30/05/2026 - 05:54:00,13.40,100.00,1020.29,3.99,95.00
Sat 30/05/2026 - 05:54:34,13.41,100.00,1020.31,3.99,95.00
Sat 30/05/2026 - 05:55:08,13.41,100.00,1020.20,3.99,95.00
Sat 30/05/2026 - 05:55:41,13.42,100.00,1020.23,3.99,95.00
Sat 30/05/2026 - 05:56:15,13.43,100.00,1020.19,3.99,95.00
Sat 30/05/2026 - 05:56:49,13.44,100.00,1020.25,3.99,95.00
Sat 30/05/2026 - 05:57:23,13.44,100.00,1020.26,3.99,95.00
Sat 30/05/2026 - 05:57:57,13.46,100.00,1020.23,4.00,95.00
Sat 30/05/2026 - 05:58:31,13.47,100.00,1020.23,3.99,95.00
Sat 30/05/2026 - 05:59:05,13.48,100.00,1020.20,3.99,95.00
Sat 30/05/2026 - 05:59:39,13.49,100.00,1020.23,3.99,95.00
Sat 30/05/2026 - 06:00:13,13.50,100.00,1020.33,3.99,95.00
Sat 30/05/2026 - 06:00:47,13.51,100.00,1020.24,3.99,95.00
Sat 30/05/2026 - 06:01:21,13.51,100.00,1020.29,3.99,95.00
Sat 30/05/2026 - 06:01:55,13.52,100.00,1020.35,3.99,95.00
Sat 30/05/2026 - 06:02:29,13.53,100.00,1020.31,3.99,95.00
Sat 30/05/2026 - 06:03:03,13.54,100.00,1020.27,4.00,95.00
Sat 30/05/2026 - 06:03:37,13.55,100.00,1020.26,3.99,95.00
Sat 30/05/2026 - 06:04:11,13.58,100.00,1020.33,3.99,95.00
Sat 30/05/2026 - 06:04:45,13.57,100.00,1020.30,3.99,95.00
Sat 30/05/2026 - 06:05:19,13.59,100.00,1020.31,3.99,95.00
Sat 30/05/2026 - 06:05:53,13.60,100.00,1020.30,3.99,95.00
Sat 30/05/2026 - 06:06:27,13.61,100.00,1020.34,3.99,95.00
Sat 30/05/2026 - 06:07:01,13.64,100.00,1020.37,3.99,95.00
Sat 30/05/2026 - 06:07:35,13.65,100.00,1020.32,3.99,95.00
Sat 30/05/2026 - 06:08:09,13.65,100.00,1020.35,3.99,95.00
Sat 30/05/2026 - 06:08:43,13.66,100.00,1020.32,3.99,95.00
Sat 30/05/2026 - 06:09:17,13.71,100.00,1020.40,3.99,95.00
Sat 30/05/2026 - 06:09:51,13.71,100.00,1020.38,3.99,95.00
Sat 30/05/2026 - 06:10:25,13.70,100.00,1020.42,3.99,95.00
Sat 30/05/2026 - 06:10:59,13.71,100.00,1020.35,3.99,95.00
Sat 30/05/2026 - 06:11:33,13.72,100.00,1020.42,3.99,95.00
Sat 30/05/2026 - 06:12:07,13.74,100.00,1020.36,3.99,95.00
Sat 30/05/2026 - 06:12:41,13.74,100.00,1020.39,3.99,95.00
Sat 30/05/2026 - 06:13:15,13.73,100.00,1020.43,3.99,95.00
Sat 30/05/2026 - 06:13:49,13.74,100.00,1020.33,3.99,95.00
Sat 30/05/2026 - 06:14:23,13.75,100.00,1020.32,3.99,95.00
Sat 30/05/2026 - 06:14:57,13.75,100.00,1020.44,3.99,95.00
Sat 30/05/2026 - 06:15:31,13.76,100.00,1020.46,3.99,95.00
Sat 30/05/2026 - 06:16:05,13.77,100.00,1020.39,3.99,95.00
Sat 30/05/2026 - 06:16:39,13.77,100.00,1020.41,3.99,95.00
Sat 30/05/2026 - 06:17:13,13.77,100.00,1020.39,3.99,95.00
Sat 30/05/2026 - 06:17:47,13.77,100.00,1020.44,3.99,95.00
Sat 30/05/2026 - 06:18:21,13.78,100.00,1020.51,3.99,95.00
Sat 30/05/2026 - 06:18:55,13.78,100.00,1020.49,3.99,95.00
Sat 30/05/2026 - 06:19:29,13.78,100.00,1020.55,3.99,95.00
Sat 30/05/2026 - 06:20:03,13.78,100.00,1020.49,3.99,95.00
Sat 30/05/2026 - 06:20:37,13.79,100.00,1020.53,3.99,95.00
Sat 30/05/2026 - 06:21:11,13.78,100.00,1020.51,3.99,95.00
Sat 30/05/2026 - 06:21:45,13.78,100.00,1020.54,3.99,95.00
Sat 30/05/2026 - 06:22:19,13.78,100.00,1020.52,3.99,95.00
Sat 30/05/2026 - 06:22:53,13.79,100.00,1020.53,3.99,95.00
Sat 30/05/2026 - 06:23:27,13.78,100.00,1020.56,3.99,95.00
Sat 30/05/2026 - 06:24:01,13.78,100.00,1020.56,3.99,95.00
Sat 30/05/2026 - 06:24:35,13.78,100.00,1020.57,3.99,95.00
Sat 30/05/2026 - 06:25:08,13.77,100.00,1020.53,3.99,95.00
Sat 30/05/2026 - 06:25:42,13.79,100.00,1020.58,3.99,95.00
Sat 30/05/2026 - 06:26:16,13.78,100.00,1020.56,3.99,95.00
Sat 30/05/2026 - 06:26:50,13.77,100.00,1020.53,3.99,95.00
Sat 30/05/2026 - 06:27:24,13.77,100.00,1020.49,3.99,95.00
Sat 30/05/2026 - 06:27:58,13.78,100.00,1020.51,3.99,95.00
Sat 30/05/2026 - 06:28:32,13.76,100.00,1020.53,3.99,95.00
Sat 30/05/2026 - 06:29:06,13.77,100.00,1020.53,3.99,95.00
Sat 30/05/2026 - 06:29:40,13.77,100.00,1020.55,3.99,95.00
Sat 30/05/2026 - 06:30:14,13.76,100.00,1020.56,3.99,95.00
Sat 30/05/2026 - 06:30:48,13.76,100.00,1020.53,3.99,95.00
Sat 30/05/2026 - 06:31:22,13.76,100.00,1020.56,3.99,95.00
Sat 30/05/2026 - 06:31:56,13.76,100.00,1020.64,3.99,95.00
Sat 30/05/2026 - 06:32:30,13.75,100.00,1020.57,3.99,95.00
Sat 30/05/2026 - 06:33:04,13.75,100.00,1020.62,3.99,95.00
Sat 30/05/2026 - 06:33:38,13.75,100.00,1020.62,3.99,95.00
Sat 30/05/2026 - 06:34:12,13.74,100.00,1020.58,3.99,95.00
Sat 30/05/2026 - 06:34:46,13.75,100.00,1020.51,3.99,95.00
Sat 30/05/2026 - 06:35:20,13.72,100.00,1020.56,3.99,95.00
Sat 30/05/2026 - 06:35:54,13.72,100.00,1020.53,3.99,95.00
Sat 30/05/2026 - 06:36:28,13.71,100.00,1020.51,3.99,95.00
Sat 30/05/2026 - 06:37:02,13.71,100.00,1020.51,3.99,95.00
Sat 30/05/2026 - 06:37:36,13.72,100.00,1020.58,3.99,95.00
Sat 30/05/2026 - 06:38:10,13.71,100.00,1020.62,3.99,95.00
Sat 30/05/2026 - 06:38:44,13.70,100.00,1020.52,3.99,95.00
Sat 30/05/2026 - 06:39:18,13.70,100.00,1020.54,3.99,95.00
Sat 30/05/2026 - 06:39:52,13.69,100.00,1020.61,3.99,95.00
Sat 30/05/2026 - 06:40:26,13.70,100.00,1020.60,3.99,95.00
Sat 30/05/2026 - 06:41:00,13.70,100.00,1020.65,3.99,95.00
Sat 30/05/2026 - 06:41:34,13.70,100.00,1020.66,3.99,95.00
Sat 30/05/2026 - 06:42:08,13.68,100.00,1020.60,3.99,95.00
Sat 30/05/2026 - 06:42:42,13.68,100.00,1020.62,3.99,95.00
Sat 30/05/2026 - 06:43:16,13.67,100.00,1020.61,3.99,95.00
Sat 30/05/2026 - 06:43:50,13.67,100.00,1020.61,3.99,95.00
Sat 30/05/2026 - 06:44:24,13.66,100.00,1020.70,3.99,95.00
Sat 30/05/2026 - 06:44:58,13.67,100.00,1020.65,3.99,95.00
Sat 30/05/2026 - 06:45:32,13.67,100.00,1020.74,3.99,95.00
Sat 30/05/2026 - 06:46:06,13.65,100.00,1020.71,3.99,95.00
Sat 30/05/2026 - 06:46:40,13.65,100.00,1020.67,3.99,95.00
Sat 30/05/2026 - 06:47:14,13.65,100.00,1020.73,3.99,95.00
Sat 30/05/2026 - 06:47:48,13.64,100.00,1020.65,3.99,95.00
Sat 30/05/2026 - 06:48:22,13.64,100.00,1020.68,3.99,95.00
Sat 30/05/2026 - 06:48:56,13.62,100.00,1020.68,3.99,95.00
Sat 30/05/2026 - 06:49:30,13.62,100.00,1020.68,3.99,95.00
Sat 30/05/2026 - 06:50:04,13.61,100.00,1020.72,3.99,95.00
Sat 30/05/2026 - 06:50:38,13.61,100.00,1020.64,3.99,95.00
Sat 30/05/2026 - 06:51:12,13.61,100.00,1020.72,3.99,95.00
Sat 30/05/2026 - 06:51:46,13.60,100.00,1020.70,3.99,95.00
Sat 30/05/2026 - 06:52:20,13.60,100.00,1020.64,3.99,95.00
Sat 30/05/2026 - 06:52:54,13.59,100.00,1020.65,3.99,95.00
Sat 30/05/2026 - 06:53:28,13.59,100.00,1020.67,3.99,95.00
Sat 30/05/2026 - 06:54:02,13.58,100.00,1020.67,3.99,95.00
Sat 30/05/2026 - 06:54:36,13.59,100.00,1020.74,3.99,95.00
Sat 30/05/2026 - 06:55:10,13.58,100.00,1020.71,3.99,95.00
Sat 30/05/2026 - 06:55:44,13.57,100.00,1020.70,3.99,95.00
Sat 30/05/2026 - 06:56:18,13.56,100.00,1020.63,3.99,95.00
Sat 30/05/2026 - 06:56:52,13.56,100.00,1020.74,3.99,95.00
Sat 30/05/2026 - 06:57:26,13.55,100.00,1020.74,3.99,95.00
Sat 30/05/2026 - 06:58:00,13.54,100.00,1020.76,3.99,95.00
Sat 30/05/2026 - 06:58:34,13.55,100.00,1020.74,3.99,95.00
Sat 30/05/2026 - 06:59:08,13.54,100.00,1020.76,3.99,95.00
Sat 30/05/2026 - 06:59:42,13.54,100.00,1020.75,3.99,95.00
Sat 30/05/2026 - 07:00:16,13.54,100.00,1020.75,3.99,95.00
Sat 30/05/2026 - 07:00:50,13.53,100.00,1020.74,3.99,95.00
Sat 30/05/2026 - 07:01:23,13.52,100.00,1020.72,3.99,95.00
Sat 30/05/2026 - 07:01:57,13.53,100.00,1020.74,3.99,95.00
Sat 30/05/2026 - 07:02:31,13.52,100.00,1020.72,3.99,95.00
Sat 30/05/2026 - 07:03:05,13.52,100.00,1020.72,3.99,95.00
Sat 30/05/2026 - 07:03:39,13.52,100.00,1020.69,3.99,95.00
Sat 30/05/2026 - 07:04:13,13.50,100.00,1020.74,3.99,95.00
Sat 30/05/2026 - 07:04:47,13.50,100.00,1020.74,3.99,95.00
Sat 30/05/2026 - 07:05:21,13.51,100.00,1020.70,3.99,95.00
Sat 30/05/2026 - 07:05:55,13.49,100.00,1020.70,3.99,95.00
Sat 30/05/2026 - 07:06:29,13.50,100.00,1020.74,3.99,95.00
Sat 30/05/2026 - 07:07:03,13.49,100.00,1020.70,3.99,95.00
Sat 30/05/2026 - 07:07:37,13.49,100.00,1020.77,3.99,95.00
Sat 30/05/2026 - 07:08:11,13.48,100.00,1020.84,3.99,95.00
Sat 30/05/2026 - 07:08:45,13.48,100.00,1020.72,3.99,95.00
Sat 30/05/2026 - 07:09:19,13.49,100.00,1020.82,3.99,95.00
Sat 30/05/2026 - 07:09:53,13.48,100.00,1020.75,3.99,95.00
Sat 30/05/2026 - 07:10:27,13.48,100.00,1020.83,3.99,95.00
Sat 30/05/2026 - 07:11:01,13.45,100.00,1020.84,3.99,95.00
Sat 30/05/2026 - 07:11:35,13.46,100.00,1020.78,3.99,95.00
Sat 30/05/2026 - 07:12:09,13.46,100.00,1020.81,3.99,95.00
Sat 30/05/2026 - 07:12:43,13.46,100.00,1020.82,3.99,95.00
Sat 30/05/2026 - 07:13:17,13.47,100.00,1020.93,3.99,95.00
Sat 30/05/2026 - 07:13:51,13.46,100.00,1020.83,3.99,95.00
Sat 30/05/2026 - 07:14:25,13.45,100.00,1020.82,3.99,95.00
Sat 30/05/2026 - 07:14:59,13.45,100.00,1020.79,3.99,95.00
Sat 30/05/2026 - 07:15:33,13.44,100.00,1020.88,3.99,95.00
Sat 30/05/2026 - 07:16:07,13.44,100.00,1020.93,3.99,95.00
Sat 30/05/2026 - 07:16:41,13.44,100.00,1020.93,3.99,95.00
Sat 30/05/2026 - 07:17:15,13.43,100.00,1020.83,3.99,95.00
Sat 30/05/2026 - 07:17:49,13.44,100.00,1020.88,3.99,95.00
Sat 30/05/2026 - 07:18:23,13.43,100.00,1020.94,3.99,95.00
Sat 30/05/2026 - 07:18:57,13.44,100.00,1020.90,3.99,95.00
Sat 30/05/2026 - 07:19:31,13.44,100.00,1020.91,3.99,95.00
Sat 30/05/2026 - 07:20:05,13.44,100.00,1020.95,3.99,95.00
Sat 30/05/2026 - 07:20:39,13.44,100.00,1020.87,3.99,95.00
Sat 30/05/2026 - 07:21:13,13.44,100.00,1020.90,3.99,95.00
Sat 30/05/2026 - 07:21:47,13.44,100.00,1020.90,3.99,95.00
Sat 30/05/2026 - 07:22:21,13.44,100.00,1020.91,3.99,95.00
Sat 30/05/2026 - 07:22:55,13.44,100.00,1020.92,3.99,95.00
Sat 30/05/2026 - 07:23:29,13.44,100.00,1020.91,3.99,95.00
Sat 30/05/2026 - 07:24:03,13.43,100.00,1020.91,3.99,95.00
Sat 30/05/2026 - 07:24:37,13.43,100.00,1020.88,3.99,95.00
Sat 30/05/2026 - 07:25:11,13.44,100.00,1020.95,3.99,95.00
Sat 30/05/2026 - 07:25:45,13.43,100.00,1020.89,3.99,95.00
Sat 30/05/2026 - 07:26:19,13.44,100.00,1020.91,3.99,95.00
Sat 30/05/2026 - 07:26:53,13.44,100.00,1020.93,3.99,95.00
Sat 30/05/2026 - 07:27:27,13.44,100.00,1020.87,3.99,95.00
Sat 30/05/2026 - 07:28:01,13.44,100.00,1020.91,3.99,95.00
Sat 30/05/2026 - 07:28:35,13.43,100.00,1020.92,3.99,95.00
Sat 30/05/2026 - 07:29:09,13.44,100.00,1020.95,3.99,95.00
Sat 30/05/2026 - 07:29:43,13.44,100.00,1020.95,3.99,95.00
Sat 30/05/2026 - 07:30:17,13.44,100.00,1021.00,3.99,95.00
Sat 30/05/2026 - 07:30:50,13.45,100.00,1021.02,3.99,95.00
Sat 30/05/2026 - 07:31:24,13.44,100.00,1021.07,3.99,95.00
Sat 30/05/2026 - 07:31:58,13.45,100.00,1021.08,3.99,95.00
Sat 30/05/2026 - 07:32:32,13.45,100.00,1021.08,3.99,95.00
Sat 30/05/2026 - 07:33:06,13.45,100.00,1021.08,3.99,95.00
Sat 30/05/2026 - 07:33:40,13.46,100.00,1021.05,3.99,95.00
Sat 30/05/2026 - 07:34:14,13.47,100.00,1021.06,3.99,95.00
Sat 30/05/2026 - 07:34:48,13.46,100.00,1021.05,3.99,95.00
Sat 30/05/2026 - 07:35:22,13.46,100.00,1020.99,3.99,95.00
Sat 30/05/2026 - 07:35:56,13.47,100.00,1020.96,3.99,95.00
Sat 30/05/2026 - 07:36:30,13.47,100.00,1020.93,3.99,95.00
Sat 30/05/2026 - 07:37:04,13.48,100.00,1020.98,3.99,95.00
Sat 30/05/2026 - 07:37:38,13.49,100.00,1020.99,3.99,95.00
Sat 30/05/2026 - 07:38:12,13.49,100.00,1020.99,3.99,95.00
Sat 30/05/2026 - 07:38:46,13.50,100.00,1020.96,3.99,95.00
Sat 30/05/2026 - 07:39:20,13.50,100.00,1020.97,3.99,95.00
Sat 30/05/2026 - 07:39:54,13.51,100.00,1021.07,3.99,95.00
Sat 30/05/2026 - 07:40:28,13.51,100.00,1020.96,3.99,95.00
Sat 30/05/2026 - 07:41:02,13.52,100.00,1021.01,3.99,95.00
Sat 30/05/2026 - 07:41:36,13.53,100.00,1021.00,3.99,95.00
Sat 30/05/2026 - 07:42:10,13.54,100.00,1020.97,3.99,95.00
Sat 30/05/2026 - 07:42:44,13.54,100.00,1021.02,3.99,95.00
Sat 30/05/2026 - 07:43:18,13.56,100.00,1021.09,3.99,95.00
Sat 30/05/2026 - 07:43:52,13.57,100.00,1021.05,3.99,95.00
Sat 30/05/2026 - 07:44:26,13.58,100.00,1020.98,3.99,95.00
Sat 30/05/2026 - 07:45:00,13.60,100.00,1021.13,3.99,95.00
Sat 30/05/2026 - 07:45:34,13.60,100.00,1021.13,3.99,95.00
Sat 30/05/2026 - 07:46:08,13.61,100.00,1021.07,3.99,95.00
Sat 30/05/2026 - 07:46:42,13.62,100.00,1021.08,3.99,95.00
Sat 30/05/2026 - 07:47:16,13.64,100.00,1021.09,3.99,95.00
Sat 30/05/2026 - 07:47:50,13.65,100.00,1021.05,3.99,95.00
Sat 30/05/2026 - 07:48:24,13.67,100.00,1021.08,3.99,95.00
Sat 30/05/2026 - 07:48:58,13.67,100.00,1021.05,3.99,95.00
Sat 30/05/2026 - 07:49:32,13.69,100.00,1021.09,3.99,95.00
Sat 30/05/2026 - 07:50:06,13.71,100.00,1021.10,3.99,95.00
Sat 30/05/2026 - 07:50:40,13.72,100.00,1021.12,3.99,95.00
Sat 30/05/2026 - 07:51:14,13.74,100.00,1021.04,3.99,95.00
Sat 30/05/2026 - 07:51:48,13.76,100.00,1021.09,3.99,95.00
Sat 30/05/2026 - 07:52:22,13.78,100.00,1021.08,3.99,95.00
Sat 30/05/2026 - 07:52:56,13.81,100.00,1020.99,3.99,95.00
Sat 30/05/2026 - 07:53:30,13.83,100.00,1021.06,3.99,95.00
Sat 30/05/2026 - 07:54:04,13.86,100.00,1021.13,3.99,95.00
Sat 30/05/2026 - 07:54:38,13.89,100.00,1021.08,3.99,95.00
Sat 30/05/2026 - 07:55:12,13.90,100.00,1021.10,3.99,95.00
Sat 30/05/2026 - 07:55:46,13.93,100.00,1021.07,3.99,95.00
Sat 30/05/2026 - 07:56:20,13.95,100.00,1021.06,3.99,95.00
Sat 30/05/2026 - 07:56:54,13.99,100.00,1021.12,3.99,95.00
Sat 30/05/2026 - 07:57:28,14.03,100.00,1021.17,3.99,95.00
Sat 30/05/2026 - 07:58:02,14.07,100.00,1021.07,3.99,95.00
Sat 30/05/2026 - 07:58:36,14.10,100.00,1021.01,3.99,95.00
Sat 30/05/2026 - 07:59:10,14.15,100.00,1021.10,3.99,95.00
Sat 30/05/2026 - 07:59:44,14.18,100.00,1021.10,3.99,95.00
Sat 30/05/2026 - 08:00:18,14.22,100.00,1021.08,3.99,95.00
Sat 30/05/2026 - 08:00:52,14.26,100.00,1021.07,3.99,95.00
Sat 30/05/2026 - 08:01:26,14.28,100.00,1021.08,3.99,95.00
Sat 30/05/2026 - 08:02:00,14.32,100.00,1021.15,3.99,95.00
Sat 30/05/2026 - 08:02:34,14.35,100.00,1021.07,3.99,95.00
Sat 30/05/2026 - 08:03:08,14.38,100.00,1021.15,3.99,95.00
Sat 30/05/2026 - 08:03:42,14.41,100.00,1021.17,3.99,95.00
Sat 30/05/2026 - 08:04:16,14.45,100.00,1021.21,3.99,95.00
Sat 30/05/2026 - 08:04:50,14.49,100.00,1021.18,3.99,95.00
Sat 30/05/2026 - 08:05:24,14.53,100.00,1021.24,3.99,95.00
Sat 30/05/2026 - 08:05:57,14.56,100.00,1021.26,3.99,95.00
Sat 30/05/2026 - 08:06:31,14.60,100.00,1021.29,3.99,95.00
Sat 30/05/2026 - 08:07:05,14.62,100.00,1021.32,3.99,95.00
Sat 30/05/2026 - 08:07:39,14.66,100.00,1021.29,3.99,95.00
Sat 30/05/2026 - 08:08:13,14.68,100.00,1021.25,3.99,95.00
Sat 30/05/2026 - 08:08:47,14.71,100.00,1021.24,3.99,95.00
Sat 30/05/2026 - 08:09:21,14.72,100.00,1021.21,3.99,95.00
Sat 30/05/2026 - 08:09:55,14.76,100.00,1021.30,3.99,95.00
Sat 30/05/2026 - 08:10:29,14.78,100.00,1021.26,3.99,95.00
Sat 30/05/2026 - 08:11:03,14.80,100.00,1021.24,3.99,95.00
Sat 30/05/2026 - 08:11:37,14.83,100.00,1021.29,3.99,95.00
Sat 30/05/2026 - 08:12:11,14.84,100.00,1021.29,3.99,95.00
Sat 30/05/2026 - 08:12:45,14.87,100.00,1021.37,3.99,95.00
Sat 30/05/2026 - 08:13:19,14.90,100.00,1021.36,3.99,95.00
Sat 30/05/2026 - 08:13:53,14.92,100.00,1021.34,3.99,95.00
Sat 30/05/2026 - 08:14:27,14.94,100.00,1021.33,3.99,95.00
Sat 30/05/2026 - 08:15:01,14.96,100.00,1021.31,3.99,95.00
Sat 30/05/2026 - 08:15:35,14.98,100.00,1021.34,3.99,95.00
Sat 30/05/2026 - 08:16:09,15.02,100.00,1021.30,3.99,95.00
Sat 30/05/2026 - 08:16:43,15.05,100.00,1021.35,3.99,95.00
Sat 30/05/2026 - 08:17:17,15.08,100.00,1021.27,3.99,95.00
Sat 30/05/2026 - 08:17:51,15.11,100.00,1021.32,3.99,95.00
Sat 30/05/2026 - 08:18:25,15.15,100.00,1021.25,3.99,95.00
Sat 30/05/2026 - 08:18:59,15.18,100.00,1021.20,3.99,95.00
Sat 30/05/2026 - 08:19:33,15.22,100.00,1021.20,3.99,95.00
Sat 30/05/2026 - 08:20:07,15.24,100.00,1021.17,3.99,95.00
Sat 30/05/2026 - 08:20:41,15.28,100.00,1021.23,3.99,95.00
Sat 30/05/2026 - 08:21:15,15.30,100.00,1021.15,3.99,95.00
Sat 30/05/2026 - 08:21:49,15.34,100.00,1021.22,3.99,95.00
Sat 30/05/2026 - 08:22:23,15.37,100.00,1021.25,3.99,95.00
Sat 30/05/2026 - 08:22:57,15.39,100.00,1021.23,3.99,95.00
Sat 30/05/2026 - 08:23:31,15.42,100.00,1021.24,3.99,95.00
Sat 30/05/2026 - 08:24:05,15.45,100.00,1021.29,3.99,95.00
Sat 30/05/2026 - 08:24:39,15.48,100.00,1021.23,3.98,95.00
Sat 30/05/2026 - 08:25:13,15.51,100.00,1021.31,3.99,95.00
Sat 30/05/2026 - 08:25:47,15.54,100.00,1021.33,3.99,95.00
Sat 30/05/2026 - 08:26:21,15.56,100.00,1021.30,3.99,95.00
Sat 30/05/2026 - 08:26:55,15.61,100.00,1021.33,3.99,95.00
Sat 30/05/2026 - 08:27:29,15.63,100.00,1021.31,3.99,95.00
Sat 30/05/2026 - 08:28:03,15.64,100.00,1021.26,3.99,95.00
Sat 30/05/2026 - 08:28:37,15.67,100.00,1021.23,3.99,95.00
Sat 30/05/2026 - 08:29:11,15.71,100.00,1021.32,3.99,95.00
Sat 30/05/2026 - 08:29:45,15.74,100.00,1021.35,3.99,95.00
Sat 30/05/2026 - 08:30:19,15.77,100.00,1021.34,3.99,95.00
Sat 30/05/2026 - 08:30:53,15.79,100.00,1021.33,3.99,95.00
Sat 30/05/2026 - 08:31:27,15.82,100.00,1021.27,3.99,95.00
Sat 30/05/2026 - 08:32:01,15.85,100.00,1021.32,3.99,95.00
Sat 30/05/2026 - 08:32:35,15.87,100.00,1021.28,3.99,95.00
Sat 30/05/2026 - 08:33:09,15.89,100.00,1021.28,3.99,95.00
Sat 30/05/2026 - 08:33:43,15.90,100.00,1021.30,3.99,95.00
Sat 30/05/2026 - 08:34:17,15.93,100.00,1021.32,3.99,95.00
Sat 30/05/2026 - 08:34:51,15.95,100.00,1021.26,3.99,95.00
Sat 30/05/2026 - 08:35:25,15.97,100.00,1021.20,3.99,95.00
Sat 30/05/2026 - 08:35:59,16.00,100.00,1021.28,3.99,95.00
Sat 30/05/2026 - 08:36:33,16.04,100.00,1021.32,3.99,95.00
Sat 30/05/2026 - 08:37:07,16.08,100.00,1021.18,3.99,95.00
Sat 30/05/2026 - 08:37:41,16.10,100.00,1021.16,3.99,95.00
Sat 30/05/2026 - 08:38:15,16.14,100.00,1021.12,3.99,95.00
Sat 30/05/2026 - 08:38:49,16.16,100.00,1021.06,3.99,95.00
Sat 30/05/2026 - 08:39:23,16.19,100.00,1021.15,3.99,95.00
Sat 30/05/2026 - 08:39:57,16.24,100.00,1021.13,3.99,95.00
Sat 30/05/2026 - 08:40:31,16.27,100.00,1021.07,3.99,95.00
Sat 30/05/2026 - 08:41:05,16.33,100.00,1021.12,3.99,95.00
Sat 30/05/2026 - 08:41:38,16.38,100.00,1021.15,3.99,95.00
Sat 30/05/2026 - 08:42:12,16.44,100.00,1021.18,3.99,95.00
Sat 30/05/2026 - 08:42:46,16.50,100.00,1021.18,3.99,95.00
Sat 30/05/2026 - 08:43:20,16.55,100.00,1021.19,3.99,95.00
Sat 30/05/2026 - 08:43:54,16.62,100.00,1021.26,3.99,95.00
Sat 30/05/2026 - 08:44:28,16.69,100.00,1021.16,3.99,95.00
Sat 30/05/2026 - 08:45:02,16.78,100.00,1021.24,3.99,95.00
Sat 30/05/2026 - 08:45:36,16.87,100.00,1021.29,3.99,95.00
Sat 30/05/2026 - 08:46:10,16.97,100.00,1021.29,3.99,95.00
Sat 30/05/2026 - 08:46:44,17.06,100.00,1021.33,3.99,95.00
Sat 30/05/2026 - 08:47:18,17.15,100.00,1021.35,3.99,95.00
Sat 30/05/2026 - 08:47:52,17.22,100.00,1021.24,3.99,95.00
Sat 30/05/2026 - 08:48:26,17.31,100.00,1021.29,3.99,95.00
Sat 30/05/2026 - 08:49:00,17.42,100.00,1021.33,3.99,95.00
Sat 30/05/2026 - 08:49:34,17.51,100.00,1021.24,3.99,95.00
Sat 30/05/2026 - 08:50:08,17.57,100.00,1021.24,3.99,95.00
Sat 30/05/2026 - 08:50:42,17.65,100.00,1021.22,3.99,95.00
Sat 30/05/2026 - 08:51:16,17.76,100.00,1021.29,3.99,95.00
Sat 30/05/2026 - 08:51:50,17.84,100.00,1021.21,3.99,95.00
Sat 30/05/2026 - 08:52:24,17.93,100.00,1021.31,3.99,95.00
Sat 30/05/2026 - 08:52:58,18.03,100.00,1021.29,3.99,95.00
Sat 30/05/2026 - 08:53:32,18.09,100.00,1021.20,3.99,95.00
Sat 30/05/2026 - 08:54:06,18.20,100.00,1021.29,3.99,95.00
Sat 30/05/2026 - 08:54:40,18.30,100.00,1021.27,3.99,95.00
Sat 30/05/2026 - 08:55:14,18.40,100.00,1021.33,3.99,95.00
Sat 30/05/2026 - 08:55:48,18.48,100.00,1021.30,3.99,95.00
Sat 30/05/2026 - 08:56:22,18.55,100.00,1021.32,3.99,95.00
Sat 30/05/2026 - 08:56:56,18.64,100.00,1021.31,3.99,95.00
Sat 30/05/2026 - 08:57:30,18.72,100.00,1021.30,3.99,95.00
Sat 30/05/2026 - 08:58:04,18.78,100.00,1021.33,3.99,95.00
Sat 30/05/2026 - 08:58:38,18.87,100.00,1021.34,3.99,95.00
Sat 30/05/2026 - 08:59:12,18.95,100.00,1021.32,4.04,96.00
Sat 30/05/2026 - 08:59:46,19.27,100.00,1021.36,4.04,96.00
Sat 30/05/2026 - 09:00:20,19.52,100.00,1021.38,4.05,96.00
Sat 30/05/2026 - 09:00:54,19.81,100.00,1021.43,4.05,96.00
Sat 30/05/2026 - 09:01:28,20.16,100.00,1021.37,4.05,96.00
Sat 30/05/2026 - 09:02:02,20.45,100.00,1021.28,4.05,96.00
Sat 30/05/2026 - 09:02:36,20.68,100.00,1021.35,4.05,97.00
Sat 30/05/2026 - 09:03:10,20.94,97.82,1021.31,4.05,97.00
Sat 30/05/2026 - 09:03:44,21.21,95.88,1021.30,4.06,97.00
Sat 30/05/2026 - 09:04:18,21.45,92.65,1021.35,4.06,97.00
Sat 30/05/2026 - 09:04:52,21.67,90.77,1021.43,4.05,97.00
Sat 30/05/2026 - 09:05:26,21.83,89.71,1021.36,4.06,97.00
Sat 30/05/2026 - 09:06:00,22.12,87.98,1021.36,4.06,97.00
Sat 30/05/2026 - 09:06:34,22.33,86.99,1021.33,4.05,96.00
Sat 30/05/2026 - 09:07:08,22.50,85.44,1021.38,4.03,96.00
Sat 30/05/2026 - 09:07:42,22.54,85.33,1021.41,4.01,96.00
Sat 30/05/2026 - 09:08:16,22.52,84.25,1021.38,4.01,96.00
Sat 30/05/2026 - 09:08:50,22.58,84.02,1021.45,4.01,95.00
Sat 30/05/2026 - 09:09:24,22.61,84.06,1021.40,4.01,95.00
Sat 30/05/2026 - 09:09:58,22.70,83.95,1021.45,4.01,95.00
Sat 30/05/2026 - 09:10:32,22.72,82.96,1021.45,4.01,95.00
Sat 30/05/2026 - 09:11:06,22.80,83.58,1021.45,4.01,95.00
Sat 30/05/2026 - 09:11:40,22.75,82.08,1021.45,4.01,95.00
Sat 30/05/2026 - 09:12:14,22.67,79.74,1021.45,4.01,95.00
Sat 30/05/2026 - 09:12:48,22.65,79.96,1021.49,4.01,95.00
Sat 30/05/2026 - 09:13:22,22.68,82.24,1021.51,4.01,95.00
Sat 30/05/2026 - 09:13:56,22.75,83.46,1021.45,4.01,95.00
Sat 30/05/2026 - 09:14:30,22.68,81.75,1021.55,4.01,95.00
Sat 30/05/2026 - 09:15:04,22.55,81.11,1021.49,4.01,95.00
Sat 30/05/2026 - 09:15:38,22.52,81.71,1021.52,4.01,96.00
Sat 30/05/2026 - 09:16:12,22.49,82.03,1021.49,4.01,96.00
Sat 30/05/2026 - 09:16:46,22.48,82.09,1021.50,4.01,96.00
Sat 30/05/2026 - 09:17:20,22.50,82.65,1021.51,4.01,96.00
Sat 30/05/2026 - 09:17:54,22.46,82.71,1021.50,4.01,96.00
Sat 30/05/2026 - 09:18:28,22.46,82.70,1021.54,4.01,96.00
Sat 30/05/2026 - 09:19:02,22.47,82.78,1021.52,4.01,96.00
Sat 30/05/2026 - 09:19:36,22.57,83.73,1021.57,4.02,96.00
Sat 30/05/2026 - 09:20:10,22.53,81.94,1021.54,4.02,96.00
Sat 30/05/2026 - 09:20:43,22.42,81.59,1021.51,4.02,96.00
Sat 30/05/2026 - 09:21:17,22.48,82.47,1021.61,4.02,96.00
Sat 30/05/2026 - 09:21:51,22.50,81.06,1021.57,4.03,96.00
Sat 30/05/2026 - 09:22:25,22.53,80.92,1021.50,4.04,96.00
Sat 30/05/2026 - 09:22:59,22.68,82.62,1021.55,4.03,96.00
Sat 30/05/2026 - 09:23:33,22.67,79.77,1021.53,4.03,96.00
Sat 30/05/2026 - 09:24:07,22.71,78.83,1021.48,4.03,96.00
Sat 30/05/2026 - 09:24:41,22.83,79.78,1021.46,4.05,97.00
Sat 30/05/2026 - 09:25:15,22.93,78.92,1021.44,4.05,96.00
Sat 30/05/2026 - 09:25:49,23.13,77.83,1021.52,4.06,97.00
Sat 30/05/2026 - 09:26:23,23.00,77.26,1021.43,4.04,96.00
Sat 30/05/2026 - 09:26:57,22.97,77.52,1021.46,4.07,97.00
Sat 30/05/2026 - 09:27:31,23.13,76.68,1021.49,4.08,97.00
Sat 30/05/2026 - 09:28:05,23.35,76.42,1021.54,4.08,97.00
Sat 30/05/2026 - 09:28:39,23.59,76.00,1021.51,4.08,97.00
Sat 30/05/2026 - 09:29:13,23.73,75.22,1021.56,4.08,97.00
Sat 30/05/2026 - 09:29:47,23.90,75.15,1021.60,4.08,97.00
Sat 30/05/2026 - 09:30:21,24.03,74.41,1021.60,4.09,97.00
Sat 30/05/2026 - 09:30:55,24.29,73.05,1021.60,4.06,97.00
Sat 30/05/2026 - 09:31:29,24.27,72.84,1021.60,4.05,96.00
Sat 30/05/2026 - 09:32:03,24.32,72.61,1021.60,4.07,97.00
Sat 30/05/2026 - 09:32:37,24.65,71.74,1021.56,4.09,97.00
Sat 30/05/2026 - 09:33:11,24.95,70.82,1021.53,4.09,97.00
Sat 30/05/2026 - 09:33:45,25.15,68.98,1021.54,4.09,97.00
Sat 30/05/2026 - 09:34:19,25.40,68.03,1021.56,4.09,97.00
Sat 30/05/2026 - 09:34:53,25.55,65.46,1021.50,4.09,97.00
Sat 30/05/2026 - 09:35:27,25.80,63.85,1021.52,4.09,97.00
Sat 30/05/2026 - 09:36:01,26.06,62.34,1021.61,4.09,97.00
Sat 30/05/2026 - 09:36:35,26.22,62.05,1021.52,4.08,97.00
Sat 30/05/2026 - 09:37:09,26.49,61.73,1021.48,4.09,97.00
Sat 30/05/2026 - 09:37:43,26.69,60.21,1021.49,4.09,97.00
Sat 30/05/2026 - 09:38:17,26.87,59.15,1021.50,4.09,97.00
Sat 30/05/2026 - 09:38:51,26.95,58.16,1021.41,4.09,97.00
Sat 30/05/2026 - 09:39:25,27.05,56.54,1021.48,4.09,97.00
Sat 30/05/2026 - 09:39:59,27.11,55.22,1021.49,4.09,97.00
Sat 30/05/2026 - 09:40:33,27.16,55.17,1021.56,4.10,98.00
Sat 30/05/2026 - 09:41:07,27.14,54.42,1021.52,4.10,98.00
Sat 30/05/2026 - 09:41:41,27.25,53.71,1021.55,4.10,98.00
Sat 30/05/2026 - 09:42:15,27.43,53.04,1021.56,4.10,98.00
Sat 30/05/2026 - 09:42:49,27.51,52.42,1021.60,4.10,98.00
Sat 30/05/2026 - 09:43:23,27.54,52.00,1021.57,4.10,98.00
Sat 30/05/2026 - 09:43:57,27.77,52.34,1021.46,4.10,98.00
Sat 30/05/2026 - 09:44:31,27.82,51.25,1021.52,4.10,98.00
Sat 30/05/2026 - 09:45:05,27.90,50.57,1021.57,4.10,98.00
Sat 30/05/2026 - 09:45:39,27.97,50.39,1021.55,4.09,97.00
Sat 30/05/2026 - 09:46:13,28.08,49.91,1021.61,4.10,98.00
Sat 30/05/2026 - 09:46:47,28.27,49.04,1021.54,4.10,98.00
Sat 30/05/2026 - 09:47:21,28.37,49.00,1021.63,4.09,97.00
Sat 30/05/2026 - 09:47:55,28.35,48.28,1021.70,4.09,97.00
Sat 30/05/2026 - 09:48:29,28.55,47.66,1021.69,4.10,98.00
Sat 30/05/2026 - 09:49:03,28.54,47.44,1021.69,4.10,98.00
Sat 30/05/2026 - 09:49:37,28.57,47.17,1021.69,4.09,97.00
Sat 30/05/2026 - 09:50:11,28.57,47.06,1021.69,4.09,97.00
Sat 30/05/2026 - 09:50:45,28.75,46.75,1021.69,4.08,97.00
Sat 30/05/2026 - 09:51:19,28.70,46.65,1021.82,4.11,98.00
Sat 30/05/2026 - 09:51:53,28.73,46.47,1021.77,4.11,98.00
Sat 30/05/2026 - 09:52:27,28.82,45.93,1021.75,4.08,97.00
Sat 30/05/2026 - 09:53:01,28.88,45.93,1021.71,4.12,98.00
Sat 30/05/2026 - 09:53:35,28.78,46.06,1021.79,4.09,97.00
Sat 30/05/2026 - 09:54:09,28.77,45.87,1021.73,4.07,97.00
Sat 30/05/2026 - 09:54:43,28.69,45.99,1021.83,4.07,97.00
Sat 30/05/2026 - 09:55:17,28.59,46.15,1021.83,4.08,97.00
Sat 30/05/2026 - 09:55:51,28.55,46.27,1021.76,4.07,97.00
Sat 30/05/2026 - 09:56:25,28.43,46.51,1021.79,4.06,97.00
Sat 30/05/2026 - 09:56:59,28.30,46.75,1021.70,4.06,97.00
Sat 30/05/2026 - 09:57:33,28.27,46.82,1021.79,4.06,97.00
Sat 30/05/2026 - 09:58:07,28.19,47.01,1021.81,4.07,97.00
Sat 30/05/2026 - 09:58:41,28.25,47.03,1021.77,4.07,97.00
Sat 30/05/2026 - 09:59:15,28.30,46.71,1021.67,4.06,97.00
Sat 30/05/2026 - 09:59:49,28.21,46.92,1021.74,4.07,97.00
Sat 30/05/2026 - 10:00:23,28.06,47.28,1021.76,4.09,97.00
Sat 30/05/2026 - 10:00:57,28.03,47.35,1021.80,4.09,97.00
Sat 30/05/2026 - 10:01:31,28.24,46.97,1021.82,4.13,98.00
Sat 30/05/2026 - 10:02:05,28.45,46.42,1021.81,4.13,98.00
Sat 30/05/2026 - 10:02:39,28.54,46.25,1021.81,4.13,98.00
Sat 30/05/2026 - 10:03:13,28.55,46.10,1021.88,4.12,98.00
Sat 30/05/2026 - 10:03:47,28.62,45.98,1021.87,4.12,98.00
Sat 30/05/2026 - 10:04:21,28.74,45.63,1021.91,4.12,98.00
Sat 30/05/2026 - 10:04:55,28.78,45.41,1021.88,4.12,98.00
Sat 30/05/2026 - 10:05:28,28.80,45.41,1021.89,4.12,98.00
Sat 30/05/2026 - 10:06:02,28.87,45.20,1021.82,4.12,98.00
Sat 30/05/2026 - 10:06:36,28.95,44.97,1021.87,4.12,98.00
Sat 30/05/2026 - 10:07:10,29.01,44.81,1021.89,4.12,98.00
Sat 30/05/2026 - 10:07:44,29.02,44.54,1021.73,4.12,98.00
Sat 30/05/2026 - 10:08:18,29.44,43.96,1021.68,4.12,98.00
Sat 30/05/2026 - 10:08:52,30.26,42.42,1021.74,4.13,98.00
Sat 30/05/2026 - 10:09:26,30.35,41.75,1021.72,4.13,98.00
Sat 30/05/2026 - 10:10:00,30.21,41.76,1021.79,4.13,98.00
Sat 30/05/2026 - 10:10:34,30.03,42.10,1021.73,4.13,98.00
Sat 30/05/2026 - 10:11:08,30.55,41.51,1021.73,4.13,98.00
Sat 30/05/2026 - 10:11:42,30.55,40.99,1021.75,4.13,98.00
Sat 30/05/2026 - 10:12:16,30.23,41.54,1021.77,4.13,98.00
Sat 30/05/2026 - 10:12:50,30.16,41.63,1021.77,4.14,98.00
Sat 30/05/2026 - 10:13:24,30.22,41.54,1021.78,4.14,98.00
Sat 30/05/2026 - 10:13:58,30.13,41.47,1021.84,4.14,98.00
Sat 30/05/2026 - 10:14:32,30.49,41.44,1021.80,4.14,99.00
Sat 30/05/2026 - 10:15:06,30.54,41.24,1021.83,4.14,99.00
Sat 30/05/2026 - 10:15:40,31.08,39.87,1021.78,4.13,98.00
Sat 30/05/2026 - 10:16:14,30.72,40.49,1021.83,4.13,98.00
Sat 30/05/2026 - 10:16:48,30.53,40.63,1021.84,4.13,98.00
Sat 30/05/2026 - 10:17:22,30.53,40.63,1021.81,4.14,98.00
Sat 30/05/2026 - 10:17:56,30.98,40.19,1021.83,4.14,98.00
Sat 30/05/2026 - 10:18:30,31.26,39.33,1021.80,4.14,98.00
Sat 30/05/2026 - 10:19:04,31.30,39.47,1021.78,4.12,98.00
Sat 30/05/2026 - 10:19:38,30.97,39.50,1021.73,4.12,98.00
Sat 30/05/2026 - 10:20:12,31.50,39.28,1021.74,4.12,98.00
Sat 30/05/2026 - 10:20:46,31.51,38.34,1021.72,4.12,98.00
Sat 30/05/2026 - 10:21:20,31.55,38.52,1021.71,4.10,98.00
Sat 30/05/2026 - 10:21:54,31.50,38.41,1021.74,4.14,99.00
Sat 30/05/2026 - 10:22:28,31.60,38.43,1021.80,4.12,98.00
Sat 30/05/2026 - 10:23:02,31.99,37.86,1021.81,4.10,98.00
Sat 30/05/2026 - 10:23:36,31.78,37.92,1021.85,4.14,99.00
Sat 30/05/2026 - 10:24:10,32.04,37.64,1021.71,4.15,99.00
Sat 30/05/2026 - 10:24:44,32.03,37.37,1021.75,4.14,99.00
Sat 30/05/2026 - 10:25:18,32.65,36.00,1021.84,4.14,99.00
Sat 30/05/2026 - 10:25:52,32.48,36.93,1021.76,4.14,99.00
Sat 30/05/2026 - 10:26:26,32.27,36.92,1021.81,4.10,98.00
Sat 30/05/2026 - 10:27:00,32.12,37.17,1021.79,4.14,99.00
Sat 30/05/2026 - 10:27:34,32.42,36.47,1021.88,4.12,98.00
Sat 30/05/2026 - 10:28:08,32.33,36.51,1021.84,4.14,99.00
Sat 30/05/2026 - 10:28:42,32.17,36.47,1021.82,4.12,98.00
Sat 30/05/2026 - 10:29:16,32.05,36.65,1021.84,4.11,98.00
Sat 30/05/2026 - 10:29:50,31.97,36.71,1021.76,4.14,99.00
Sat 30/05/2026 - 10:30:24,32.18,36.36,1021.81,4.14,99.00
Sat 30/05/2026 - 10:30:58,32.19,36.18,1021.84,4.11,98.00
Sat 30/05/2026 - 10:31:32,32.03,36.15,1021.78,4.14,99.00
Sat 30/05/2026 - 10:32:06,32.07,36.25,1021.76,4.14,99.00
Sat 30/05/2026 - 10:32:40,31.85,36.62,1021.72,4.14,99.00
Sat 30/05/2026 - 10:33:14,32.04,36.33,1021.70,4.14,99.00
Sat 30/05/2026 - 10:33:48,31.75,37.33,1021.71,4.14,99.00
Sat 30/05/2026 - 10:34:22,32.00,36.42,1021.72,4.14,99.00
Sat 30/05/2026 - 10:34:56,32.16,36.46,1021.72,4.14,99.00
Sat 30/05/2026 - 10:35:30,32.38,36.08,1021.62,4.13,98.00
Sat 30/05/2026 - 10:36:04,32.33,35.99,1021.76,4.14,99.00
Sat 30/05/2026 - 10:36:38,32.50,35.84,1021.66,4.14,99.00
Sat 30/05/2026 - 10:37:12,32.69,35.07,1021.75,4.14,99.00
Sat 30/05/2026 - 10:37:46,32.71,35.18,1021.50,4.14,99.00
Sat 30/05/2026 - 10:38:20,32.68,35.03,1021.65,4.14,99.00
Sat 30/05/2026 - 10:38:54,32.49,35.72,1021.67,4.14,99.00
Sat 30/05/2026 - 10:39:28,32.53,35.59,1021.65,4.14,99.00
Sat 30/05/2026 - 10:40:02,32.40,36.72,1021.77,4.14,99.00
Sat 30/05/2026 - 10:40:36,32.76,35.63,1021.71,4.14,99.00
Sat 30/05/2026 - 10:41:10,32.97,34.93,1021.62,4.14,99.00
Sat 30/05/2026 - 10:41:44,33.06,33.76,1021.61,4.15,99.00
Sat 30/05/2026 - 10:42:17,33.50,33.75,1021.63,4.15,99.00
Sat 30/05/2026 - 10:42:51,33.62,33.99,1021.65,4.14,99.00
Sat 30/05/2026 - 10:43:25,33.59,33.79,1021.61,4.14,99.00
Sat 30/05/2026 - 10:43:59,33.69,33.60,1021.66,4.13,98.00
Sat 30/05/2026 - 10:44:33,33.48,33.37,1021.56,4.14,99.00
Sat 30/05/2026 - 10:45:07,33.28,34.11,1021.62,4.14,99.00
Sat 30/05/2026 - 10:45:41,33.52,33.52,1021.55,4.14,99.00
Sat 30/05/2026 - 10:46:15,33.75,33.29,1021.60,4.15,99.00
Sat 30/05/2026 - 10:46:49,33.32,34.27,1021.54,4.15,99.00
Sat 30/05/2026 - 10:47:23,33.34,34.33,1021.50,4.14,99.00
Sat 30/05/2026 - 10:47:57,33.28,34.08,1021.42,4.15,99.00
Sat 30/05/2026 - 10:48:31,33.55,33.71,1021.54,4.15,99.00
Sat 30/05/2026 - 10:49:05,33.65,33.48,1021.46,4.15,99.00
Sat 30/05/2026 - 10:49:39,33.53,33.44,1021.45,4.15,99.00
Sat 30/05/2026 - 10:50:13,33.61,33.51,1021.60,4.15,99.00
Sat 30/05/2026 - 10:50:47,33.94,33.13,1021.48,4.15,99.00
Sat 30/05/2026 - 10:51:21,33.94,33.10,1021.56,4.15,99.00
Sat 30/05/2026 - 10:51:55,33.76,33.99,1021.45,4.15,99.00
Sat 30/05/2026 - 10:52:29,33.90,34.45,1021.52,4.15,99.00
Sat 30/05/2026 - 10:53:03,33.48,34.46,1021.49,4.15,99.00
Sat 30/05/2026 - 10:53:37,33.66,34.15,1021.50,4.15,99.00
Sat 30/05/2026 - 10:54:11,33.76,33.95,1021.50,4.15,99.00
Sat 30/05/2026 - 10:54:45,33.78,33.94,1021.43,4.15,99.00
Sat 30/05/2026 - 10:55:19,33.99,33.60,1021.56,4.15,99.00
Sat 30/05/2026 - 10:55:53,33.92,33.54,1021.42,4.12,98.00
Sat 30/05/2026 - 10:56:27,33.71,33.43,1021.50,4.12,98.00
Sat 30/05/2026 - 10:57:01,33.52,33.66,1021.43,4.14,99.00
Sat 30/05/2026 - 10:57:35,33.41,33.62,1021.41,4.15,99.00
Sat 30/05/2026 - 10:58:09,33.67,33.16,1021.47,4.15,99.00
Sat 30/05/2026 - 10:58:43,33.92,32.88,1021.47,4.15,99.00
Sat 30/05/2026 - 10:59:17,33.61,32.90,1021.48,4.15,99.00
Sat 30/05/2026 - 10:59:51,33.42,33.11,1021.38,4.15,99.00
Sat 30/05/2026 - 11:00:25,33.29,33.56,1021.38,4.15,99.00
Sat 30/05/2026 - 11:00:59,33.44,33.25,1021.44,4.15,99.00
Sat 30/05/2026 - 11:01:33,33.26,33.30,1021.47,4.15,99.00
Sat 30/05/2026 - 11:02:07,32.95,33.81,1021.47,4.15,99.00
Sat 30/05/2026 - 11:02:41,32.69,34.50,1021.42,4.12,98.00
Sat 30/05/2026 - 11:03:15,32.07,35.20,1021.48,4.12,98.00
Sat 30/05/2026 - 11:03:49,31.58,35.77,1021.65,4.12,98.00
Sat 30/05/2026 - 11:04:23,31.20,36.24,1021.50,4.12,98.00
Sat 30/05/2026 - 11:04:57,30.79,37.06,1021.48,4.13,98.00
Sat 30/05/2026 - 11:05:31,30.78,37.35,1021.40,4.13,98.00
Sat 30/05/2026 - 11:06:05,30.52,37.86,1021.46,4.13,98.00
Sat 30/05/2026 - 11:06:39,30.60,37.94,1021.43,4.14,99.00
Sat 30/05/2026 - 11:07:13,30.64,38.65,1021.42,4.14,99.00
Sat 30/05/2026 - 11:07:47,30.80,37.94,1021.35,4.15,99.00
Sat 30/05/2026 - 11:08:21,30.47,38.32,1021.29,4.13,98.00
Sat 30/05/2026 - 11:08:55,30.17,39.35,1021.39,4.14,98.00
Sat 30/05/2026 - 11:09:29,30.53,38.74,1021.34,4.14,99.00
Sat 30/05/2026 - 11:10:03,30.53,38.33,1021.31,4.15,99.00
Sat 30/05/2026 - 11:10:37,30.66,38.60,1021.29,4.15,99.00
Sat 30/05/2026 - 11:11:11,30.57,37.95,1021.22,4.14,98.00
Sat 30/05/2026 - 11:11:45,30.37,38.76,1021.37,4.13,98.00
Sat 30/05/2026 - 11:12:19,30.16,40.02,1021.34,4.13,98.00
Sat 30/05/2026 - 11:12:53,29.99,39.73,1021.34,4.14,98.00
Sat 30/05/2026 - 11:13:27,29.99,39.52,1021.38,4.14,98.00
Sat 30/05/2026 - 11:14:01,29.72,40.02,1021.41,4.13,98.00
Sat 30/05/2026 - 11:14:35,29.77,39.51,1021.44,4.13,98.00
Sat 30/05/2026 - 11:15:09,29.28,40.60,1021.32,4.13,98.00
Sat 30/05/2026 - 11:15:43,29.18,40.56,1021.34,4.13,98.00
Sat 30/05/2026 - 11:16:17,28.84,41.26,1021.46,4.13,98.00
Sat 30/05/2026 - 11:16:51,28.85,41.50,1021.37,4.13,98.00
Sat 30/05/2026 - 11:17:25,28.79,41.71,1021.32,4.13,98.00
Sat 30/05/2026 - 11:17:59,28.46,42.23,1021.28,4.13,98.00
Sat 30/05/2026 - 11:18:33,28.45,42.56,1021.37,4.13,98.00
Sat 30/05/2026 - 11:19:06,28.41,42.53,1021.30,4.15,99.00
Sat 30/05/2026 - 11:19:40,28.61,42.16,1021.34,4.14,99.00
Sat 30/05/2026 - 11:20:14,28.52,42.21,1021.33,4.14,98.00
Sat 30/05/2026 - 11:20:48,28.19,43.09,1021.31,4.14,98.00
Sat 30/05/2026 - 11:21:22,28.25,43.10,1021.31,4.13,98.00
Sat 30/05/2026 - 11:21:56,28.10,43.32,1021.23,4.13,98.00
Sat 30/05/2026 - 11:22:30,27.95,43.46,1021.19,4.13,98.00
Sat 30/05/2026 - 11:23:04,28.01,43.46,1021.29,4.13,98.00
Sat 30/05/2026 - 11:23:38,27.86,43.81,1021.26,4.13,98.00
Sat 30/05/2026 - 11:24:12,27.70,44.10,1021.38,4.12,98.00
Sat 30/05/2026 - 11:24:46,27.48,44.24,1021.21,4.12,98.00
Sat 30/05/2026 - 11:25:20,27.10,45.58,1021.23,4.12,98.00
Sat 30/05/2026 - 11:25:54,26.96,45.76,1021.12,4.12,98.00
Sat 30/05/2026 - 11:26:28,27.01,45.76,1021.14,4.12,98.00
Sat 30/05/2026 - 11:27:02,26.98,45.75,1021.16,4.12,98.00
Sat 30/05/2026 - 11:27:36,26.97,45.51,1021.12,4.12,98.00
Sat 30/05/2026 - 11:28:10,26.73,46.22,1021.16,4.12,98.00
Sat 30/05/2026 - 11:28:44,26.62,46.43,1021.18,4.12,98.00
Sat 30/05/2026 - 11:29:18,26.63,45.66,1021.20,4.12,98.00
Sat 30/05/2026 - 11:29:52,26.25,46.01,1021.22,4.12,98.00
Sat 30/05/2026 - 11:30:26,26.33,46.37,1021.05,4.14,99.00
Sat 30/05/2026 - 11:31:00,26.38,45.61,1021.03,4.13,98.00
Sat 30/05/2026 - 11:31:34,26.37,45.56,1021.05,4.13,98.00
Sat 30/05/2026 - 11:32:08,25.95,46.20,1021.06,4.12,98.00
Sat 30/05/2026 - 11:32:42,25.72,45.64,1021.11,4.12,98.00
Sat 30/05/2026 - 11:33:16,25.47,45.97,1021.08,4.12,98.00
Sat 30/05/2026 - 11:33:50,25.27,46.38,1020.97,4.12,98.00
Sat 30/05/2026 - 11:34:24,25.16,47.23,1021.01,4.12,98.00
Sat 30/05/2026 - 11:34:58,25.00,46.41,1020.96,4.12,98.00
Sat 30/05/2026 - 11:35:32,24.93,46.33,1021.00,4.12,98.00
Sat 30/05/2026 - 11:36:06,24.74,47.22,1020.98,4.12,98.00
Sat 30/05/2026 - 11:36:40,24.41,47.11,1020.89,4.13,98.00
Sat 30/05/2026 - 11:37:14,24.42,47.79,1020.95,4.13,98.00
Sat 30/05/2026 - 11:37:48,24.48,47.93,1020.90,4.13,98.00
Sat 30/05/2026 - 11:38:22,24.29,47.74,1020.96,4.13,98.00
Sat 30/05/2026 - 11:38:56,24.09,48.88,1020.91,4.13,98.00
Sat 30/05/2026 - 11:39:30,23.87,49.85,1020.94,4.13,98.00
Sat 30/05/2026 - 11:40:04,23.88,49.25,1021.00,4.13,98.00
Sat 30/05/2026 - 11:40:38,23.92,49.54,1020.98,4.13,98.00
Sat 30/05/2026 - 11:41:12,23.92,50.32,1021.01,4.14,99.00
Sat 30/05/2026 - 11:41:46,23.92,50.59,1021.06,4.14,99.00
Sat 30/05/2026 - 11:42:20,23.85,50.96,1020.97,4.14,98.00
Sat 30/05/2026 - 11:42:54,23.79,51.27,1021.00,4.14,99.00
Sat 30/05/2026 - 11:43:28,23.79,51.90,1020.97,4.14,99.00
Sat 30/05/2026 - 11:44:02,23.88,51.92,1020.91,4.15,99.00
Sat 30/05/2026 - 11:44:36,24.07,52.06,1020.86,4.14,99.00
Sat 30/05/2026 - 11:45:10,24.24,51.57,1020.92,4.13,98.00
Sat 30/05/2026 - 11:45:44,24.57,51.23,1020.88,4.13,98.00
Sat 30/05/2026 - 11:46:18,25.15,49.88,1020.88,4.13,98.00
Sat 30/05/2026 - 11:46:52,25.42,48.90,1020.82,4.13,98.00
Sat 30/05/2026 - 11:47:26,25.76,48.64,1020.74,4.13,98.00
Sat 30/05/2026 - 11:48:00,25.96,48.19,1020.86,4.13,98.00
Sat 30/05/2026 - 11:48:34,26.41,48.41,1020.75,4.13,98.00
Sat 30/05/2026 - 11:49:08,26.82,46.22,1020.81,4.13,98.00
Sat 30/05/2026 - 11:49:42,27.23,45.31,1020.76,4.13,98.00
Sat 30/05/2026 - 11:50:16,27.63,44.62,1020.78,4.13,98.00
Sat 30/05/2026 - 11:50:50,27.77,44.03,1020.72,4.13,98.00
Sat 30/05/2026 - 11:51:24,28.05,43.24,1020.65,4.14,99.00
Sat 30/05/2026 - 11:51:58,27.99,43.81,1020.71,4.15,99.00
Sat 30/05/2026 - 11:52:32,28.28,42.53,1020.73,4.15,99.00
Sat 30/05/2026 - 11:53:06,28.63,41.76,1020.66,4.13,98.00
Sat 30/05/2026 - 11:53:40,28.88,41.60,1020.68,4.13,98.00
Sat 30/05/2026 - 11:54:14,29.08,40.87,1020.60,4.13,98.00
Sat 30/05/2026 - 11:54:48,29.29,40.59,1020.65,4.13,98.00
Sat 30/05/2026 - 11:55:22,29.61,39.91,1020.67,4.13,98.00
Sat 30/05/2026 - 11:55:56,29.83,39.33,1020.71,4.13,98.00
Sat 30/05/2026 - 11:56:30,29.83,39.82,1020.71,4.13,98.00
Sat 30/05/2026 - 11:57:04,30.04,38.80,1020.59,4.13,98.00
Sat 30/05/2026 - 11:57:38,30.31,38.18,1020.72,4.13,98.00
Sat 30/05/2026 - 11:58:12,30.40,38.21,1020.57,4.15,99.00
Sat 30/05/2026 - 11:58:46,30.50,37.59,1020.63,4.15,99.00
Sat 30/05/2026 - 11:59:19,30.57,37.77,1020.64,4.15,99.00
Sat 30/05/2026 - 11:59:53,30.80,37.39,1020.62,4.15,99.00
Sat 30/05/2026 - 12:00:27,31.05,36.72,1020.64,4.15,99.00
Sat 30/05/2026 - 12:01:01,31.17,36.65,1020.57,4.15,99.00
Sat 30/05/2026 - 12:01:35,31.19,36.35,1020.61,4.15,99.00
Sat 30/05/2026 - 12:02:09,31.15,36.51,1020.65,4.15,99.00
Sat 30/05/2026 - 12:02:43,30.84,37.10,1020.63,4.15,99.00
Sat 30/05/2026 - 12:03:17,30.98,37.55,1020.66,4.15,99.00
Sat 30/05/2026 - 12:03:51,31.12,36.75,1020.52,4.15,99.00
Sat 30/05/2026 - 12:04:25,31.29,36.55,1020.58,4.15,99.00
Sat 30/05/2026 - 12:04:59,31.49,35.68,1020.56,4.15,99.00
Sat 30/05/2026 - 12:05:33,31.30,35.60,1020.60,4.15,99.00
Sat 30/05/2026 - 12:06:07,30.89,36.07,1020.60,4.14,99.00
Sat 30/05/2026 - 12:06:41,30.98,36.40,1020.66,4.15,99.00
Sat 30/05/2026 - 12:07:15,31.06,36.34,1020.69,4.14,99.00
Sat 30/05/2026 - 12:07:49,31.38,36.02,1020.64,4.14,99.00
Sat 30/05/2026 - 12:08:23,31.31,35.92,1020.59,4.14,99.00
Sat 30/05/2026 - 12:08:57,31.45,35.69,1020.63,4.14,99.00
Sat 30/05/2026 - 12:09:31,31.46,35.74,1020.51,4.14,99.00
Sat 30/05/2026 - 12:10:05,31.60,35.66,1020.58,4.14,99.00
Sat 30/05/2026 - 12:10:39,31.25,36.77,1020.55,4.14,99.00
Sat 30/05/2026 - 12:11:13,31.59,36.30,1020.59,4.14,99.00
Sat 30/05/2026 - 12:11:47,31.78,35.54,1020.55,4.14,99.00
Sat 30/05/2026 - 12:12:21,31.86,35.14,1020.51,4.14,99.00
Sat 30/05/2026 - 12:12:55,31.84,35.26,1020.53,4.14,99.00
Sat 30/05/2026 - 12:13:29,31.83,35.41,1020.52,4.14,99.00
Sat 30/05/2026 - 12:14:03,31.86,35.23,1020.52,4.14,99.00
Sat 30/05/2026 - 12:14:37,31.88,35.16,1020.58,4.14,99.00
Sat 30/05/2026 - 12:15:11,31.84,35.10,1020.60,4.14,99.00
Sat 30/05/2026 - 12:15:45,31.95,35.40,1020.50,4.14,99.00
Sat 30/05/2026 - 12:16:19,31.63,35.14,1020.57,4.14,99.00
Sat 30/05/2026 - 12:16:53,31.78,35.17,1020.43,4.14,99.00
Sat 30/05/2026 - 12:17:27,31.77,35.26,1020.53,4.14,99.00
Sat 30/05/2026 - 12:18:01,31.96,35.28,1020.52,4.14,99.00
Sat 30/05/2026 - 12:18:35,31.18,35.44,1020.56,4.14,99.00
Sat 30/05/2026 - 12:19:09,31.46,35.70,1020.51,4.14,99.00
Sat 30/05/2026 - 12:19:43,31.67,35.40,1020.43,4.14,99.00
Sat 30/05/2026 - 12:20:17,31.54,35.77,1020.61,4.14,99.00
Sat 30/05/2026 - 12:20:51,31.14,35.81,1020.49,4.14,99.00
Sat 30/05/2026 - 12:21:25,31.28,35.75,1020.43,4.14,99.00
Sat 30/05/2026 - 12:21:59,31.04,36.04,1020.53,4.14,99.00
Sat 30/05/2026 - 12:22:33,30.84,35.95,1020.40,4.14,99.00
Sat 30/05/2026 - 12:23:07,30.43,36.69,1020.42,4.16,99.00
Sat 30/05/2026 - 12:23:41,30.61,36.90,1020.31,4.14,99.00
Sat 30/05/2026 - 12:24:15,30.83,36.39,1020.34,4.14,99.00
Sat 30/05/2026 - 12:24:49,30.81,36.47,1020.36,4.14,99.00
Sat 30/05/2026 - 12:25:23,30.70,37.14,1020.36,4.14,99.00
Sat 30/05/2026 - 12:25:57,30.75,36.60,1020.34,4.14,99.00
Sat 30/05/2026 - 12:26:31,30.73,36.37,1020.33,4.14,99.00
Sat 30/05/2026 - 12:27:05,31.01,35.96,1020.46,4.14,99.00
Sat 30/05/2026 - 12:27:39,31.07,35.81,1020.32,4.14,99.00
Sat 30/05/2026 - 12:28:13,31.21,35.72,1020.31,4.14,99.00
Sat 30/05/2026 - 12:28:47,31.15,36.05,1020.23,4.14,99.00
Sat 30/05/2026 - 12:29:21,31.14,36.23,1020.32,4.14,99.00
Sat 30/05/2026 - 12:29:55,31.11,36.67,1020.22,4.14,99.00
Sat 30/05/2026 - 12:30:29,31.30,35.86,1020.24,4.14,99.00
Sat 30/05/2026 - 12:31:03,31.40,35.72,1020.29,4.14,99.00
Sat 30/05/2026 - 12:31:37,31.47,34.98,1020.22,4.14,99.00
Sat 30/05/2026 - 12:32:11,31.44,36.00,1020.26,4.14,99.00
Sat 30/05/2026 - 12:32:45,31.20,35.49,1020.32,4.14,99.00
Sat 30/05/2026 - 12:33:19,31.28,36.01,1020.20,4.14,99.00
Sat 30/05/2026 - 12:33:53,31.45,35.91,1020.18,4.14,99.00
Sat 30/05/2026 - 12:34:27,31.39,35.53,1020.23,4.14,99.00
Sat 30/05/2026 - 12:35:01,31.39,35.66,1020.20,4.14,99.00
Sat 30/05/2026 - 12:35:35,31.57,35.64,1020.26,4.14,99.00
Sat 30/05/2026 - 12:36:09,31.40,36.24,1020.30,4.14,99.00
Sat 30/05/2026 - 12:36:43,31.28,36.35,1020.24,4.15,99.00
Sat 30/05/2026 - 12:37:17,31.42,35.93,1020.19,4.14,99.00
Sat 30/05/2026 - 12:37:51,31.27,35.93,1020.14,4.14,99.00
Sat 30/05/2026 - 12:38:25,31.35,35.90,1020.10,4.15,99.00
Sat 30/05/2026 - 12:38:59,31.55,35.55,1020.11,4.15,99.00
Sat 30/05/2026 - 12:39:33,32.04,34.64,1020.00,4.14,99.00
Sat 30/05/2026 - 12:40:07,32.08,34.53,1019.96,4.15,99.00
Sat 30/05/2026 - 12:40:41,32.23,34.27,1019.97,4.16,99.00
Sat 30/05/2026 - 12:41:14,32.40,34.21,1020.07,4.15,99.00
Sat 30/05/2026 - 12:41:48,32.37,33.98,1020.11,4.14,99.00
Sat 30/05/2026 - 12:42:22,32.24,34.27,1020.05,4.14,99.00
Sat 30/05/2026 - 12:42:56,32.23,34.55,1019.93,4.14,99.00
Sat 30/05/2026 - 12:43:30,32.48,33.80,1020.19,4.14,99.00
Sat 30/05/2026 - 12:44:04,32.60,33.83,1020.11,4.14,99.00
Sat 30/05/2026 - 12:44:38,32.39,33.96,1020.14,4.14,99.00
Sat 30/05/2026 - 12:45:12,32.23,34.19,1020.04,4.14,99.00
Sat 30/05/2026 - 12:45:46,32.13,34.36,1019.96,4.14,99.00
Sat 30/05/2026 - 12:46:20,32.06,34.51,1019.97,4.14,99.00
Sat 30/05/2026 - 12:46:54,32.03,34.60,1020.03,4.14,99.00
Sat 30/05/2026 - 12:47:28,31.95,34.90,1020.00,4.14,99.00
Sat 30/05/2026 - 12:48:02,31.78,34.95,1019.96,4.14,99.00
Sat 30/05/2026 - 12:48:36,31.96,34.87,1020.08,4.14,99.00
Sat 30/05/2026 - 12:49:10,31.83,34.74,1019.86,4.14,99.00
Sat 30/05/2026 - 12:49:44,31.72,34.88,1019.93,4.14,99.00
Sat 30/05/2026 - 12:50:18,31.47,35.51,1020.03,4.14,99.00
Sat 30/05/2026 - 12:50:52,31.19,35.91,1019.92,4.14,99.00
Sat 30/05/2026 - 12:51:26,30.37,37.17,1019.99,4.14,99.00
Sat 30/05/2026 - 12:52:00,29.62,38.54,1020.00,4.14,99.00
Sat 30/05/2026 - 12:52:34,29.89,38.49,1019.90,4.14,99.00
Sat 30/05/2026 - 12:53:08,29.91,38.57,1019.88,4.14,99.00
Sat 30/05/2026 - 12:53:42,29.93,38.55,1019.95,4.14,99.00
Sat 30/05/2026 - 12:54:16,29.44,39.12,1019.92,4.14,99.00
Sat 30/05/2026 - 12:54:50,29.44,39.17,1020.02,4.14,99.00
Sat 30/05/2026 - 12:55:24,29.35,39.19,1020.04,4.14,99.00
Sat 30/05/2026 - 12:55:58,29.53,39.08,1019.84,4.14,99.00
Sat 30/05/2026 - 12:56:32,29.60,39.09,1019.91,4.14,99.00
Sat 30/05/2026 - 12:57:06,29.62,39.19,1019.83,4.15,99.00
Sat 30/05/2026 - 12:57:40,29.85,39.05,1019.90,4.14,99.00
Sat 30/05/2026 - 12:58:14,29.79,39.06,1019.81,4.14,99.00
Sat 30/05/2026 - 12:58:48,29.67,39.19,1019.80,4.14,99.00
Sat 30/05/2026 - 12:59:22,29.29,39.23,1019.82,4.14,99.00
Sat 30/05/2026 - 12:59:56,29.49,39.27,1019.91,4.14,99.00
Sat 30/05/2026 - 13:00:30,29.02,40.08,1019.76,4.14,99.00
Sat 30/05/2026 - 13:01:04,28.73,40.62,1019.81,4.14,99.00
Sat 30/05/2026 - 13:01:38,28.76,40.89,1019.84,4.14,99.00
Sat 30/05/2026 - 13:02:12,28.67,40.87,1019.80,4.14,99.00
Sat 30/05/2026 - 13:02:46,28.54,40.80,1019.80,4.14,99.00
Sat 30/05/2026 - 13:03:20,28.33,41.28,1019.96,4.14,99.00
Sat 30/05/2026 - 13:03:54,28.83,40.94,1019.96,4.14,99.00
Sat 30/05/2026 - 13:04:28,28.92,41.11,1019.92,4.14,99.00
Sat 30/05/2026 - 13:05:02,28.86,41.60,1019.82,4.14,99.00
Sat 30/05/2026 - 13:05:36,28.60,40.51,1019.88,4.14,99.00
Sat 30/05/2026 - 13:06:10,28.51,40.94,1019.80,4.14,99.00
Sat 30/05/2026 - 13:06:44,28.77,40.73,1019.72,4.14,99.00
Sat 30/05/2026 - 13:07:18,28.75,40.63,1019.77,4.14,99.00
Sat 30/05/2026 - 13:07:52,28.72,40.97,1019.74,4.14,99.00
Sat 30/05/2026 - 13:08:26,28.89,40.62,1019.76,4.14,99.00
Sat 30/05/2026 - 13:09:00,29.07,41.20,1019.66,4.14,99.00
Sat 30/05/2026 - 13:09:34,29.04,40.46,1019.58,4.14,99.00
Sat 30/05/2026 - 13:10:08,29.10,40.77,1019.61,4.14,99.00
Sat 30/05/2026 - 13:10:42,29.25,40.27,1019.64,4.14,99.00
Sat 30/05/2026 - 13:11:16,29.10,39.91,1019.56,4.14,99.00
Sat 30/05/2026 - 13:11:50,29.39,39.72,1019.66,4.14,99.00
Sat 30/05/2026 - 13:12:24,29.30,39.86,1019.62,4.14,99.00
Sat 30/05/2026 - 13:12:58,29.24,39.95,1019.51,4.14,99.00
Sat 30/05/2026 - 13:13:32,29.25,40.29,1019.59,4.14,99.00
Sat 30/05/2026 - 13:14:06,29.18,40.36,1019.56,4.14,99.00
Sat 30/05/2026 - 13:14:40,28.93,40.34,1019.54,4.14,99.00
Sat 30/05/2026 - 13:15:13,29.02,40.28,1019.56,4.14,99.00
Sat 30/05/2026 - 13:15:47,28.82,40.54,1019.64,4.14,99.00
Sat 30/05/2026 - 13:16:21,28.79,40.89,1019.58,4.14,99.00
Sat 30/05/2026 - 13:16:55,28.44,41.46,1019.66,4.14,99.00
Sat 30/05/2026 - 13:17:29,28.19,42.04,1019.59,4.14,99.00
Sat 30/05/2026 - 13:18:03,28.14,42.30,1019.43,4.14,99.00
Sat 30/05/2026 - 13:18:37,28.03,42.61,1019.57,4.14,99.00
Sat 30/05/2026 - 13:19:11,27.97,42.88,1019.41,4.14,99.00
Sat 30/05/2026 - 13:19:45,27.77,43.56,1019.46,4.14,99.00
Sat 30/05/2026 - 13:20:19,27.31,44.25,1019.48,4.14,99.00
Sat 30/05/2026 - 13:20:53,27.55,44.11,1019.41,4.14,99.00
Sat 30/05/2026 - 13:21:27,27.39,44.33,1019.42,4.14,99.00
Sat 30/05/2026 - 13:22:01,27.57,44.25,1019.39,4.14,99.00
Sat 30/05/2026 - 13:22:35,27.14,45.08,1019.54,4.14,99.00
Sat 30/05/2026 - 13:23:09,26.77,46.06,1019.39,4.14,99.00
Sat 30/05/2026 - 13:23:43,26.52,46.75,1019.43,4.14,99.00
Sat 30/05/2026 - 13:24:17,26.33,47.43,1019.36,4.14,99.00
Sat 30/05/2026 - 13:24:51,26.23,48.03,1019.33,4.15,99.00
Sat 30/05/2026 - 13:25:25,26.35,48.11,1019.31,4.15,99.00
Sat 30/05/2026 - 13:25:59,26.21,48.88,1019.29,4.15,99.00
Sat 30/05/2026 - 13:26:33,25.94,48.90,1019.29,4.14,99.00
Sat 30/05/2026 - 13:27:07,25.87,49.61,1019.38,4.15,99.00
Sat 30/05/2026 - 13:27:41,25.61,50.52,1019.30,4.14,99.00
Sat 30/05/2026 - 13:28:15,25.56,51.25,1019.44,4.14,99.00
Sat 30/05/2026 - 13:28:49,25.09,52.51,1019.35,4.14,99.00
Sat 30/05/2026 - 13:29:23,24.95,53.58,1019.34,4.14,99.00
Sat 30/05/2026 - 13:29:57,25.07,53.47,1019.26,4.14,99.00
Sat 30/05/2026 - 13:30:31,24.90,53.73,1019.31,4.14,99.00
Sat 30/05/2026 - 13:31:05,24.86,54.20,1019.35,4.15,99.00
Sat 30/05/2026 - 13:31:39,24.93,53.77,1019.40,4.14,99.00
Sat 30/05/2026 - 13:32:13,25.21,53.30,1019.29,4.14,99.00
Sat 30/05/2026 - 13:32:47,25.16,53.58,1019.21,4.14,99.00
Sat 30/05/2026 - 13:33:21,25.38,53.14,1019.20,4.14,99.00
Sat 30/05/2026 - 13:33:55,25.25,53.53,1019.20,4.15,99.00
Sat 30/05/2026 - 13:34:29,25.46,53.28,1019.17,4.14,99.00
Sat 30/05/2026 - 13:35:03,25.55,52.25,1019.28,4.14,99.00
Sat 30/05/2026 - 13:35:37,25.30,52.87,1019.28,4.14,99.00
Sat 30/05/2026 - 13:36:11,24.83,54.22,1019.24,4.14,99.00
Sat 30/05/2026 - 13:36:45,24.88,54.42,1019.25,4.14,99.00
Sat 30/05/2026 - 13:37:19,24.84,54.74,1019.30,4.14,99.00
Sat 30/05/2026 - 13:37:53,24.79,55.05,1019.28,4.14,99.00
Sat 30/05/2026 - 13:38:27,24.80,54.84,1019.36,4.14,99.00
Sat 30/05/2026 - 13:39:01,24.63,55.55,1019.28,4.14,99.00
Sat 30/05/2026 - 13:39:35,24.48,55.80,1019.29,4.14,99.00
Sat 30/05/2026 - 13:40:09,24.42,56.42,1019.27,4.14,99.00
Sat 30/05/2026 - 13:40:43,24.29,56.26,1019.26,4.14,99.00
Sat 30/05/2026 - 13:41:17,24.15,56.41,1019.26,4.14,99.00
Sat 30/05/2026 - 13:41:51,24.08,56.70,1019.23,4.14,99.00
Sat 30/05/2026 - 13:42:25,24.05,56.88,1019.24,4.14,99.00
Sat 30/05/2026 - 13:42:59,24.01,57.06,1019.26,4.14,99.00
Sat 30/05/2026 - 13:43:33,23.92,57.34,1019.26,4.14,99.00
Sat 30/05/2026 - 13:44:06,23.61,58.18,1019.34,4.15,99.00
Sat 30/05/2026 - 13:44:40,23.44,59.12,1019.35,4.14,99.00
Sat 30/05/2026 - 13:45:14,23.41,59.56,1019.27,4.14,99.00
Sat 30/05/2026 - 13:45:48,23.48,60.53,1019.31,4.15,99.00
Sat 30/05/2026 - 13:46:22,23.67,60.50,1019.24,4.14,99.00
Sat 30/05/2026 - 13:46:56,23.76,59.79,1019.31,4.14,99.00
Sat 30/05/2026 - 13:47:30,23.79,59.66,1019.34,4.14,99.00
Sat 30/05/2026 - 13:48:04,23.94,60.35,1019.33,4.14,99.00
Sat 30/05/2026 - 13:48:38,24.10,60.64,1019.32,4.14,99.00
Sat 30/05/2026 - 13:49:12,24.19,60.96,1019.37,4.14,99.00
Sat 30/05/2026 - 13:49:46,24.26,60.90,1019.39,4.14,99.00
Sat 30/05/2026 - 13:50:20,24.35,60.62,1019.28,4.14,99.00
Sat 30/05/2026 - 13:50:54,24.43,60.10,1019.31,4.14,99.00
Sat 30/05/2026 - 13:51:28,24.50,59.99,1019.29,4.14,99.00
Sat 30/05/2026 - 13:52:02,24.56,59.84,1019.34,4.14,99.00
Sat 30/05/2026 - 13:52:36,24.62,59.51,1019.36,4.14,99.00
Sat 30/05/2026 - 13:53:10,24.73,58.97,1019.34,4.14,99.00
Sat 30/05/2026 - 13:53:44,24.78,58.52,1019.29,4.14,99.00
Sat 30/05/2026 - 13:54:18,24.82,58.55,1019.34,4.14,99.00
Sat 30/05/2026 - 13:54:52,24.85,58.89,1019.25,4.15,99.00
Sat 30/05/2026 - 13:55:26,24.89,58.58,1019.24,4.15,99.00
Sat 30/05/2026 - 13:56:00,24.95,58.16,1019.27,4.14,99.00
Sat 30/05/2026 - 13:56:34,25.00,57.94,1019.29,4.14,99.00
Sat 30/05/2026 - 13:57:08,24.97,57.99,1019.19,4.15,99.00
Sat 30/05/2026 - 13:57:42,25.04,57.49,1019.21,4.14,99.00
Sat 30/05/2026 - 13:58:16,25.05,57.03,1019.16,4.14,99.00
Sat 30/05/2026 - 13:58:50,25.08,56.83,1019.10,4.14,99.00
Sat 30/05/2026 - 13:59:24,25.09,56.63,1019.09,4.14,99.00
Sat 30/05/2026 - 13:59:58,25.12,56.46,1019.08,4.15,99.00
Sat 30/05/2026 - 14:00:32,25.16,56.36,1019.12,4.14,99.00
Sat 30/05/2026 - 14:01:06,25.17,56.32,1019.22,4.14,99.00
Sat 30/05/2026 - 14:01:40,25.20,56.14,1019.25,4.14,99.00
Sat 30/05/2026 - 14:02:14,25.21,56.06,1019.17,4.14,99.00
Sat 30/05/2026 - 14:02:48,25.18,56.03,1019.16,4.14,99.00
Sat 30/05/2026 - 14:03:22,25.18,56.18,1019.10,4.14,99.00
Sat 30/05/2026 - 14:03:56,25.18,56.14,1019.18,4.14,99.00
Sat 30/05/2026 - 14:04:30,25.15,56.10,1019.18,4.14,99.00
Sat 30/05/2026 - 14:05:04,25.14,56.11,1019.23,4.14,99.00
Sat 30/05/2026 - 14:05:38,25.13,56.15,1019.16,4.14,99.00
Sat 30/05/2026 - 14:06:12,25.14,56.40,1019.15,4.14,99.00
Sat 30/05/2026 - 14:06:46,25.13,56.32,1019.13,4.14,99.00
Sat 30/05/2026 - 14:07:20,25.08,56.97,1019.23,4.14,99.00
Sat 30/05/2026 - 14:07:54,25.08,57.38,1019.18,4.15,99.00
Sat 30/05/2026 - 14:08:28,25.04,57.09,1019.19,4.15,99.00
Sat 30/05/2026 - 14:09:02,25.03,57.04,1019.18,4.15,99.00
Sat 30/05/2026 - 14:09:36,25.01,57.06,1019.14,4.15,99.00
Sat 30/05/2026 - 14:10:10,25.00,56.97,1019.19,4.14,99.00
Sat 30/05/2026 - 14:10:44,25.00,57.05,1019.13,4.15,99.00
Sat 30/05/2026 - 14:11:18,24.98,57.27,1019.12,4.15,99.00
Sat 30/05/2026 - 14:11:52,24.96,57.63,1019.25,4.14,99.00
Sat 30/05/2026 - 14:12:26,24.95,57.59,1019.23,4.15,99.00
Sat 30/05/2026 - 14:13:00,24.93,57.88,1019.23,4.14,99.00
Sat 30/05/2026 - 14:13:34,24.91,57.93,1019.20,4.15,99.00
Sat 30/05/2026 - 14:14:08,24.90,57.89,1019.20,4.15,99.00
Sat 30/05/2026 - 14:14:42,24.87,57.92,1019.26,4.15,99.00
Sat 30/05/2026 - 14:15:15,24.87,58.02,1019.29,4.15,99.00
Sat 30/05/2026 - 14:15:50,24.80,58.16,1019.34,4.15,99.00
Sat 30/05/2026 - 14:16:24,24.79,58.09,1019.24,4.15,99.00
Sat 30/05/2026 - 14:16:58,24.79,58.24,1019.28,4.15,99.00
Sat 30/05/2026 - 14:17:32,24.79,58.16,1019.20,4.15,99.00
Sat 30/05/2026 - 14:18:06,24.77,58.30,1019.20,4.15,99.00
Sat 30/05/2026 - 14:18:40,24.79,58.18,1019.28,4.15,99.00
Sat 30/05/2026 - 14:19:14,24.77,58.45,1019.25,4.15,99.00
Sat 30/05/2026 - 14:19:48,24.74,58.47,1019.17,4.15,99.00
Sat 30/05/2026 - 14:20:22,24.76,58.57,1019.24,4.15,99.00
Sat 30/05/2026 - 14:20:56,24.76,58.53,1019.21,4.15,99.00
Sat 30/05/2026 - 14:21:30,24.76,58.35,1019.12,4.15,99.00
Sat 30/05/2026 - 14:22:04,24.78,58.36,1019.17,4.15,99.00
Sat 30/05/2026 - 14:22:38,24.81,58.06,1019.19,4.15,99.00
Sat 30/05/2026 - 14:23:12,24.80,58.31,1019.20,4.15,99.00
Sat 30/05/2026 - 14:23:46,24.78,58.28,1019.06,4.15,99.00
Sat 30/05/2026 - 14:24:20,24.78,58.13,1019.08,4.15,99.00
Sat 30/05/2026 - 14:24:54,24.79,58.25,1019.07,4.15,99.00
Sat 30/05/2026 - 14:25:28,24.80,58.08,1019.14,4.15,99.00
Sat 30/05/2026 - 14:26:02,24.79,58.28,1019.12,4.15,99.00
Sat 30/05/2026 - 14:26:36,24.76,58.31,1019.15,4.15,99.00
Sat 30/05/2026 - 14:27:10,24.70,58.19,1019.10,4.15,99.00
Sat 30/05/2026 - 14:27:44,24.74,57.74,1019.01,4.15,99.00
Sat 30/05/2026 - 14:28:17,24.75,57.57,1019.02,4.15,99.00
Sat 30/05/2026 - 14:28:51,24.74,57.48,1019.06,4.15,99.00
Sat 30/05/2026 - 14:29:25,24.75,57.52,1019.05,4.15,99.00
Sat 30/05/2026 - 14:29:59,24.71,57.51,1019.10,4.15,99.00
Sat 30/05/2026 - 14:30:33,24.74,57.58,1019.09,4.15,99.00
Sat 30/05/2026 - 14:31:07,24.74,57.70,1019.14,4.15,99.00
Sat 30/05/2026 - 14:31:41,24.65,58.06,1019.07,4.15,99.00
Sat 30/05/2026 - 14:32:15,24.67,58.38,1019.09,4.15,99.00
Sat 30/05/2026 - 14:32:49,24.61,57.62,1019.04,4.15,99.00
Sat 30/05/2026 - 14:33:23,24.62,58.62,1019.07,4.15,99.00
Sat 30/05/2026 - 14:33:57,24.62,58.58,1019.07,4.15,99.00
Sat 30/05/2026 - 14:34:31,24.66,58.77,1018.98,4.15,99.00
Sat 30/05/2026 - 14:35:05,24.69,58.63,1019.00,4.15,99.00
Sat 30/05/2026 - 14:35:39,24.70,58.59,1019.00,4.15,99.00
Sat 30/05/2026 - 14:36:13,24.72,58.42,1018.95,4.15,99.00
Sat 30/05/2026 - 14:36:47,24.74,58.31,1018.99,4.15,99.00
Sat 30/05/2026 - 14:37:21,24.73,58.23,1019.02,4.15,99.00
Sat 30/05/2026 - 14:37:55,24.73,58.24,1019.02,4.15,99.00
Sat 30/05/2026 - 14:38:29,24.71,58.31,1018.96,4.15,99.00
Sat 30/05/2026 - 14:39:03,24.73,58.19,1019.02,4.15,99.00
Sat 30/05/2026 - 14:39:37,24.73,58.10,1018.91,4.15,99.00
Sat 30/05/2026 - 14:40:11,24.74,58.09,1018.90,4.15,99.00
Sat 30/05/2026 - 14:40:45,24.74,58.12,1018.90,4.15,99.00
Sat 30/05/2026 - 14:41:19,24.77,58.01,1018.89,4.15,99.00
Sat 30/05/2026 - 14:41:53,24.76,57.91,1018.69,4.15,99.00
Sat 30/05/2026 - 14:42:27,24.76,57.69,1018.91,4.15,99.00
Sat 30/05/2026 - 14:43:01,24.77,57.83,1018.76,4.15,99.00
Sat 30/05/2026 - 14:43:35,24.77,57.81,1018.88,4.15,99.00
Sat 30/05/2026 - 14:44:09,24.79,57.75,1018.85,4.15,99.00
Sat 30/05/2026 - 14:44:43,24.79,57.84,1018.87,4.15,99.00
Sat 30/05/2026 - 14:45:17,24.79,57.73,1018.76,4.15,99.00
Sat 30/05/2026 - 14:45:51,24.78,57.65,1018.81,4.15,99.00
Sat 30/05/2026 - 14:46:25,24.80,57.64,1018.75,4.15,99.00
Sat 30/05/2026 - 14:46:59,24.79,57.81,1018.74,4.15,99.00
Sat 30/05/2026 - 14:47:33,24.79,57.81,1018.75,4.15,99.00
Sat 30/05/2026 - 14:48:07,24.78,57.83,1018.78,4.15,99.00
Sat 30/05/2026 - 14:48:41,24.79,57.93,1018.76,4.15,99.00
Sat 30/05/2026 - 14:49:15,24.80,57.80,1018.82,4.15,99.00
Sat 30/05/2026 - 14:49:49,24.83,57.70,1018.81,4.15,99.00
Sat 30/05/2026 - 14:50:23,24.82,57.76,1018.80,4.15,99.00
Sat 30/05/2026 - 14:50:57,24.82,57.67,1018.82,4.15,99.00
Sat 30/05/2026 - 14:51:31,24.78,58.41,1018.75,4.15,99.00
Sat 30/05/2026 - 14:52:05,24.77,58.28,1018.89,4.15,99.00
Sat 30/05/2026 - 14:52:39,24.78,58.09,1018.86,4.15,99.00
Sat 30/05/2026 - 14:53:13,24.78,58.24,1018.77,4.15,99.00
Sat 30/05/2026 - 14:53:47,24.76,58.05,1018.94,4.15,99.00
Sat 30/05/2026 - 14:54:21,24.74,58.02,1018.91,4.15,99.00
Sat 30/05/2026 - 14:54:55,24.73,58.34,1018.89,4.15,99.00
Sat 30/05/2026 - 14:55:29,24.74,58.42,1018.85,4.15,99.00
Sat 30/05/2026 - 14:56:03,24.75,58.33,1018.78,4.15,99.00
Sat 30/05/2026 - 14:56:37,24.76,58.21,1018.85,4.15,99.00
Sat 30/05/2026 - 14:57:11,24.75,58.53,1018.84,4.15,99.00
Sat 30/05/2026 - 14:57:45,24.71,58.87,1018.82,4.15,99.00
Sat 30/05/2026 - 14:58:19,24.69,58.97,1018.90,4.15,99.00
Sat 30/05/2026 - 14:58:53,24.71,58.69,1018.87,4.15,99.00
Sat 30/05/2026 - 14:59:27,24.69,58.74,1018.87,4.15,99.00
Sat 30/05/2026 - 15:00:01,24.69,58.88,1018.85,4.15,99.00
Sat 30/05/2026 - 15:00:35,24.70,58.77,1018.86,4.15,99.00
Sat 30/05/2026 - 15:01:09,24.70,58.80,1018.78,4.15,99.00
Sat 30/05/2026 - 15:01:43,24.69,58.64,1018.85,4.15,99.00
Sat 30/05/2026 - 15:02:17,24.70,58.51,1018.78,4.15,99.00
Sat 30/05/2026 - 15:02:51,24.69,58.56,1018.74,4.15,99.00
Sat 30/05/2026 - 15:03:25,24.69,58.63,1018.76,4.15,99.00
Sat 30/05/2026 - 15:03:59,24.67,58.75,1018.70,4.15,99.00
Sat 30/05/2026 - 15:04:33,24.68,58.61,1018.72,4.15,99.00
Sat 30/05/2026 - 15:05:07,24.69,58.64,1018.70,4.15,99.00
Sat 30/05/2026 - 15:05:41,24.66,58.82,1018.80,4.15,99.00
Sat 30/05/2026 - 15:06:15,24.66,58.74,1018.79,4.15,99.00
Sat 30/05/2026 - 15:06:49,24.65,58.87,1018.74,4.15,99.00
Sat 30/05/2026 - 15:07:23,24.63,59.01,1018.77,4.15,99.00
Sat 30/05/2026 - 15:07:57,24.64,58.85,1018.76,4.15,99.00
Sat 30/05/2026 - 15:08:31,24.63,58.89,1018.74,4.15,99.00
Sat 30/05/2026 - 15:09:05,24.63,59.03,1018.74,4.15,99.00
Sat 30/05/2026 - 15:09:39,24.62,59.00,1018.77,4.15,99.00
Sat 30/05/2026 - 15:10:13,24.62,58.98,1018.66,4.15,99.00
Sat 30/05/2026 - 15:10:47,24.60,59.11,1018.80,4.15,99.00
Sat 30/05/2026 - 15:11:21,24.59,59.08,1018.78,4.15,99.00
Sat 30/05/2026 - 15:11:55,24.59,59.25,1018.72,4.15,99.00
Sat 30/05/2026 - 15:12:29,24.59,59.18,1018.67,4.15,99.00
Sat 30/05/2026 - 15:13:03,24.58,59.21,1018.77,4.15,99.00
Sat 30/05/2026 - 15:13:37,24.55,59.21,1018.67,4.15,99.00
Sat 30/05/2026 - 15:14:11,24.54,59.25,1018.73,4.15,99.00
Sat 30/05/2026 - 15:14:45,24.52,59.31,1018.73,4.15,99.00
Sat 30/05/2026 - 15:15:19,24.51,59.33,1018.71,4.15,99.00
Sat 30/05/2026 - 15:15:53,24.48,59.54,1018.62,4.15,99.00
Sat 30/05/2026 - 15:16:27,24.46,59.45,1018.74,4.15,99.00
Sat 30/05/2026 - 15:17:01,24.45,59.52,1018.64,4.15,99.00
Sat 30/05/2026 - 15:17:35,24.41,59.62,1018.65,4.15,99.00
Sat 30/05/2026 - 15:18:08,24.40,59.65,1018.71,4.15,99.00
Sat 30/05/2026 - 15:18:42,24.32,60.49,1018.65,4.15,99.00
Sat 30/05/2026 - 15:19:16,24.26,60.90,1018.71,4.15,99.00
Sat 30/05/2026 - 15:19:50,24.25,60.83,1018.70,4.15,99.00
Sat 30/05/2026 - 15:20:24,24.22,62.60,1018.65,4.15,99.00
Sat 30/05/2026 - 15:20:58,24.21,63.48,1018.64,4.15,99.00
Sat 30/05/2026 - 15:21:32,24.20,63.56,1018.67,4.15,99.00
Sat 30/05/2026 - 15:22:06,24.19,63.63,1018.67,4.15,99.00
Sat 30/05/2026 - 15:22:40,24.15,63.81,1018.63,4.15,99.00
Sat 30/05/2026 - 15:23:14,24.12,63.70,1018.59,4.15,99.00
Sat 30/05/2026 - 15:23:48,24.07,63.41,1018.57,4.15,99.00
Sat 30/05/2026 - 15:24:22,24.07,63.26,1018.72,4.15,99.00
Sat 30/05/2026 - 15:24:56,24.03,63.30,1018.61,4.15,99.00
Sat 30/05/2026 - 15:25:30,24.02,62.92,1018.64,4.15,99.00
Sat 30/05/2026 - 15:26:04,23.99,63.20,1018.61,4.15,99.00
Sat 30/05/2026 - 15:26:38,23.99,62.61,1018.67,4.15,99.00
Sat 30/05/2026 - 15:27:12,23.97,63.09,1018.56,4.15,99.00
Sat 30/05/2026 - 15:27:46,23.94,63.06,1018.66,4.15,99.00
Sat 30/05/2026 - 15:28:20,23.93,62.68,1018.51,4.15,99.00
Sat 30/05/2026 - 15:28:54,23.91,62.65,1018.56,4.15,99.00
Sat 30/05/2026 - 15:29:28,23.91,62.94,1018.50,4.15,99.00
Sat 30/05/2026 - 15:30:02,23.88,63.18,1018.56,4.15,99.00
Sat 30/05/2026 - 15:30:36,23.87,62.56,1018.55,4.15,99.00
Sat 30/05/2026 - 15:31:10,23.86,62.92,1018.54,4.15,99.00
Sat 30/05/2026 - 15:31:44,23.85,62.94,1018.56,4.15,99.00
Sat 30/05/2026 - 15:32:18,23.84,62.90,1018.55,4.15,99.00
Sat 30/05/2026 - 15:32:52,23.81,62.91,1018.50,4.15,99.00
Sat 30/05/2026 - 15:33:26,23.80,62.62,1018.53,4.15,99.00
Sat 30/05/2026 - 15:34:00,23.78,62.58,1018.50,4.15,99.00
Sat 30/05/2026 - 15:34:34,23.77,62.66,1018.43,4.15,99.00
Sat 30/05/2026 - 15:35:08,23.75,62.57,1018.50,4.15,99.00
Sat 30/05/2026 - 15:35:42,23.74,62.64,1018.55,4.15,99.00
Sat 30/05/2026 - 15:36:16,23.73,62.60,1018.52,4.15,99.00
Sat 30/05/2026 - 15:36:50,23.70,62.71,1018.42,4.15,99.00
Sat 30/05/2026 - 15:37:24,23.71,62.44,1018.52,4.15,99.00
Sat 30/05/2026 - 15:37:58,23.70,62.26,1018.50,4.15,99.00
Sat 30/05/2026 - 15:38:32,23.71,62.69,1018.54,4.15,99.00
Sat 30/05/2026 - 15:39:06,23.69,62.69,1018.52,4.15,99.00
Sat 30/05/2026 - 15:39:40,23.70,62.62,1018.53,4.15,99.00
Sat 30/05/2026 - 15:40:14,23.68,62.75,1018.55,4.15,99.00
Sat 30/05/2026 - 15:40:48,23.69,62.84,1018.63,4.15,99.00
Sat 30/05/2026 - 15:41:22,23.67,62.85,1018.55,4.15,99.00
Sat 30/05/2026 - 15:41:56,23.67,62.82,1018.60,4.15,99.00
Sat 30/05/2026 - 15:42:30,23.69,62.66,1018.59,4.15,99.00
Sat 30/05/2026 - 15:43:04,23.69,62.74,1018.62,4.15,99.00
Sat 30/05/2026 - 15:43:38,23.67,63.05,1018.55,4.15,99.00
Sat 30/05/2026 - 15:44:12,23.64,62.83,1018.55,4.15,99.00
Sat 30/05/2026 - 15:44:46,23.62,63.08,1018.59,4.15,99.00
Sat 30/05/2026 - 15:45:20,23.60,63.20,1018.64,4.14,99.00
Sat 30/05/2026 - 15:45:54,23.57,63.21,1018.59,4.15,99.00
Sat 30/05/2026 - 15:46:28,23.56,63.11,1018.58,4.14,99.00
Sat 30/05/2026 - 15:47:02,23.55,63.40,1018.53,4.15,99.00
Sat 30/05/2026 - 15:47:36,23.55,63.65,1018.53,4.15,99.00
Sat 30/05/2026 - 15:48:10,23.53,63.69,1018.58,4.14,99.00
Sat 30/05/2026 - 15:48:44,23.50,64.02,1018.55,4.15,99.00
Sat 30/05/2026 - 15:49:18,23.48,64.01,1018.57,4.14,99.00
Sat 30/05/2026 - 15:49:52,23.47,64.13,1018.61,4.15,99.00
Sat 30/05/2026 - 15:50:26,23.45,64.17,1018.50,4.14,99.00
Sat 30/05/2026 - 15:51:00,23.44,64.06,1018.56,4.15,99.00
Sat 30/05/2026 - 15:51:34,23.43,64.54,1018.51,4.15,99.00
Sat 30/05/2026 - 15:52:08,23.42,64.45,1018.53,4.14,99.00
Sat 30/05/2026 - 15:52:42,23.41,64.45,1018.51,4.14,99.00
Sat 30/05/2026 - 15:53:16,23.39,64.59,1018.47,4.14,99.00
Sat 30/05/2026 - 15:53:50,23.39,64.72,1018.45,4.14,99.00
Sat 30/05/2026 - 15:54:24,23.37,64.87,1018.41,4.14,99.00
Sat 30/05/2026 - 15:54:58,23.37,65.19,1018.41,4.15,99.00
Sat 30/05/2026 - 15:55:32,23.37,64.89,1018.46,4.14,99.00
Sat 30/05/2026 - 15:56:06,23.35,65.09,1018.46,4.14,99.00
Sat 30/05/2026 - 15:56:40,23.34,65.05,1018.42,4.15,99.00
Sat 30/05/2026 - 15:57:14,23.33,65.42,1018.51,4.15,99.00
Sat 30/05/2026 - 15:57:48,23.32,65.50,1018.44,4.15,99.00
Sat 30/05/2026 - 15:58:22,23.32,65.48,1018.35,4.15,99.00
Sat 30/05/2026 - 15:58:56,23.32,65.54,1018.48,4.15,99.00
Sat 30/05/2026 - 15:59:30,23.32,65.58,1018.48,4.15,99.00
Sat 30/05/2026 - 16:00:04,23.32,65.63,1018.46,4.15,99.00
Sat 30/05/2026 - 16:00:38,23.33,65.67,1018.51,4.15,99.00
Sat 30/05/2026 - 16:01:12,23.33,65.68,1018.50,4.15,99.00
Sat 30/05/2026 - 16:01:46,23.33,66.03,1018.48,4.15,99.00
Sat 30/05/2026 - 16:02:20,23.34,66.08,1018.52,4.15,99.00
Sat 30/05/2026 - 16:02:53,23.35,66.11,1018.51,4.15,99.00
Sat 30/05/2026 - 16:03:27,23.35,66.14,1018.60,4.15,99.00
Sat 30/05/2026 - 16:04:01,23.31,66.44,1018.61,4.15,99.00
Sat 30/05/2026 - 16:04:35,23.29,66.55,1018.60,4.15,99.00
Sat 30/05/2026 - 16:05:09,23.30,66.58,1018.57,4.14,99.00
Sat 30/05/2026 - 16:05:43,23.29,67.04,1018.62,4.15,99.00
Sat 30/05/2026 - 16:06:17,23.28,66.83,1018.69,4.14,99.00
Sat 30/05/2026 - 16:06:51,23.29,66.38,1018.60,4.15,99.00
Sat 30/05/2026 - 16:07:25,23.31,66.50,1018.63,4.14,99.00
Sat 30/05/2026 - 16:07:59,23.30,66.56,1018.62,4.15,99.00
Sat 30/05/2026 - 16:08:33,23.31,66.49,1018.74,4.15,99.00
Sat 30/05/2026 - 16:09:07,23.31,66.21,1018.74,4.15,99.00
Sat 30/05/2026 - 16:09:41,23.32,66.43,1018.62,4.15,99.00
Sat 30/05/2026 - 16:10:15,23.32,66.50,1018.63,4.15,99.00
Sat 30/05/2026 - 16:10:49,23.32,66.47,1018.65,4.15,99.00
Sat 30/05/2026 - 16:11:23,23.32,66.43,1018.74,4.14,99.00
Sat 30/05/2026 - 16:11:57,23.33,66.43,1018.67,4.14,99.00
Sat 30/05/2026 - 16:12:31,23.33,66.33,1018.62,4.14,99.00
Sat 30/05/2026 - 16:13:05,23.33,66.07,1018.56,4.15,99.00
Sat 30/05/2026 - 16:13:39,23.35,66.30,1018.64,4.14,99.00
Sat 30/05/2026 - 16:14:13,23.35,66.20,1018.64,4.15,99.00
Sat 30/05/2026 - 16:14:47,23.34,66.70,1018.58,4.14,99.00
Sat 30/05/2026 - 16:15:21,23.33,66.39,1018.59,4.14,99.00
Sat 30/05/2026 - 16:15:55,23.34,66.30,1018.58,4.14,99.00
Sat 30/05/2026 - 16:16:29,23.35,66.07,1018.54,4.14,99.00
Sat 30/05/2026 - 16:17:03,23.35,66.53,1018.68,4.14,99.00
Sat 30/05/2026 - 16:17:37,23.35,66.67,1018.51,4.14,99.00
Sat 30/05/2026 - 16:18:11,23.34,66.67,1018.52,4.14,99.00
Sat 30/05/2026 - 16:18:45,23.34,66.68,1018.52,4.14,99.00
Sat 30/05/2026 - 16:19:19,23.33,67.01,1018.59,4.14,99.00
Sat 30/05/2026 - 16:19:53,23.33,66.48,1018.45,4.14,99.00
Sat 30/05/2026 - 16:20:27,23.33,67.15,1018.51,4.14,99.00
Sat 30/05/2026 - 16:21:01,23.31,66.57,1018.44,4.14,99.00
Sat 30/05/2026 - 16:21:35,23.29,66.60,1018.47,4.14,99.00
Sat 30/05/2026 - 16:22:09,23.29,66.88,1018.47,4.14,99.00
Sat 30/05/2026 - 16:22:43,23.28,67.05,1018.50,4.14,99.00
Sat 30/05/2026 - 16:23:17,23.27,67.06,1018.43,4.14,99.00
Sat 30/05/2026 - 16:23:51,23.26,67.31,1018.51,4.14,99.00
Sat 30/05/2026 - 16:24:25,23.25,67.59,1018.53,4.14,99.00
Sat 30/05/2026 - 16:24:59,23.22,67.34,1018.44,4.14,99.00
Sat 30/05/2026 - 16:25:33,23.20,67.04,1018.45,4.14,99.00
Sat 30/05/2026 - 16:26:07,23.18,67.43,1018.52,4.14,99.00
Sat 30/05/2026 - 16:26:41,23.16,67.56,1018.54,4.14,99.00
Sat 30/05/2026 - 16:27:15,23.14,68.05,1018.57,4.14,99.00
Sat 30/05/2026 - 16:27:49,23.13,67.76,1018.61,4.14,99.00
Sat 30/05/2026 - 16:28:23,23.10,68.73,1018.55,4.14,99.00
Sat 30/05/2026 - 16:28:57,23.07,68.34,1018.61,4.14,99.00
Sat 30/05/2026 - 16:29:31,23.05,68.34,1018.47,4.14,99.00
Sat 30/05/2026 - 16:30:05,23.04,68.21,1018.58,4.14,99.00
Sat 30/05/2026 - 16:30:39,23.01,68.67,1018.53,4.14,99.00
Sat 30/05/2026 - 16:31:13,22.99,68.97,1018.58,4.14,99.00
Sat 30/05/2026 - 16:31:47,22.97,68.72,1018.52,4.14,99.00
Sat 30/05/2026 - 16:32:21,22.95,69.61,1018.62,4.14,99.00
Sat 30/05/2026 - 16:32:55,22.93,69.78,1018.61,4.14,99.00
Sat 30/05/2026 - 16:33:29,22.90,70.08,1018.62,4.14,99.00
Sat 30/05/2026 - 16:34:03,22.86,69.79,1018.58,4.14,99.00
Sat 30/05/2026 - 16:34:37,22.85,70.34,1018.61,4.14,99.00
Sat 30/05/2026 - 16:35:11,22.82,70.44,1018.56,4.14,99.00
Sat 30/05/2026 - 16:35:45,22.79,70.33,1018.60,4.14,99.00
Sat 30/05/2026 - 16:36:19,22.77,71.24,1018.54,4.14,99.00
Sat 30/05/2026 - 16:36:53,22.75,71.78,1018.57,4.14,99.00
Sat 30/05/2026 - 16:37:27,22.71,71.18,1018.50,4.14,99.00
Sat 30/05/2026 - 16:38:01,22.69,71.58,1018.46,4.14,99.00
Sat 30/05/2026 - 16:38:35,22.67,72.02,1018.54,4.14,99.00
Sat 30/05/2026 - 16:39:09,22.65,72.48,1018.60,4.14,99.00
Sat 30/05/2026 - 16:39:43,22.62,72.92,1018.61,4.14,99.00
Sat 30/05/2026 - 16:40:17,22.59,72.51,1018.56,4.14,99.00
Sat 30/05/2026 - 16:40:51,22.56,72.96,1018.59,4.14,99.00
Sat 30/05/2026 - 16:41:24,22.54,73.88,1018.58,4.14,99.00
Sat 30/05/2026 - 16:41:58,22.51,74.09,1018.55,4.14,99.00
Sat 30/05/2026 - 16:42:33,22.49,74.23,1018.60,4.14,99.00
Sat 30/05/2026 - 16:43:06,22.46,74.12,1018.66,4.14,99.00
Sat 30/05/2026 - 16:43:40,22.44,74.03,1018.61,4.14,99.00
Sat 30/05/2026 - 16:44:14,22.40,74.55,1018.64,4.14,99.00
Sat 30/05/2026 - 16:44:48,22.39,75.11,1018.65,4.14,99.00
Sat 30/05/2026 - 16:45:22,22.36,74.94,1018.63,4.14,99.00
Sat 30/05/2026 - 16:45:56,22.33,75.59,1018.66,4.14,99.00
Sat 30/05/2026 - 16:46:30,22.31,75.86,1018.74,4.14,99.00
Sat 30/05/2026 - 16:47:04,22.26,76.12,1018.66,4.14,99.00
Sat 30/05/2026 - 16:47:38,22.25,76.25,1018.63,4.14,99.00
Sat 30/05/2026 - 16:48:12,22.23,76.98,1018.60,4.14,99.00
Sat 30/05/2026 - 16:48:46,22.21,77.44,1018.67,4.14,99.00
Sat 30/05/2026 - 16:49:20,22.17,77.34,1018.59,4.14,99.00
Sat 30/05/2026 - 16:49:54,22.14,77.28,1018.64,4.14,99.00
Sat 30/05/2026 - 16:50:28,22.12,77.13,1018.68,4.14,98.00
Sat 30/05/2026 - 16:51:02,22.10,77.38,1018.65,4.14,99.00
Sat 30/05/2026 - 16:51:36,22.07,77.49,1018.68,4.14,99.00
Sat 30/05/2026 - 16:52:10,22.04,78.08,1018.65,4.14,99.00
Sat 30/05/2026 - 16:52:44,22.04,78.42,1018.76,4.14,99.00
Sat 30/05/2026 - 16:53:18,22.00,79.17,1018.66,4.14,98.00
Sat 30/05/2026 - 16:53:52,21.98,79.26,1018.61,4.14,98.00
Sat 30/05/2026 - 16:54:26,21.95,79.46,1018.67,4.14,98.00
Sat 30/05/2026 - 16:55:00,21.92,79.95,1018.61,4.14,99.00
Sat 30/05/2026 - 16:55:34,21.87,79.73,1018.57,4.14,98.00
Sat 30/05/2026 - 16:56:08,21.86,79.79,1018.60,4.14,98.00
Sat 30/05/2026 - 16:56:42,21.84,80.51,1018.60,4.14,98.00
Sat 30/05/2026 - 16:57:16,21.81,80.46,1018.65,4.14,98.00
Sat 30/05/2026 - 16:57:50,21.79,80.62,1018.61,4.14,98.00
Sat 30/05/2026 - 16:58:24,21.77,80.98,1018.64,4.14,98.00
Sat 30/05/2026 - 16:58:58,21.75,81.42,1018.66,4.14,98.00
Sat 30/05/2026 - 16:59:32,21.73,80.83,1018.59,4.14,98.00
Sat 30/05/2026 - 17:00:06,21.71,81.68,1018.54,4.14,98.00
Sat 30/05/2026 - 17:00:40,21.69,82.05,1018.61,4.14,98.00
Sat 30/05/2026 - 17:01:14,21.67,82.82,1018.63,4.14,98.00
Sat 30/05/2026 - 17:01:48,21.64,82.55,1018.58,4.14,98.00
Sat 30/05/2026 - 17:02:22,21.62,82.67,1018.66,4.13,98.00
Sat 30/05/2026 - 17:02:56,21.61,82.62,1018.69,4.14,98.00
Sat 30/05/2026 - 17:03:30,21.58,83.15,1018.64,4.13,98.00
Sat 30/05/2026 - 17:04:04,21.56,83.02,1018.66,4.14,98.00
Sat 30/05/2026 - 17:04:38,21.55,82.71,1018.69,4.14,98.00
Sat 30/05/2026 - 17:05:12,21.52,83.94,1018.64,4.14,98.00
Sat 30/05/2026 - 17:05:46,21.51,83.91,1018.74,4.13,98.00
Sat 30/05/2026 - 17:06:20,21.47,83.60,1018.67,4.13,98.00
Sat 30/05/2026 - 17:06:54,21.46,83.93,1018.70,4.13,98.00
Sat 30/05/2026 - 17:07:28,21.44,84.44,1018.73,4.13,98.00
Sat 30/05/2026 - 17:08:02,21.42,84.71,1018.64,4.13,98.00
Sat 30/05/2026 - 17:08:36,21.39,84.70,1018.71,4.13,98.00
Sat 30/05/2026 - 17:09:10,21.38,85.55,1018.65,4.13,98.00
Sat 30/05/2026 - 17:09:44,21.36,86.35,1018.79,4.13,98.00
Sat 30/05/2026 - 17:10:18,21.33,86.94,1018.68,4.13,98.00
Sat 30/05/2026 - 17:10:52,21.33,87.70,1018.65,4.13,98.00
Sat 30/05/2026 - 17:11:26,21.30,87.36,1018.76,4.13,98.00
Sat 30/05/2026 - 17:12:00,21.28,86.83,1018.67,4.13,98.00
Sat 30/05/2026 - 17:12:34,21.27,87.65,1018.66,4.13,98.00
Sat 30/05/2026 - 17:13:08,21.26,87.47,1018.77,4.13,98.00
Sat 30/05/2026 - 17:13:42,21.23,87.52,1018.65,4.13,98.00
Sat 30/05/2026 - 17:14:16,21.22,87.52,1018.76,4.13,98.00
Sat 30/05/2026 - 17:14:50,21.21,87.77,1018.74,4.13,98.00
Sat 30/05/2026 - 17:15:24,21.20,88.03,1018.70,4.13,98.00
Sat 30/05/2026 - 17:15:58,21.19,87.69,1018.84,4.13,98.00
Sat 30/05/2026 - 17:16:32,21.19,87.29,1018.80,4.13,98.00
Sat 30/05/2026 - 17:17:06,21.19,87.95,1018.79,4.13,98.00
Sat 30/05/2026 - 17:17:40,21.17,88.09,1018.74,4.13,98.00
Sat 30/05/2026 - 17:18:14,21.17,88.15,1018.81,4.13,98.00
Sat 30/05/2026 - 17:18:48,21.17,88.88,1018.78,4.13,98.00
Sat 30/05/2026 - 17:19:22,21.16,89.04,1018.79,4.13,98.00
Sat 30/05/2026 - 17:19:56,21.15,89.09,1018.67,4.13,98.00
Sat 30/05/2026 - 17:20:30,21.13,89.42,1018.71,4.13,98.00
Sat 30/05/2026 - 17:21:04,21.11,90.07,1018.71,4.13,98.00
Sat 30/05/2026 - 17:21:38,21.10,90.16,1018.70,4.13,98.00
Sat 30/05/2026 - 17:22:12,21.10,90.50,1018.66,4.13,98.00
Sat 30/05/2026 - 17:22:46,21.10,90.71,1018.74,4.13,98.00
Sat 30/05/2026 - 17:23:20,21.06,91.42,1018.68,4.13,98.00
Sat 30/05/2026 - 17:23:54,21.05,91.01,1018.76,4.13,98.00
Sat 30/05/2026 - 17:24:28,21.03,91.67,1018.71,4.13,98.00
Sat 30/05/2026 - 17:25:02,21.01,91.37,1018.67,4.13,98.00
Sat 30/05/2026 - 17:25:36,21.00,91.97,1018.71,4.13,98.00
Sat 30/05/2026 - 17:26:10,20.99,92.17,1018.66,4.13,98.00
Sat 30/05/2026 - 17:26:44,20.96,92.34,1018.74,4.13,98.00
Sat 30/05/2026 - 17:27:18,20.95,92.76,1018.71,4.13,98.00
Sat 30/05/2026 - 17:27:52,20.94,93.74,1018.69,4.13,98.00
Sat 30/05/2026 - 17:28:26,20.94,95.26,1018.75,4.13,98.00
Sat 30/05/2026 - 17:29:00,20.94,96.15,1018.76,4.13,98.00
Sat 30/05/2026 - 17:29:34,20.94,97.09,1018.69,4.13,98.00
Sat 30/05/2026 - 17:30:08,20.94,96.90,1018.70,4.13,98.00
Sat 30/05/2026 - 17:30:41,20.93,96.76,1018.68,4.13,98.00
Sat 30/05/2026 - 17:31:15,20.93,97.15,1018.74,4.13,98.00
Sat 30/05/2026 - 17:31:49,20.92,97.70,1018.69,4.13,98.00
Sat 30/05/2026 - 17:32:23,20.93,98.62,1018.68,4.13,98.00
Sat 30/05/2026 - 17:32:57,20.92,99.00,1018.69,4.13,98.00
Sat 30/05/2026 - 17:33:31,20.94,99.55,1018.69,4.13,98.00
Sat 30/05/2026 - 17:34:05,20.92,99.57,1018.71,4.13,98.00
Sat 30/05/2026 - 17:34:39,20.93,99.58,1018.65,4.13,98.00
Sat 30/05/2026 - 17:35:13,20.93,99.54,1018.60,4.13,98.00
Sat 30/05/2026 - 17:35:47,20.94,99.41,1018.64,4.13,98.00
Sat 30/05/2026 - 17:36:21,20.92,99.40,1018.72,4.13,98.00
Sat 30/05/2026 - 17:36:55,20.93,99.31,1018.68,4.13,98.00
Sat 30/05/2026 - 17:37:29,20.92,99.44,1018.75,4.13,98.00
Sat 30/05/2026 - 17:38:03,20.91,99.43,1018.64,4.13,98.00
Sat 30/05/2026 - 17:38:37,20.93,99.39,1018.74,4.13,98.00
Sat 30/05/2026 - 17:39:11,20.92,99.43,1018.71,4.13,98.00
Sat 30/05/2026 - 17:39:45,20.91,99.47,1018.64,4.13,98.00
Sat 30/05/2026 - 17:40:19,20.91,99.49,1018.70,4.13,98.00
Sat 30/05/2026 - 17:40:53,20.90,99.49,1018.69,4.13,98.00
Sat 30/05/2026 - 17:41:27,20.91,99.58,1018.70,4.13,98.00
Sat 30/05/2026 - 17:42:01,20.90,99.63,1018.71,4.13,98.00
Sat 30/05/2026 - 17:42:35,20.89,99.53,1018.67,4.13,98.00
Sat 30/05/2026 - 17:43:09,20.88,99.52,1018.68,4.13,98.00
Sat 30/05/2026 - 17:43:43,20.88,99.60,1018.71,4.13,98.00
Sat 30/05/2026 - 17:44:17,20.88,99.51,1018.71,4.13,98.00
Sat 30/05/2026 - 17:44:51,20.87,99.66,1018.74,4.13,98.00
Sat 30/05/2026 - 17:45:25,20.87,99.70,1018.68,4.13,98.00
Sat 30/05/2026 - 17:45:59,20.86,99.83,1018.78,4.13,98.00
Sat 30/05/2026 - 17:46:33,20.86,99.86,1018.72,4.13,98.00
Sat 30/05/2026 - 17:47:07,20.85,99.83,1018.74,4.13,98.00
Sat 30/05/2026 - 17:47:41,20.85,99.88,1018.82,4.13,98.00
Sat 30/05/2026 - 17:48:15,20.84,99.84,1018.83,4.13,98.00
Sat 30/05/2026 - 17:48:49,20.83,99.86,1018.84,4.13,98.00
Sat 30/05/2026 - 17:49:23,20.82,99.84,1018.85,4.13,98.00
Sat 30/05/2026 - 17:49:57,20.83,99.85,1018.88,4.13,98.00
Sat 30/05/2026 - 17:50:31,20.81,99.79,1018.80,4.13,98.00
Sat 30/05/2026 - 17:51:05,20.80,99.74,1018.79,4.13,98.00
Sat 30/05/2026 - 17:51:39,20.79,99.72,1018.77,4.13,98.00
Sat 30/05/2026 - 17:52:13,20.80,99.79,1018.83,4.13,98.00
Sat 30/05/2026 - 17:52:47,20.79,99.82,1018.82,4.13,98.00
Sat 30/05/2026 - 17:53:21,20.77,99.72,1018.76,4.13,98.00
Sat 30/05/2026 - 17:53:55,20.77,99.65,1018.79,4.13,98.00
Sat 30/05/2026 - 17:54:29,20.77,99.66,1018.81,4.12,98.00
Sat 30/05/2026 - 17:55:03,20.76,99.73,1018.72,4.12,98.00
Sat 30/05/2026 - 17:55:37,20.75,99.76,1018.65,4.12,98.00
Sat 30/05/2026 - 17:56:11,20.75,99.81,1018.64,4.12,98.00
Sat 30/05/2026 - 17:56:45,20.74,99.73,1018.73,4.12,98.00
Sat 30/05/2026 - 17:57:19,20.73,99.73,1018.72,4.12,98.00
Sat 30/05/2026 - 17:57:53,20.72,99.70,1018.70,4.12,98.00
Sat 30/05/2026 - 17:58:27,20.73,99.65,1018.77,4.13,98.00
Sat 30/05/2026 - 17:59:01,20.72,99.63,1018.73,4.12,98.00
Sat 30/05/2026 - 17:59:35,20.71,99.59,1018.66,4.12,98.00
Sat 30/05/2026 - 18:00:09,20.70,99.61,1018.78,4.12,98.00
Sat 30/05/2026 - 18:00:43,20.69,99.61,1018.73,4.12,98.00
Sat 30/05/2026 - 18:01:17,20.68,99.58,1018.64,4.12,98.00
Sat 30/05/2026 - 18:01:51,20.68,99.52,1018.72,4.12,98.00
Sat 30/05/2026 - 18:02:25,20.67,99.50,1018.70,4.12,98.00
Sat 30/05/2026 - 18:02:59,20.67,99.55,1018.67,4.12,98.00
Sat 30/05/2026 - 18:03:33,20.67,99.42,1018.66,4.12,98.00
Sat 30/05/2026 - 18:04:07,20.65,99.56,1018.67,4.12,98.00
Sat 30/05/2026 - 18:04:41,20.65,99.62,1018.69,4.12,98.00
Sat 30/05/2026 - 18:05:15,20.64,99.55,1018.70,4.12,98.00
Sat 30/05/2026 - 18:05:49,20.63,99.63,1018.71,4.12,98.00
Sat 30/05/2026 - 18:06:23,20.61,99.68,1018.68,4.12,98.00
Sat 30/05/2026 - 18:06:57,20.62,99.58,1018.69,4.12,98.00
Sat 30/05/2026 - 18:07:31,20.61,99.69,1018.65,4.12,98.00
Sat 30/05/2026 - 18:08:05,20.60,99.67,1018.71,4.12,98.00
Sat 30/05/2026 - 18:08:38,20.59,99.70,1018.64,4.12,98.00
Sat 30/05/2026 - 18:09:12,20.58,99.71,1018.68,4.12,98.00
Sat 30/05/2026 - 18:09:46,20.58,99.74,1018.63,4.12,98.00
Sat 30/05/2026 - 18:10:20,20.58,99.69,1018.62,4.12,98.00
Sat 30/05/2026 - 18:10:54,20.56,99.82,1018.58,4.12,98.00
Sat 30/05/2026 - 18:11:28,20.55,99.81,1018.57,4.12,98.00
Sat 30/05/2026 - 18:12:02,20.55,99.84,1018.66,4.12,98.00
Sat 30/05/2026 - 18:12:36,20.54,99.81,1018.61,4.12,98.00
Sat 30/05/2026 - 18:13:10,20.54,99.78,1018.60,4.12,98.00
Sat 30/05/2026 - 18:13:44,20.53,99.87,1018.54,4.12,98.00
Sat 30/05/2026 - 18:14:18,20.53,99.99,1018.51,4.12,98.00
Sat 30/05/2026 - 18:14:52,20.52,99.99,1018.50,4.12,98.00
Sat 30/05/2026 - 18:15:26,20.50,99.97,1018.49,4.12,98.00
Sat 30/05/2026 - 18:16:00,20.50,100.00,1018.62,4.12,98.00
Sat 30/05/2026 - 18:16:34,20.49,99.95,1018.59,4.12,98.00
Sat 30/05/2026 - 18:17:08,20.49,99.96,1018.50,4.12,98.00
Sat 30/05/2026 - 18:17:42,20.48,99.94,1018.56,4.12,98.00
Sat 30/05/2026 - 18:18:16,20.47,99.88,1018.46,4.12,98.00
Sat 30/05/2026 - 18:18:50,20.47,99.92,1018.52,4.12,98.00
Sat 30/05/2026 - 18:19:24,20.47,99.87,1018.60,4.12,98.00
Sat 30/05/2026 - 18:19:58,20.46,99.93,1018.53,4.12,98.00
Sat 30/05/2026 - 18:20:32,20.45,99.94,1018.62,4.12,98.00
Sat 30/05/2026 - 18:21:06,20.44,99.95,1018.63,4.12,98.00
Sat 30/05/2026 - 18:21:40,20.45,99.94,1018.62,4.12,98.00
Sat 30/05/2026 - 18:22:14,20.44,99.98,1018.63,4.12,98.00
Sat 30/05/2026 - 18:22:48,20.43,99.98,1018.67,4.12,98.00
Sat 30/05/2026 - 18:23:22,20.42,99.99,1018.68,4.12,98.00
Sat 30/05/2026 - 18:23:56,20.42,100.00,1018.57,4.12,98.00
Sat 30/05/2026 - 18:24:30,20.40,99.99,1018.62,4.12,98.00
Sat 30/05/2026 - 18:25:04,20.41,99.97,1018.69,4.12,98.00
Sat 30/05/2026 - 18:25:38,20.39,99.95,1018.69,4.12,98.00
Sat 30/05/2026 - 18:26:12,20.38,99.95,1018.66,4.12,98.00
Sat 30/05/2026 - 18:26:46,20.39,99.96,1018.73,4.12,98.00
Sat 30/05/2026 - 18:27:20,20.38,99.96,1018.80,4.12,98.00
Sat 30/05/2026 - 18:27:54,20.37,99.93,1018.70,4.12,98.00
Sat 30/05/2026 - 18:28:28,20.36,99.95,1018.71,4.12,98.00
Sat 30/05/2026 - 18:29:02,20.36,99.91,1018.71,4.12,98.00
Sat 30/05/2026 - 18:29:36,20.36,99.99,1018.68,4.12,98.00
Sat 30/05/2026 - 18:30:10,20.34,99.98,1018.65,4.12,98.00
Sat 30/05/2026 - 18:30:44,20.34,99.94,1018.70,4.12,98.00
Sat 30/05/2026 - 18:31:18,20.34,99.85,1018.70,4.12,98.00
Sat 30/05/2026 - 18:31:52,20.32,99.91,1018.67,4.12,98.00
Sat 30/05/2026 - 18:32:26,20.31,99.88,1018.69,4.12,98.00
Sat 30/05/2026 - 18:33:00,20.31,99.86,1018.70,4.12,98.00
Sat 30/05/2026 - 18:33:34,20.31,99.90,1018.65,4.12,98.00
Sat 30/05/2026 - 18:34:08,20.30,99.85,1018.69,4.12,98.00
Sat 30/05/2026 - 18:34:42,20.29,99.80,1018.70,4.12,98.00
Sat 30/05/2026 - 18:35:16,20.29,99.77,1018.64,4.12,98.00
Sat 30/05/2026 - 18:35:50,20.29,99.78,1018.78,4.12,98.00
Sat 30/05/2026 - 18:36:24,20.28,99.80,1018.77,4.12,98.00
Sat 30/05/2026 - 18:36:58,20.26,99.88,1018.74,4.12,98.00
Sat 30/05/2026 - 18:37:32,20.26,99.92,1018.78,4.12,98.00
Sat 30/05/2026 - 18:38:06,20.25,99.91,1018.80,4.12,98.00
Sat 30/05/2026 - 18:38:40,20.24,99.92,1018.73,4.12,98.00
Sat 30/05/2026 - 18:39:14,20.25,99.88,1018.76,4.12,98.00
Sat 30/05/2026 - 18:39:48,20.23,99.83,1018.84,4.12,98.00
Sat 30/05/2026 - 18:40:22,20.23,99.80,1018.81,4.12,98.00
Sat 30/05/2026 - 18:40:56,20.22,99.87,1018.79,4.12,98.00
Sat 30/05/2026 - 18:41:30,20.22,99.83,1018.75,4.12,98.00
Sat 30/05/2026 - 18:42:04,20.22,99.81,1018.77,4.12,98.00
Sat 30/05/2026 - 18:42:38,20.20,99.87,1018.79,4.12,98.00
Sat 30/05/2026 - 18:43:12,20.21,99.85,1018.72,4.12,98.00
Sat 30/05/2026 - 18:43:46,20.19,99.84,1018.78,4.12,98.00
Sat 30/05/2026 - 18:44:20,20.20,99.84,1018.84,4.12,98.00
Sat 30/05/2026 - 18:44:54,20.18,99.85,1018.84,4.12,98.00
Sat 30/05/2026 - 18:45:28,20.18,99.83,1018.86,4.12,98.00
Sat 30/05/2026 - 18:46:02,20.18,99.83,1018.87,4.12,98.00
Sat 30/05/2026 - 18:46:36,20.17,99.89,1018.79,4.12,98.00
Sat 30/05/2026 - 18:47:10,20.16,99.94,1018.92,4.12,98.00
Sat 30/05/2026 - 18:47:44,20.16,99.92,1019.00,4.12,98.00
Sat 30/05/2026 - 18:48:18,20.15,99.94,1018.90,4.12,98.00
Sat 30/05/2026 - 18:48:52,20.15,99.89,1018.94,4.12,98.00
Sat 30/05/2026 - 18:49:26,20.14,99.95,1019.02,4.12,98.00
Sat 30/05/2026 - 18:50:00,20.14,99.97,1019.01,4.12,98.00
Sat 30/05/2026 - 18:50:34,20.13,99.95,1018.95,4.12,98.00
Sat 30/05/2026 - 18:51:08,20.12,99.98,1019.01,4.12,98.00
Sat 30/05/2026 - 18:51:42,20.12,100.00,1019.03,4.12,98.00
Sat 30/05/2026 - 18:52:16,20.13,100.00,1019.03,4.12,98.00
Sat 30/05/2026 - 18:52:50,20.11,100.00,1018.99,4.12,98.00
Sat 30/05/2026 - 18:53:24,20.11,100.00,1018.96,4.12,98.00
Sat 30/05/2026 - 18:53:58,20.11,100.00,1018.99,4.12,98.00
Sat 30/05/2026 - 18:54:32,20.10,100.00,1019.02,4.12,98.00
Sat 30/05/2026 - 18:55:06,20.10,100.00,1019.05,4.12,98.00
Sat 30/05/2026 - 18:55:40,20.09,100.00,1019.01,4.12,98.00
Sat 30/05/2026 - 18:56:14,20.09,100.00,1019.00,4.11,98.00
Sat 30/05/2026 - 18:56:48,20.07,99.99,1019.01,4.12,98.00
Sat 30/05/2026 - 18:57:21,20.07,100.00,1019.01,4.12,98.00
Sat 30/05/2026 - 18:57:55,20.07,99.99,1019.01,4.12,98.00
Sat 30/05/2026 - 18:58:29,20.06,100.00,1018.97,4.12,98.00
Sat 30/05/2026 - 18:59:03,20.06,100.00,1019.02,4.12,98.00
Sat 30/05/2026 - 18:59:37,20.05,100.00,1019.09,4.12,98.00
Sat 30/05/2026 - 19:00:11,20.06,100.00,1019.08,4.12,98.00
Sat 30/05/2026 - 19:00:45,20.04,100.00,1019.04,4.11,98.00
Sat 30/05/2026 - 19:01:19,20.04,100.00,1019.10,4.11,98.00
Sat 30/05/2026 - 19:01:53,20.04,100.00,1019.07,4.11,98.00
Sat 30/05/2026 - 19:02:27,20.03,100.00,1019.16,4.11,98.00
Sat 30/05/2026 - 19:03:01,20.03,100.00,1019.13,4.11,98.00
Sat 30/05/2026 - 19:03:35,20.03,100.00,1019.21,4.11,98.00
Sat 30/05/2026 - 19:04:09,20.01,100.00,1019.10,4.11,98.00
Sat 30/05/2026 - 19:04:43,20.01,100.00,1019.18,4.11,98.00
Sat 30/05/2026 - 19:05:17,20.02,100.00,1019.16,4.11,98.00
Sat 30/05/2026 - 19:05:51,20.01,100.00,1019.12,4.11,98.00
Sat 30/05/2026 - 19:06:25,20.00,100.00,1019.08,4.11,98.00
Sat 30/05/2026 - 19:06:59,20.00,100.00,1019.16,4.11,98.00
Sat 30/05/2026 - 19:07:33,19.99,100.00,1019.15,4.11,98.00
Sat 30/05/2026 - 19:08:07,19.99,100.00,1019.15,4.11,98.00
Sat 30/05/2026 - 19:08:41,19.99,100.00,1019.19,4.11,98.00
Sat 30/05/2026 - 19:09:15,19.99,100.00,1019.19,4.11,98.00
Sat 30/05/2026 - 19:09:49,19.98,100.00,1019.18,4.11,98.00
Sat 30/05/2026 - 19:10:23,19.98,100.00,1019.15,4.11,98.00
Sat 30/05/2026 - 19:10:57,19.98,100.00,1019.21,4.11,98.00
Sat 30/05/2026 - 19:11:31,19.97,100.00,1019.16,4.11,98.00
Sat 30/05/2026 - 19:12:05,19.97,100.00,1019.22,4.11,98.00
Sat 30/05/2026 - 19:12:39,19.97,100.00,1019.21,4.11,98.00
Sat 30/05/2026 - 19:13:13,19.96,100.00,1019.22,4.11,98.00
Sat 30/05/2026 - 19:13:47,19.96,100.00,1019.14,4.11,98.00
Sat 30/05/2026 - 19:14:21,19.96,100.00,1019.18,4.11,98.00
Sat 30/05/2026 - 19:14:55,19.94,100.00,1019.12,4.11,98.00
Sat 30/05/2026 - 19:15:29,19.93,100.00,1019.15,4.11,98.00
Sat 30/05/2026 - 19:16:03,19.94,100.00,1019.16,4.11,98.00
Sat 30/05/2026 - 19:16:37,19.93,100.00,1019.13,4.11,98.00
Sat 30/05/2026 - 19:17:11,19.93,100.00,1019.10,4.11,98.00
Sat 30/05/2026 - 19:17:45,19.92,100.00,1019.18,4.11,98.00
Sat 30/05/2026 - 19:18:19,19.92,100.00,1019.16,4.11,98.00
Sat 30/05/2026 - 19:18:53,19.92,100.00,1019.13,4.11,98.00
Sat 30/05/2026 - 19:19:27,19.91,100.00,1019.12,4.11,98.00
Sat 30/05/2026 - 19:20:01,19.91,100.00,1019.20,4.11,98.00
Sat 30/05/2026 - 19:20:35,19.90,100.00,1019.18,4.11,98.00
Sat 30/05/2026 - 19:21:09,19.90,100.00,1019.21,4.11,98.00
Sat 30/05/2026 - 19:21:43,19.89,100.00,1019.25,4.11,98.00
Sat 30/05/2026 - 19:22:17,19.89,100.00,1019.19,4.11,98.00
Sat 30/05/2026 - 19:22:51,19.88,100.00,1019.23,4.11,98.00
Sat 30/05/2026 - 19:23:25,19.89,100.00,1019.19,4.11,98.00
Sat 30/05/2026 - 19:23:59,19.87,100.00,1019.27,4.11,98.00
Sat 30/05/2026 - 19:24:33,19.88,100.00,1019.23,4.11,98.00
Sat 30/05/2026 - 19:25:07,19.87,100.00,1019.21,4.11,98.00
Sat 30/05/2026 - 19:25:41,19.86,100.00,1019.22,4.11,98.00
Sat 30/05/2026 - 19:26:15,19.86,100.00,1019.25,4.11,98.00
Sat 30/05/2026 - 19:26:49,19.86,100.00,1019.17,4.11,98.00
Sat 30/05/2026 - 19:27:23,19.86,100.00,1019.14,4.11,98.00
Sat 30/05/2026 - 19:27:57,19.85,100.00,1019.07,4.11,98.00
Sat 30/05/2026 - 19:28:31,19.85,100.00,1019.12,4.11,98.00
Sat 30/05/2026 - 19:29:05,19.84,100.00,1019.10,4.11,98.00
Sat 30/05/2026 - 19:29:39,19.83,100.00,1019.03,4.11,98.00
Sat 30/05/2026 - 19:30:13,19.84,100.00,1019.13,4.11,98.00
Sat 30/05/2026 - 19:30:47,19.83,100.00,1019.19,4.11,98.00
Sat 30/05/2026 - 19:31:21,19.82,100.00,1019.23,4.11,98.00
Sat 30/05/2026 - 19:31:54,19.82,100.00,1019.17,4.11,98.00
Sat 30/05/2026 - 19:32:28,19.81,100.00,1019.16,4.11,98.00
Sat 30/05/2026 - 19:33:02,19.81,100.00,1019.14,4.11,98.00
Sat 30/05/2026 - 19:33:36,19.81,100.00,1019.13,4.11,98.00
Sat 30/05/2026 - 19:34:10,19.81,100.00,1019.11,4.11,98.00
Sat 30/05/2026 - 19:34:44,19.80,100.00,1019.09,4.11,98.00
Sat 30/05/2026 - 19:35:19,19.81,100.00,1019.07,4.11,98.00
Sat 30/05/2026 - 19:35:53,19.79,100.00,1018.99,4.11,98.00
Sat 30/05/2026 - 19:36:27,19.79,100.00,1019.07,4.11,98.00
Sat 30/05/2026 - 19:37:01,19.78,100.00,1019.06,4.11,98.00
Sat 30/05/2026 - 19:37:35,19.78,100.00,1019.05,4.11,98.00
Sat 30/05/2026 - 19:38:09,19.78,100.00,1019.06,4.11,98.00
Sat 30/05/2026 - 19:38:42,19.77,100.00,1019.04,4.11,98.00
Sat 30/05/2026 - 19:39:16,19.77,100.00,1019.09,4.11,98.00
Sat 30/05/2026 - 19:39:50,19.77,100.00,1019.00,4.11,98.00
Sat 30/05/2026 - 19:40:24,19.75,100.00,1018.98,4.11,98.00
Sat 30/05/2026 - 19:40:58,19.75,100.00,1019.00,4.11,98.00
Sat 30/05/2026 - 19:41:32,19.75,100.00,1019.06,4.11,98.00
Sat 30/05/2026 - 19:42:06,19.74,100.00,1018.99,4.11,98.00
Sat 30/05/2026 - 19:42:40,19.74,100.00,1018.99,4.11,98.00
Sat 30/05/2026 - 19:43:14,19.73,100.00,1018.92,4.11,98.00
Sat 30/05/2026 - 19:43:48,19.72,100.00,1019.04,4.11,98.00
Sat 30/05/2026 - 19:44:22,19.73,100.00,1019.07,4.11,98.00
Sat 30/05/2026 - 19:44:56,19.72,100.00,1018.95,4.11,98.00
Sat 30/05/2026 - 19:45:30,19.72,100.00,1018.98,4.11,98.00
Sat 30/05/2026 - 19:46:04,19.72,100.00,1018.98,4.11,98.00
Sat 30/05/2026 - 19:46:38,19.70,100.00,1018.92,4.11,98.00
Sat 30/05/2026 - 19:47:12,19.70,100.00,1019.00,4.11,98.00
Sat 30/05/2026 - 19:47:46,19.70,100.00,1019.03,4.11,98.00
Sat 30/05/2026 - 19:48:20,19.70,100.00,1018.97,4.11,98.00
Sat 30/05/2026 - 19:48:54,19.70,100.00,1018.97,4.11,98.00
Sat 30/05/2026 - 19:49:28,19.69,100.00,1018.96,4.11,98.00
Sat 30/05/2026 - 19:50:02,19.70,100.00,1019.05,4.11,98.00
Sat 30/05/2026 - 19:50:36,19.68,100.00,1018.99,4.11,98.00
Sat 30/05/2026 - 19:51:10,19.69,100.00,1019.00,4.11,98.00
Sat 30/05/2026 - 19:51:44,19.69,100.00,1019.06,4.11,98.00
Sat 30/05/2026 - 19:52:18,19.68,100.00,1019.05,4.11,98.00
Sat 30/05/2026 - 19:52:52,19.67,100.00,1018.98,4.11,98.00
Sat 30/05/2026 - 19:53:26,19.67,100.00,1019.09,4.11,98.00
Sat 30/05/2026 - 19:54:00,19.66,100.00,1018.96,4.11,98.00
Sat 30/05/2026 - 19:54:34,19.66,100.00,1019.01,4.11,98.00
Sat 30/05/2026 - 19:55:08,19.67,100.00,1019.00,4.11,98.00
Sat 30/05/2026 - 19:55:42,19.66,100.00,1019.01,4.11,98.00
Sat 30/05/2026 - 19:56:16,19.66,100.00,1019.07,4.11,98.00
Sat 30/05/2026 - 19:56:50,19.65,100.00,1018.97,4.11,98.00
Sat 30/05/2026 - 19:57:24,19.66,100.00,1019.01,4.11,98.00
Sat 30/05/2026 - 19:57:58,19.65,100.00,1019.02,4.11,98.00
Sat 30/05/2026 - 19:58:32,19.65,100.00,1019.04,4.11,98.00
Sat 30/05/2026 - 19:59:06,19.63,100.00,1018.93,4.11,98.00
Sat 30/05/2026 - 19:59:40,19.64,100.00,1019.00,4.11,98.00
Sat 30/05/2026 - 20:00:14,19.63,100.00,1018.98,4.11,98.00
Sat 30/05/2026 - 20:00:48,19.64,100.00,1018.95,4.11,98.00
Sat 30/05/2026 - 20:01:22,19.64,100.00,1018.94,4.11,98.00
Sat 30/05/2026 - 20:01:56,19.62,100.00,1019.00,4.11,98.00
Sat 30/05/2026 - 20:02:30,19.63,100.00,1018.95,4.11,98.00
Sat 30/05/2026 - 20:03:04,19.62,100.00,1018.94,4.11,98.00
Sat 30/05/2026 - 20:03:38,19.62,100.00,1018.94,4.11,98.00
Sat 30/05/2026 - 20:04:12,19.61,100.00,1018.90,4.11,98.00
Sat 30/05/2026 - 20:04:46,19.61,100.00,1018.90,4.10,98.00
Sat 30/05/2026 - 20:05:20,19.60,100.00,1018.91,4.11,98.00
Sat 30/05/2026 - 20:05:54,19.59,100.00,1018.81,4.10,98.00
Sat 30/05/2026 - 20:06:28,19.60,100.00,1018.89,4.11,98.00
Sat 30/05/2026 - 20:07:02,19.60,100.00,1018.83,4.10,98.00
Sat 30/05/2026 - 20:07:36,19.59,100.00,1018.79,4.10,98.00
Sat 30/05/2026 - 20:08:10,19.59,100.00,1018.79,4.11,98.00
Sat 30/05/2026 - 20:08:44,19.59,100.00,1018.84,4.10,98.00
Sat 30/05/2026 - 20:09:18,19.58,100.00,1018.82,4.10,98.00
Sat 30/05/2026 - 20:09:52,19.58,100.00,1018.86,4.10,98.00
Sat 30/05/2026 - 20:10:26,19.59,100.00,1018.87,4.10,98.00
Sat 30/05/2026 - 20:11:00,19.59,100.00,1018.84,4.10,98.00
Sat 30/05/2026 - 20:11:34,19.58,100.00,1018.82,4.11,98.00
Sat 30/05/2026 - 20:12:08,19.57,100.00,1018.91,4.10,98.00
Sat 30/05/2026 - 20:12:42,19.57,100.00,1018.84,4.10,98.00
Sat 30/05/2026 - 20:13:16,19.57,100.00,1018.92,4.10,98.00
Sat 30/05/2026 - 20:13:50,19.58,100.00,1018.85,4.10,98.00
Sat 30/05/2026 - 20:14:24,19.57,100.00,1018.83,4.10,98.00
Sat 30/05/2026 - 20:14:58,19.57,100.00,1018.81,4.11,98.00
Sat 30/05/2026 - 20:15:32,19.57,100.00,1018.87,4.10,98.00
Sat 30/05/2026 - 20:16:06,19.56,100.00,1018.88,4.10,98.00
Sat 30/05/2026 - 20:16:40,19.56,100.00,1018.90,4.10,98.00
Sat 30/05/2026 - 20:17:14,19.57,100.00,1018.91,4.10,98.00
Sat 30/05/2026 - 20:17:48,19.57,100.00,1018.83,4.10,98.00
Sat 30/05/2026 - 20:18:22,19.56,100.00,1018.88,4.10,98.00
Sat 30/05/2026 - 20:18:56,19.56,100.00,1018.84,4.10,98.00
Sat 30/05/2026 - 20:19:30,19.55,100.00,1018.81,4.10,98.00
Sat 30/05/2026 - 20:20:04,19.55,100.00,1018.89,4.10,98.00
Sat 30/05/2026 - 20:20:38,19.56,100.00,1018.85,4.10,98.00
Sat 30/05/2026 - 20:21:12,19.56,100.00,1018.87,4.10,98.00
Sat 30/05/2026 - 20:21:46,19.56,100.00,1018.79,4.10,98.00
Sat 30/05/2026 - 20:22:20,19.56,100.00,1018.79,4.10,98.00
Sat 30/05/2026 - 20:22:54,19.55,100.00,1018.88,4.10,98.00
Sat 30/05/2026 - 20:23:28,19.54,100.00,1018.75,4.10,98.00
Sat 30/05/2026 - 20:24:02,19.55,100.00,1018.77,4.10,98.00
Sat 30/05/2026 - 20:24:36,19.55,100.00,1018.77,4.10,98.00
Sat 30/05/2026 - 20:25:10,19.54,100.00,1018.82,4.10,98.00
Sat 30/05/2026 - 20:25:44,19.54,100.00,1018.87,4.10,98.00
Sat 30/05/2026 - 20:26:18,19.54,100.00,1018.83,4.10,98.00
Sat 30/05/2026 - 20:26:51,19.54,100.00,1018.79,4.10,98.00
Sat 30/05/2026 - 20:27:25,19.54,100.00,1018.86,4.10,98.00
Sat 30/05/2026 - 20:27:59,19.54,100.00,1018.86,4.10,98.00
Sat 30/05/2026 - 20:28:33,19.54,100.00,1018.92,4.10,98.00
Sat 30/05/2026 - 20:29:07,19.53,100.00,1018.85,4.10,98.00
Sat 30/05/2026 - 20:29:41,19.54,100.00,1018.81,4.10,98.00
Sat 30/05/2026 - 20:30:15,19.53,100.00,1018.85,4.10,98.00
Sat 30/05/2026 - 20:30:49,19.53,100.00,1018.91,4.10,98.00
Sat 30/05/2026 - 20:31:23,19.53,100.00,1018.82,4.10,98.00
Sat 30/05/2026 - 20:31:57,19.53,100.00,1018.84,4.10,98.00
Sat 30/05/2026 - 20:32:31,19.53,100.00,1018.93,4.10,98.00
Sat 30/05/2026 - 20:33:05,19.52,100.00,1018.86,4.10,98.00
Sat 30/05/2026 - 20:33:39,19.52,100.00,1018.86,4.10,98.00
Sat 30/05/2026 - 20:34:13,19.51,100.00,1018.86,4.10,98.00
Sat 30/05/2026 - 20:34:47,19.52,100.00,1018.88,4.10,98.00
Sat 30/05/2026 - 20:35:21,19.51,100.00,1018.87,4.10,98.00
Sat 30/05/2026 - 20:35:55,19.52,100.00,1018.84,4.10,98.00
Sat 30/05/2026 - 20:36:29,19.52,100.00,1018.92,4.10,98.00
Sat 30/05/2026 - 20:37:03,19.51,100.00,1018.95,4.10,98.00
Sat 30/05/2026 - 20:37:37,19.51,100.00,1018.89,4.10,98.00
Sat 30/05/2026 - 20:38:11,19.52,100.00,1018.96,4.10,98.00
Sat 30/05/2026 - 20:38:45,19.51,100.00,1018.98,4.10,98.00
Sat 30/05/2026 - 20:39:19,19.51,100.00,1018.95,4.10,98.00
Sat 30/05/2026 - 20:39:53,19.51,100.00,1018.89,4.10,98.00
Sat 30/05/2026 - 20:40:27,19.51,100.00,1018.92,4.10,98.00
Sat 30/05/2026 - 20:41:01,19.50,100.00,1018.96,4.10,98.00
Sat 30/05/2026 - 20:41:35,19.50,100.00,1018.91,4.10,98.00
Sat 30/05/2026 - 20:42:09,19.50,100.00,1018.94,4.10,98.00
Sat 30/05/2026 - 20:42:43,19.50,100.00,1018.87,4.10,98.00
Sat 30/05/2026 - 20:43:17,19.49,100.00,1018.91,4.10,98.00
Sat 30/05/2026 - 20:43:51,19.49,100.00,1018.92,4.10,98.00
Sat 30/05/2026 - 20:44:25,19.49,100.00,1018.95,4.10,98.00
Sat 30/05/2026 - 20:44:59,19.50,100.00,1018.96,4.10,98.00
Sat 30/05/2026 - 20:45:33,19.49,100.00,1018.95,4.10,98.00
Sat 30/05/2026 - 20:46:07,19.48,100.00,1018.89,4.10,98.00
Sat 30/05/2026 - 20:46:41,19.49,100.00,1018.97,4.10,98.00
Sat 30/05/2026 - 20:47:15,19.49,100.00,1018.97,4.10,98.00
Sat 30/05/2026 - 20:47:49,19.49,100.00,1018.99,4.10,98.00
Sat 30/05/2026 - 20:48:23,19.49,100.00,1019.05,4.10,98.00
Sat 30/05/2026 - 20:48:57,19.48,100.00,1018.92,4.10,98.00
Sat 30/05/2026 - 20:49:31,19.48,100.00,1019.00,4.10,98.00
Sat 30/05/2026 - 20:50:05,19.47,100.00,1018.99,4.10,98.00
Sat 30/05/2026 - 20:50:39,19.48,100.00,1019.00,4.10,98.00
Sat 30/05/2026 - 20:51:13,19.47,100.00,1019.04,4.10,98.00
Sat 30/05/2026 - 20:51:47,19.47,100.00,1019.07,4.10,98.00
Sat 30/05/2026 - 20:52:21,19.47,100.00,1019.01,4.10,98.00
Sat 30/05/2026 - 20:52:55,19.47,100.00,1019.01,4.10,98.00
Sat 30/05/2026 - 20:53:29,19.47,100.00,1018.98,4.10,98.00
Sat 30/05/2026 - 20:54:03,19.46,100.00,1019.11,4.10,98.00
Sat 30/05/2026 - 20:54:37,19.46,100.00,1019.03,4.10,98.00
Sat 30/05/2026 - 20:55:11,19.46,100.00,1018.95,4.10,98.00
Sat 30/05/2026 - 20:55:45,19.46,100.00,1018.97,4.10,98.00
Sat 30/05/2026 - 20:56:19,19.46,100.00,1019.00,4.10,98.00
Sat 30/05/2026 - 20:56:53,19.45,100.00,1018.93,4.10,98.00
Sat 30/05/2026 - 20:57:27,19.43,100.00,1018.95,4.10,98.00
Sat 30/05/2026 - 20:58:01,19.45,100.00,1019.00,4.10,98.00
Sat 30/05/2026 - 20:58:35,19.43,100.00,1019.06,4.10,98.00
Sat 30/05/2026 - 20:59:09,19.44,100.00,1018.99,4.10,98.00
Sat 30/05/2026 - 20:59:43,19.43,100.00,1019.00,4.10,98.00
Sat 30/05/2026 - 21:00:17,19.43,100.00,1019.16,4.10,98.00
Sat 30/05/2026 - 21:00:51,19.42,100.00,1019.14,4.10,98.00
Sat 30/05/2026 - 21:01:25,19.42,100.00,1019.12,4.10,98.00
Sat 30/05/2026 - 21:01:58,19.40,100.00,1019.01,4.10,98.00
Sat 30/05/2026 - 21:02:32,19.40,100.00,1019.09,4.10,98.00
Sat 30/05/2026 - 21:03:06,19.39,100.00,1018.99,4.10,98.00
Sat 30/05/2026 - 21:03:40,19.39,100.00,1019.09,4.10,98.00
Sat 30/05/2026 - 21:04:14,19.38,100.00,1019.19,4.10,98.00
Sat 30/05/2026 - 21:04:48,19.38,100.00,1019.10,4.10,98.00
Sat 30/05/2026 - 21:05:22,19.37,100.00,1019.06,4.10,98.00
Sat 30/05/2026 - 21:05:56,19.36,100.00,1019.04,4.10,98.00
Sat 30/05/2026 - 21:06:30,19.36,100.00,1019.09,4.10,98.00
Sat 30/05/2026 - 21:07:04,19.35,100.00,1019.09,4.10,98.00
Sat 30/05/2026 - 21:07:38,19.34,100.00,1019.09,4.10,98.00
Sat 30/05/2026 - 21:08:12,19.34,100.00,1019.06,4.10,98.00
Sat 30/05/2026 - 21:08:46,19.32,100.00,1019.08,4.10,98.00
Sat 30/05/2026 - 21:09:20,19.33,100.00,1019.15,4.10,98.00
Sat 30/05/2026 - 21:09:54,19.31,100.00,1019.17,4.10,98.00
Sat 30/05/2026 - 21:10:28,19.30,100.00,1019.10,4.10,98.00
Sat 30/05/2026 - 21:11:02,19.29,100.00,1019.20,4.10,98.00
Sat 30/05/2026 - 21:11:36,19.28,100.00,1019.06,4.10,98.00
Sat 30/05/2026 - 21:12:10,19.28,100.00,1019.09,4.10,98.00
Sat 30/05/2026 - 21:12:44,19.27,100.00,1019.08,4.10,98.00
Sat 30/05/2026 - 21:13:18,19.26,100.00,1019.09,4.10,98.00
Sat 30/05/2026 - 21:13:52,19.26,100.00,1019.03,4.10,98.00
Sat 30/05/2026 - 21:14:26,19.25,100.00,1019.07,4.10,98.00
Sat 30/05/2026 - 21:15:00,19.25,100.00,1019.08,4.10,98.00
Sat 30/05/2026 - 21:15:34,19.25,100.00,1019.01,4.10,98.00
Sat 30/05/2026 - 21:16:08,19.25,100.00,1019.12,4.10,98.00
Sat 30/05/2026 - 21:16:42,19.23,100.00,1019.03,4.10,98.00
Sat 30/05/2026 - 21:17:16,19.22,100.00,1019.01,4.10,98.00
Sat 30/05/2026 - 21:17:50,19.23,100.00,1019.09,4.10,98.00
Sat 30/05/2026 - 21:18:24,19.22,100.00,1019.08,4.10,98.00
Sat 30/05/2026 - 21:18:58,19.23,100.00,1019.09,4.10,98.00
Sat 30/05/2026 - 21:19:32,19.22,100.00,1019.16,4.10,98.00
Sat 30/05/2026 - 21:20:06,19.22,100.00,1019.10,4.09,97.00
Sat 30/05/2026 - 21:20:40,19.22,100.00,1019.04,4.10,98.00
Sat 30/05/2026 - 21:21:14,19.22,100.00,1019.16,4.10,98.00
Sat 30/05/2026 - 21:21:48,19.21,100.00,1019.14,4.10,98.00
Sat 30/05/2026 - 21:22:22,19.21,100.00,1019.13,4.10,98.00
Sat 30/05/2026 - 21:22:56,19.21,100.00,1019.21,4.10,98.00
Sat 30/05/2026 - 21:23:30,19.21,100.00,1019.11,4.10,98.00
Sat 30/05/2026 - 21:24:04,19.21,100.00,1019.16,4.10,98.00
Sat 30/05/2026 - 21:24:38,19.21,100.00,1019.11,4.10,98.00
Sat 30/05/2026 - 21:25:12,19.21,100.00,1019.14,4.10,98.00
Sat 30/05/2026 - 21:25:46,19.20,100.00,1019.25,4.10,98.00
Sat 30/05/2026 - 21:26:20,19.20,100.00,1019.10,4.10,98.00
Sat 30/05/2026 - 21:26:54,19.21,100.00,1019.14,4.10,98.00
Sat 30/05/2026 - 21:27:28,19.21,100.00,1019.13,4.10,98.00
Sat 30/05/2026 - 21:28:02,19.20,100.00,1019.10,4.10,98.00
Sat 30/05/2026 - 21:28:36,19.21,100.00,1019.14,4.10,98.00
Sat 30/05/2026 - 21:29:10,19.21,100.00,1019.11,4.10,98.00
Sat 30/05/2026 - 21:29:44,19.20,100.00,1019.15,4.10,98.00
Sat 30/05/2026 - 21:30:18,19.21,100.00,1019.13,4.10,98.00
Sat 30/05/2026 - 21:30:52,19.20,100.00,1019.12,4.10,98.00
Sat 30/05/2026 - 21:31:26,19.20,100.00,1019.17,4.09,97.00
Sat 30/05/2026 - 21:32:00,19.20,100.00,1019.12,4.10,98.00
Sat 30/05/2026 - 21:32:34,19.20,100.00,1019.12,4.10,98.00
Sat 30/05/2026 - 21:33:08,19.21,100.00,1019.13,4.09,97.00
Sat 30/05/2026 - 21:33:42,19.20,100.00,1019.18,4.10,98.00
Sat 30/05/2026 - 21:34:16,19.21,100.00,1019.16,4.10,98.00
Sat 30/05/2026 - 21:34:50,19.21,100.00,1019.08,4.10,98.00
Sat 30/05/2026 - 21:35:24,19.21,100.00,1019.11,4.09,97.00
Sat 30/05/2026 - 21:35:58,19.21,100.00,1019.13,4.10,98.00
Sat 30/05/2026 - 21:36:32,19.21,100.00,1019.16,4.10,98.00
Sat 30/05/2026 - 21:37:06,19.21,100.00,1019.14,4.10,98.00
Sat 30/05/2026 - 21:37:39,19.21,100.00,1019.16,4.10,98.00
Sat 30/05/2026 - 21:38:13,19.20,100.00,1019.20,4.10,98.00
Sat 30/05/2026 - 21:38:47,19.21,100.00,1019.21,4.10,98.00
Sat 30/05/2026 - 21:39:21,19.19,100.00,1019.13,4.10,98.00
Sat 30/05/2026 - 21:39:55,19.20,100.00,1019.20,4.09,97.00
Sat 30/05/2026 - 21:40:29,19.19,100.00,1019.23,4.09,97.00
Sat 30/05/2026 - 21:41:03,19.18,100.00,1019.17,4.09,97.00
Sat 30/05/2026 - 21:41:37,19.17,100.00,1019.16,4.10,98.00
Sat 30/05/2026 - 21:42:11,19.17,100.00,1019.17,4.09,97.00
Sat 30/05/2026 - 21:42:45,19.17,100.00,1019.15,4.09,97.00
Sat 30/05/2026 - 21:43:19,19.17,100.00,1019.20,4.09,97.00
Sat 30/05/2026 - 21:43:53,19.16,100.00,1019.22,4.09,97.00
Sat 30/05/2026 - 21:44:27,19.17,100.00,1019.09,4.09,97.00
Sat 30/05/2026 - 21:45:01,19.17,100.00,1019.14,4.09,97.00
Sat 30/05/2026 - 21:45:35,19.17,100.00,1019.07,4.09,97.00
Sat 30/05/2026 - 21:46:09,19.17,100.00,1019.15,4.09,97.00
Sat 30/05/2026 - 21:46:43,19.17,100.00,1019.16,4.09,97.00
Sat 30/05/2026 - 21:47:17,19.17,100.00,1019.15,4.09,97.00
Sat 30/05/2026 - 21:47:51,19.17,100.00,1019.08,4.09,97.00
Sat 30/05/2026 - 21:48:25,19.17,100.00,1019.08,4.09,97.00
Sat 30/05/2026 - 21:48:59,19.17,100.00,1019.05,4.09,97.00
Sat 30/05/2026 - 21:49:33,19.17,100.00,1019.02,4.09,97.00
Sat 30/05/2026 - 21:50:07,19.18,100.00,1019.06,4.09,97.00
Sat 30/05/2026 - 21:50:41,19.17,100.00,1019.05,4.09,97.00
Sat 30/05/2026 - 21:51:15,19.19,100.00,1019.07,4.09,97.00
Sat 30/05/2026 - 21:51:49,19.19,100.00,1019.13,4.09,97.00
Sat 30/05/2026 - 21:52:23,19.19,100.00,1019.04,4.09,97.00
Sat 30/05/2026 - 21:52:57,19.19,100.00,1019.07,4.09,97.00
Sat 30/05/2026 - 21:53:31,19.17,100.00,1019.08,4.09,97.00
Sat 30/05/2026 - 21:54:05,19.19,100.00,1019.13,4.09,97.00
Sat 30/05/2026 - 21:54:39,19.19,100.00,1019.13,4.09,97.00
Sat 30/05/2026 - 21:55:13,19.19,100.00,1019.07,4.09,97.00
Sat 30/05/2026 - 21:55:47,19.19,100.00,1019.13,4.09,97.00
Sat 30/05/2026 - 21:56:21,19.19,100.00,1019.19,4.09,97.00
Sat 30/05/2026 - 21:56:55,19.19,100.00,1019.13,4.09,97.00
Sat 30/05/2026 - 21:57:29,19.20,100.00,1019.12,4.09,97.00
Sat 30/05/2026 - 21:58:03,19.19,100.00,1019.07,4.09,97.00
Sat 30/05/2026 - 21:58:37,19.20,100.00,1019.09,4.09,97.00
Sat 30/05/2026 - 21:59:11,19.20,100.00,1019.20,4.09,97.00
Sat 30/05/2026 - 21:59:45,19.20,100.00,1019.20,4.09,97.00
Sat 30/05/2026 - 22:00:19,19.20,100.00,1019.17,4.09,97.00
Sat 30/05/2026 - 22:00:53,19.20,100.00,1019.17,4.09,97.00
Sat 30/05/2026 - 22:01:27,19.20,100.00,1019.12,4.09,97.00
Sat 30/05/2026 - 22:02:01,19.20,100.00,1019.20,4.09,97.00
Sat 30/05/2026 - 22:02:35,19.20,100.00,1019.12,4.09,97.00
Sat 30/05/2026 - 22:03:09,19.21,100.00,1019.21,4.09,97.00
Sat 30/05/2026 - 22:03:43,19.20,100.00,1019.20,4.09,97.00
Sat 30/05/2026 - 22:04:17,19.20,100.00,1019.21,4.09,97.00
Sat 30/05/2026 - 22:04:51,19.20,100.00,1019.23,4.09,97.00
Sat 30/05/2026 - 22:05:25,19.20,100.00,1019.15,4.09,97.00
Sat 30/05/2026 - 22:05:59,19.20,100.00,1019.12,4.09,97.00
Sat 30/05/2026 - 22:06:33,19.20,100.00,1019.15,4.09,97.00
Sat 30/05/2026 - 22:07:07,19.21,100.00,1019.17,4.09,97.00
Sat 30/05/2026 - 22:07:41,19.22,100.00,1019.19,4.09,97.00
Sat 30/05/2026 - 22:08:15,19.23,100.00,1019.14,4.09,97.00
Sat 30/05/2026 - 22:08:49,19.23,100.00,1019.20,4.09,97.00
Sat 30/05/2026 - 22:09:23,19.24,100.00,1019.19,4.09,97.00
Sat 30/05/2026 - 22:09:57,19.25,100.00,1019.26,4.09,97.00
Sat 30/05/2026 - 22:10:30,19.24,100.00,1019.21,4.09,97.00
Sat 30/05/2026 - 22:11:04,19.26,100.00,1019.22,4.09,97.00
Sat 30/05/2026 - 22:11:38,19.26,100.00,1019.25,4.09,97.00
Sat 30/05/2026 - 22:12:13,19.26,100.00,1019.25,4.09,97.00
Sat 30/05/2026 - 22:12:47,19.25,100.00,1019.24,4.09,97.00
Sat 30/05/2026 - 22:13:21,19.27,100.00,1019.21,4.09,97.00
Sat 30/05/2026 - 22:13:55,19.27,100.00,1019.26,4.09,97.00
Sat 30/05/2026 - 22:14:29,19.27,100.00,1019.16,4.09,97.00
Sat 30/05/2026 - 22:15:02,19.29,100.00,1019.19,4.09,97.00
Sat 30/05/2026 - 22:15:36,19.28,100.00,1019.17,4.09,97.00
Sat 30/05/2026 - 22:16:10,19.29,100.00,1019.19,4.09,97.00
Sat 30/05/2026 - 22:16:44,19.30,100.00,1019.15,4.09,97.00
Sat 30/05/2026 - 22:17:18,19.28,100.00,1019.18,4.09,97.00
Sat 30/05/2026 - 22:17:52,19.28,100.00,1019.21,4.09,97.00
Sat 30/05/2026 - 22:18:26,19.30,100.00,1019.21,4.09,97.00
Sat 30/05/2026 - 22:19:00,19.31,100.00,1019.17,4.09,97.00
Sat 30/05/2026 - 22:19:34,19.31,100.00,1019.17,4.09,97.00
Sat 30/05/2026 - 22:20:08,19.30,100.00,1019.15,4.09,97.00
Sat 30/05/2026 - 22:20:42,19.32,100.00,1019.19,4.09,97.00
Sat 30/05/2026 - 22:21:16,19.32,100.00,1019.24,4.09,97.00
Sat 30/05/2026 - 22:21:50,19.31,100.00,1019.12,4.09,97.00
Sat 30/05/2026 - 22:22:24,19.33,100.00,1019.10,4.09,97.00
Sat 30/05/2026 - 22:22:58,19.33,100.00,1019.08,4.09,97.00
Sat 30/05/2026 - 22:23:32,19.33,100.00,1019.10,4.09,97.00
Sat 30/05/2026 - 22:24:06,19.31,100.00,1019.02,4.09,97.00
Sat 30/05/2026 - 22:24:40,19.32,100.00,1019.06,4.09,97.00
Sat 30/05/2026 - 22:25:14,19.33,100.00,1019.08,4.09,97.00
Sat 30/05/2026 - 22:25:48,19.34,100.00,1019.11,4.09,97.00
Sat 30/05/2026 - 22:26:22,19.34,100.00,1019.06,4.09,97.00
Sat 30/05/2026 - 22:26:56,19.35,100.00,1019.10,4.09,97.00
Sat 30/05/2026 - 22:27:30,19.35,100.00,1019.13,4.09,97.00
Sat 30/05/2026 - 22:28:04,19.35,100.00,1019.05,4.09,97.00
Sat 30/05/2026 - 22:28:38,19.35,100.00,1019.13,4.09,97.00
Sat 30/05/2026 - 22:29:12,19.35,100.00,1019.08,4.09,97.00
Sat 30/05/2026 - 22:29:46,19.35,100.00,1019.19,4.09,97.00
Sat 30/05/2026 - 22:30:20,19.35,100.00,1019.10,4.09,97.00
Sat 30/05/2026 - 22:30:54,19.35,100.00,1019.14,4.09,97.00
Sat 30/05/2026 - 22:31:28,19.35,100.00,1019.11,4.09,97.00
Sat 30/05/2026 - 22:32:02,19.35,100.00,1018.98,4.09,97.00
Sat 30/05/2026 - 22:32:36,19.35,100.00,1019.14,4.09,97.00
Sat 30/05/2026 - 22:33:10,19.36,100.00,1019.09,4.09,97.00
Sat 30/05/2026 - 22:33:44,19.35,100.00,1019.05,4.09,97.00
Sat 30/05/2026 - 22:34:18,19.36,100.00,1019.07,4.09,97.00
Sat 30/05/2026 - 22:34:52,19.35,100.00,1019.10,4.09,97.00
Sat 30/05/2026 - 22:35:26,19.36,100.00,1019.09,4.09,97.00
Sat 30/05/2026 - 22:36:00,19.36,100.00,1019.09,4.09,97.00
Sat 30/05/2026 - 22:36:34,19.36,100.00,1019.14,4.09,97.00
Sat 30/05/2026 - 22:37:08,19.36,100.00,1019.13,4.09,97.00
Sat 30/05/2026 - 22:37:42,19.36,100.00,1019.13,4.09,97.00
Sat 30/05/2026 - 22:38:16,19.35,100.00,1019.13,4.09,97.00
Sat 30/05/2026 - 22:38:50,19.35,100.00,1019.18,4.09,97.00
Sat 30/05/2026 - 22:39:24,19.36,100.00,1019.15,4.09,97.00
Sat 30/05/2026 - 22:39:58,19.36,100.00,1019.23,4.09,97.00
Sat 30/05/2026 - 22:40:32,19.36,100.00,1019.20,4.09,97.00
Sat 30/05/2026 - 22:41:06,19.35,100.00,1019.22,4.09,97.00
Sat 30/05/2026 - 22:41:40,19.36,100.00,1019.20,4.09,97.00
Sat 30/05/2026 - 22:42:14,19.35,100.00,1019.16,4.09,97.00
Sat 30/05/2026 - 22:42:48,19.36,100.00,1019.26,4.09,97.00
Sat 30/05/2026 - 22:43:22,19.34,100.00,1019.18,4.09,97.00
Sat 30/05/2026 - 22:43:56,19.34,100.00,1019.19,4.09,97.00
Sat 30/05/2026 - 22:44:30,19.34,100.00,1019.17,4.09,97.00
Sat 30/05/2026 - 22:45:04,19.34,100.00,1019.20,4.09,97.00
Sat 30/05/2026 - 22:45:38,19.34,100.00,1019.11,4.09,97.00
Sat 30/05/2026 - 22:46:12,19.34,100.00,1019.23,4.09,97.00
Sat 30/05/2026 - 22:46:46,19.34,100.00,1019.23,4.09,97.00
Sat 30/05/2026 - 22:47:19,19.34,100.00,1019.28,4.09,97.00
Sat 30/05/2026 - 22:47:53,19.34,100.00,1019.14,4.09,97.00
Sat 30/05/2026 - 22:48:27,19.34,100.00,1019.11,4.09,97.00
Sat 30/05/2026 - 22:49:01,19.34,100.00,1019.22,4.09,97.00
Sat 30/05/2026 - 22:49:35,19.34,100.00,1019.09,4.09,97.00
Sat 30/05/2026 - 22:50:09,19.34,100.00,1019.20,4.09,97.00
Sat 30/05/2026 - 22:50:43,19.33,100.00,1019.04,4.09,97.00
Sat 30/05/2026 - 22:51:17,19.32,100.00,1019.08,4.09,97.00
Sat 30/05/2026 - 22:51:51,19.33,100.00,1019.19,4.09,97.00
Sat 30/05/2026 - 22:52:25,19.32,100.00,1019.08,4.08,97.00
Sat 30/05/2026 - 22:52:59,19.32,100.00,1019.20,4.09,97.00
Sat 30/05/2026 - 22:53:33,19.31,100.00,1019.17,4.09,97.00
Sat 30/05/2026 - 22:54:07,19.32,100.00,1019.20,4.09,97.00
Sat 30/05/2026 - 22:54:41,19.31,100.00,1019.17,4.09,97.00
Sat 30/05/2026 - 22:55:15,19.30,100.00,1019.18,4.09,97.00
Sat 30/05/2026 - 22:55:49,19.31,100.00,1019.18,4.09,97.00
Sat 30/05/2026 - 22:56:23,19.29,100.00,1019.09,4.09,97.00
Sat 30/05/2026 - 22:56:57,19.31,100.00,1019.22,4.09,97.00
Sat 30/05/2026 - 22:57:31,19.31,100.00,1019.28,4.09,97.00
Sat 30/05/2026 - 22:58:05,19.29,100.00,1019.19,4.09,97.00
Sat 30/05/2026 - 22:58:39,19.29,100.00,1019.25,4.09,97.00
Sat 30/05/2026 - 22:59:13,19.29,100.00,1019.23,4.09,97.00
Sat 30/05/2026 - 22:59:47,19.29,100.00,1019.20,4.08,97.00
Sat 30/05/2026 - 23:00:21,19.30,100.00,1019.26,4.09,97.00
Sat 30/05/2026 - 23:00:55,19.29,100.00,1019.22,4.09,97.00
Sat 30/05/2026 - 23:01:29,19.29,100.00,1019.30,4.09,97.00
Sat 30/05/2026 - 23:02:03,19.29,100.00,1019.24,4.09,97.00
Sat 30/05/2026 - 23:02:37,19.28,100.00,1019.23,4.09,97.00
Sat 30/05/2026 - 23:03:11,19.28,100.00,1019.12,4.09,97.00
Sat 30/05/2026 - 23:03:45,19.28,100.00,1019.17,4.09,97.00
Sat 30/05/2026 - 23:04:19,19.28,100.00,1019.15,4.09,97.00
Sat 30/05/2026 - 23:04:53,19.28,100.00,1019.13,4.08,97.00
Sat 30/05/2026 - 23:05:27,19.28,100.00,1019.20,4.08,97.00
Sat 30/05/2026 - 23:06:01,19.27,100.00,1019.16,4.09,97.00
Sat 30/05/2026 - 23:06:35,19.27,100.00,1019.16,4.08,97.00
Sat 30/05/2026 - 23:07:09,19.27,100.00,1019.16,4.08,97.00
Sat 30/05/2026 - 23:07:43,19.27,100.00,1019.18,4.09,97.00
Sat 30/05/2026 - 23:08:17,19.27,100.00,1019.24,4.08,97.00
Sat 30/05/2026 - 23:08:51,19.27,100.00,1019.24,4.08,97.00
Sat 30/05/2026 - 23:09:25,19.27,100.00,1019.24,4.08,97.00
Sat 30/05/2026 - 23:09:59,19.27,100.00,1019.18,4.08,97.00
Sat 30/05/2026 - 23:10:33,19.26,100.00,1019.16,4.09,97.00
Sat 30/05/2026 - 23:11:07,19.26,100.00,1019.19,4.09,97.00
Sat 30/05/2026 - 23:11:41,19.25,100.00,1019.17,4.08,97.00
Sat 30/05/2026 - 23:12:15,19.25,100.00,1019.24,4.08,97.00
Sat 30/05/2026 - 23:12:49,19.25,100.00,1019.16,4.08,97.00
Sat 30/05/2026 - 23:13:23,19.26,100.00,1019.22,4.08,97.00
Sat 30/05/2026 - 23:13:57,19.25,100.00,1019.23,4.08,97.00
Sat 30/05/2026 - 23:14:31,19.24,100.00,1019.17,4.08,97.00
Sat 30/05/2026 - 23:15:05,19.24,100.00,1019.16,4.08,97.00
Sat 30/05/2026 - 23:15:39,19.24,100.00,1019.16,4.09,97.00
Sat 30/05/2026 - 23:16:13,19.24,100.00,1019.22,4.08,97.00
Sat 30/05/2026 - 23:16:47,19.24,100.00,1019.22,4.08,97.00
Sat 30/05/2026 - 23:17:21,19.24,100.00,1019.24,4.08,97.00
Sat 30/05/2026 - 23:17:55,19.24,100.00,1019.24,4.08,97.00
Sat 30/05/2026 - 23:18:29,19.23,100.00,1019.19,4.08,97.00
Sat 30/05/2026 - 23:19:03,19.24,100.00,1019.16,4.08,97.00
Sat 30/05/2026 - 23:19:37,19.22,100.00,1019.10,4.08,97.00
Sat 30/05/2026 - 23:20:11,19.23,100.00,1019.19,4.08,97.00
Sat 30/05/2026 - 23:20:45,19.22,100.00,1019.12,4.08,97.00
Sat 30/05/2026 - 23:21:19,19.22,100.00,1019.13,4.08,97.00
Sat 30/05/2026 - 23:21:52,19.22,100.00,1019.12,4.08,97.00
Sat 30/05/2026 - 23:22:26,19.21,100.00,1019.03,4.08,97.00
Sat 30/05/2026 - 23:23:00,19.21,100.00,1019.06,4.08,97.00
Sat 30/05/2026 - 23:23:34,19.22,100.00,1019.12,4.08,97.00
Sat 30/05/2026 - 23:24:08,19.21,100.00,1019.05,4.08,97.00
Sat 30/05/2026 - 23:24:42,19.21,100.00,1019.11,4.08,97.00
Sat 30/05/2026 - 23:25:16,19.20,100.00,1019.09,4.08,97.00
Sat 30/05/2026 - 23:25:50,19.21,100.00,1019.16,4.08,97.00
Sat 30/05/2026 - 23:26:24,19.20,100.00,1018.99,4.08,97.00
Sat 30/05/2026 - 23:26:58,19.20,100.00,1019.03,4.08,97.00
Sat 30/05/2026 - 23:27:32,19.20,100.00,1019.10,4.08,97.00
Sat 30/05/2026 - 23:28:06,19.19,100.00,1019.08,4.08,97.00
Sat 30/05/2026 - 23:28:40,19.19,100.00,1019.03,4.08,97.00
Sat 30/05/2026 - 23:29:14,19.19,100.00,1019.13,4.08,97.00
Sat 30/05/2026 - 23:29:48,19.20,100.00,1019.09,4.08,97.00
Sat 30/05/2026 - 23:30:22,19.19,100.00,1019.11,4.08,97.00
Sat 30/05/2026 - 23:30:56,19.19,100.00,1019.07,4.08,97.00
Sat 30/05/2026 - 23:31:30,19.20,100.00,1019.09,4.08,97.00
Sat 30/05/2026 - 23:32:04,19.17,100.00,1019.05,4.08,97.00
Sat 30/05/2026 - 23:32:38,19.19,100.00,1019.10,4.08,97.00
Sat 30/05/2026 - 23:33:12,19.19,100.00,1019.11,4.08,97.00
Sat 30/05/2026 - 23:33:46,19.19,100.00,1019.04,4.08,97.00
Sat 30/05/2026 - 23:34:20,19.18,100.00,1019.06,4.08,97.00
Sat 30/05/2026 - 23:34:54,19.18,100.00,1019.12,4.08,97.00
Sat 30/05/2026 - 23:35:28,19.17,100.00,1019.16,4.08,97.00
Sat 30/05/2026 - 23:36:02,19.18,100.00,1019.06,4.08,97.00
Sat 30/05/2026 - 23:36:36,19.18,100.00,1018.98,4.08,97.00
Sat 30/05/2026 - 23:37:10,19.18,100.00,1019.01,4.08,97.00
Sat 30/05/2026 - 23:37:44,19.17,100.00,1019.05,4.08,97.00
Sat 30/05/2026 - 23:38:18,19.19,100.00,1019.02,4.08,97.00
Sat 30/05/2026 - 23:38:52,19.19,100.00,1019.04,4.08,97.00
Sat 30/05/2026 - 23:39:26,19.18,100.00,1019.01,4.08,97.00
Sat 30/05/2026 - 23:40:00,19.19,100.00,1019.02,4.08,97.00
Sat 30/05/2026 - 23:40:34,19.19,100.00,1018.96,4.08,97.00
Sat 30/05/2026 - 23:41:08,19.20,100.00,1019.03,4.08,97.00
Sat 30/05/2026 - 23:41:42,19.19,100.00,1018.99,4.08,97.00
Sat 30/05/2026 - 23:42:16,19.19,100.00,1018.96,4.08,97.00
Sat 30/05/2026 - 23:42:50,19.19,100.00,1018.99,4.08,97.00
Sat 30/05/2026 - 23:43:24,19.19,100.00,1018.96,4.08,97.00
Sat 30/05/2026 - 23:43:58,19.19,100.00,1018.94,4.08,97.00
Sat 30/05/2026 - 23:44:32,19.18,100.00,1018.95,4.08,97.00
Sat 30/05/2026 - 23:45:06,19.18,100.00,1018.90,4.08,97.00
Sat 30/05/2026 - 23:45:40,19.17,100.00,1018.97,4.08,97.00
Sat 30/05/2026 - 23:46:14,19.17,100.00,1018.89,4.08,97.00
Sat 30/05/2026 - 23:46:48,19.19,100.00,1018.91,4.08,97.00
Sat 30/05/2026 - 23:47:22,19.19,100.00,1018.96,4.08,97.00
Sat 30/05/2026 - 23:47:56,19.19,100.00,1018.96,4.08,97.00
Sat 30/05/2026 - 23:48:30,19.19,100.00,1018.97,4.08,97.00
Sat 30/05/2026 - 23:49:04,19.17,100.00,1018.89,4.08,97.00
Sat 30/05/2026 - 23:49:38,19.19,100.00,1018.94,4.08,97.00
Sat 30/05/2026 - 23:50:12,19.19,100.00,1019.02,4.08,97.00
Sat 30/05/2026 - 23:50:46,19.19,100.00,1018.99,4.08,97.00
Sat 30/05/2026 - 23:51:20,19.19,100.00,1019.02,4.08,97.00
Sat 30/05/2026 - 23:51:54,19.19,100.00,1018.99,4.08,97.00
Sat 30/05/2026 - 23:52:28,19.18,100.00,1018.98,4.08,97.00
Sat 30/05/2026 - 23:53:02,19.19,100.00,1018.96,4.08,97.00
Sat 30/05/2026 - 23:53:36,19.19,100.00,1018.96,4.08,97.00
Sat 30/05/2026 - 23:54:10,19.19,100.00,1018.96,4.08,97.00
Sat 30/05/2026 - 23:54:44,19.17,100.00,1018.92,4.08,97.00
Sat 30/05/2026 - 23:55:18,19.19,100.00,1018.96,4.08,97.00
Sat 30/05/2026 - 23:55:52,19.19,100.00,1018.91,4.08,97.00
Sat 30/05/2026 - 23:56:26,19.19,100.00,1018.86,4.08,97.00
Sat 30/05/2026 - 23:56:59,19.19,100.00,1018.88,4.08,97.00
Sat 30/05/2026 - 23:57:33,19.19,100.00,1018.94,4.08,97.00
Sat 30/05/2026 - 23:58:07,19.19,100.00,1018.88,4.08,97.00
Sat 30/05/2026 - 23:58:41,19.19,100.00,1018.91,4.08,97.00
Sat 30/05/2026 - 23:59:15,19.19,100.00,1018.86,4.08,97.00
Sat 30/05/2026 - 23:59:49,19.17,100.00,1018.84,4.08,97.00
