Sun 24/05/2026 - 00:00:30,18.77,100.00,1023.90,4.08,97.00
Sun 24/05/2026 - 00:01:04,18.76,100.00,1023.98,4.08,97.00
Sun 24/05/2026 - 00:01:38,18.76,100.00,1023.91,4.08,97.00
Sun 24/05/2026 - 00:02:12,18.76,100.00,1024.03,4.08,97.00
Sun 24/05/2026 - 00:02:46,18.76,100.00,1023.95,4.08,97.00
Sun 24/05/2026 - 00:03:20,18.76,100.00,1024.00,4.07,97.00
Sun 24/05/2026 - 00:03:54,18.75,100.00,1023.99,4.08,97.00
Sun 24/05/2026 - 00:04:28,18.77,100.00,1024.01,4.08,97.00
Sun 24/05/2026 - 00:05:02,18.76,100.00,1023.97,4.08,97.00
Sun 24/05/2026 - 00:05:36,18.76,100.00,1023.91,4.07,97.00
Sun 24/05/2026 - 00:06:10,18.76,100.00,1024.03,4.07,97.00
Sun 24/05/2026 - 00:06:44,18.76,100.00,1023.97,4.08,97.00
Sun 24/05/2026 - 00:07:18,18.76,100.00,1023.97,4.08,97.00
Sun 24/05/2026 - 00:07:51,18.76,100.00,1023.95,4.07,97.00
Sun 24/05/2026 - 00:08:25,18.75,100.00,1024.03,4.07,97.00
Sun 24/05/2026 - 00:08:59,18.75,100.00,1024.04,4.07,97.00
Sun 24/05/2026 - 00:09:33,18.75,100.00,1024.06,4.07,97.00
Sun 24/05/2026 - 00:10:07,18.75,100.00,1024.01,4.08,97.00
Sun 24/05/2026 - 00:10:41,18.74,100.00,1024.05,4.07,97.00
Sun 24/05/2026 - 00:11:15,18.74,100.00,1024.08,4.07,97.00
Sun 24/05/2026 - 00:11:49,18.74,100.00,1024.02,4.07,97.00
Sun 24/05/2026 - 00:12:23,18.74,100.00,1023.96,4.08,97.00
Sun 24/05/2026 - 00:12:57,18.74,100.00,1024.05,4.07,97.00
Sun 24/05/2026 - 00:13:31,18.75,100.00,1024.07,4.07,97.00
Sun 24/05/2026 - 00:14:05,18.74,100.00,1024.09,4.08,97.00
Sun 24/05/2026 - 00:14:39,18.74,100.00,1024.00,4.08,97.00
Sun 24/05/2026 - 00:15:13,18.74,100.00,1024.07,4.07,97.00
Sun 24/05/2026 - 00:15:47,18.74,100.00,1024.02,4.08,97.00
Sun 24/05/2026 - 00:16:21,18.72,100.00,1024.02,4.07,97.00
Sun 24/05/2026 - 00:16:55,18.73,100.00,1024.06,4.07,97.00
Sun 24/05/2026 - 00:17:29,18.72,100.00,1024.04,4.07,97.00
Sun 24/05/2026 - 00:18:03,18.73,100.00,1024.03,4.07,97.00
Sun 24/05/2026 - 00:18:37,18.72,100.00,1024.04,4.08,97.00
Sun 24/05/2026 - 00:19:11,18.72,100.00,1024.04,4.07,97.00
Sun 24/05/2026 - 00:19:45,18.71,100.00,1024.05,4.07,97.00
Sun 24/05/2026 - 00:20:19,18.71,100.00,1023.97,4.08,97.00
Sun 24/05/2026 - 00:20:53,18.72,100.00,1024.02,4.07,97.00
Sun 24/05/2026 - 00:21:27,18.71,100.00,1024.08,4.07,97.00
Sun 24/05/2026 - 00:22:01,18.70,100.00,1024.03,4.07,97.00
Sun 24/05/2026 - 00:22:35,18.70,100.00,1024.01,4.07,97.00
Sun 24/05/2026 - 00:23:09,18.70,100.00,1023.98,4.07,97.00
Sun 24/05/2026 - 00:23:43,18.70,100.00,1024.03,4.07,97.00
Sun 24/05/2026 - 00:24:17,18.69,100.00,1024.08,4.07,97.00
Sun 24/05/2026 - 00:24:51,18.70,100.00,1024.09,4.07,97.00
Sun 24/05/2026 - 00:25:25,18.69,100.00,1024.08,4.07,97.00
Sun 24/05/2026 - 00:25:59,18.68,100.00,1024.04,4.07,97.00
Sun 24/05/2026 - 00:26:33,18.69,100.00,1024.07,4.07,97.00
Sun 24/05/2026 - 00:27:07,18.68,100.00,1024.05,4.07,97.00
Sun 24/05/2026 - 00:27:41,18.68,100.00,1024.08,4.07,97.00
Sun 24/05/2026 - 00:28:15,18.69,100.00,1024.07,4.07,97.00
Sun 24/05/2026 - 00:28:49,18.68,100.00,1024.11,4.07,97.00
Sun 24/05/2026 - 00:29:23,18.68,100.00,1024.11,4.07,97.00
Sun 24/05/2026 - 00:29:56,18.67,100.00,1024.07,4.07,97.00
Sun 24/05/2026 - 00:30:30,18.67,100.00,1024.09,4.07,97.00
Sun 24/05/2026 - 00:31:04,18.67,100.00,1024.09,4.07,97.00
Sun 24/05/2026 - 00:31:38,18.67,100.00,1024.09,4.07,97.00
Sun 24/05/2026 - 00:32:12,18.66,100.00,1024.16,4.07,97.00
Sun 24/05/2026 - 00:32:46,18.66,100.00,1024.13,4.07,97.00
Sun 24/05/2026 - 00:33:20,18.67,100.00,1024.12,4.07,97.00
Sun 24/05/2026 - 00:33:54,18.66,100.00,1024.21,4.07,97.00
Sun 24/05/2026 - 00:34:28,18.65,100.00,1024.06,4.07,97.00
Sun 24/05/2026 - 00:35:02,18.66,100.00,1024.19,4.07,97.00
Sun 24/05/2026 - 00:35:36,18.66,100.00,1024.22,4.07,97.00
Sun 24/05/2026 - 00:36:10,18.65,100.00,1024.14,4.07,97.00
Sun 24/05/2026 - 00:36:44,18.65,100.00,1024.22,4.07,97.00
Sun 24/05/2026 - 00:37:18,18.64,100.00,1024.21,4.07,97.00
Sun 24/05/2026 - 00:37:52,18.63,100.00,1024.10,4.07,97.00
Sun 24/05/2026 - 00:38:26,18.64,100.00,1024.17,4.07,97.00
Sun 24/05/2026 - 00:39:00,18.63,100.00,1024.13,4.07,97.00
Sun 24/05/2026 - 00:39:34,18.63,100.00,1024.18,4.07,97.00
Sun 24/05/2026 - 00:40:08,18.63,100.00,1024.10,4.07,97.00
Sun 24/05/2026 - 00:40:42,18.62,100.00,1024.09,4.07,97.00
Sun 24/05/2026 - 00:41:16,18.62,100.00,1024.17,4.07,97.00
Sun 24/05/2026 - 00:41:50,18.62,100.00,1024.09,4.07,97.00
Sun 24/05/2026 - 00:42:24,18.61,100.00,1024.05,4.07,97.00
Sun 24/05/2026 - 00:42:58,18.61,100.00,1024.10,4.07,97.00
Sun 24/05/2026 - 00:43:32,18.61,100.00,1024.01,4.07,97.00
Sun 24/05/2026 - 00:44:06,18.61,100.00,1024.05,4.07,97.00
Sun 24/05/2026 - 00:44:40,18.61,100.00,1024.04,4.07,97.00
Sun 24/05/2026 - 00:45:14,18.61,100.00,1024.04,4.07,97.00
Sun 24/05/2026 - 00:45:48,18.60,100.00,1024.09,4.07,97.00
Sun 24/05/2026 - 00:46:22,18.61,100.00,1024.04,4.07,97.00
Sun 24/05/2026 - 00:46:56,18.60,100.00,1024.02,4.07,97.00
Sun 24/05/2026 - 00:47:30,18.60,100.00,1024.05,4.07,97.00
Sun 24/05/2026 - 00:48:04,18.59,100.00,1024.07,4.07,97.00
Sun 24/05/2026 - 00:48:38,18.60,100.00,1024.13,4.07,97.00
Sun 24/05/2026 - 00:49:12,18.59,100.00,1024.03,4.07,97.00
Sun 24/05/2026 - 00:49:46,18.59,100.00,1024.06,4.07,97.00
Sun 24/05/2026 - 00:50:20,18.59,100.00,1024.06,4.07,97.00
Sun 24/05/2026 - 00:50:54,18.58,100.00,1024.02,4.07,97.00
Sun 24/05/2026 - 00:51:28,18.58,100.00,1024.04,4.07,97.00
Sun 24/05/2026 - 00:52:02,18.57,100.00,1024.01,4.07,97.00
Sun 24/05/2026 - 00:52:36,18.58,100.00,1024.04,4.07,97.00
Sun 24/05/2026 - 00:53:10,18.58,100.00,1024.04,4.07,97.00
Sun 24/05/2026 - 00:53:44,18.56,100.00,1024.07,4.07,97.00
Sun 24/05/2026 - 00:54:18,18.57,100.00,1024.09,4.07,97.00
Sun 24/05/2026 - 00:54:52,18.57,100.00,1024.13,4.07,97.00
Sun 24/05/2026 - 00:55:26,18.57,100.00,1024.03,4.07,97.00
Sun 24/05/2026 - 00:56:00,18.56,100.00,1024.07,4.07,97.00
Sun 24/05/2026 - 00:56:34,18.56,100.00,1024.04,4.07,97.00
Sun 24/05/2026 - 00:57:08,18.56,100.00,1024.12,4.07,97.00
Sun 24/05/2026 - 00:57:41,18.55,100.00,1024.03,4.07,97.00
Sun 24/05/2026 - 00:58:15,18.57,100.00,1024.08,4.07,97.00
Sun 24/05/2026 - 00:58:49,18.55,100.00,1024.05,4.07,97.00
Sun 24/05/2026 - 00:59:23,18.54,100.00,1024.04,4.07,97.00
Sun 24/05/2026 - 00:59:57,18.55,100.00,1024.05,4.07,97.00
Sun 24/05/2026 - 01:00:31,18.54,100.00,1024.06,4.07,97.00
Sun 24/05/2026 - 01:01:05,18.55,100.00,1024.02,4.07,97.00
Sun 24/05/2026 - 01:01:39,18.54,100.00,1024.00,4.07,97.00
Sun 24/05/2026 - 01:02:13,18.54,100.00,1024.06,4.07,97.00
Sun 24/05/2026 - 01:02:47,18.53,100.00,1024.10,4.07,97.00
Sun 24/05/2026 - 01:03:21,18.53,100.00,1024.02,4.07,97.00
Sun 24/05/2026 - 01:03:55,18.52,100.00,1024.03,4.07,97.00
Sun 24/05/2026 - 01:04:29,18.53,100.00,1023.98,4.07,97.00
Sun 24/05/2026 - 01:05:03,18.53,100.00,1024.07,4.07,97.00
Sun 24/05/2026 - 01:05:37,18.53,100.00,1024.07,4.07,97.00
Sun 24/05/2026 - 01:06:11,18.53,100.00,1024.04,4.07,97.00
Sun 24/05/2026 - 01:06:45,18.52,100.00,1024.05,4.07,97.00
Sun 24/05/2026 - 01:07:19,18.52,100.00,1024.05,4.07,97.00
Sun 24/05/2026 - 01:07:53,18.52,100.00,1024.08,4.07,97.00
Sun 24/05/2026 - 01:08:27,18.52,100.00,1024.05,4.07,97.00
Sun 24/05/2026 - 01:09:01,18.52,100.00,1024.05,4.07,97.00
Sun 24/05/2026 - 01:09:35,18.52,100.00,1023.99,4.07,97.00
Sun 24/05/2026 - 01:10:09,18.52,100.00,1024.05,4.07,97.00
Sun 24/05/2026 - 01:10:43,18.51,100.00,1024.04,4.07,97.00
Sun 24/05/2026 - 01:11:17,18.51,100.00,1024.00,4.07,97.00
Sun 24/05/2026 - 01:11:51,18.50,100.00,1023.99,4.07,97.00
Sun 24/05/2026 - 01:12:25,18.49,100.00,1023.95,4.07,97.00
Sun 24/05/2026 - 01:12:59,18.50,100.00,1023.99,4.07,97.00
Sun 24/05/2026 - 01:13:33,18.51,100.00,1024.06,4.07,97.00
Sun 24/05/2026 - 01:14:07,18.50,100.00,1023.99,4.07,97.00
Sun 24/05/2026 - 01:14:41,18.50,100.00,1023.96,4.07,97.00
Sun 24/05/2026 - 01:15:15,18.50,100.00,1024.01,4.07,97.00
Sun 24/05/2026 - 01:15:49,18.49,100.00,1024.00,4.07,97.00
Sun 24/05/2026 - 01:16:23,18.50,100.00,1024.08,4.07,97.00
Sun 24/05/2026 - 01:16:57,18.49,100.00,1023.90,4.07,97.00
Sun 24/05/2026 - 01:17:31,18.50,100.00,1024.01,4.07,97.00
Sun 24/05/2026 - 01:18:05,18.49,100.00,1024.05,4.07,97.00
Sun 24/05/2026 - 01:18:39,18.50,100.00,1024.01,4.07,97.00
Sun 24/05/2026 - 01:19:13,18.50,100.00,1024.04,4.07,97.00
Sun 24/05/2026 - 01:19:47,18.49,100.00,1023.92,4.07,97.00
Sun 24/05/2026 - 01:20:21,18.49,100.00,1023.94,4.07,97.00
Sun 24/05/2026 - 01:20:55,18.48,100.00,1023.92,4.07,97.00
Sun 24/05/2026 - 01:21:29,18.49,100.00,1024.05,4.07,97.00
Sun 24/05/2026 - 01:22:03,18.48,100.00,1023.95,4.07,97.00
Sun 24/05/2026 - 01:22:37,18.48,100.00,1023.98,4.07,97.00
Sun 24/05/2026 - 01:23:11,18.48,100.00,1023.95,4.07,97.00
Sun 24/05/2026 - 01:23:45,18.48,100.00,1023.92,4.07,97.00
Sun 24/05/2026 - 01:24:19,18.48,100.00,1023.95,4.07,97.00
Sun 24/05/2026 - 01:24:53,18.48,100.00,1023.95,4.07,97.00
Sun 24/05/2026 - 01:25:27,18.47,100.00,1023.91,4.07,97.00
Sun 24/05/2026 - 01:26:01,18.48,100.00,1023.93,4.07,97.00
Sun 24/05/2026 - 01:26:34,18.48,100.00,1023.98,4.07,97.00
Sun 24/05/2026 - 01:27:08,18.47,100.00,1023.88,4.07,97.00
Sun 24/05/2026 - 01:27:42,18.47,100.00,1023.92,4.07,97.00
Sun 24/05/2026 - 01:28:16,18.48,100.00,1023.92,4.07,97.00
Sun 24/05/2026 - 01:28:50,18.47,100.00,1023.91,4.07,97.00
Sun 24/05/2026 - 01:29:24,18.47,100.00,1023.92,4.07,97.00
Sun 24/05/2026 - 01:29:58,18.46,100.00,1023.84,4.07,97.00
Sun 24/05/2026 - 01:30:32,18.47,100.00,1023.91,4.07,97.00
Sun 24/05/2026 - 01:31:06,18.47,100.00,1023.93,4.07,97.00
Sun 24/05/2026 - 01:31:40,18.47,100.00,1023.89,4.07,97.00
Sun 24/05/2026 - 01:32:14,18.47,100.00,1023.86,4.07,97.00
Sun 24/05/2026 - 01:32:48,18.47,100.00,1023.83,4.07,97.00
Sun 24/05/2026 - 01:33:22,18.46,100.00,1023.90,4.07,97.00
Sun 24/05/2026 - 01:33:56,18.46,100.00,1023.86,4.07,97.00
Sun 24/05/2026 - 01:34:30,18.46,100.00,1023.81,4.07,97.00
Sun 24/05/2026 - 01:35:04,18.46,100.00,1023.89,4.07,97.00
Sun 24/05/2026 - 01:35:38,18.46,100.00,1023.89,4.07,97.00
Sun 24/05/2026 - 01:36:12,18.46,100.00,1023.92,4.07,97.00
Sun 24/05/2026 - 01:36:46,18.46,100.00,1023.89,4.07,97.00
Sun 24/05/2026 - 01:37:20,18.45,100.00,1023.85,4.07,97.00
Sun 24/05/2026 - 01:37:54,18.45,100.00,1023.85,4.07,97.00
Sun 24/05/2026 - 01:38:28,18.46,100.00,1023.89,4.07,97.00
Sun 24/05/2026 - 01:39:02,18.45,100.00,1023.87,4.07,97.00
Sun 24/05/2026 - 01:39:36,18.45,100.00,1023.87,4.07,97.00
Sun 24/05/2026 - 01:40:10,18.46,100.00,1023.89,4.07,97.00
Sun 24/05/2026 - 01:40:44,18.45,100.00,1023.96,4.07,97.00
Sun 24/05/2026 - 01:41:18,18.44,100.00,1023.86,4.07,97.00
Sun 24/05/2026 - 01:41:52,18.45,100.00,1023.93,4.07,97.00
Sun 24/05/2026 - 01:42:26,18.45,100.00,1023.87,4.07,97.00
Sun 24/05/2026 - 01:43:00,18.44,100.00,1023.91,4.07,97.00
Sun 24/05/2026 - 01:43:34,18.44,100.00,1023.83,4.07,97.00
Sun 24/05/2026 - 01:44:08,18.44,100.00,1023.80,4.07,97.00
Sun 24/05/2026 - 01:44:42,18.43,100.00,1023.85,4.07,97.00
Sun 24/05/2026 - 01:45:16,18.44,100.00,1023.81,4.07,97.00
Sun 24/05/2026 - 01:45:50,18.43,100.00,1023.78,4.07,97.00
Sun 24/05/2026 - 01:46:24,18.43,100.00,1023.76,4.07,97.00
Sun 24/05/2026 - 01:46:58,18.43,100.00,1023.73,4.07,97.00
Sun 24/05/2026 - 01:47:32,18.43,100.00,1023.70,4.07,97.00
Sun 24/05/2026 - 01:48:06,18.42,100.00,1023.77,4.07,97.00
Sun 24/05/2026 - 01:48:40,18.41,100.00,1023.76,4.07,97.00
Sun 24/05/2026 - 01:49:14,18.42,100.00,1023.79,4.07,97.00
Sun 24/05/2026 - 01:49:48,18.42,100.00,1023.74,4.07,97.00
Sun 24/05/2026 - 01:50:22,18.41,100.00,1023.76,4.07,97.00
Sun 24/05/2026 - 01:50:56,18.41,100.00,1023.78,4.07,97.00
Sun 24/05/2026 - 01:51:30,18.41,100.00,1023.78,4.07,97.00
Sun 24/05/2026 - 01:52:04,18.41,100.00,1023.78,4.07,97.00
Sun 24/05/2026 - 01:52:38,18.41,100.00,1023.72,4.07,97.00
Sun 24/05/2026 - 01:53:12,18.40,100.00,1023.73,4.07,97.00
Sun 24/05/2026 - 01:53:46,18.40,100.00,1023.68,4.07,97.00
Sun 24/05/2026 - 01:54:19,18.40,100.00,1023.79,4.07,97.00
Sun 24/05/2026 - 01:54:53,18.39,100.00,1023.74,4.07,97.00
Sun 24/05/2026 - 01:55:27,18.38,100.00,1023.72,4.07,97.00
Sun 24/05/2026 - 01:56:01,18.39,100.00,1023.72,4.07,97.00
Sun 24/05/2026 - 01:56:35,18.38,100.00,1023.72,4.07,97.00
Sun 24/05/2026 - 01:57:09,18.39,100.00,1023.71,4.06,97.00
Sun 24/05/2026 - 01:57:43,18.38,100.00,1023.67,4.06,97.00
Sun 24/05/2026 - 01:58:17,18.38,100.00,1023.70,4.06,97.00
Sun 24/05/2026 - 01:58:51,18.38,100.00,1023.70,4.06,97.00
Sun 24/05/2026 - 01:59:25,18.37,100.00,1023.77,4.06,97.00
Sun 24/05/2026 - 01:59:59,18.37,100.00,1023.74,4.06,97.00
Sun 24/05/2026 - 02:00:33,18.37,100.00,1023.73,4.06,97.00
Sun 24/05/2026 - 02:01:07,18.35,100.00,1023.82,4.06,97.00
Sun 24/05/2026 - 02:01:41,18.36,100.00,1023.77,4.07,97.00
Sun 24/05/2026 - 02:02:15,18.35,100.00,1023.76,4.06,97.00
Sun 24/05/2026 - 02:02:49,18.36,100.00,1023.77,4.06,97.00
Sun 24/05/2026 - 02:03:23,18.35,100.00,1023.75,4.07,97.00
Sun 24/05/2026 - 02:03:57,18.35,100.00,1023.78,4.06,97.00
Sun 24/05/2026 - 02:04:31,18.35,100.00,1023.73,4.06,97.00
Sun 24/05/2026 - 02:05:05,18.33,100.00,1023.75,4.07,97.00
Sun 24/05/2026 - 02:05:39,18.35,100.00,1023.75,4.06,97.00
Sun 24/05/2026 - 02:06:13,18.33,100.00,1023.78,4.06,97.00
Sun 24/05/2026 - 02:06:47,18.34,100.00,1023.84,4.06,97.00
Sun 24/05/2026 - 02:07:21,18.33,100.00,1023.83,4.06,97.00
Sun 24/05/2026 - 02:07:55,18.32,100.00,1023.78,4.06,97.00
Sun 24/05/2026 - 02:08:29,18.32,100.00,1023.81,4.06,97.00
Sun 24/05/2026 - 02:09:03,18.31,100.00,1023.75,4.06,97.00
Sun 24/05/2026 - 02:09:37,18.32,100.00,1023.78,4.06,97.00
Sun 24/05/2026 - 02:10:11,18.31,100.00,1023.77,4.06,97.00
Sun 24/05/2026 - 02:10:45,18.31,100.00,1023.79,4.06,97.00
Sun 24/05/2026 - 02:11:19,18.31,100.00,1023.79,4.06,97.00
Sun 24/05/2026 - 02:11:53,18.31,100.00,1023.79,4.06,97.00
Sun 24/05/2026 - 02:12:27,18.30,100.00,1023.78,4.06,97.00
Sun 24/05/2026 - 02:13:01,18.30,100.00,1023.78,4.06,97.00
Sun 24/05/2026 - 02:13:35,18.29,100.00,1023.78,4.06,97.00
Sun 24/05/2026 - 02:14:09,18.30,100.00,1023.83,4.06,97.00
Sun 24/05/2026 - 02:14:43,18.28,100.00,1023.79,4.06,97.00
Sun 24/05/2026 - 02:15:17,18.28,100.00,1023.79,4.06,97.00
Sun 24/05/2026 - 02:15:51,18.28,100.00,1023.79,4.06,97.00
Sun 24/05/2026 - 02:16:25,18.28,100.00,1023.79,4.06,97.00
Sun 24/05/2026 - 02:16:58,18.28,100.00,1023.82,4.06,97.00
Sun 24/05/2026 - 02:17:32,18.28,100.00,1023.79,4.06,97.00
Sun 24/05/2026 - 02:18:06,18.26,100.00,1023.82,4.06,97.00
Sun 24/05/2026 - 02:18:40,18.27,100.00,1023.84,4.06,97.00
Sun 24/05/2026 - 02:19:14,18.25,100.00,1023.81,4.06,97.00
Sun 24/05/2026 - 02:19:48,18.25,100.00,1023.79,4.06,97.00
Sun 24/05/2026 - 02:20:22,18.25,100.00,1023.81,4.06,97.00
Sun 24/05/2026 - 02:20:56,18.24,100.00,1023.73,4.06,97.00
Sun 24/05/2026 - 02:21:30,18.24,100.00,1023.80,4.06,97.00
Sun 24/05/2026 - 02:22:04,18.24,100.00,1023.82,4.06,97.00
Sun 24/05/2026 - 02:22:38,18.23,100.00,1023.81,4.06,97.00
Sun 24/05/2026 - 02:23:12,18.24,100.00,1023.73,4.06,97.00
Sun 24/05/2026 - 02:23:46,18.22,100.00,1023.82,4.06,97.00
Sun 24/05/2026 - 02:24:20,18.23,100.00,1023.77,4.06,97.00
Sun 24/05/2026 - 02:24:54,18.22,100.00,1023.82,4.06,97.00
Sun 24/05/2026 - 02:25:28,18.22,100.00,1023.79,4.06,97.00
Sun 24/05/2026 - 02:26:02,18.22,100.00,1023.86,4.06,97.00
Sun 24/05/2026 - 02:26:36,18.21,100.00,1023.85,4.06,97.00
Sun 24/05/2026 - 02:27:10,18.21,100.00,1023.82,4.06,97.00
Sun 24/05/2026 - 02:27:44,18.21,100.00,1023.84,4.06,97.00
Sun 24/05/2026 - 02:28:18,18.20,100.00,1023.84,4.06,97.00
Sun 24/05/2026 - 02:28:52,18.20,100.00,1023.80,4.06,97.00
Sun 24/05/2026 - 02:29:26,18.19,100.00,1023.76,4.06,97.00
Sun 24/05/2026 - 02:30:00,18.19,100.00,1023.81,4.06,97.00
Sun 24/05/2026 - 02:30:34,18.19,100.00,1023.87,4.06,97.00
Sun 24/05/2026 - 02:31:08,18.18,100.00,1023.82,4.06,97.00
Sun 24/05/2026 - 02:31:42,18.19,100.00,1023.81,4.06,97.00
Sun 24/05/2026 - 02:32:16,18.18,100.00,1023.79,4.06,97.00
Sun 24/05/2026 - 02:32:50,18.16,100.00,1023.77,4.06,97.00
Sun 24/05/2026 - 02:33:24,18.16,100.00,1023.79,4.06,97.00
Sun 24/05/2026 - 02:33:58,18.18,100.00,1023.82,4.06,97.00
Sun 24/05/2026 - 02:34:32,18.16,100.00,1023.76,4.06,97.00
Sun 24/05/2026 - 02:35:06,18.15,100.00,1023.83,4.06,97.00
Sun 24/05/2026 - 02:35:40,18.15,100.00,1023.74,4.06,97.00
Sun 24/05/2026 - 02:36:14,18.14,100.00,1023.75,4.06,97.00
Sun 24/05/2026 - 02:36:48,18.15,100.00,1023.80,4.06,97.00
Sun 24/05/2026 - 02:37:22,18.14,100.00,1023.78,4.06,97.00
Sun 24/05/2026 - 02:37:56,18.14,100.00,1023.83,4.06,97.00
Sun 24/05/2026 - 02:38:30,18.13,100.00,1023.76,4.06,97.00
Sun 24/05/2026 - 02:39:04,18.13,100.00,1023.69,4.06,97.00
Sun 24/05/2026 - 02:39:38,18.12,100.00,1023.69,4.06,97.00
Sun 24/05/2026 - 02:40:12,18.11,100.00,1023.68,4.06,97.00
Sun 24/05/2026 - 02:40:46,18.11,100.00,1023.70,4.06,97.00
Sun 24/05/2026 - 02:41:20,18.10,100.00,1023.72,4.06,97.00
Sun 24/05/2026 - 02:41:54,18.10,100.00,1023.77,4.06,97.00
Sun 24/05/2026 - 02:42:27,18.10,100.00,1023.72,4.06,97.00
Sun 24/05/2026 - 02:43:01,18.09,100.00,1023.81,4.06,97.00
Sun 24/05/2026 - 02:43:35,18.08,100.00,1023.66,4.06,97.00
Sun 24/05/2026 - 02:44:09,18.08,100.00,1023.71,4.06,97.00
Sun 24/05/2026 - 02:44:43,18.07,100.00,1023.71,4.06,97.00
Sun 24/05/2026 - 02:45:17,18.06,100.00,1023.73,4.06,97.00
Sun 24/05/2026 - 02:45:51,18.06,100.00,1023.65,4.06,97.00
Sun 24/05/2026 - 02:46:25,18.06,100.00,1023.62,4.06,97.00
Sun 24/05/2026 - 02:46:59,18.05,100.00,1023.63,4.06,97.00
Sun 24/05/2026 - 02:47:33,18.05,100.00,1023.62,4.06,97.00
Sun 24/05/2026 - 02:48:07,18.05,100.00,1023.62,4.06,97.00
Sun 24/05/2026 - 02:48:41,18.04,100.00,1023.69,4.06,97.00
Sun 24/05/2026 - 02:49:15,18.04,100.00,1023.71,4.06,97.00
Sun 24/05/2026 - 02:49:49,18.03,100.00,1023.60,4.06,97.00
Sun 24/05/2026 - 02:50:23,18.02,100.00,1023.65,4.06,97.00
Sun 24/05/2026 - 02:50:57,18.02,100.00,1023.73,4.06,97.00
Sun 24/05/2026 - 02:51:31,18.01,100.00,1023.64,4.06,97.00
Sun 24/05/2026 - 02:52:05,18.01,100.00,1023.72,4.06,97.00
Sun 24/05/2026 - 02:52:39,18.00,100.00,1023.62,4.06,97.00
Sun 24/05/2026 - 02:53:13,17.99,100.00,1023.66,4.06,97.00
Sun 24/05/2026 - 02:53:47,17.99,100.00,1023.61,4.06,97.00
Sun 24/05/2026 - 02:54:21,17.99,100.00,1023.69,4.06,97.00
Sun 24/05/2026 - 02:54:55,17.99,100.00,1023.63,4.06,97.00
Sun 24/05/2026 - 02:55:29,17.98,100.00,1023.61,4.06,97.00
Sun 24/05/2026 - 02:56:03,17.97,100.00,1023.59,4.06,97.00
Sun 24/05/2026 - 02:56:37,17.97,100.00,1023.60,4.06,97.00
Sun 24/05/2026 - 02:57:11,17.96,100.00,1023.64,4.06,97.00
Sun 24/05/2026 - 02:57:45,17.96,100.00,1023.64,4.06,97.00
Sun 24/05/2026 - 02:58:19,17.96,100.00,1023.69,4.06,97.00
Sun 24/05/2026 - 02:58:53,17.96,100.00,1023.63,4.06,97.00
Sun 24/05/2026 - 02:59:27,17.95,100.00,1023.70,4.06,97.00
Sun 24/05/2026 - 03:00:01,17.94,100.00,1023.68,4.06,97.00
Sun 24/05/2026 - 03:00:35,17.95,100.00,1023.64,4.06,97.00
Sun 24/05/2026 - 03:01:09,17.92,100.00,1023.65,4.06,97.00
Sun 24/05/2026 - 03:01:43,17.93,100.00,1023.67,4.06,97.00
Sun 24/05/2026 - 03:02:17,17.93,100.00,1023.64,4.06,97.00
Sun 24/05/2026 - 03:02:51,17.92,100.00,1023.62,4.06,97.00
Sun 24/05/2026 - 03:03:25,17.92,100.00,1023.64,4.06,97.00
Sun 24/05/2026 - 03:03:59,17.92,100.00,1023.62,4.06,97.00
Sun 24/05/2026 - 03:04:33,17.91,100.00,1023.60,4.06,97.00
Sun 24/05/2026 - 03:05:06,17.91,100.00,1023.69,4.06,97.00
Sun 24/05/2026 - 03:05:40,17.90,100.00,1023.61,4.06,97.00
Sun 24/05/2026 - 03:06:14,17.90,100.00,1023.71,4.06,97.00
Sun 24/05/2026 - 03:06:48,17.90,100.00,1023.59,4.06,97.00
Sun 24/05/2026 - 03:07:22,17.90,100.00,1023.64,4.06,97.00
Sun 24/05/2026 - 03:07:56,17.90,100.00,1023.69,4.06,97.00
Sun 24/05/2026 - 03:08:30,17.88,100.00,1023.66,4.06,97.00
Sun 24/05/2026 - 03:09:04,17.89,100.00,1023.67,4.06,97.00
Sun 24/05/2026 - 03:09:38,17.88,100.00,1023.66,4.06,97.00
Sun 24/05/2026 - 03:10:12,17.89,100.00,1023.73,4.06,97.00
Sun 24/05/2026 - 03:10:46,17.88,100.00,1023.65,4.06,97.00
Sun 24/05/2026 - 03:11:20,17.87,100.00,1023.64,4.06,97.00
Sun 24/05/2026 - 03:11:54,17.87,100.00,1023.70,4.06,97.00
Sun 24/05/2026 - 03:12:28,17.86,100.00,1023.63,4.06,97.00
Sun 24/05/2026 - 03:13:02,17.86,100.00,1023.68,4.06,97.00
Sun 24/05/2026 - 03:13:36,17.85,100.00,1023.66,4.06,97.00
Sun 24/05/2026 - 03:14:10,17.85,100.00,1023.66,4.06,97.00
Sun 24/05/2026 - 03:14:44,17.84,100.00,1023.59,4.06,97.00
Sun 24/05/2026 - 03:15:18,17.86,100.00,1023.67,4.06,97.00
Sun 24/05/2026 - 03:15:52,17.84,100.00,1023.67,4.06,97.00
Sun 24/05/2026 - 03:16:26,17.84,100.00,1023.69,4.06,97.00
Sun 24/05/2026 - 03:17:00,17.84,100.00,1023.65,4.06,97.00
Sun 24/05/2026 - 03:17:34,17.84,100.00,1023.70,4.06,97.00
Sun 24/05/2026 - 03:18:08,17.83,100.00,1023.63,4.06,97.00
Sun 24/05/2026 - 03:18:42,17.83,100.00,1023.68,4.06,97.00
Sun 24/05/2026 - 03:19:16,17.83,100.00,1023.74,4.06,97.00
Sun 24/05/2026 - 03:19:50,17.83,100.00,1023.65,4.06,97.00
Sun 24/05/2026 - 03:20:24,17.82,100.00,1023.71,4.06,97.00
Sun 24/05/2026 - 03:20:58,17.82,100.00,1023.66,4.06,97.00
Sun 24/05/2026 - 03:21:32,17.81,100.00,1023.65,4.06,97.00
Sun 24/05/2026 - 03:22:06,17.81,100.00,1023.62,4.06,97.00
Sun 24/05/2026 - 03:22:40,17.81,100.00,1023.59,4.06,97.00
Sun 24/05/2026 - 03:23:14,17.80,100.00,1023.58,4.06,97.00
Sun 24/05/2026 - 03:23:48,17.79,100.00,1023.59,4.06,97.00
Sun 24/05/2026 - 03:24:22,17.78,100.00,1023.60,4.06,97.00
Sun 24/05/2026 - 03:24:56,17.79,100.00,1023.53,4.06,97.00
Sun 24/05/2026 - 03:25:30,17.78,100.00,1023.60,4.06,97.00
Sun 24/05/2026 - 03:26:04,17.78,100.00,1023.62,4.06,97.00
Sun 24/05/2026 - 03:26:38,17.77,100.00,1023.61,4.06,97.00
Sun 24/05/2026 - 03:27:12,17.77,100.00,1023.61,4.06,97.00
Sun 24/05/2026 - 03:27:46,17.76,100.00,1023.60,4.06,97.00
Sun 24/05/2026 - 03:28:20,17.76,100.00,1023.65,4.06,97.00
Sun 24/05/2026 - 03:28:54,17.75,100.00,1023.58,4.06,97.00
Sun 24/05/2026 - 03:29:28,17.76,100.00,1023.62,4.06,97.00
Sun 24/05/2026 - 03:30:02,17.76,100.00,1023.62,4.06,97.00
Sun 24/05/2026 - 03:30:36,17.75,100.00,1023.55,4.06,97.00
Sun 24/05/2026 - 03:31:10,17.76,100.00,1023.67,4.06,97.00
Sun 24/05/2026 - 03:31:44,17.74,100.00,1023.62,4.06,97.00
Sun 24/05/2026 - 03:32:18,17.74,100.00,1023.72,4.06,97.00
Sun 24/05/2026 - 03:32:51,17.74,100.00,1023.54,4.06,97.00
Sun 24/05/2026 - 03:33:25,17.74,100.00,1023.64,4.06,97.00
Sun 24/05/2026 - 03:33:59,17.73,100.00,1023.60,4.06,97.00
Sun 24/05/2026 - 03:34:33,17.74,100.00,1023.63,4.06,97.00
Sun 24/05/2026 - 03:35:07,17.72,100.00,1023.61,4.06,97.00
Sun 24/05/2026 - 03:35:41,17.72,100.00,1023.60,4.06,97.00
Sun 24/05/2026 - 03:36:15,17.72,100.00,1023.63,4.06,97.00
Sun 24/05/2026 - 03:36:49,17.72,100.00,1023.64,4.06,97.00
Sun 24/05/2026 - 03:37:23,17.72,100.00,1023.60,4.06,97.00
Sun 24/05/2026 - 03:37:57,17.71,100.00,1023.59,4.06,97.00
Sun 24/05/2026 - 03:38:31,17.72,100.00,1023.63,4.06,97.00
Sun 24/05/2026 - 03:39:05,17.71,100.00,1023.61,4.06,97.00
Sun 24/05/2026 - 03:39:39,17.71,100.00,1023.50,4.06,97.00
Sun 24/05/2026 - 03:40:13,17.71,100.00,1023.65,4.06,97.00
Sun 24/05/2026 - 03:40:47,17.70,100.00,1023.65,4.06,97.00
Sun 24/05/2026 - 03:41:21,17.70,100.00,1023.60,4.06,97.00
Sun 24/05/2026 - 03:41:55,17.69,100.00,1023.61,4.06,97.00
Sun 24/05/2026 - 03:42:29,17.69,100.00,1023.60,4.06,97.00
Sun 24/05/2026 - 03:43:03,17.69,100.00,1023.64,4.06,97.00
Sun 24/05/2026 - 03:43:37,17.70,100.00,1023.62,4.05,97.00
Sun 24/05/2026 - 03:44:11,17.70,100.00,1023.67,4.06,97.00
Sun 24/05/2026 - 03:44:45,17.68,100.00,1023.58,4.06,97.00
Sun 24/05/2026 - 03:45:19,17.68,100.00,1023.58,4.06,97.00
Sun 24/05/2026 - 03:45:53,17.68,100.00,1023.58,4.06,97.00
Sun 24/05/2026 - 03:46:27,17.68,100.00,1023.64,4.06,97.00
Sun 24/05/2026 - 03:47:01,17.68,100.00,1023.65,4.06,97.00
Sun 24/05/2026 - 03:47:35,17.68,100.00,1023.70,4.06,97.00
Sun 24/05/2026 - 03:48:09,17.67,100.00,1023.68,4.06,97.00
Sun 24/05/2026 - 03:48:43,17.67,100.00,1023.68,4.06,97.00
Sun 24/05/2026 - 03:49:17,17.67,100.00,1023.71,4.06,97.00
Sun 24/05/2026 - 03:49:51,17.67,100.00,1023.70,4.06,97.00
Sun 24/05/2026 - 03:50:25,17.66,100.00,1023.66,4.06,97.00
Sun 24/05/2026 - 03:50:59,17.66,100.00,1023.71,4.05,97.00
Sun 24/05/2026 - 03:51:33,17.65,100.00,1023.67,4.06,97.00
Sun 24/05/2026 - 03:52:07,17.66,100.00,1023.66,4.05,97.00
Sun 24/05/2026 - 03:52:41,17.65,100.00,1023.64,4.06,97.00
Sun 24/05/2026 - 03:53:15,17.66,100.00,1023.66,4.06,97.00
Sun 24/05/2026 - 03:53:49,17.65,100.00,1023.65,4.05,97.00
Sun 24/05/2026 - 03:54:23,17.66,100.00,1023.63,4.05,97.00
Sun 24/05/2026 - 03:54:57,17.64,100.00,1023.60,4.05,97.00
Sun 24/05/2026 - 03:55:31,17.64,100.00,1023.69,4.06,97.00
Sun 24/05/2026 - 03:56:05,17.64,100.00,1023.73,4.05,97.00
Sun 24/05/2026 - 03:56:39,17.64,100.00,1023.68,4.05,97.00
Sun 24/05/2026 - 03:57:13,17.63,100.00,1023.72,4.06,97.00
Sun 24/05/2026 - 03:57:47,17.64,100.00,1023.73,4.06,97.00
Sun 24/05/2026 - 03:58:21,17.64,100.00,1023.79,4.05,97.00
Sun 24/05/2026 - 03:58:55,17.63,100.00,1023.61,4.05,97.00
Sun 24/05/2026 - 03:59:29,17.63,100.00,1023.70,4.05,97.00
Sun 24/05/2026 - 04:00:03,17.63,100.00,1023.69,4.05,97.00
Sun 24/05/2026 - 04:00:36,17.63,100.00,1023.63,4.05,97.00
Sun 24/05/2026 - 04:01:10,17.63,100.00,1023.66,4.05,97.00
Sun 24/05/2026 - 04:01:44,17.62,100.00,1023.64,4.05,97.00
Sun 24/05/2026 - 04:02:18,17.62,100.00,1023.68,4.05,97.00
Sun 24/05/2026 - 04:02:52,17.62,100.00,1023.70,4.05,97.00
Sun 24/05/2026 - 04:03:26,17.62,100.00,1023.64,4.05,97.00
Sun 24/05/2026 - 04:04:00,17.62,100.00,1023.67,4.05,97.00
Sun 24/05/2026 - 04:04:34,17.60,100.00,1023.67,4.05,97.00
Sun 24/05/2026 - 04:05:08,17.61,100.00,1023.71,4.05,97.00
Sun 24/05/2026 - 04:05:42,17.61,100.00,1023.71,4.05,97.00
Sun 24/05/2026 - 04:06:16,17.61,100.00,1023.57,4.05,97.00
Sun 24/05/2026 - 04:06:50,17.60,100.00,1023.58,4.05,97.00
Sun 24/05/2026 - 04:07:24,17.60,100.00,1023.69,4.05,97.00
Sun 24/05/2026 - 04:07:58,17.60,100.00,1023.66,4.05,97.00
Sun 24/05/2026 - 04:08:32,17.58,100.00,1023.63,4.05,97.00
Sun 24/05/2026 - 04:09:06,17.60,100.00,1023.74,4.05,97.00
Sun 24/05/2026 - 04:09:40,17.60,100.00,1023.72,4.05,97.00
Sun 24/05/2026 - 04:10:14,17.58,100.00,1023.63,4.05,97.00
Sun 24/05/2026 - 04:10:48,17.58,100.00,1023.72,4.05,97.00
Sun 24/05/2026 - 04:11:22,17.58,100.00,1023.61,4.05,97.00
Sun 24/05/2026 - 04:11:56,17.59,100.00,1023.73,4.05,96.00
Sun 24/05/2026 - 04:12:30,17.58,100.00,1023.76,4.05,97.00
Sun 24/05/2026 - 04:13:04,17.58,100.00,1023.79,4.05,97.00
Sun 24/05/2026 - 04:13:38,17.57,100.00,1023.83,4.05,97.00
Sun 24/05/2026 - 04:14:12,17.57,100.00,1023.78,4.05,96.00
Sun 24/05/2026 - 04:14:46,17.57,100.00,1023.80,4.05,97.00
Sun 24/05/2026 - 04:15:20,17.56,100.00,1023.82,4.05,97.00
Sun 24/05/2026 - 04:15:54,17.56,100.00,1023.81,4.05,96.00
Sun 24/05/2026 - 04:16:28,17.56,100.00,1023.73,4.05,97.00
Sun 24/05/2026 - 04:17:02,17.55,100.00,1023.82,4.05,97.00
Sun 24/05/2026 - 04:17:36,17.55,100.00,1023.75,4.05,97.00
Sun 24/05/2026 - 04:18:10,17.55,100.00,1023.79,4.05,97.00
Sun 24/05/2026 - 04:18:44,17.55,100.00,1023.77,4.05,96.00
Sun 24/05/2026 - 04:19:18,17.55,100.00,1023.75,4.05,96.00
Sun 24/05/2026 - 04:19:52,17.54,100.00,1023.72,4.05,96.00
Sun 24/05/2026 - 04:20:26,17.53,100.00,1023.71,4.05,96.00
Sun 24/05/2026 - 04:21:00,17.53,100.00,1023.79,4.05,97.00
Sun 24/05/2026 - 04:21:34,17.53,100.00,1023.77,4.05,96.00
Sun 24/05/2026 - 04:22:08,17.53,100.00,1023.77,4.05,97.00
Sun 24/05/2026 - 04:22:42,17.54,100.00,1023.75,4.05,97.00
Sun 24/05/2026 - 04:23:16,17.53,100.00,1023.70,4.05,96.00
Sun 24/05/2026 - 04:23:50,17.52,100.00,1023.75,4.05,96.00
Sun 24/05/2026 - 04:24:24,17.53,100.00,1023.76,4.05,97.00
Sun 24/05/2026 - 04:24:58,17.52,100.00,1023.69,4.05,96.00
Sun 24/05/2026 - 04:25:32,17.51,100.00,1023.75,4.05,96.00
Sun 24/05/2026 - 04:26:06,17.51,100.00,1023.70,4.05,96.00
Sun 24/05/2026 - 04:26:40,17.51,100.00,1023.67,4.05,96.00
Sun 24/05/2026 - 04:27:13,17.50,100.00,1023.70,4.05,96.00
Sun 24/05/2026 - 04:27:47,17.50,100.00,1023.70,4.05,96.00
Sun 24/05/2026 - 04:28:21,17.50,100.00,1023.70,4.05,96.00
Sun 24/05/2026 - 04:28:55,17.50,100.00,1023.76,4.05,96.00
Sun 24/05/2026 - 04:29:29,17.50,100.00,1023.74,4.05,96.00
Sun 24/05/2026 - 04:30:03,17.49,100.00,1023.63,4.05,97.00
Sun 24/05/2026 - 04:30:37,17.49,100.00,1023.75,4.05,96.00
Sun 24/05/2026 - 04:31:11,17.49,100.00,1023.82,4.05,96.00
Sun 24/05/2026 - 04:31:45,17.48,100.00,1023.71,4.05,96.00
Sun 24/05/2026 - 04:32:19,17.48,100.00,1023.72,4.05,96.00
Sun 24/05/2026 - 04:32:53,17.47,100.00,1023.71,4.05,96.00
Sun 24/05/2026 - 04:33:27,17.47,100.00,1023.79,4.05,96.00
Sun 24/05/2026 - 04:34:01,17.47,100.00,1023.79,4.05,96.00
Sun 24/05/2026 - 04:34:35,17.47,100.00,1023.73,4.05,96.00
Sun 24/05/2026 - 04:35:09,17.45,100.00,1023.75,4.05,96.00
Sun 24/05/2026 - 04:35:43,17.45,100.00,1023.68,4.05,96.00
Sun 24/05/2026 - 04:36:17,17.45,100.00,1023.76,4.05,96.00
Sun 24/05/2026 - 04:36:51,17.45,100.00,1023.75,4.05,96.00
Sun 24/05/2026 - 04:37:25,17.45,100.00,1023.78,4.05,96.00
Sun 24/05/2026 - 04:37:59,17.44,100.00,1023.77,4.05,96.00
Sun 24/05/2026 - 04:38:33,17.44,100.00,1023.72,4.05,96.00
Sun 24/05/2026 - 04:39:07,17.45,100.00,1023.75,4.05,96.00
Sun 24/05/2026 - 04:39:41,17.44,100.00,1023.74,4.05,96.00
Sun 24/05/2026 - 04:40:15,17.43,100.00,1023.69,4.05,96.00
Sun 24/05/2026 - 04:40:49,17.43,100.00,1023.64,4.05,96.00
Sun 24/05/2026 - 04:41:23,17.42,100.00,1023.62,4.05,96.00
Sun 24/05/2026 - 04:41:57,17.43,100.00,1023.72,4.05,96.00
Sun 24/05/2026 - 04:42:31,17.42,100.00,1023.65,4.05,96.00
Sun 24/05/2026 - 04:43:05,17.41,100.00,1023.56,4.05,96.00
Sun 24/05/2026 - 04:43:39,17.41,100.00,1023.61,4.05,96.00
Sun 24/05/2026 - 04:44:13,17.40,100.00,1023.59,4.05,96.00
Sun 24/05/2026 - 04:44:47,17.40,100.00,1023.73,4.05,96.00
Sun 24/05/2026 - 04:45:21,17.41,100.00,1023.68,4.05,96.00
Sun 24/05/2026 - 04:45:55,17.40,100.00,1023.59,4.05,96.00
Sun 24/05/2026 - 04:46:29,17.39,100.00,1023.68,4.05,96.00
Sun 24/05/2026 - 04:47:03,17.40,100.00,1023.64,4.05,96.00
Sun 24/05/2026 - 04:47:37,17.38,100.00,1023.72,4.05,96.00
Sun 24/05/2026 - 04:48:11,17.39,100.00,1023.71,4.05,96.00
Sun 24/05/2026 - 04:48:45,17.39,100.00,1023.76,4.05,96.00
Sun 24/05/2026 - 04:49:19,17.38,100.00,1023.71,4.05,96.00
Sun 24/05/2026 - 04:49:53,17.38,100.00,1023.78,4.05,96.00
Sun 24/05/2026 - 04:50:26,17.38,100.00,1023.71,4.05,96.00
Sun 24/05/2026 - 04:51:00,17.38,100.00,1023.80,4.05,96.00
Sun 24/05/2026 - 04:51:34,17.37,100.00,1023.81,4.05,96.00
Sun 24/05/2026 - 04:52:08,17.37,100.00,1023.81,4.05,96.00
Sun 24/05/2026 - 04:52:42,17.37,100.00,1023.88,4.05,96.00
Sun 24/05/2026 - 04:53:16,17.37,100.00,1023.86,4.05,96.00
Sun 24/05/2026 - 04:53:50,17.35,100.00,1023.79,4.05,96.00
Sun 24/05/2026 - 04:54:24,17.34,100.00,1023.82,4.05,96.00
Sun 24/05/2026 - 04:54:58,17.34,100.00,1023.79,4.05,96.00
Sun 24/05/2026 - 04:55:32,17.34,100.00,1023.80,4.05,96.00
Sun 24/05/2026 - 04:56:06,17.34,100.00,1023.77,4.05,96.00
Sun 24/05/2026 - 04:56:40,17.34,100.00,1023.82,4.05,96.00
Sun 24/05/2026 - 04:57:14,17.34,100.00,1023.84,4.05,96.00
Sun 24/05/2026 - 04:57:48,17.33,100.00,1023.75,4.05,96.00
Sun 24/05/2026 - 04:58:22,17.33,100.00,1023.75,4.05,96.00
Sun 24/05/2026 - 04:58:56,17.33,100.00,1023.81,4.05,96.00
Sun 24/05/2026 - 04:59:30,17.33,100.00,1023.75,4.05,96.00
Sun 24/05/2026 - 05:00:04,17.33,100.00,1023.83,4.05,96.00
Sun 24/05/2026 - 05:00:38,17.33,100.00,1023.80,4.05,96.00
Sun 24/05/2026 - 05:01:12,17.32,100.00,1023.79,4.05,96.00
Sun 24/05/2026 - 05:01:46,17.32,100.00,1023.83,4.05,96.00
Sun 24/05/2026 - 05:02:20,17.31,100.00,1023.83,4.05,96.00
Sun 24/05/2026 - 05:02:54,17.31,100.00,1023.85,4.05,96.00
Sun 24/05/2026 - 05:03:28,17.31,100.00,1023.76,4.05,96.00
Sun 24/05/2026 - 05:04:02,17.30,100.00,1023.75,4.05,96.00
Sun 24/05/2026 - 05:04:36,17.30,100.00,1023.75,4.05,96.00
Sun 24/05/2026 - 05:05:10,17.30,100.00,1023.73,4.05,96.00
Sun 24/05/2026 - 05:05:44,17.30,100.00,1023.75,4.05,96.00
Sun 24/05/2026 - 05:06:18,17.30,100.00,1023.78,4.05,96.00
Sun 24/05/2026 - 05:06:52,17.30,100.00,1023.81,4.05,96.00
Sun 24/05/2026 - 05:07:26,17.30,100.00,1023.75,4.05,96.00
Sun 24/05/2026 - 05:08:00,17.29,100.00,1023.74,4.05,96.00
Sun 24/05/2026 - 05:08:34,17.30,100.00,1023.73,4.05,96.00
Sun 24/05/2026 - 05:09:08,17.29,100.00,1023.71,4.05,96.00
Sun 24/05/2026 - 05:09:42,17.29,100.00,1023.71,4.05,96.00
Sun 24/05/2026 - 05:10:16,17.29,100.00,1023.74,4.05,96.00
Sun 24/05/2026 - 05:10:50,17.28,100.00,1023.67,4.05,96.00
Sun 24/05/2026 - 05:11:24,17.29,100.00,1023.67,4.05,96.00
Sun 24/05/2026 - 05:11:58,17.28,100.00,1023.72,4.05,96.00
Sun 24/05/2026 - 05:12:32,17.28,100.00,1023.71,4.05,96.00
Sun 24/05/2026 - 05:13:06,17.28,100.00,1023.66,4.05,96.00
Sun 24/05/2026 - 05:13:40,17.27,100.00,1023.67,4.05,96.00
Sun 24/05/2026 - 05:14:14,17.27,100.00,1023.70,4.05,96.00
Sun 24/05/2026 - 05:14:48,17.27,100.00,1023.70,4.05,96.00
Sun 24/05/2026 - 05:15:22,17.28,100.00,1023.71,4.05,96.00
Sun 24/05/2026 - 05:15:56,17.27,100.00,1023.64,4.05,96.00
Sun 24/05/2026 - 05:16:30,17.27,100.00,1023.70,4.05,96.00
Sun 24/05/2026 - 05:17:04,17.25,100.00,1023.67,4.05,96.00
Sun 24/05/2026 - 05:17:37,17.26,100.00,1023.73,4.05,96.00
Sun 24/05/2026 - 05:18:11,17.25,100.00,1023.67,4.05,96.00
Sun 24/05/2026 - 05:18:45,17.25,100.00,1023.56,4.05,96.00
Sun 24/05/2026 - 05:19:19,17.25,100.00,1023.67,4.05,96.00
Sun 24/05/2026 - 05:19:53,17.26,100.00,1023.70,4.05,96.00
Sun 24/05/2026 - 05:20:27,17.26,100.00,1023.68,4.05,96.00
Sun 24/05/2026 - 05:21:01,17.25,100.00,1023.67,4.05,96.00
Sun 24/05/2026 - 05:21:35,17.24,100.00,1023.62,4.05,96.00
Sun 24/05/2026 - 05:22:09,17.25,100.00,1023.71,4.05,96.00
Sun 24/05/2026 - 05:22:43,17.25,100.00,1023.67,4.05,96.00
Sun 24/05/2026 - 05:23:17,17.23,100.00,1023.69,4.05,96.00
Sun 24/05/2026 - 05:23:51,17.24,100.00,1023.70,4.05,96.00
Sun 24/05/2026 - 05:24:25,17.24,100.00,1023.60,4.05,96.00
Sun 24/05/2026 - 05:24:59,17.23,100.00,1023.69,4.05,96.00
Sun 24/05/2026 - 05:25:33,17.23,100.00,1023.66,4.05,96.00
Sun 24/05/2026 - 05:26:07,17.23,100.00,1023.63,4.05,96.00
Sun 24/05/2026 - 05:26:41,17.23,100.00,1023.69,4.05,96.00
Sun 24/05/2026 - 05:27:15,17.22,100.00,1023.62,4.05,96.00
Sun 24/05/2026 - 05:27:49,17.22,100.00,1023.71,4.05,96.00
Sun 24/05/2026 - 05:28:23,17.22,100.00,1023.62,4.05,96.00
Sun 24/05/2026 - 05:28:57,17.22,100.00,1023.70,4.05,96.00
Sun 24/05/2026 - 05:29:31,17.21,100.00,1023.67,4.05,96.00
Sun 24/05/2026 - 05:30:05,17.21,100.00,1023.63,4.05,96.00
Sun 24/05/2026 - 05:30:39,17.22,100.00,1023.64,4.05,96.00
Sun 24/05/2026 - 05:31:13,17.21,100.00,1023.60,4.05,96.00
Sun 24/05/2026 - 05:31:47,17.21,100.00,1023.60,4.05,96.00
Sun 24/05/2026 - 05:32:21,17.21,100.00,1023.63,4.05,96.00
Sun 24/05/2026 - 05:32:55,17.21,100.00,1023.54,4.05,96.00
Sun 24/05/2026 - 05:33:29,17.20,100.00,1023.60,4.05,96.00
Sun 24/05/2026 - 05:34:03,17.20,100.00,1023.63,4.05,96.00
Sun 24/05/2026 - 05:34:37,17.20,100.00,1023.61,4.05,96.00
Sun 24/05/2026 - 05:35:11,17.20,100.00,1023.63,4.05,96.00
Sun 24/05/2026 - 05:35:45,17.20,100.00,1023.65,4.05,96.00
Sun 24/05/2026 - 05:36:19,17.19,100.00,1023.64,4.05,96.00
Sun 24/05/2026 - 05:36:53,17.20,100.00,1023.68,4.05,96.00
Sun 24/05/2026 - 05:37:27,17.19,100.00,1023.64,4.05,96.00
Sun 24/05/2026 - 05:38:01,17.19,100.00,1023.66,4.05,96.00
Sun 24/05/2026 - 05:38:35,17.19,100.00,1023.66,4.05,96.00
Sun 24/05/2026 - 05:39:08,17.19,100.00,1023.61,4.05,96.00
Sun 24/05/2026 - 05:39:42,17.18,100.00,1023.65,4.05,96.00
Sun 24/05/2026 - 05:40:16,17.17,100.00,1023.64,4.05,96.00
Sun 24/05/2026 - 05:40:50,17.18,100.00,1023.65,4.05,96.00
Sun 24/05/2026 - 05:41:24,17.17,100.00,1023.60,4.05,96.00
Sun 24/05/2026 - 05:41:58,17.16,100.00,1023.62,4.05,96.00
Sun 24/05/2026 - 05:42:32,17.17,100.00,1023.69,4.05,96.00
Sun 24/05/2026 - 05:43:06,17.18,100.00,1023.65,4.05,96.00
Sun 24/05/2026 - 05:43:40,17.17,100.00,1023.68,4.05,96.00
Sun 24/05/2026 - 05:44:14,17.17,100.00,1023.74,4.05,96.00
Sun 24/05/2026 - 05:44:48,17.16,100.00,1023.67,4.05,96.00
Sun 24/05/2026 - 05:45:22,17.16,100.00,1023.65,4.05,96.00
Sun 24/05/2026 - 05:45:56,17.15,100.00,1023.65,4.05,96.00
Sun 24/05/2026 - 05:46:30,17.15,100.00,1023.63,4.05,96.00
Sun 24/05/2026 - 05:47:04,17.15,100.00,1023.65,4.05,96.00
Sun 24/05/2026 - 05:47:38,17.15,100.00,1023.71,4.05,96.00
Sun 24/05/2026 - 05:48:12,17.14,100.00,1023.61,4.05,96.00
Sun 24/05/2026 - 05:48:46,17.15,100.00,1023.71,4.05,96.00
Sun 24/05/2026 - 05:49:20,17.15,100.00,1023.66,4.05,96.00
Sun 24/05/2026 - 05:49:54,17.15,100.00,1023.74,4.05,96.00
Sun 24/05/2026 - 05:50:28,17.14,100.00,1023.68,4.05,96.00
Sun 24/05/2026 - 05:51:02,17.14,100.00,1023.63,4.05,96.00
Sun 24/05/2026 - 05:51:36,17.14,100.00,1023.69,4.05,96.00
Sun 24/05/2026 - 05:52:10,17.13,100.00,1023.62,4.05,96.00
Sun 24/05/2026 - 05:52:44,17.14,100.00,1023.74,4.05,96.00
Sun 24/05/2026 - 05:53:18,17.13,100.00,1023.78,4.05,96.00
Sun 24/05/2026 - 05:53:52,17.13,100.00,1023.72,4.05,96.00
Sun 24/05/2026 - 05:54:26,17.13,100.00,1023.72,4.05,96.00
Sun 24/05/2026 - 05:55:00,17.12,100.00,1023.68,4.05,96.00
Sun 24/05/2026 - 05:55:34,17.12,100.00,1023.66,4.05,96.00
Sun 24/05/2026 - 05:56:08,17.12,100.00,1023.71,4.05,96.00
Sun 24/05/2026 - 05:56:42,17.12,100.00,1023.73,4.05,96.00
Sun 24/05/2026 - 05:57:16,17.11,100.00,1023.75,4.05,96.00
Sun 24/05/2026 - 05:57:50,17.11,100.00,1023.72,4.05,96.00
Sun 24/05/2026 - 05:58:24,17.11,100.00,1023.69,4.05,96.00
Sun 24/05/2026 - 05:58:58,17.09,100.00,1023.66,4.05,96.00
Sun 24/05/2026 - 05:59:32,17.10,100.00,1023.75,4.05,96.00
Sun 24/05/2026 - 06:00:05,17.10,100.00,1023.73,4.05,96.00
Sun 24/05/2026 - 06:00:39,17.09,100.00,1023.71,4.05,96.00
Sun 24/05/2026 - 06:01:13,17.10,100.00,1023.72,4.05,96.00
Sun 24/05/2026 - 06:01:47,17.08,100.00,1023.75,4.05,96.00
Sun 24/05/2026 - 06:02:21,17.08,100.00,1023.78,4.04,96.00
Sun 24/05/2026 - 06:02:55,17.09,100.00,1023.73,4.04,96.00
Sun 24/05/2026 - 06:03:29,17.09,100.00,1023.73,4.04,96.00
Sun 24/05/2026 - 06:04:03,17.09,100.00,1023.71,4.04,96.00
Sun 24/05/2026 - 06:04:37,17.08,100.00,1023.75,4.05,96.00
Sun 24/05/2026 - 06:05:11,17.08,100.00,1023.77,4.04,96.00
Sun 24/05/2026 - 06:05:45,17.07,100.00,1023.81,4.04,96.00
Sun 24/05/2026 - 06:06:19,17.08,100.00,1023.74,4.04,96.00
Sun 24/05/2026 - 06:06:53,17.07,100.00,1023.81,4.04,96.00
Sun 24/05/2026 - 06:07:27,17.07,100.00,1023.76,4.04,96.00
Sun 24/05/2026 - 06:08:01,17.07,100.00,1023.81,4.04,96.00
Sun 24/05/2026 - 06:08:35,17.06,100.00,1023.72,4.04,96.00
Sun 24/05/2026 - 06:09:09,17.07,100.00,1023.72,4.05,96.00
Sun 24/05/2026 - 06:09:43,17.07,100.00,1023.81,4.04,96.00
Sun 24/05/2026 - 06:10:17,17.07,100.00,1023.75,4.04,96.00
Sun 24/05/2026 - 06:10:51,17.06,100.00,1023.71,4.05,96.00
Sun 24/05/2026 - 06:11:25,17.05,100.00,1023.81,4.04,96.00
Sun 24/05/2026 - 06:11:59,17.05,100.00,1023.73,4.04,96.00
Sun 24/05/2026 - 06:12:33,17.05,100.00,1023.74,4.04,96.00
Sun 24/05/2026 - 06:13:07,17.06,100.00,1023.76,4.04,96.00
Sun 24/05/2026 - 06:13:41,17.05,100.00,1023.81,4.04,96.00
Sun 24/05/2026 - 06:14:15,17.06,100.00,1023.76,4.04,96.00
Sun 24/05/2026 - 06:14:49,17.05,100.00,1023.75,4.04,96.00
Sun 24/05/2026 - 06:15:23,17.04,100.00,1023.75,4.04,96.00
Sun 24/05/2026 - 06:15:57,17.04,100.00,1023.78,4.04,96.00
Sun 24/05/2026 - 06:16:31,17.03,100.00,1023.77,4.04,96.00
Sun 24/05/2026 - 06:17:05,17.03,100.00,1023.83,4.04,96.00
Sun 24/05/2026 - 06:17:39,17.03,100.00,1023.77,4.04,96.00
Sun 24/05/2026 - 06:18:13,17.03,100.00,1023.77,4.04,96.00
Sun 24/05/2026 - 06:18:47,17.03,100.00,1023.77,4.04,96.00
Sun 24/05/2026 - 06:19:21,17.02,100.00,1023.78,4.04,96.00
Sun 24/05/2026 - 06:19:55,17.02,100.00,1023.75,4.04,96.00
Sun 24/05/2026 - 06:20:29,17.01,100.00,1023.79,4.04,96.00
Sun 24/05/2026 - 06:21:03,17.01,100.00,1023.79,4.04,96.00
Sun 24/05/2026 - 06:21:37,17.00,100.00,1023.69,4.04,96.00
Sun 24/05/2026 - 06:22:11,17.01,100.00,1023.89,4.04,96.00
Sun 24/05/2026 - 06:22:45,16.99,100.00,1023.81,4.04,96.00
Sun 24/05/2026 - 06:23:19,17.00,100.00,1023.85,4.04,96.00
Sun 24/05/2026 - 06:23:53,17.00,100.00,1023.88,4.04,96.00
Sun 24/05/2026 - 06:24:27,17.00,100.00,1023.85,4.04,96.00
Sun 24/05/2026 - 06:25:01,16.99,100.00,1023.92,4.04,96.00
Sun 24/05/2026 - 06:25:35,16.98,100.00,1023.82,4.04,96.00
Sun 24/05/2026 - 06:26:09,16.99,100.00,1023.86,4.04,96.00
Sun 24/05/2026 - 06:26:43,16.98,100.00,1023.90,4.04,96.00
Sun 24/05/2026 - 06:27:17,16.97,100.00,1023.86,4.04,96.00
Sun 24/05/2026 - 06:27:51,16.97,100.00,1023.83,4.04,96.00
Sun 24/05/2026 - 06:28:24,16.97,100.00,1023.91,4.04,96.00
Sun 24/05/2026 - 06:28:58,16.97,100.00,1023.85,4.04,96.00
Sun 24/05/2026 - 06:29:32,16.94,100.00,1023.86,4.04,96.00
Sun 24/05/2026 - 06:30:06,16.95,100.00,1023.93,4.04,96.00
Sun 24/05/2026 - 06:30:40,16.96,100.00,1023.89,4.04,96.00
Sun 24/05/2026 - 06:31:14,16.95,100.00,1023.88,4.04,96.00
Sun 24/05/2026 - 06:31:48,16.95,100.00,1023.95,4.04,96.00
Sun 24/05/2026 - 06:32:22,16.94,100.00,1023.83,4.04,96.00
Sun 24/05/2026 - 06:32:56,16.94,100.00,1023.93,4.04,96.00
Sun 24/05/2026 - 06:33:30,16.94,100.00,1023.93,4.04,96.00
Sun 24/05/2026 - 06:34:04,16.92,100.00,1023.96,4.04,96.00
Sun 24/05/2026 - 06:34:38,16.92,100.00,1023.96,4.04,96.00
Sun 24/05/2026 - 06:35:12,16.92,100.00,1024.01,4.04,96.00
Sun 24/05/2026 - 06:35:46,16.91,100.00,1024.00,4.04,96.00
Sun 24/05/2026 - 06:36:20,16.91,100.00,1024.02,4.04,96.00
Sun 24/05/2026 - 06:36:54,16.91,100.00,1023.89,4.04,96.00
Sun 24/05/2026 - 06:37:28,16.90,100.00,1024.01,4.04,96.00
Sun 24/05/2026 - 06:38:02,16.90,100.00,1023.98,4.04,96.00
Sun 24/05/2026 - 06:38:36,16.90,100.00,1024.03,4.04,96.00
Sun 24/05/2026 - 06:39:10,16.90,100.00,1023.95,4.04,96.00
Sun 24/05/2026 - 06:39:44,16.90,100.00,1023.98,4.04,96.00
Sun 24/05/2026 - 06:40:18,16.89,100.00,1023.99,4.04,96.00
Sun 24/05/2026 - 06:40:52,16.88,100.00,1023.90,4.04,96.00
Sun 24/05/2026 - 06:41:26,16.88,100.00,1024.01,4.04,96.00
Sun 24/05/2026 - 06:42:00,16.88,100.00,1024.01,4.04,96.00
Sun 24/05/2026 - 06:42:34,16.88,100.00,1024.06,4.04,96.00
Sun 24/05/2026 - 06:43:08,16.88,100.00,1024.00,4.04,96.00
Sun 24/05/2026 - 06:43:42,16.87,100.00,1023.99,4.04,96.00
Sun 24/05/2026 - 06:44:16,16.87,100.00,1024.03,4.04,96.00
Sun 24/05/2026 - 06:44:50,16.87,100.00,1024.01,4.04,96.00
Sun 24/05/2026 - 06:45:24,16.87,100.00,1024.02,4.04,96.00
Sun 24/05/2026 - 06:45:58,16.87,100.00,1023.99,4.04,96.00
Sun 24/05/2026 - 06:46:32,16.87,100.00,1024.06,4.04,96.00
Sun 24/05/2026 - 06:47:06,16.86,100.00,1024.00,4.04,96.00
Sun 24/05/2026 - 06:47:40,16.86,100.00,1024.04,4.04,96.00
Sun 24/05/2026 - 06:48:14,16.85,100.00,1024.04,4.04,96.00
Sun 24/05/2026 - 06:48:48,16.86,100.00,1024.04,4.04,96.00
Sun 24/05/2026 - 06:49:22,16.85,100.00,1024.04,4.04,96.00
Sun 24/05/2026 - 06:49:56,16.85,100.00,1024.06,4.04,96.00
Sun 24/05/2026 - 06:50:30,16.85,100.00,1023.98,4.04,96.00
Sun 24/05/2026 - 06:51:04,16.85,100.00,1024.00,4.04,96.00
Sun 24/05/2026 - 06:51:38,16.84,100.00,1023.99,4.04,96.00
Sun 24/05/2026 - 06:52:12,16.85,100.00,1024.05,4.04,96.00
Sun 24/05/2026 - 06:52:46,16.85,100.00,1024.11,4.04,96.00
Sun 24/05/2026 - 06:53:20,16.84,100.00,1024.04,4.04,96.00
Sun 24/05/2026 - 06:53:54,16.83,100.00,1024.00,4.04,96.00
Sun 24/05/2026 - 06:54:28,16.84,100.00,1024.04,4.04,96.00
Sun 24/05/2026 - 06:55:02,16.84,100.00,1024.05,4.04,96.00
Sun 24/05/2026 - 06:55:36,16.83,100.00,1024.06,4.04,96.00
Sun 24/05/2026 - 06:56:10,16.84,100.00,1024.09,4.04,96.00
Sun 24/05/2026 - 06:56:44,16.84,100.00,1024.04,4.04,96.00
Sun 24/05/2026 - 06:57:18,16.84,100.00,1024.04,4.04,96.00
Sun 24/05/2026 - 06:57:52,16.83,100.00,1024.03,4.04,96.00
Sun 24/05/2026 - 06:58:26,16.83,100.00,1024.06,4.04,96.00
Sun 24/05/2026 - 06:59:00,16.83,100.00,1024.02,4.04,96.00
Sun 24/05/2026 - 06:59:33,16.83,100.00,1024.08,4.04,96.00
Sun 24/05/2026 - 07:00:07,16.83,100.00,1024.07,4.04,96.00
Sun 24/05/2026 - 07:00:41,16.83,100.00,1024.13,4.04,96.00
Sun 24/05/2026 - 07:01:15,16.83,100.00,1024.13,4.04,96.00
Sun 24/05/2026 - 07:01:49,16.83,100.00,1024.05,4.04,96.00
Sun 24/05/2026 - 07:02:23,16.83,100.00,1024.07,4.04,96.00
Sun 24/05/2026 - 07:02:57,16.82,100.00,1024.06,4.04,96.00
Sun 24/05/2026 - 07:03:31,16.83,100.00,1024.10,4.04,96.00
Sun 24/05/2026 - 07:04:05,16.83,100.00,1024.14,4.04,96.00
Sun 24/05/2026 - 07:04:39,16.82,100.00,1024.06,4.04,96.00
Sun 24/05/2026 - 07:05:13,16.84,100.00,1024.06,4.04,96.00
Sun 24/05/2026 - 07:05:47,16.82,100.00,1024.06,4.04,96.00
Sun 24/05/2026 - 07:06:21,16.82,100.00,1024.00,4.04,96.00
Sun 24/05/2026 - 07:06:55,16.83,100.00,1024.05,4.04,96.00
Sun 24/05/2026 - 07:07:29,16.84,100.00,1024.14,4.04,96.00
Sun 24/05/2026 - 07:08:03,16.83,100.00,1024.07,4.04,96.00
Sun 24/05/2026 - 07:08:37,16.83,100.00,1024.08,4.04,96.00
Sun 24/05/2026 - 07:09:11,16.82,100.00,1024.06,4.04,96.00
Sun 24/05/2026 - 07:09:45,16.82,100.00,1024.09,4.04,96.00
Sun 24/05/2026 - 07:10:19,16.82,100.00,1024.06,4.04,96.00
Sun 24/05/2026 - 07:10:53,16.82,100.00,1024.06,4.04,96.00
Sun 24/05/2026 - 07:11:27,16.82,100.00,1024.11,4.04,96.00
Sun 24/05/2026 - 07:12:01,16.83,100.00,1023.99,4.04,96.00
Sun 24/05/2026 - 07:12:35,16.83,100.00,1024.07,4.04,96.00
Sun 24/05/2026 - 07:13:09,16.83,100.00,1024.13,4.04,96.00
Sun 24/05/2026 - 07:13:43,16.84,100.00,1024.14,4.04,96.00
Sun 24/05/2026 - 07:14:17,16.83,100.00,1024.13,4.04,96.00
Sun 24/05/2026 - 07:14:51,16.83,100.00,1024.10,4.04,96.00
Sun 24/05/2026 - 07:15:25,16.83,100.00,1024.13,4.04,96.00
Sun 24/05/2026 - 07:15:59,16.83,100.00,1024.10,4.04,96.00
Sun 24/05/2026 - 07:16:33,16.83,100.00,1024.07,4.04,96.00
Sun 24/05/2026 - 07:17:07,16.83,100.00,1024.14,4.04,96.00
Sun 24/05/2026 - 07:17:41,16.83,100.00,1024.19,4.04,96.00
Sun 24/05/2026 - 07:18:15,16.84,100.00,1024.09,4.04,96.00
Sun 24/05/2026 - 07:18:49,16.84,100.00,1024.09,4.04,96.00
Sun 24/05/2026 - 07:19:23,16.84,100.00,1024.12,4.04,96.00
Sun 24/05/2026 - 07:19:57,16.83,100.00,1024.15,4.04,96.00
Sun 24/05/2026 - 07:20:31,16.84,100.00,1024.14,4.04,96.00
Sun 24/05/2026 - 07:21:05,16.84,100.00,1024.20,4.04,96.00
Sun 24/05/2026 - 07:21:39,16.83,100.00,1024.22,4.04,96.00
Sun 24/05/2026 - 07:22:13,16.84,100.00,1024.25,4.04,96.00
Sun 24/05/2026 - 07:22:47,16.83,100.00,1024.19,4.04,96.00
Sun 24/05/2026 - 07:23:21,16.84,100.00,1024.25,4.04,96.00
Sun 24/05/2026 - 07:23:54,16.83,100.00,1024.30,4.04,96.00
Sun 24/05/2026 - 07:24:28,16.84,100.00,1024.31,4.04,96.00
Sun 24/05/2026 - 07:25:02,16.84,100.00,1024.28,4.04,96.00
Sun 24/05/2026 - 07:25:36,16.84,100.00,1024.31,4.04,96.00
Sun 24/05/2026 - 07:26:10,16.84,100.00,1024.31,4.04,96.00
Sun 24/05/2026 - 07:26:44,16.84,100.00,1024.28,4.04,96.00
Sun 24/05/2026 - 07:27:18,16.83,100.00,1024.24,4.04,96.00
Sun 24/05/2026 - 07:27:52,16.84,100.00,1024.31,4.04,96.00
Sun 24/05/2026 - 07:28:26,16.84,100.00,1024.31,4.04,96.00
Sun 24/05/2026 - 07:29:00,16.85,100.00,1024.32,4.04,96.00
Sun 24/05/2026 - 07:29:34,16.84,100.00,1024.33,4.04,96.00
Sun 24/05/2026 - 07:30:08,16.84,100.00,1024.37,4.04,96.00
Sun 24/05/2026 - 07:30:42,16.86,100.00,1024.37,4.04,96.00
Sun 24/05/2026 - 07:31:16,16.85,100.00,1024.49,4.04,96.00
Sun 24/05/2026 - 07:31:50,16.85,100.00,1024.49,4.04,96.00
Sun 24/05/2026 - 07:32:24,16.85,100.00,1024.43,4.04,96.00
Sun 24/05/2026 - 07:32:58,16.85,100.00,1024.44,4.04,96.00
Sun 24/05/2026 - 07:33:32,16.85,100.00,1024.40,4.04,96.00
Sun 24/05/2026 - 07:34:06,16.86,100.00,1024.53,4.04,96.00
Sun 24/05/2026 - 07:34:40,16.85,100.00,1024.47,4.04,96.00
Sun 24/05/2026 - 07:35:14,16.86,100.00,1024.42,4.04,96.00
Sun 24/05/2026 - 07:35:48,16.86,100.00,1024.45,4.04,96.00
Sun 24/05/2026 - 07:36:22,16.86,100.00,1024.48,4.04,96.00
Sun 24/05/2026 - 07:36:56,16.86,100.00,1024.45,4.04,96.00
Sun 24/05/2026 - 07:37:30,16.86,100.00,1024.43,4.04,96.00
Sun 24/05/2026 - 07:38:04,16.87,100.00,1024.55,4.04,96.00
Sun 24/05/2026 - 07:38:38,16.87,100.00,1024.56,4.04,96.00
Sun 24/05/2026 - 07:39:12,16.87,100.00,1024.57,4.04,96.00
Sun 24/05/2026 - 07:39:46,16.88,100.00,1024.48,4.04,96.00
Sun 24/05/2026 - 07:40:20,16.88,100.00,1024.60,4.04,96.00
Sun 24/05/2026 - 07:40:54,16.88,100.00,1024.63,4.04,96.00
Sun 24/05/2026 - 07:41:28,16.90,100.00,1024.57,4.04,96.00
Sun 24/05/2026 - 07:42:02,16.90,100.00,1024.63,4.04,96.00
Sun 24/05/2026 - 07:42:36,16.90,100.00,1024.60,4.04,96.00
Sun 24/05/2026 - 07:43:10,16.91,100.00,1024.59,4.04,96.00
Sun 24/05/2026 - 07:43:44,16.91,100.00,1024.64,4.04,96.00
Sun 24/05/2026 - 07:44:18,16.92,100.00,1024.63,4.04,96.00
Sun 24/05/2026 - 07:44:52,16.93,100.00,1024.57,4.04,96.00
Sun 24/05/2026 - 07:45:26,16.94,100.00,1024.59,4.04,96.00
Sun 24/05/2026 - 07:46:00,16.95,100.00,1024.63,4.04,96.00
Sun 24/05/2026 - 07:46:34,16.95,100.00,1024.60,4.04,96.00
Sun 24/05/2026 - 07:47:08,16.96,100.00,1024.62,4.04,96.00
Sun 24/05/2026 - 07:47:42,16.98,100.00,1024.59,4.04,96.00
Sun 24/05/2026 - 07:48:16,16.98,100.00,1024.66,4.04,96.00
Sun 24/05/2026 - 07:48:50,16.99,100.00,1024.67,4.04,96.00
Sun 24/05/2026 - 07:49:23,17.00,100.00,1024.64,4.04,96.00
Sun 24/05/2026 - 07:49:57,17.00,100.00,1024.69,4.04,96.00
Sun 24/05/2026 - 07:50:31,17.02,100.00,1024.73,4.04,96.00
Sun 24/05/2026 - 07:51:05,17.03,100.00,1024.69,4.04,96.00
Sun 24/05/2026 - 07:51:39,17.06,100.00,1024.71,4.04,96.00
Sun 24/05/2026 - 07:52:13,17.07,100.00,1024.65,4.04,96.00
Sun 24/05/2026 - 07:52:47,17.08,100.00,1024.66,4.04,96.00
Sun 24/05/2026 - 07:53:21,17.10,100.00,1024.59,4.04,96.00
Sun 24/05/2026 - 07:53:55,17.11,100.00,1024.64,4.04,96.00
Sun 24/05/2026 - 07:54:29,17.12,100.00,1024.68,4.04,96.00
Sun 24/05/2026 - 07:55:03,17.14,100.00,1024.77,4.04,96.00
Sun 24/05/2026 - 07:55:37,17.17,100.00,1024.65,4.04,96.00
Sun 24/05/2026 - 07:56:11,17.19,100.00,1024.75,4.04,96.00
Sun 24/05/2026 - 07:56:45,17.20,100.00,1024.69,4.04,96.00
Sun 24/05/2026 - 07:57:19,17.21,100.00,1024.70,4.04,96.00
Sun 24/05/2026 - 07:57:53,17.25,100.00,1024.69,4.04,96.00
Sun 24/05/2026 - 07:58:27,17.26,100.00,1024.60,4.04,96.00
Sun 24/05/2026 - 07:59:01,17.28,100.00,1024.64,4.04,96.00
Sun 24/05/2026 - 07:59:35,17.30,100.00,1024.70,4.04,96.00
Sun 24/05/2026 - 08:00:09,17.31,100.00,1024.69,4.04,96.00
Sun 24/05/2026 - 08:00:43,17.34,100.00,1024.66,4.04,96.00
Sun 24/05/2026 - 08:01:17,17.35,100.00,1024.67,4.04,96.00
Sun 24/05/2026 - 08:01:51,17.39,100.00,1024.70,4.04,96.00
Sun 24/05/2026 - 08:02:25,17.41,100.00,1024.75,4.04,96.00
Sun 24/05/2026 - 08:02:59,17.44,100.00,1024.68,4.04,96.00
Sun 24/05/2026 - 08:03:33,17.45,100.00,1024.71,4.04,96.00
Sun 24/05/2026 - 08:04:07,17.48,100.00,1024.64,4.04,96.00
Sun 24/05/2026 - 08:04:41,17.50,100.00,1024.69,4.04,96.00
Sun 24/05/2026 - 08:05:15,17.52,100.00,1024.74,4.04,96.00
Sun 24/05/2026 - 08:05:49,17.55,100.00,1024.71,4.04,96.00
Sun 24/05/2026 - 08:06:23,17.58,100.00,1024.73,4.04,96.00
Sun 24/05/2026 - 08:06:57,17.59,100.00,1024.68,4.04,96.00
Sun 24/05/2026 - 08:07:31,17.63,100.00,1024.71,4.04,96.00
Sun 24/05/2026 - 08:08:05,17.63,100.00,1024.66,4.04,96.00
Sun 24/05/2026 - 08:08:39,17.67,100.00,1024.65,4.04,96.00
Sun 24/05/2026 - 08:09:13,17.69,100.00,1024.68,4.04,96.00
Sun 24/05/2026 - 08:09:47,17.72,100.00,1024.64,4.04,96.00
Sun 24/05/2026 - 08:10:21,17.74,100.00,1024.66,4.04,96.00
Sun 24/05/2026 - 08:10:55,17.77,100.00,1024.66,4.04,96.00
Sun 24/05/2026 - 08:11:29,17.80,100.00,1024.66,4.04,96.00
Sun 24/05/2026 - 08:12:03,17.82,100.00,1024.64,4.04,96.00
Sun 24/05/2026 - 08:12:37,17.86,100.00,1024.67,4.04,96.00
Sun 24/05/2026 - 08:13:11,17.88,100.00,1024.57,4.03,96.00
Sun 24/05/2026 - 08:13:45,17.90,100.00,1024.61,4.04,96.00
Sun 24/05/2026 - 08:14:19,17.93,100.00,1024.63,4.04,96.00
Sun 24/05/2026 - 08:14:52,17.96,100.00,1024.65,4.04,96.00
Sun 24/05/2026 - 08:15:26,17.98,100.00,1024.58,4.03,96.00
Sun 24/05/2026 - 08:16:00,18.01,100.00,1024.59,4.03,96.00
Sun 24/05/2026 - 08:16:34,18.05,100.00,1024.55,4.04,96.00
Sun 24/05/2026 - 08:17:08,18.08,100.00,1024.48,4.03,96.00
Sun 24/05/2026 - 08:17:42,18.10,100.00,1024.47,4.04,96.00
Sun 24/05/2026 - 08:18:16,18.13,100.00,1024.53,4.04,96.00
Sun 24/05/2026 - 08:18:50,18.16,100.00,1024.60,4.04,96.00
Sun 24/05/2026 - 08:19:24,18.18,100.00,1024.50,4.04,96.00
Sun 24/05/2026 - 08:19:58,18.22,100.00,1024.49,4.04,96.00
Sun 24/05/2026 - 08:20:32,18.25,100.00,1024.52,4.04,96.00
Sun 24/05/2026 - 08:21:06,18.29,100.00,1024.58,4.04,96.00
Sun 24/05/2026 - 08:21:40,18.32,100.00,1024.55,4.04,96.00
Sun 24/05/2026 - 08:22:14,18.36,100.00,1024.56,4.03,96.00
Sun 24/05/2026 - 08:22:48,18.38,100.00,1024.57,4.03,96.00
Sun 24/05/2026 - 08:23:22,18.42,100.00,1024.64,4.03,96.00
Sun 24/05/2026 - 08:23:56,18.45,100.00,1024.58,4.03,96.00
Sun 24/05/2026 - 08:24:30,18.49,100.00,1024.54,4.03,96.00
Sun 24/05/2026 - 08:25:04,18.52,100.00,1024.59,4.03,96.00
Sun 24/05/2026 - 08:25:38,18.55,100.00,1024.59,4.03,96.00
Sun 24/05/2026 - 08:26:12,18.58,100.00,1024.54,4.03,96.00
Sun 24/05/2026 - 08:26:46,18.61,100.00,1024.54,4.03,96.00
Sun 24/05/2026 - 08:27:20,18.65,100.00,1024.52,4.04,96.00
Sun 24/05/2026 - 08:27:54,18.69,100.00,1024.57,4.03,96.00
Sun 24/05/2026 - 08:28:28,18.73,100.00,1024.52,4.03,96.00
Sun 24/05/2026 - 08:29:02,18.75,100.00,1024.53,4.03,96.00
Sun 24/05/2026 - 08:29:36,18.79,100.00,1024.51,4.03,96.00
Sun 24/05/2026 - 08:30:10,18.81,100.00,1024.49,4.04,96.00
Sun 24/05/2026 - 08:30:44,18.85,100.00,1024.58,4.04,96.00
Sun 24/05/2026 - 08:31:18,18.88,100.00,1024.58,4.03,96.00
Sun 24/05/2026 - 08:31:52,18.90,100.00,1024.54,4.03,96.00
Sun 24/05/2026 - 08:32:26,18.94,100.00,1024.60,4.03,96.00
Sun 24/05/2026 - 08:33:00,18.97,100.00,1024.55,4.03,96.00
Sun 24/05/2026 - 08:33:34,19.01,100.00,1024.57,4.03,96.00
Sun 24/05/2026 - 08:34:08,19.04,100.00,1024.56,4.03,96.00
Sun 24/05/2026 - 08:34:42,19.06,100.00,1024.63,4.03,96.00
Sun 24/05/2026 - 08:35:16,19.10,100.00,1024.56,4.03,96.00
Sun 24/05/2026 - 08:35:50,19.11,100.00,1024.64,4.03,96.00
Sun 24/05/2026 - 08:36:24,19.15,100.00,1024.59,4.03,96.00
Sun 24/05/2026 - 08:36:58,19.17,100.00,1024.70,4.03,96.00
Sun 24/05/2026 - 08:37:32,19.20,100.00,1024.67,4.04,96.00
Sun 24/05/2026 - 08:38:06,19.22,100.00,1024.62,4.03,96.00
Sun 24/05/2026 - 08:38:40,19.25,100.00,1024.59,4.04,96.00
Sun 24/05/2026 - 08:39:14,19.27,100.00,1024.62,4.03,96.00
Sun 24/05/2026 - 08:39:48,19.31,100.00,1024.64,4.03,96.00
Sun 24/05/2026 - 08:40:22,19.35,100.00,1024.71,4.03,96.00
Sun 24/05/2026 - 08:40:56,19.36,100.00,1024.67,4.04,96.00
Sun 24/05/2026 - 08:41:30,19.41,100.00,1024.69,4.03,96.00
Sun 24/05/2026 - 08:42:04,19.42,100.00,1024.68,4.04,96.00
Sun 24/05/2026 - 08:42:38,19.44,100.00,1024.71,4.03,96.00
Sun 24/05/2026 - 08:43:12,19.47,100.00,1024.70,4.03,96.00
Sun 24/05/2026 - 08:43:46,19.50,100.00,1024.75,4.03,96.00
Sun 24/05/2026 - 08:44:20,19.53,100.00,1024.67,4.03,96.00
Sun 24/05/2026 - 08:44:53,19.56,100.00,1024.61,4.04,96.00
Sun 24/05/2026 - 08:45:27,19.58,100.00,1024.70,4.04,96.00
Sun 24/05/2026 - 08:46:01,19.61,100.00,1024.67,4.03,96.00
Sun 24/05/2026 - 08:46:35,19.65,100.00,1024.71,4.03,96.00
Sun 24/05/2026 - 08:47:09,19.69,100.00,1024.76,4.03,96.00
Sun 24/05/2026 - 08:47:43,19.72,100.00,1024.66,4.03,96.00
Sun 24/05/2026 - 08:48:17,19.74,100.00,1024.71,4.03,96.00
Sun 24/05/2026 - 08:48:51,19.78,100.00,1024.74,4.03,96.00
Sun 24/05/2026 - 08:49:25,19.81,100.00,1024.75,4.03,96.00
Sun 24/05/2026 - 08:49:59,19.84,100.00,1024.74,4.03,96.00
Sun 24/05/2026 - 08:50:33,19.88,100.00,1024.75,4.03,96.00
Sun 24/05/2026 - 08:51:07,19.90,100.00,1024.74,4.03,96.00
Sun 24/05/2026 - 08:51:41,19.95,100.00,1024.69,4.03,96.00
Sun 24/05/2026 - 08:52:15,19.99,100.00,1024.68,4.03,96.00
Sun 24/05/2026 - 08:52:49,20.03,100.00,1024.74,4.03,96.00
Sun 24/05/2026 - 08:53:23,20.08,100.00,1024.61,4.03,96.00
Sun 24/05/2026 - 08:53:57,20.12,100.00,1024.64,4.03,96.00
Sun 24/05/2026 - 08:54:31,20.16,100.00,1024.57,4.03,96.00
Sun 24/05/2026 - 08:55:05,20.20,100.00,1024.70,4.03,96.00
Sun 24/05/2026 - 08:55:39,20.22,100.00,1024.61,4.03,96.00
Sun 24/05/2026 - 08:56:13,20.25,100.00,1024.59,4.03,96.00
Sun 24/05/2026 - 08:56:47,20.31,100.00,1024.62,4.03,96.00
Sun 24/05/2026 - 08:57:21,20.35,100.00,1024.55,4.03,96.00
Sun 24/05/2026 - 08:57:55,20.39,100.00,1024.54,4.03,96.00
Sun 24/05/2026 - 08:58:29,20.43,100.00,1024.63,4.03,96.00
Sun 24/05/2026 - 08:59:03,20.47,100.00,1024.60,4.03,96.00
Sun 24/05/2026 - 08:59:37,20.51,100.00,1024.58,4.03,96.00
Sun 24/05/2026 - 09:00:11,20.56,100.00,1024.56,4.03,96.00
Sun 24/05/2026 - 09:00:45,20.61,100.00,1024.57,4.03,96.00
Sun 24/05/2026 - 09:01:19,20.66,100.00,1024.44,4.03,96.00
Sun 24/05/2026 - 09:01:53,20.82,100.00,1024.57,4.07,97.00
Sun 24/05/2026 - 09:02:27,21.08,100.00,1024.63,4.07,97.00
Sun 24/05/2026 - 09:03:01,21.24,99.41,1024.63,4.07,97.00
Sun 24/05/2026 - 09:03:35,21.39,98.99,1024.57,4.08,97.00
Sun 24/05/2026 - 09:04:09,21.56,95.57,1024.64,4.08,97.00
Sun 24/05/2026 - 09:04:43,21.73,94.83,1024.63,4.08,97.00
Sun 24/05/2026 - 09:05:17,21.86,94.77,1024.66,4.07,97.00
Sun 24/05/2026 - 09:05:51,21.99,94.73,1024.74,4.07,97.00
Sun 24/05/2026 - 09:06:25,22.17,96.50,1024.63,4.07,97.00
Sun 24/05/2026 - 09:06:59,22.34,98.64,1024.61,4.07,97.00
Sun 24/05/2026 - 09:07:33,22.47,97.80,1024.56,4.07,97.00
Sun 24/05/2026 - 09:08:07,22.52,91.08,1024.62,4.07,97.00
Sun 24/05/2026 - 09:08:41,22.59,90.15,1024.66,4.07,97.00
Sun 24/05/2026 - 09:09:15,22.65,89.43,1024.66,4.08,97.00
Sun 24/05/2026 - 09:09:49,22.75,88.32,1024.60,4.08,97.00
Sun 24/05/2026 - 09:10:23,22.85,88.43,1024.56,4.08,97.00
Sun 24/05/2026 - 09:10:57,22.94,87.56,1024.54,4.07,97.00
Sun 24/05/2026 - 09:11:31,22.86,83.08,1024.62,4.07,97.00
Sun 24/05/2026 - 09:12:05,22.81,83.21,1024.65,4.08,97.00
Sun 24/05/2026 - 09:12:39,22.82,82.63,1024.59,4.09,97.00
Sun 24/05/2026 - 09:13:13,22.88,82.80,1024.58,4.09,97.00
Sun 24/05/2026 - 09:13:47,22.94,81.78,1024.62,4.09,97.00
Sun 24/05/2026 - 09:14:21,23.01,81.76,1024.58,4.10,98.00
Sun 24/05/2026 - 09:14:55,23.08,81.58,1024.62,4.10,98.00
Sun 24/05/2026 - 09:15:29,23.10,82.92,1024.60,4.10,98.00
Sun 24/05/2026 - 09:16:03,23.09,82.72,1024.62,4.10,98.00
Sun 24/05/2026 - 09:16:37,23.15,82.15,1024.66,4.11,98.00
Sun 24/05/2026 - 09:17:11,23.21,82.24,1024.62,4.11,98.00
Sun 24/05/2026 - 09:17:45,23.26,81.40,1024.63,4.11,98.00
Sun 24/05/2026 - 09:18:19,23.35,81.56,1024.65,4.11,98.00
Sun 24/05/2026 - 09:18:53,23.41,80.95,1024.61,4.12,98.00
Sun 24/05/2026 - 09:19:27,23.48,80.59,1024.63,4.12,98.00
Sun 24/05/2026 - 09:20:01,23.58,80.02,1024.66,4.12,98.00
Sun 24/05/2026 - 09:20:35,23.65,79.91,1024.61,4.12,98.00
Sun 24/05/2026 - 09:21:09,23.73,80.00,1024.58,4.12,98.00
Sun 24/05/2026 - 09:21:42,23.82,78.95,1024.63,4.12,98.00
Sun 24/05/2026 - 09:22:16,23.90,78.90,1024.62,4.12,98.00
Sun 24/05/2026 - 09:22:50,23.93,78.03,1024.62,4.12,98.00
Sun 24/05/2026 - 09:23:24,23.98,78.50,1024.57,4.12,98.00
Sun 24/05/2026 - 09:23:58,24.01,77.83,1024.59,4.12,98.00
Sun 24/05/2026 - 09:24:32,24.10,77.40,1024.54,4.12,98.00
Sun 24/05/2026 - 09:25:06,24.21,77.37,1024.63,4.12,98.00
Sun 24/05/2026 - 09:25:40,24.31,76.54,1024.61,4.13,98.00
Sun 24/05/2026 - 09:26:14,24.34,76.30,1024.64,4.13,98.00
Sun 24/05/2026 - 09:26:48,24.41,76.12,1024.68,4.13,98.00
Sun 24/05/2026 - 09:27:22,24.45,75.69,1024.67,4.13,98.00
Sun 24/05/2026 - 09:27:56,24.52,75.67,1024.74,4.13,98.00
Sun 24/05/2026 - 09:28:30,24.59,75.25,1024.68,4.13,98.00
Sun 24/05/2026 - 09:29:04,24.65,74.98,1024.64,4.13,98.00
Sun 24/05/2026 - 09:29:38,24.70,74.78,1024.65,4.12,98.00
Sun 24/05/2026 - 09:30:12,24.76,75.46,1024.64,4.12,98.00
Sun 24/05/2026 - 09:30:46,24.82,74.37,1024.72,4.12,98.00
Sun 24/05/2026 - 09:31:20,24.85,74.32,1024.70,4.12,98.00
Sun 24/05/2026 - 09:31:54,24.87,73.64,1024.67,4.12,98.00
Sun 24/05/2026 - 09:32:28,24.87,73.61,1024.67,4.12,98.00
Sun 24/05/2026 - 09:33:02,24.88,73.71,1024.67,4.12,98.00
Sun 24/05/2026 - 09:33:36,24.92,73.23,1024.70,4.12,98.00
Sun 24/05/2026 - 09:34:10,24.95,73.18,1024.70,4.12,98.00
Sun 24/05/2026 - 09:34:44,24.99,73.09,1024.71,4.13,98.00
Sun 24/05/2026 - 09:35:18,25.03,72.87,1024.72,4.13,98.00
Sun 24/05/2026 - 09:35:52,25.05,72.67,1024.75,4.13,98.00
Sun 24/05/2026 - 09:36:26,25.09,72.46,1024.69,4.14,98.00
Sun 24/05/2026 - 09:37:00,25.10,72.38,1024.75,4.14,98.00
Sun 24/05/2026 - 09:37:34,25.16,72.15,1024.76,4.14,99.00
Sun 24/05/2026 - 09:38:08,25.20,71.88,1024.73,4.14,99.00
Sun 24/05/2026 - 09:38:42,25.25,71.99,1024.75,4.14,99.00
Sun 24/05/2026 - 09:39:16,25.30,71.53,1024.80,4.14,99.00
Sun 24/05/2026 - 09:39:50,25.31,71.41,1024.65,4.13,98.00
Sun 24/05/2026 - 09:40:24,25.35,71.29,1024.76,4.13,98.00
Sun 24/05/2026 - 09:40:58,25.38,70.90,1024.67,4.14,98.00
Sun 24/05/2026 - 09:41:32,25.44,70.85,1024.72,4.13,98.00
Sun 24/05/2026 - 09:42:06,25.40,70.58,1024.70,4.13,98.00
Sun 24/05/2026 - 09:42:40,25.37,71.01,1024.73,4.13,98.00
Sun 24/05/2026 - 09:43:14,25.35,71.37,1024.83,4.12,98.00
Sun 24/05/2026 - 09:43:48,25.30,71.72,1024.75,4.12,98.00
Sun 24/05/2026 - 09:44:22,25.30,71.89,1024.80,4.11,98.00
Sun 24/05/2026 - 09:44:56,25.27,72.06,1024.81,4.11,98.00
Sun 24/05/2026 - 09:45:30,25.25,72.09,1024.86,4.11,98.00
Sun 24/05/2026 - 09:46:04,25.23,71.98,1024.79,4.11,98.00
Sun 24/05/2026 - 09:46:38,25.22,72.22,1024.88,4.11,98.00
Sun 24/05/2026 - 09:47:12,25.17,72.14,1024.83,4.11,98.00
Sun 24/05/2026 - 09:47:46,25.18,72.21,1024.82,4.12,98.00
Sun 24/05/2026 - 09:48:20,25.17,72.37,1024.79,4.12,98.00
Sun 24/05/2026 - 09:48:54,25.15,72.22,1024.87,4.12,98.00
Sun 24/05/2026 - 09:49:28,25.11,72.59,1024.83,4.12,98.00
Sun 24/05/2026 - 09:50:02,25.07,72.68,1024.79,4.12,98.00
Sun 24/05/2026 - 09:50:36,25.08,72.73,1024.77,4.11,98.00
Sun 24/05/2026 - 09:51:10,25.08,73.26,1024.91,4.12,98.00
Sun 24/05/2026 - 09:51:44,25.10,73.38,1024.84,4.12,98.00
Sun 24/05/2026 - 09:52:18,25.07,73.12,1024.81,4.11,98.00
Sun 24/05/2026 - 09:52:52,25.07,73.50,1024.85,4.11,98.00
Sun 24/05/2026 - 09:53:26,25.05,73.27,1024.83,4.11,98.00
Sun 24/05/2026 - 09:54:00,25.00,73.46,1024.84,4.12,98.00
Sun 24/05/2026 - 09:54:34,25.00,73.71,1024.84,4.12,98.00
Sun 24/05/2026 - 09:55:08,25.03,73.85,1024.86,4.13,98.00
Sun 24/05/2026 - 09:55:42,25.07,73.41,1024.85,4.14,99.00
Sun 24/05/2026 - 09:56:16,25.15,73.31,1024.88,4.14,99.00
Sun 24/05/2026 - 09:56:50,25.22,73.54,1024.93,4.15,99.00
Sun 24/05/2026 - 09:57:24,25.28,73.07,1024.85,4.15,99.00
Sun 24/05/2026 - 09:57:58,25.35,73.28,1024.94,4.14,99.00
Sun 24/05/2026 - 09:58:32,25.38,73.16,1024.97,4.15,99.00
Sun 24/05/2026 - 09:59:06,25.43,72.95,1024.87,4.14,99.00
Sun 24/05/2026 - 09:59:39,25.52,72.89,1024.89,4.14,99.00
Sun 24/05/2026 - 10:00:13,25.56,72.60,1024.97,4.15,99.00
Sun 24/05/2026 - 10:00:47,25.60,72.39,1024.88,4.15,99.00
Sun 24/05/2026 - 10:01:21,25.66,72.37,1024.97,4.15,99.00
Sun 24/05/2026 - 10:01:55,25.69,72.00,1024.92,4.15,99.00
Sun 24/05/2026 - 10:02:29,25.75,72.03,1024.96,4.15,99.00
Sun 24/05/2026 - 10:03:03,25.78,72.13,1024.96,4.15,99.00
Sun 24/05/2026 - 10:03:37,25.86,71.55,1024.99,4.15,99.00
Sun 24/05/2026 - 10:04:11,25.95,71.20,1024.95,4.15,99.00
Sun 24/05/2026 - 10:04:45,26.02,70.95,1024.95,4.15,99.00
Sun 24/05/2026 - 10:05:19,26.04,70.42,1025.01,4.15,99.00
Sun 24/05/2026 - 10:05:53,26.07,70.21,1024.96,4.15,99.00
Sun 24/05/2026 - 10:06:27,26.15,70.35,1025.04,4.15,99.00
Sun 24/05/2026 - 10:07:01,26.20,70.51,1025.00,4.15,99.00
Sun 24/05/2026 - 10:07:35,26.17,70.63,1025.03,4.15,99.00
Sun 24/05/2026 - 10:08:09,26.12,70.83,1025.00,4.15,99.00
Sun 24/05/2026 - 10:08:43,26.06,71.15,1024.95,4.15,99.00
Sun 24/05/2026 - 10:09:17,26.06,71.40,1025.00,4.15,99.00
Sun 24/05/2026 - 10:09:51,26.14,71.09,1025.03,4.15,99.00
Sun 24/05/2026 - 10:10:25,26.18,70.73,1025.07,4.15,99.00
Sun 24/05/2026 - 10:10:59,26.13,70.79,1024.98,4.15,99.00
Sun 24/05/2026 - 10:11:33,26.10,70.71,1025.02,4.15,99.00
Sun 24/05/2026 - 10:12:07,26.12,70.80,1024.97,4.15,99.00
Sun 24/05/2026 - 10:12:41,26.12,70.50,1025.00,4.14,99.00
Sun 24/05/2026 - 10:13:15,26.10,70.61,1025.02,4.15,99.00
Sun 24/05/2026 - 10:13:49,26.06,70.60,1025.08,4.15,99.00
Sun 24/05/2026 - 10:14:23,26.07,70.67,1025.07,4.15,99.00
Sun 24/05/2026 - 10:14:57,26.13,70.34,1025.03,4.14,99.00
Sun 24/05/2026 - 10:15:31,26.07,70.36,1025.02,4.14,98.00
Sun 24/05/2026 - 10:16:05,26.03,70.59,1025.11,4.14,99.00
Sun 24/05/2026 - 10:16:39,26.08,70.35,1025.08,4.14,99.00
Sun 24/05/2026 - 10:17:13,26.15,70.31,1025.12,4.14,99.00
Sun 24/05/2026 - 10:17:47,26.19,69.53,1025.14,4.15,99.00
Sun 24/05/2026 - 10:18:21,26.21,69.78,1025.09,4.15,99.00
Sun 24/05/2026 - 10:18:55,26.22,69.41,1025.14,4.15,99.00
Sun 24/05/2026 - 10:19:29,26.21,69.74,1025.14,4.15,99.00
Sun 24/05/2026 - 10:20:03,26.24,69.59,1025.14,4.15,99.00
Sun 24/05/2026 - 10:20:37,26.25,69.49,1025.14,4.15,99.00
Sun 24/05/2026 - 10:21:11,26.26,69.41,1025.12,4.15,99.00
Sun 24/05/2026 - 10:21:45,26.26,69.68,1025.15,4.16,99.00
Sun 24/05/2026 - 10:22:19,26.25,69.49,1025.17,4.15,99.00
Sun 24/05/2026 - 10:22:53,26.42,69.91,1025.11,4.15,99.00
Sun 24/05/2026 - 10:23:27,26.78,69.84,1025.07,4.16,99.00
Sun 24/05/2026 - 10:24:01,27.16,68.12,1025.07,4.16,99.00
Sun 24/05/2026 - 10:24:35,27.46,66.61,1025.05,4.15,99.00
Sun 24/05/2026 - 10:25:09,27.69,65.34,1025.08,4.16,99.00
Sun 24/05/2026 - 10:25:43,27.90,64.39,1025.00,4.15,99.00
Sun 24/05/2026 - 10:26:17,27.96,63.41,1025.11,4.14,99.00
Sun 24/05/2026 - 10:26:51,28.14,62.65,1025.03,4.15,99.00
Sun 24/05/2026 - 10:27:25,28.47,60.72,1025.09,4.15,99.00
Sun 24/05/2026 - 10:27:59,28.74,60.01,1025.06,4.15,99.00
Sun 24/05/2026 - 10:28:33,28.95,56.26,1025.09,4.15,99.00
Sun 24/05/2026 - 10:29:07,29.00,54.02,1024.97,4.15,99.00
Sun 24/05/2026 - 10:29:41,29.09,52.91,1025.04,4.14,99.00
Sun 24/05/2026 - 10:30:15,29.10,51.24,1024.95,4.14,98.00
Sun 24/05/2026 - 10:30:48,29.20,49.77,1025.00,4.14,99.00
Sun 24/05/2026 - 10:31:23,29.32,49.41,1025.02,4.14,99.00
Sun 24/05/2026 - 10:31:56,29.45,48.43,1024.99,4.15,99.00
Sun 24/05/2026 - 10:32:30,29.55,48.29,1025.03,4.14,99.00
Sun 24/05/2026 - 10:33:04,29.61,47.96,1025.07,4.15,99.00
Sun 24/05/2026 - 10:33:38,29.61,47.70,1025.01,4.14,98.00
Sun 24/05/2026 - 10:34:12,29.71,48.02,1024.94,4.15,99.00
Sun 24/05/2026 - 10:34:46,29.87,47.70,1024.91,4.14,99.00
Sun 24/05/2026 - 10:35:20,29.90,47.50,1024.99,4.14,99.00
Sun 24/05/2026 - 10:35:54,29.91,47.19,1024.96,4.15,99.00
Sun 24/05/2026 - 10:36:28,29.92,46.87,1024.95,4.14,98.00
Sun 24/05/2026 - 10:37:02,29.69,46.81,1024.94,4.15,99.00
Sun 24/05/2026 - 10:37:36,29.82,46.57,1024.94,4.16,99.00
Sun 24/05/2026 - 10:38:10,29.70,46.58,1024.93,4.15,99.00
Sun 24/05/2026 - 10:38:44,29.79,46.96,1024.97,4.15,99.00
Sun 24/05/2026 - 10:39:18,29.91,46.79,1024.90,4.14,99.00
Sun 24/05/2026 - 10:39:52,29.89,46.91,1024.92,4.14,99.00
Sun 24/05/2026 - 10:40:26,30.10,46.25,1024.88,4.14,99.00
Sun 24/05/2026 - 10:41:00,30.07,46.30,1024.94,4.15,99.00
Sun 24/05/2026 - 10:41:34,30.14,45.87,1024.81,4.15,99.00
Sun 24/05/2026 - 10:42:08,30.21,45.75,1024.86,4.14,99.00
Sun 24/05/2026 - 10:42:42,30.38,45.08,1024.86,4.14,99.00
Sun 24/05/2026 - 10:43:16,30.29,45.22,1024.85,4.14,99.00
Sun 24/05/2026 - 10:43:50,30.39,45.28,1024.77,4.14,99.00
Sun 24/05/2026 - 10:44:24,30.39,44.96,1024.77,4.15,99.00
Sun 24/05/2026 - 10:44:58,30.55,44.14,1024.82,4.15,99.00
Sun 24/05/2026 - 10:45:32,30.71,43.98,1024.81,4.15,99.00
Sun 24/05/2026 - 10:46:06,30.77,43.70,1024.76,4.16,99.00
Sun 24/05/2026 - 10:46:40,30.87,43.35,1024.72,4.15,99.00
Sun 24/05/2026 - 10:47:14,30.83,43.34,1024.75,4.15,99.00
Sun 24/05/2026 - 10:47:48,31.01,43.14,1024.77,4.14,99.00
Sun 24/05/2026 - 10:48:22,30.96,42.88,1024.82,4.15,99.00
Sun 24/05/2026 - 10:48:56,30.97,43.07,1024.81,4.14,99.00
Sun 24/05/2026 - 10:49:30,31.26,40.03,1024.75,4.14,99.00
Sun 24/05/2026 - 10:50:04,31.44,41.40,1024.83,4.14,99.00
Sun 24/05/2026 - 10:50:38,31.52,39.54,1024.81,4.14,99.00
Sun 24/05/2026 - 10:51:12,31.55,38.56,1024.84,4.15,99.00
Sun 24/05/2026 - 10:51:46,31.60,40.67,1024.77,4.14,99.00
Sun 24/05/2026 - 10:52:20,31.52,41.04,1024.70,4.14,99.00
Sun 24/05/2026 - 10:52:54,31.58,40.97,1024.72,4.14,99.00
Sun 24/05/2026 - 10:53:28,31.53,40.91,1024.74,4.14,99.00
Sun 24/05/2026 - 10:54:02,31.48,40.89,1024.79,4.14,99.00
Sun 24/05/2026 - 10:54:36,31.38,40.90,1024.74,4.14,99.00
Sun 24/05/2026 - 10:55:10,31.37,40.92,1024.72,4.16,99.00
Sun 24/05/2026 - 10:55:44,31.38,40.90,1024.74,4.16,99.00
Sun 24/05/2026 - 10:56:18,31.45,40.61,1024.80,4.16,99.00
Sun 24/05/2026 - 10:56:52,31.40,40.77,1024.77,4.14,99.00
Sun 24/05/2026 - 10:57:26,31.35,40.84,1024.76,4.14,99.00
Sun 24/05/2026 - 10:58:00,31.37,40.91,1024.77,4.14,99.00
Sun 24/05/2026 - 10:58:34,31.33,40.97,1024.78,4.14,99.00
Sun 24/05/2026 - 10:59:08,31.48,41.03,1024.77,4.14,99.00
Sun 24/05/2026 - 10:59:41,31.77,40.90,1024.73,4.14,99.00
Sun 24/05/2026 - 11:00:15,31.78,40.21,1024.77,4.16,99.00
Sun 24/05/2026 - 11:00:49,31.86,40.04,1024.82,4.16,99.00
Sun 24/05/2026 - 11:01:23,31.72,40.11,1024.77,4.14,99.00
Sun 24/05/2026 - 11:01:57,31.77,40.42,1024.73,4.14,99.00
Sun 24/05/2026 - 11:02:31,31.78,40.16,1024.82,4.14,99.00
Sun 24/05/2026 - 11:03:05,31.76,40.01,1024.74,4.14,99.00
Sun 24/05/2026 - 11:03:39,31.67,39.65,1024.76,4.15,99.00
Sun 24/05/2026 - 11:04:13,31.53,39.48,1024.83,4.16,99.00
Sun 24/05/2026 - 11:04:47,31.44,39.58,1024.76,4.14,99.00
Sun 24/05/2026 - 11:05:21,31.37,39.90,1024.80,4.15,99.00
Sun 24/05/2026 - 11:05:55,31.43,39.83,1024.84,4.14,99.00
Sun 24/05/2026 - 11:06:29,31.46,39.43,1024.73,4.16,99.00
Sun 24/05/2026 - 11:07:03,31.26,39.88,1024.76,4.16,99.00
Sun 24/05/2026 - 11:07:37,31.24,39.58,1024.66,4.14,99.00
Sun 24/05/2026 - 11:08:11,31.38,39.41,1024.74,4.15,99.00
Sun 24/05/2026 - 11:08:45,31.30,39.42,1024.74,4.15,99.00
Sun 24/05/2026 - 11:09:19,31.11,40.29,1024.74,4.14,99.00
Sun 24/05/2026 - 11:09:53,31.46,40.18,1024.78,4.14,99.00
Sun 24/05/2026 - 11:10:27,31.79,39.27,1024.76,4.14,99.00
Sun 24/05/2026 - 11:11:01,31.85,39.80,1024.79,4.14,99.00
Sun 24/05/2026 - 11:11:35,31.86,39.82,1024.85,4.14,99.00
Sun 24/05/2026 - 11:12:09,32.16,39.24,1024.77,4.14,99.00
Sun 24/05/2026 - 11:12:43,32.42,38.96,1024.90,4.14,99.00
Sun 24/05/2026 - 11:13:17,32.55,38.29,1024.73,4.14,99.00
Sun 24/05/2026 - 11:13:51,32.75,37.79,1024.78,4.14,99.00
Sun 24/05/2026 - 11:14:25,32.60,37.49,1024.82,4.14,99.00
Sun 24/05/2026 - 11:14:59,32.36,37.85,1024.85,4.14,99.00
Sun 24/05/2026 - 11:15:33,32.57,37.55,1024.73,4.14,99.00
Sun 24/05/2026 - 11:16:07,32.77,37.39,1024.76,4.14,99.00
Sun 24/05/2026 - 11:16:41,32.75,37.28,1024.78,4.14,99.00
Sun 24/05/2026 - 11:17:15,32.69,36.96,1024.79,4.14,99.00
Sun 24/05/2026 - 11:17:49,32.78,37.04,1024.73,4.14,99.00
Sun 24/05/2026 - 11:18:23,32.69,36.75,1024.69,4.14,99.00
Sun 24/05/2026 - 11:18:57,32.53,36.91,1024.69,4.14,99.00
Sun 24/05/2026 - 11:19:31,32.71,36.90,1024.69,4.14,99.00
Sun 24/05/2026 - 11:20:05,32.65,36.59,1024.67,4.14,99.00
Sun 24/05/2026 - 11:20:39,32.64,36.85,1024.66,4.14,99.00
Sun 24/05/2026 - 11:21:13,32.84,36.53,1024.77,4.14,99.00
Sun 24/05/2026 - 11:21:47,32.84,36.35,1024.71,4.14,99.00
Sun 24/05/2026 - 11:22:21,32.92,36.20,1024.61,4.14,99.00
Sun 24/05/2026 - 11:22:55,32.94,36.11,1024.67,4.14,99.00
Sun 24/05/2026 - 11:23:29,32.84,36.11,1024.61,4.14,99.00
Sun 24/05/2026 - 11:24:03,32.84,36.34,1024.66,4.14,99.00
Sun 24/05/2026 - 11:24:37,32.91,36.34,1024.62,4.14,99.00
Sun 24/05/2026 - 11:25:11,32.98,36.24,1024.59,4.15,99.00
Sun 24/05/2026 - 11:25:45,32.99,36.07,1024.64,4.14,99.00
Sun 24/05/2026 - 11:26:19,33.01,35.81,1024.60,4.14,99.00
Sun 24/05/2026 - 11:26:53,33.07,35.62,1024.58,4.14,99.00
Sun 24/05/2026 - 11:27:27,33.09,35.94,1024.59,4.14,99.00
Sun 24/05/2026 - 11:28:01,33.13,35.66,1024.46,4.14,99.00
Sun 24/05/2026 - 11:28:35,33.20,36.04,1024.44,4.14,99.00
Sun 24/05/2026 - 11:29:08,33.12,35.58,1024.44,4.14,99.00
Sun 24/05/2026 - 11:29:42,33.21,35.75,1024.52,4.14,99.00
Sun 24/05/2026 - 11:30:16,33.17,35.57,1024.52,4.14,99.00
Sun 24/05/2026 - 11:30:50,33.26,35.66,1024.46,4.14,99.00
Sun 24/05/2026 - 11:31:24,33.15,35.59,1024.38,4.14,99.00
Sun 24/05/2026 - 11:31:58,33.23,35.29,1024.49,4.14,99.00
Sun 24/05/2026 - 11:32:32,33.30,35.44,1024.50,4.14,99.00
Sun 24/05/2026 - 11:33:06,33.41,35.24,1024.54,4.14,99.00
Sun 24/05/2026 - 11:33:40,33.49,35.22,1024.47,4.14,99.00
Sun 24/05/2026 - 11:34:14,33.52,35.05,1024.38,4.15,99.00
Sun 24/05/2026 - 11:34:48,33.58,35.14,1024.46,4.15,99.00
Sun 24/05/2026 - 11:35:22,33.70,34.53,1024.39,4.15,99.00
Sun 24/05/2026 - 11:35:56,33.81,34.58,1024.42,4.14,99.00
Sun 24/05/2026 - 11:36:30,33.97,34.43,1024.47,4.14,99.00
Sun 24/05/2026 - 11:37:04,34.04,34.25,1024.47,4.14,99.00
Sun 24/05/2026 - 11:37:38,33.98,34.37,1024.46,4.14,99.00
Sun 24/05/2026 - 11:38:12,33.96,34.17,1024.45,4.14,99.00
Sun 24/05/2026 - 11:38:46,34.09,34.21,1024.45,4.15,99.00
Sun 24/05/2026 - 11:39:20,34.35,33.88,1024.37,4.14,99.00
Sun 24/05/2026 - 11:39:54,34.13,33.97,1024.51,4.15,99.00
Sun 24/05/2026 - 11:40:28,34.28,33.75,1024.43,4.14,99.00
Sun 24/05/2026 - 11:41:02,34.44,33.25,1024.53,4.14,99.00
Sun 24/05/2026 - 11:41:36,33.98,33.82,1024.42,4.14,99.00
Sun 24/05/2026 - 11:42:10,33.71,34.40,1024.55,4.14,99.00
Sun 24/05/2026 - 11:42:44,33.38,34.73,1024.33,4.14,98.00
Sun 24/05/2026 - 11:43:18,33.17,35.03,1024.42,4.14,98.00
Sun 24/05/2026 - 11:43:52,33.27,34.74,1024.39,4.14,98.00
Sun 24/05/2026 - 11:44:26,32.90,35.57,1024.33,4.14,98.00
Sun 24/05/2026 - 11:45:00,32.84,35.56,1024.39,4.14,98.00
Sun 24/05/2026 - 11:45:34,32.76,35.47,1024.36,4.14,98.00
Sun 24/05/2026 - 11:46:08,32.48,36.08,1024.45,4.14,98.00
Sun 24/05/2026 - 11:46:42,32.44,36.16,1024.38,4.13,98.00
Sun 24/05/2026 - 11:47:16,32.24,36.83,1024.31,4.13,98.00
Sun 24/05/2026 - 11:47:50,32.10,36.47,1024.24,4.14,98.00
Sun 24/05/2026 - 11:48:24,31.79,36.69,1024.23,4.13,98.00
Sun 24/05/2026 - 11:48:58,31.52,37.09,1024.37,4.13,98.00
Sun 24/05/2026 - 11:49:32,31.31,37.45,1024.23,4.13,98.00
Sun 24/05/2026 - 11:50:06,31.21,37.72,1024.29,4.13,98.00
Sun 24/05/2026 - 11:50:40,31.02,37.98,1024.18,4.14,98.00
Sun 24/05/2026 - 11:51:14,30.96,38.01,1024.16,4.13,98.00
Sun 24/05/2026 - 11:51:48,30.83,38.31,1024.14,4.14,98.00
Sun 24/05/2026 - 11:52:22,30.65,38.64,1024.25,4.13,98.00
Sun 24/05/2026 - 11:52:56,30.59,38.63,1024.15,4.13,98.00
Sun 24/05/2026 - 11:53:30,30.58,38.78,1024.16,4.13,98.00
Sun 24/05/2026 - 11:54:04,30.53,38.86,1024.10,4.13,98.00
Sun 24/05/2026 - 11:54:38,30.34,39.19,1024.13,4.13,98.00
Sun 24/05/2026 - 11:55:12,30.24,39.39,1024.08,4.13,98.00
Sun 24/05/2026 - 11:55:46,30.36,39.40,1024.14,4.13,98.00
Sun 24/05/2026 - 11:56:20,30.34,39.69,1024.08,4.13,98.00
Sun 24/05/2026 - 11:56:54,30.49,39.56,1024.11,4.13,98.00
Sun 24/05/2026 - 11:57:28,30.45,40.02,1024.05,4.13,98.00
Sun 24/05/2026 - 11:58:02,30.36,39.79,1024.08,4.13,98.00
Sun 24/05/2026 - 11:58:36,30.26,40.07,1024.14,4.13,98.00
Sun 24/05/2026 - 11:59:09,30.21,40.89,1024.08,4.13,98.00
Sun 24/05/2026 - 11:59:43,30.32,41.05,1024.04,4.13,98.00
Sun 24/05/2026 - 12:00:17,30.34,41.06,1024.02,4.13,98.00
Sun 24/05/2026 - 12:00:51,30.30,41.53,1024.02,4.13,98.00
Sun 24/05/2026 - 12:01:25,30.21,41.39,1024.02,4.13,98.00
Sun 24/05/2026 - 12:01:59,30.26,41.47,1024.09,4.13,98.00
Sun 24/05/2026 - 12:02:33,29.98,40.69,1024.07,4.13,98.00
Sun 24/05/2026 - 12:03:07,30.12,39.81,1024.09,4.13,98.00
Sun 24/05/2026 - 12:03:41,29.97,40.12,1023.99,4.13,98.00
Sun 24/05/2026 - 12:04:15,29.89,40.19,1024.07,4.13,98.00
Sun 24/05/2026 - 12:04:49,29.79,40.38,1024.03,4.13,98.00
Sun 24/05/2026 - 12:05:23,29.95,41.19,1023.99,4.13,98.00
Sun 24/05/2026 - 12:05:57,29.77,41.05,1024.03,4.13,98.00
Sun 24/05/2026 - 12:06:31,29.55,41.28,1024.01,4.13,98.00
Sun 24/05/2026 - 12:07:05,29.45,42.18,1023.96,4.13,98.00
Sun 24/05/2026 - 12:07:39,29.63,42.19,1023.98,4.13,98.00
Sun 24/05/2026 - 12:08:13,29.68,41.92,1024.07,4.13,98.00
Sun 24/05/2026 - 12:08:47,29.74,41.65,1024.11,4.13,98.00
Sun 24/05/2026 - 12:09:21,29.92,41.29,1023.95,4.13,98.00
Sun 24/05/2026 - 12:09:55,29.84,41.56,1024.01,4.13,98.00
Sun 24/05/2026 - 12:10:29,29.77,41.63,1023.99,4.13,98.00
Sun 24/05/2026 - 12:11:03,29.55,41.88,1024.00,4.13,98.00
Sun 24/05/2026 - 12:11:37,29.38,42.01,1024.06,4.13,98.00
Sun 24/05/2026 - 12:12:11,29.66,42.09,1023.92,4.13,98.00
Sun 24/05/2026 - 12:12:45,29.74,41.18,1023.94,4.13,98.00
Sun 24/05/2026 - 12:13:19,29.62,41.20,1023.96,4.13,98.00
Sun 24/05/2026 - 12:13:53,29.56,41.46,1023.94,4.13,98.00
Sun 24/05/2026 - 12:14:27,29.52,41.07,1023.96,4.13,98.00
Sun 24/05/2026 - 12:15:01,29.42,40.51,1023.96,4.13,98.00
Sun 24/05/2026 - 12:15:35,29.33,40.23,1023.91,4.13,98.00
Sun 24/05/2026 - 12:16:09,29.23,40.18,1023.93,4.13,98.00
Sun 24/05/2026 - 12:16:43,29.12,40.52,1024.00,4.13,98.00
Sun 24/05/2026 - 12:17:17,29.18,41.20,1023.98,4.13,98.00
Sun 24/05/2026 - 12:17:51,29.22,41.90,1023.88,4.13,98.00
Sun 24/05/2026 - 12:18:25,29.50,40.92,1023.92,4.13,98.00
Sun 24/05/2026 - 12:18:59,29.74,40.20,1023.98,4.13,98.00
Sun 24/05/2026 - 12:19:33,29.43,39.93,1023.81,4.13,98.00
Sun 24/05/2026 - 12:20:07,29.28,40.00,1023.86,4.13,98.00
Sun 24/05/2026 - 12:20:41,29.08,40.23,1023.92,4.13,98.00
Sun 24/05/2026 - 12:21:15,28.91,40.53,1023.86,4.13,98.00
Sun 24/05/2026 - 12:21:49,28.72,40.46,1023.87,4.13,98.00
Sun 24/05/2026 - 12:22:23,28.69,41.78,1023.84,4.13,98.00
Sun 24/05/2026 - 12:22:57,28.65,41.79,1023.80,4.13,98.00
Sun 24/05/2026 - 12:23:31,28.80,42.05,1023.81,4.13,98.00
Sun 24/05/2026 - 12:24:05,28.94,41.59,1023.85,4.13,98.00
Sun 24/05/2026 - 12:24:39,28.80,42.04,1023.87,4.13,98.00
Sun 24/05/2026 - 12:25:13,28.71,41.67,1023.80,4.13,98.00
Sun 24/05/2026 - 12:25:47,28.74,41.52,1023.88,4.13,98.00
Sun 24/05/2026 - 12:26:21,28.60,41.67,1023.74,4.13,98.00
Sun 24/05/2026 - 12:26:55,28.48,41.93,1023.68,4.13,98.00
Sun 24/05/2026 - 12:27:28,28.42,42.14,1023.75,4.13,98.00
Sun 24/05/2026 - 12:28:02,28.37,42.28,1023.71,4.13,98.00
Sun 24/05/2026 - 12:28:36,28.30,42.36,1023.76,4.13,98.00
Sun 24/05/2026 - 12:29:10,28.26,42.45,1023.74,4.13,98.00
Sun 24/05/2026 - 12:29:44,28.45,42.46,1023.71,4.13,98.00
Sun 24/05/2026 - 12:30:18,28.34,42.44,1023.71,4.13,98.00
Sun 24/05/2026 - 12:30:52,28.26,42.52,1023.75,4.13,98.00
Sun 24/05/2026 - 12:31:26,28.17,42.95,1023.67,4.13,98.00
Sun 24/05/2026 - 12:32:00,28.20,42.69,1023.75,4.13,98.00
Sun 24/05/2026 - 12:32:34,28.18,42.60,1023.71,4.13,98.00
Sun 24/05/2026 - 12:33:08,28.41,42.28,1023.68,4.13,98.00
Sun 24/05/2026 - 12:33:42,28.33,42.98,1023.68,4.13,98.00
Sun 24/05/2026 - 12:34:16,28.34,43.06,1023.58,4.13,98.00
Sun 24/05/2026 - 12:34:50,28.43,42.82,1023.60,4.13,98.00
Sun 24/05/2026 - 12:35:24,28.41,42.53,1023.67,4.13,98.00
Sun 24/05/2026 - 12:35:58,28.41,42.87,1023.68,4.12,98.00
Sun 24/05/2026 - 12:36:32,28.40,42.94,1023.60,4.13,98.00
Sun 24/05/2026 - 12:37:06,28.43,42.46,1023.71,4.13,98.00
Sun 24/05/2026 - 12:37:40,28.45,42.33,1023.54,4.13,98.00
Sun 24/05/2026 - 12:38:14,28.46,42.35,1023.61,4.13,98.00
Sun 24/05/2026 - 12:38:48,28.49,42.62,1023.62,4.13,98.00
Sun 24/05/2026 - 12:39:22,28.49,42.63,1023.61,4.13,98.00
Sun 24/05/2026 - 12:39:56,28.54,42.32,1023.61,4.13,98.00
Sun 24/05/2026 - 12:40:30,28.60,42.50,1023.61,4.12,98.00
Sun 24/05/2026 - 12:41:04,28.78,42.30,1023.63,4.12,98.00
Sun 24/05/2026 - 12:41:38,28.81,42.02,1023.64,4.13,98.00
Sun 24/05/2026 - 12:42:12,28.84,42.12,1023.52,4.12,98.00
Sun 24/05/2026 - 12:42:46,28.87,41.75,1023.63,4.12,98.00
Sun 24/05/2026 - 12:43:20,28.90,41.72,1023.57,4.12,98.00
Sun 24/05/2026 - 12:43:54,28.93,41.25,1023.50,4.13,98.00
Sun 24/05/2026 - 12:44:28,29.07,41.42,1023.57,4.12,98.00
Sun 24/05/2026 - 12:45:02,29.04,41.12,1023.59,4.12,98.00
Sun 24/05/2026 - 12:45:36,29.00,41.30,1023.49,4.12,98.00
Sun 24/05/2026 - 12:46:10,29.17,41.15,1023.53,4.13,98.00
Sun 24/05/2026 - 12:46:44,29.22,40.71,1023.50,4.12,98.00
Sun 24/05/2026 - 12:47:18,29.20,40.63,1023.55,4.12,98.00
Sun 24/05/2026 - 12:47:52,29.43,40.04,1023.58,4.12,98.00
Sun 24/05/2026 - 12:48:26,29.51,40.16,1023.46,4.12,98.00
Sun 24/05/2026 - 12:49:00,29.44,40.54,1023.54,4.12,98.00
Sun 24/05/2026 - 12:49:34,29.33,40.15,1023.53,4.12,98.00
Sun 24/05/2026 - 12:50:08,29.29,40.39,1023.43,4.12,98.00
Sun 24/05/2026 - 12:50:42,29.33,40.69,1023.41,4.12,98.00
Sun 24/05/2026 - 12:51:16,29.23,40.96,1023.47,4.12,98.00
Sun 24/05/2026 - 12:51:50,29.28,40.99,1023.33,4.12,98.00
Sun 24/05/2026 - 12:52:24,29.25,41.01,1023.41,4.12,98.00
Sun 24/05/2026 - 12:52:58,29.35,40.63,1023.39,4.12,98.00
Sun 24/05/2026 - 12:53:32,29.38,40.70,1023.44,4.12,98.00
Sun 24/05/2026 - 12:54:05,29.24,40.30,1023.37,4.12,98.00
Sun 24/05/2026 - 12:54:39,29.26,40.81,1023.41,4.12,98.00
Sun 24/05/2026 - 12:55:13,29.15,41.20,1023.41,4.12,98.00
Sun 24/05/2026 - 12:55:47,29.12,41.23,1023.46,4.12,98.00
Sun 24/05/2026 - 12:56:21,29.18,40.93,1023.32,4.12,98.00
Sun 24/05/2026 - 12:56:55,29.13,41.10,1023.34,4.12,98.00
Sun 24/05/2026 - 12:57:29,29.30,40.77,1023.36,4.12,98.00
Sun 24/05/2026 - 12:58:03,29.54,40.21,1023.41,4.12,98.00
Sun 24/05/2026 - 12:58:37,29.45,39.87,1023.34,4.12,98.00
Sun 24/05/2026 - 12:59:11,29.51,40.14,1023.39,4.12,98.00
Sun 24/05/2026 - 12:59:45,29.45,40.12,1023.40,4.12,98.00
Sun 24/05/2026 - 13:00:19,29.65,39.73,1023.35,4.12,98.00
Sun 24/05/2026 - 13:00:53,29.54,39.88,1023.41,4.12,98.00
Sun 24/05/2026 - 13:01:27,29.44,40.12,1023.38,4.12,98.00
Sun 24/05/2026 - 13:02:01,29.43,40.05,1023.36,4.12,98.00
Sun 24/05/2026 - 13:02:35,29.42,39.95,1023.35,4.12,98.00
Sun 24/05/2026 - 13:03:09,29.68,38.81,1023.29,4.12,98.00
Sun 24/05/2026 - 13:03:43,29.51,39.75,1023.38,4.12,98.00
Sun 24/05/2026 - 13:04:17,29.45,38.89,1023.31,4.12,98.00
Sun 24/05/2026 - 13:04:51,29.37,39.89,1023.38,4.12,98.00
Sun 24/05/2026 - 13:05:25,29.30,39.99,1023.30,4.12,98.00
Sun 24/05/2026 - 13:05:59,29.26,40.13,1023.27,4.12,98.00
Sun 24/05/2026 - 13:06:33,29.27,40.07,1023.26,4.12,98.00
Sun 24/05/2026 - 13:07:07,29.36,39.68,1023.31,4.12,98.00
Sun 24/05/2026 - 13:07:41,29.44,39.91,1023.32,4.12,98.00
Sun 24/05/2026 - 13:08:15,29.80,38.93,1023.33,4.12,98.00
Sun 24/05/2026 - 13:08:49,29.67,39.01,1023.19,4.12,98.00
Sun 24/05/2026 - 13:09:23,29.61,39.13,1023.22,4.12,98.00
Sun 24/05/2026 - 13:09:57,29.48,39.57,1023.28,4.12,98.00
Sun 24/05/2026 - 13:10:31,29.43,39.47,1023.36,4.12,98.00
Sun 24/05/2026 - 13:11:05,29.35,39.77,1023.26,4.12,98.00
Sun 24/05/2026 - 13:11:39,29.39,39.43,1023.21,4.12,98.00
Sun 24/05/2026 - 13:12:13,29.32,39.66,1023.26,4.12,98.00
Sun 24/05/2026 - 13:12:47,29.30,39.69,1023.36,4.12,98.00
Sun 24/05/2026 - 13:13:21,29.14,40.03,1023.25,4.12,98.00
Sun 24/05/2026 - 13:13:55,29.20,39.87,1023.30,4.12,98.00
Sun 24/05/2026 - 13:14:29,29.18,39.84,1023.21,4.12,98.00
Sun 24/05/2026 - 13:15:03,29.35,39.60,1023.28,4.12,98.00
Sun 24/05/2026 - 13:15:37,29.17,39.89,1023.27,4.12,98.00
Sun 24/05/2026 - 13:16:11,29.23,39.91,1023.21,4.12,98.00
Sun 24/05/2026 - 13:16:45,29.34,38.88,1023.15,4.12,98.00
Sun 24/05/2026 - 13:17:19,29.58,39.32,1023.20,4.12,98.00
Sun 24/05/2026 - 13:17:53,29.58,38.63,1023.20,4.12,98.00
Sun 24/05/2026 - 13:18:27,29.35,39.62,1023.25,4.12,98.00
Sun 24/05/2026 - 13:19:01,29.18,39.79,1023.19,4.12,98.00
Sun 24/05/2026 - 13:19:35,29.06,40.02,1023.20,4.12,98.00
Sun 24/05/2026 - 13:20:09,28.93,40.11,1023.23,4.12,98.00
Sun 24/05/2026 - 13:20:42,28.79,40.35,1023.30,4.12,98.00
Sun 24/05/2026 - 13:21:16,28.74,40.54,1023.18,4.12,98.00
Sun 24/05/2026 - 13:21:50,28.63,40.48,1023.22,4.12,98.00
Sun 24/05/2026 - 13:22:24,28.57,40.96,1023.23,4.12,98.00
Sun 24/05/2026 - 13:22:58,28.54,40.72,1023.26,4.12,98.00
Sun 24/05/2026 - 13:23:32,28.53,40.80,1023.16,4.12,98.00
Sun 24/05/2026 - 13:24:06,28.60,40.83,1023.14,4.12,98.00
Sun 24/05/2026 - 13:24:40,28.59,40.94,1023.23,4.12,98.00
Sun 24/05/2026 - 13:25:14,28.48,40.66,1023.19,4.12,98.00
Sun 24/05/2026 - 13:25:48,28.63,40.41,1023.16,4.12,98.00
Sun 24/05/2026 - 13:26:22,28.74,40.39,1023.18,4.12,98.00
Sun 24/05/2026 - 13:26:56,28.63,40.75,1023.16,4.12,98.00
Sun 24/05/2026 - 13:27:30,28.49,40.62,1023.25,4.12,98.00
Sun 24/05/2026 - 13:28:04,28.39,40.98,1023.11,4.12,98.00
Sun 24/05/2026 - 13:28:38,28.31,41.36,1023.22,4.12,98.00
Sun 24/05/2026 - 13:29:12,28.24,41.26,1023.16,4.12,98.00
Sun 24/05/2026 - 13:29:46,28.17,40.35,1023.15,4.12,98.00
Sun 24/05/2026 - 13:30:20,28.28,41.09,1023.14,4.12,98.00
Sun 24/05/2026 - 13:30:54,28.20,41.63,1023.14,4.12,98.00
Sun 24/05/2026 - 13:31:28,28.19,42.10,1023.12,4.12,98.00
Sun 24/05/2026 - 13:32:02,28.23,41.96,1023.08,4.12,98.00
Sun 24/05/2026 - 13:32:36,28.27,41.73,1023.16,4.12,98.00
Sun 24/05/2026 - 13:33:10,28.13,41.90,1023.04,4.12,98.00
Sun 24/05/2026 - 13:33:44,28.14,41.98,1023.17,4.12,98.00
Sun 24/05/2026 - 13:34:18,28.16,41.98,1023.16,4.12,98.00
Sun 24/05/2026 - 13:34:52,28.22,41.59,1023.15,4.12,98.00
Sun 24/05/2026 - 13:35:26,28.17,42.07,1023.12,4.12,98.00
Sun 24/05/2026 - 13:36:00,28.18,41.62,1023.11,4.12,98.00
Sun 24/05/2026 - 13:36:34,28.19,41.74,1023.10,4.12,98.00
Sun 24/05/2026 - 13:37:08,28.34,41.38,1023.11,4.12,98.00
Sun 24/05/2026 - 13:37:42,28.29,41.80,1023.13,4.12,98.00
Sun 24/05/2026 - 13:38:16,28.19,41.93,1023.12,4.11,98.00
Sun 24/05/2026 - 13:38:50,28.30,41.19,1023.04,4.12,98.00
Sun 24/05/2026 - 13:39:24,28.18,41.90,1023.11,4.12,98.00
Sun 24/05/2026 - 13:39:58,28.08,42.11,1023.06,4.11,98.00
Sun 24/05/2026 - 13:40:32,27.93,42.61,1023.14,4.12,98.00
Sun 24/05/2026 - 13:41:06,27.83,42.33,1023.07,4.11,98.00
Sun 24/05/2026 - 13:41:40,27.75,42.87,1023.05,4.12,98.00
Sun 24/05/2026 - 13:42:14,27.78,42.84,1023.07,4.12,98.00
Sun 24/05/2026 - 13:42:48,27.74,42.57,1023.08,4.11,98.00
Sun 24/05/2026 - 13:43:22,27.79,42.72,1023.11,4.11,98.00
Sun 24/05/2026 - 13:43:55,27.69,43.01,1023.03,4.11,98.00
Sun 24/05/2026 - 13:44:29,27.57,42.99,1023.09,4.11,98.00
Sun 24/05/2026 - 13:45:03,27.53,42.77,1023.12,4.11,98.00
Sun 24/05/2026 - 13:45:37,27.61,43.14,1023.03,4.11,98.00
Sun 24/05/2026 - 13:46:11,27.94,41.81,1023.04,4.11,98.00
Sun 24/05/2026 - 13:46:45,27.90,42.60,1023.11,4.11,98.00
Sun 24/05/2026 - 13:47:19,27.85,42.75,1023.08,4.11,98.00
Sun 24/05/2026 - 13:47:53,27.82,42.87,1023.14,4.11,98.00
Sun 24/05/2026 - 13:48:27,27.76,42.97,1023.06,4.11,98.00
Sun 24/05/2026 - 13:49:01,27.67,43.03,1023.19,4.11,98.00
Sun 24/05/2026 - 13:49:35,27.64,43.22,1023.03,4.11,98.00
Sun 24/05/2026 - 13:50:09,27.57,43.29,1023.07,4.11,98.00
Sun 24/05/2026 - 13:50:43,27.55,43.36,1023.09,4.11,98.00
Sun 24/05/2026 - 13:51:17,27.60,43.16,1023.04,4.11,98.00
Sun 24/05/2026 - 13:51:51,27.51,43.36,1023.05,4.11,98.00
Sun 24/05/2026 - 13:52:25,27.55,43.36,1023.01,4.11,98.00
Sun 24/05/2026 - 13:52:59,27.48,43.40,1023.08,4.11,98.00
Sun 24/05/2026 - 13:53:33,27.55,43.39,1023.15,4.11,98.00
Sun 24/05/2026 - 13:54:07,27.44,43.57,1023.09,4.11,98.00
Sun 24/05/2026 - 13:54:41,27.36,43.90,1023.01,4.11,98.00
Sun 24/05/2026 - 13:55:15,27.38,44.07,1023.15,4.11,98.00
Sun 24/05/2026 - 13:55:49,27.39,43.71,1023.00,4.11,98.00
Sun 24/05/2026 - 13:56:23,27.31,43.70,1023.01,4.11,98.00
Sun 24/05/2026 - 13:56:57,27.22,43.73,1023.17,4.11,98.00
Sun 24/05/2026 - 13:57:31,27.33,43.01,1023.08,4.11,98.00
Sun 24/05/2026 - 13:58:05,27.28,43.21,1022.96,4.11,98.00
Sun 24/05/2026 - 13:58:39,27.35,42.65,1022.96,4.11,98.00
Sun 24/05/2026 - 13:59:13,27.27,42.83,1022.94,4.11,98.00
Sun 24/05/2026 - 13:59:47,27.27,43.28,1022.95,4.11,98.00
Sun 24/05/2026 - 14:00:21,27.22,43.40,1023.05,4.11,98.00
Sun 24/05/2026 - 14:00:55,27.14,43.32,1022.92,4.11,98.00
Sun 24/05/2026 - 14:01:29,27.22,42.99,1022.91,4.11,98.00
Sun 24/05/2026 - 14:02:03,27.11,42.99,1023.01,4.11,98.00
Sun 24/05/2026 - 14:02:37,27.19,42.87,1023.06,4.11,98.00
Sun 24/05/2026 - 14:03:11,27.18,42.94,1023.02,4.11,98.00
Sun 24/05/2026 - 14:03:45,27.24,42.17,1022.90,4.11,98.00
Sun 24/05/2026 - 14:04:19,27.21,42.66,1023.01,4.11,98.00
Sun 24/05/2026 - 14:04:53,27.07,43.12,1022.93,4.11,98.00
Sun 24/05/2026 - 14:05:27,27.00,42.94,1022.95,4.11,98.00
Sun 24/05/2026 - 14:06:01,26.95,42.62,1022.94,4.11,98.00
Sun 24/05/2026 - 14:06:35,26.99,42.49,1022.90,4.11,98.00
Sun 24/05/2026 - 14:07:09,26.92,42.59,1022.89,4.11,98.00
Sun 24/05/2026 - 14:07:43,26.89,42.87,1022.88,4.11,98.00
Sun 24/05/2026 - 14:08:17,26.82,43.53,1023.00,4.11,98.00
Sun 24/05/2026 - 14:08:50,26.86,43.94,1022.88,4.11,98.00
Sun 24/05/2026 - 14:09:24,26.92,43.65,1022.89,4.11,98.00
Sun 24/05/2026 - 14:09:58,26.84,43.50,1022.89,4.11,98.00
Sun 24/05/2026 - 14:10:32,26.79,43.75,1022.91,4.11,98.00
Sun 24/05/2026 - 14:11:06,26.88,43.32,1022.94,4.11,98.00
Sun 24/05/2026 - 14:11:40,26.98,42.21,1022.91,4.11,98.00
Sun 24/05/2026 - 14:12:14,27.09,42.99,1022.86,4.11,98.00
Sun 24/05/2026 - 14:12:48,27.01,43.42,1022.88,4.11,98.00
Sun 24/05/2026 - 14:13:22,26.92,43.92,1022.85,4.11,98.00
Sun 24/05/2026 - 14:13:56,26.81,43.75,1022.85,4.11,98.00
Sun 24/05/2026 - 14:14:30,26.81,43.74,1022.94,4.11,98.00
Sun 24/05/2026 - 14:15:04,26.69,44.48,1022.84,4.11,98.00
Sun 24/05/2026 - 14:15:38,26.73,43.46,1022.77,4.11,98.00
Sun 24/05/2026 - 14:16:12,26.75,43.84,1022.72,4.11,98.00
Sun 24/05/2026 - 14:16:46,26.71,44.48,1022.82,4.11,98.00
Sun 24/05/2026 - 14:17:20,26.64,45.21,1022.80,4.11,98.00
Sun 24/05/2026 - 14:17:54,26.58,45.80,1022.81,4.11,98.00
Sun 24/05/2026 - 14:18:28,26.60,45.55,1022.85,4.11,98.00
Sun 24/05/2026 - 14:19:02,26.60,45.33,1022.79,4.11,98.00
Sun 24/05/2026 - 14:19:36,26.55,45.18,1022.79,4.11,98.00
Sun 24/05/2026 - 14:20:10,26.47,45.22,1022.76,4.11,98.00
Sun 24/05/2026 - 14:20:44,26.48,45.10,1022.89,4.11,98.00
Sun 24/05/2026 - 14:21:18,26.45,45.22,1022.79,4.11,98.00
Sun 24/05/2026 - 14:21:52,26.41,45.41,1022.79,4.11,98.00
Sun 24/05/2026 - 14:22:26,26.41,45.70,1022.79,4.11,98.00
Sun 24/05/2026 - 14:23:00,26.41,45.72,1022.80,4.11,98.00
Sun 24/05/2026 - 14:23:34,26.41,45.83,1022.79,4.11,98.00
Sun 24/05/2026 - 14:24:08,26.46,45.75,1022.78,4.11,98.00
Sun 24/05/2026 - 14:24:42,26.41,46.12,1022.75,4.11,98.00
Sun 24/05/2026 - 14:25:16,26.38,46.27,1022.74,4.11,98.00
Sun 24/05/2026 - 14:25:50,26.32,46.45,1022.82,4.11,98.00
Sun 24/05/2026 - 14:26:24,26.30,46.62,1022.81,4.11,98.00
Sun 24/05/2026 - 14:26:58,26.42,46.12,1022.81,4.11,98.00
Sun 24/05/2026 - 14:27:32,26.45,46.27,1022.84,4.11,98.00
Sun 24/05/2026 - 14:28:06,26.48,46.32,1022.75,4.11,98.00
Sun 24/05/2026 - 14:28:40,26.46,46.26,1022.72,4.11,98.00
Sun 24/05/2026 - 14:29:14,26.51,45.49,1022.86,4.11,98.00
Sun 24/05/2026 - 14:29:48,26.55,44.72,1022.70,4.11,98.00
Sun 24/05/2026 - 14:30:22,26.67,45.39,1022.75,4.11,98.00
Sun 24/05/2026 - 14:30:56,26.62,45.55,1022.78,4.11,98.00
Sun 24/05/2026 - 14:31:30,26.56,45.91,1022.78,4.11,98.00
Sun 24/05/2026 - 14:32:04,26.50,46.16,1022.79,4.11,98.00
Sun 24/05/2026 - 14:32:38,26.46,46.40,1022.77,4.11,98.00
Sun 24/05/2026 - 14:33:12,26.39,46.48,1022.82,4.11,98.00
Sun 24/05/2026 - 14:33:46,26.35,46.56,1022.81,4.11,98.00
Sun 24/05/2026 - 14:34:20,26.37,46.51,1022.83,4.11,98.00
Sun 24/05/2026 - 14:34:54,26.32,46.43,1022.79,4.11,98.00
Sun 24/05/2026 - 14:35:28,26.35,46.25,1022.76,4.11,98.00
Sun 24/05/2026 - 14:36:02,26.31,46.36,1022.79,4.11,98.00
Sun 24/05/2026 - 14:36:35,26.30,46.77,1022.79,4.11,98.00
Sun 24/05/2026 - 14:37:09,26.29,46.61,1022.71,4.11,98.00
Sun 24/05/2026 - 14:37:43,26.27,46.96,1022.73,4.11,98.00
Sun 24/05/2026 - 14:38:17,26.27,46.88,1022.71,4.11,98.00
Sun 24/05/2026 - 14:38:51,26.25,47.10,1022.76,4.11,98.00
Sun 24/05/2026 - 14:39:25,26.26,47.02,1022.72,4.11,98.00
Sun 24/05/2026 - 14:39:59,26.27,47.13,1022.73,4.11,98.00
Sun 24/05/2026 - 14:40:33,26.26,46.91,1022.76,4.11,98.00
Sun 24/05/2026 - 14:41:07,26.30,46.92,1022.70,4.10,98.00
Sun 24/05/2026 - 14:41:41,26.25,46.48,1022.70,4.11,98.00
Sun 24/05/2026 - 14:42:15,26.19,46.98,1022.82,4.11,98.00
Sun 24/05/2026 - 14:42:49,26.30,46.62,1022.73,4.11,98.00
Sun 24/05/2026 - 14:43:23,26.32,46.42,1022.71,4.11,98.00
Sun 24/05/2026 - 14:43:57,26.34,46.81,1022.69,4.11,98.00
Sun 24/05/2026 - 14:44:31,26.39,46.70,1022.77,4.11,98.00
Sun 24/05/2026 - 14:45:05,26.37,46.80,1022.72,4.11,98.00
Sun 24/05/2026 - 14:45:39,26.41,45.98,1022.68,4.10,98.00
Sun 24/05/2026 - 14:46:13,26.37,46.41,1022.67,4.11,98.00
Sun 24/05/2026 - 14:46:47,26.35,45.97,1022.64,4.11,98.00
Sun 24/05/2026 - 14:47:21,26.25,46.23,1022.66,4.10,98.00
Sun 24/05/2026 - 14:47:55,26.19,45.85,1022.67,4.10,98.00
Sun 24/05/2026 - 14:48:29,26.12,45.98,1022.67,4.10,98.00
Sun 24/05/2026 - 14:49:03,26.14,45.96,1022.73,4.10,98.00
Sun 24/05/2026 - 14:49:37,26.12,46.13,1022.80,4.10,98.00
Sun 24/05/2026 - 14:50:11,26.28,45.31,1022.74,4.10,98.00
Sun 24/05/2026 - 14:50:45,26.43,45.52,1022.72,4.10,98.00
Sun 24/05/2026 - 14:51:19,26.34,45.58,1022.72,4.10,98.00
Sun 24/05/2026 - 14:51:53,26.35,45.11,1022.71,4.10,98.00
Sun 24/05/2026 - 14:52:27,26.40,44.78,1022.72,4.10,98.00
Sun 24/05/2026 - 14:53:01,26.47,43.86,1022.70,4.10,98.00
Sun 24/05/2026 - 14:53:35,26.57,44.41,1022.71,4.10,98.00
Sun 24/05/2026 - 14:54:09,26.62,44.22,1022.72,4.10,98.00
Sun 24/05/2026 - 14:54:43,26.29,44.29,1022.71,4.10,98.00
Sun 24/05/2026 - 14:55:17,26.38,43.95,1022.61,4.10,98.00
Sun 24/05/2026 - 14:55:51,26.49,43.99,1022.75,4.10,98.00
Sun 24/05/2026 - 14:56:25,26.37,44.19,1022.68,4.10,98.00
Sun 24/05/2026 - 14:56:59,26.44,43.38,1022.69,4.10,98.00
Sun 24/05/2026 - 14:57:33,26.30,44.01,1022.67,4.10,98.00
Sun 24/05/2026 - 14:58:07,26.18,44.51,1022.68,4.10,98.00
Sun 24/05/2026 - 14:58:41,26.25,43.99,1022.59,4.10,98.00
Sun 24/05/2026 - 14:59:15,26.34,43.71,1022.65,4.10,98.00
Sun 24/05/2026 - 14:59:49,26.42,43.54,1022.67,4.10,98.00
Sun 24/05/2026 - 15:00:23,26.37,43.69,1022.72,4.10,98.00
Sun 24/05/2026 - 15:00:57,26.30,43.83,1022.68,4.10,98.00
Sun 24/05/2026 - 15:01:31,26.38,43.93,1022.67,4.10,98.00
Sun 24/05/2026 - 15:02:05,26.34,44.12,1022.68,4.10,98.00
Sun 24/05/2026 - 15:02:39,26.38,44.00,1022.70,4.10,98.00
Sun 24/05/2026 - 15:03:13,26.31,44.31,1022.63,4.10,98.00
Sun 24/05/2026 - 15:03:47,26.35,44.19,1022.63,4.10,98.00
Sun 24/05/2026 - 15:04:21,26.41,44.32,1022.64,4.10,98.00
Sun 24/05/2026 - 15:04:55,26.32,44.47,1022.66,4.10,98.00
Sun 24/05/2026 - 15:05:28,26.42,44.09,1022.57,4.10,98.00
Sun 24/05/2026 - 15:06:02,26.40,44.23,1022.67,4.10,98.00
Sun 24/05/2026 - 15:06:36,26.44,44.23,1022.72,4.10,98.00
Sun 24/05/2026 - 15:07:10,26.31,44.24,1022.69,4.10,98.00
Sun 24/05/2026 - 15:07:44,26.19,44.83,1022.71,4.10,98.00
Sun 24/05/2026 - 15:08:18,26.18,45.11,1022.66,4.10,98.00
Sun 24/05/2026 - 15:08:52,26.20,45.07,1022.70,4.10,98.00
Sun 24/05/2026 - 15:09:26,26.24,45.08,1022.67,4.10,98.00
Sun 24/05/2026 - 15:10:00,26.19,45.50,1022.71,4.10,98.00
Sun 24/05/2026 - 15:10:34,26.15,45.87,1022.72,4.10,98.00
Sun 24/05/2026 - 15:11:08,26.14,45.24,1022.68,4.10,98.00
Sun 24/05/2026 - 15:11:42,26.12,45.14,1022.71,4.10,98.00
Sun 24/05/2026 - 15:12:16,26.03,45.22,1022.82,4.10,98.00
Sun 24/05/2026 - 15:12:50,25.96,43.86,1022.66,4.10,98.00
Sun 24/05/2026 - 15:13:24,25.89,44.74,1022.69,4.10,98.00
Sun 24/05/2026 - 15:13:58,25.94,45.00,1022.72,4.10,98.00
Sun 24/05/2026 - 15:14:32,25.93,45.14,1022.64,4.10,98.00
Sun 24/05/2026 - 15:15:06,25.99,45.29,1022.68,4.10,98.00
Sun 24/05/2026 - 15:15:40,25.87,44.09,1022.65,4.10,98.00
Sun 24/05/2026 - 15:16:14,25.84,45.04,1022.66,4.10,98.00
Sun 24/05/2026 - 15:16:48,25.94,44.72,1022.65,4.10,98.00
Sun 24/05/2026 - 15:17:22,25.91,44.89,1022.69,4.10,98.00
Sun 24/05/2026 - 15:17:56,25.94,45.21,1022.69,4.10,98.00
Sun 24/05/2026 - 15:18:30,25.95,45.04,1022.68,4.10,98.00
Sun 24/05/2026 - 15:19:04,25.82,44.44,1022.59,4.10,98.00
Sun 24/05/2026 - 15:19:38,25.78,44.30,1022.55,4.10,98.00
Sun 24/05/2026 - 15:20:12,25.51,44.56,1022.72,4.10,98.00
Sun 24/05/2026 - 15:20:46,25.60,44.48,1022.71,4.10,98.00
Sun 24/05/2026 - 15:21:20,25.61,44.32,1022.70,4.10,98.00
Sun 24/05/2026 - 15:21:54,25.57,44.71,1022.65,4.10,98.00
Sun 24/05/2026 - 15:22:28,25.64,44.94,1022.67,4.10,98.00
Sun 24/05/2026 - 15:23:02,25.67,45.05,1022.63,4.10,98.00
Sun 24/05/2026 - 15:23:36,25.71,45.25,1022.57,4.10,98.00
Sun 24/05/2026 - 15:24:10,25.58,45.22,1022.64,4.10,98.00
Sun 24/05/2026 - 15:24:44,25.49,44.75,1022.63,4.10,98.00
Sun 24/05/2026 - 15:25:18,25.51,45.22,1022.66,4.10,98.00
Sun 24/05/2026 - 15:25:52,25.27,45.05,1022.61,4.10,98.00
Sun 24/05/2026 - 15:26:26,25.23,45.42,1022.61,4.10,98.00
Sun 24/05/2026 - 15:27:00,25.28,45.36,1022.64,4.10,98.00
Sun 24/05/2026 - 15:27:34,25.26,45.73,1022.60,4.10,98.00
Sun 24/05/2026 - 15:28:08,25.32,45.92,1022.57,4.10,98.00
Sun 24/05/2026 - 15:28:42,25.35,45.97,1022.57,4.10,98.00
Sun 24/05/2026 - 15:29:16,25.36,45.95,1022.50,4.10,98.00
Sun 24/05/2026 - 15:29:50,25.37,45.81,1022.52,4.10,98.00
Sun 24/05/2026 - 15:30:24,25.38,45.98,1022.54,4.10,98.00
Sun 24/05/2026 - 15:30:58,25.37,46.03,1022.59,4.10,98.00
Sun 24/05/2026 - 15:31:32,25.40,46.22,1022.52,4.10,98.00
Sun 24/05/2026 - 15:32:06,25.38,46.00,1022.47,4.10,98.00
Sun 24/05/2026 - 15:32:40,25.38,45.01,1022.48,4.10,98.00
Sun 24/05/2026 - 15:33:14,25.39,45.63,1022.44,4.10,98.00
Sun 24/05/2026 - 15:33:48,25.37,45.58,1022.52,4.10,98.00
Sun 24/05/2026 - 15:34:22,25.37,45.54,1022.51,4.10,98.00
Sun 24/05/2026 - 15:34:56,25.35,46.15,1022.49,4.10,98.00
Sun 24/05/2026 - 15:35:30,25.41,46.25,1022.56,4.10,98.00
Sun 24/05/2026 - 15:36:04,25.40,46.32,1022.60,4.10,98.00
Sun 24/05/2026 - 15:36:38,25.40,46.49,1022.59,4.10,98.00
Sun 24/05/2026 - 15:37:11,25.34,48.14,1022.60,4.10,98.00
Sun 24/05/2026 - 15:37:45,25.33,47.84,1022.61,4.10,98.00
Sun 24/05/2026 - 15:38:19,25.30,47.16,1022.58,4.10,98.00
Sun 24/05/2026 - 15:38:53,25.30,47.66,1022.56,4.10,98.00
Sun 24/05/2026 - 15:39:27,25.28,46.90,1022.61,4.10,98.00
Sun 24/05/2026 - 15:40:01,25.25,46.38,1022.61,4.10,98.00
Sun 24/05/2026 - 15:40:35,25.21,46.60,1022.62,4.10,98.00
Sun 24/05/2026 - 15:41:09,25.21,46.58,1022.67,4.10,98.00
Sun 24/05/2026 - 15:41:43,25.21,46.35,1022.59,4.10,98.00
Sun 24/05/2026 - 15:42:17,25.15,46.82,1022.58,4.10,98.00
Sun 24/05/2026 - 15:42:51,25.20,47.13,1022.56,4.10,98.00
Sun 24/05/2026 - 15:43:25,25.18,46.98,1022.58,4.10,98.00
Sun 24/05/2026 - 15:43:59,25.21,47.12,1022.56,4.10,98.00
Sun 24/05/2026 - 15:44:33,25.18,46.98,1022.60,4.10,98.00
Sun 24/05/2026 - 15:45:07,25.16,47.65,1022.59,4.10,98.00
Sun 24/05/2026 - 15:45:41,24.96,46.97,1022.58,4.10,98.00
Sun 24/05/2026 - 15:46:15,24.67,47.00,1022.63,4.10,98.00
Sun 24/05/2026 - 15:46:49,24.54,47.80,1022.64,4.10,98.00
Sun 24/05/2026 - 15:47:23,24.31,47.36,1022.57,4.10,98.00
Sun 24/05/2026 - 15:47:57,24.20,48.83,1022.60,4.10,98.00
Sun 24/05/2026 - 15:48:31,24.05,48.38,1022.57,4.10,98.00
Sun 24/05/2026 - 15:49:05,24.01,51.38,1022.55,4.10,98.00
Sun 24/05/2026 - 15:49:39,24.09,51.82,1022.63,4.10,98.00
Sun 24/05/2026 - 15:50:13,24.20,51.46,1022.59,4.10,98.00
Sun 24/05/2026 - 15:50:47,24.30,51.07,1022.60,4.10,98.00
Sun 24/05/2026 - 15:51:21,24.35,51.26,1022.59,4.10,98.00
Sun 24/05/2026 - 15:51:55,24.41,50.50,1022.58,4.10,98.00
Sun 24/05/2026 - 15:52:29,24.47,50.48,1022.55,4.10,98.00
Sun 24/05/2026 - 15:53:03,24.50,50.53,1022.55,4.10,98.00
Sun 24/05/2026 - 15:53:37,24.56,50.62,1022.54,4.10,98.00
Sun 24/05/2026 - 15:54:11,24.59,50.73,1022.66,4.10,98.00
Sun 24/05/2026 - 15:54:45,24.62,50.86,1022.60,4.10,98.00
Sun 24/05/2026 - 15:55:19,24.61,51.28,1022.64,4.10,98.00
Sun 24/05/2026 - 15:55:53,24.62,50.84,1022.62,4.10,98.00
Sun 24/05/2026 - 15:56:27,24.64,51.51,1022.58,4.10,98.00
Sun 24/05/2026 - 15:57:01,24.65,51.98,1022.66,4.10,98.00
Sun 24/05/2026 - 15:57:35,24.67,52.40,1022.63,4.10,98.00
Sun 24/05/2026 - 15:58:09,24.69,52.43,1022.64,4.10,98.00
Sun 24/05/2026 - 15:58:43,24.71,52.83,1022.64,4.10,98.00
Sun 24/05/2026 - 15:59:17,24.73,53.25,1022.73,4.10,98.00
Sun 24/05/2026 - 15:59:51,24.73,53.01,1022.69,4.10,98.00
Sun 24/05/2026 - 16:00:25,24.74,52.79,1022.61,4.10,98.00
Sun 24/05/2026 - 16:00:59,24.74,53.04,1022.64,4.10,98.00
Sun 24/05/2026 - 16:01:33,24.73,53.31,1022.63,4.10,98.00
Sun 24/05/2026 - 16:02:07,24.73,53.24,1022.62,4.09,97.00
Sun 24/05/2026 - 16:02:41,24.73,52.74,1022.71,4.10,98.00
Sun 24/05/2026 - 16:03:15,24.74,53.39,1022.65,4.10,98.00
Sun 24/05/2026 - 16:03:49,24.72,53.04,1022.78,4.10,98.00
Sun 24/05/2026 - 16:04:23,24.72,53.45,1022.69,4.10,98.00
Sun 24/05/2026 - 16:04:57,24.72,53.34,1022.61,4.10,98.00
Sun 24/05/2026 - 16:05:31,24.71,52.90,1022.70,4.09,97.00
Sun 24/05/2026 - 16:06:04,24.70,53.51,1022.65,4.09,97.00
Sun 24/05/2026 - 16:06:38,24.70,53.50,1022.58,4.09,97.00
Sun 24/05/2026 - 16:07:12,24.71,53.67,1022.78,4.09,97.00
Sun 24/05/2026 - 16:07:46,24.69,53.34,1022.62,4.10,98.00
Sun 24/05/2026 - 16:08:20,24.70,53.65,1022.77,4.09,97.00
Sun 24/05/2026 - 16:08:54,24.69,53.90,1022.72,4.09,97.00
Sun 24/05/2026 - 16:09:28,24.68,54.00,1022.71,4.09,97.00
Sun 24/05/2026 - 16:10:02,24.68,53.22,1022.74,4.10,98.00
Sun 24/05/2026 - 16:10:36,24.69,53.81,1022.72,4.09,97.00
Sun 24/05/2026 - 16:11:10,24.69,54.14,1022.74,4.09,97.00
Sun 24/05/2026 - 16:11:44,24.68,54.32,1022.71,4.09,97.00
Sun 24/05/2026 - 16:12:18,24.67,54.54,1022.75,4.09,97.00
Sun 24/05/2026 - 16:12:52,24.66,53.92,1022.81,4.09,97.00
Sun 24/05/2026 - 16:13:26,24.65,54.03,1022.76,4.09,97.00
Sun 24/05/2026 - 16:14:00,24.65,54.47,1022.74,4.09,97.00
Sun 24/05/2026 - 16:14:34,24.65,54.59,1022.70,4.09,97.00
Sun 24/05/2026 - 16:15:08,24.64,54.94,1022.74,4.09,97.00
Sun 24/05/2026 - 16:15:42,24.63,54.54,1022.78,4.09,97.00
Sun 24/05/2026 - 16:16:16,24.62,54.36,1022.73,4.09,97.00
Sun 24/05/2026 - 16:16:50,24.61,54.47,1022.70,4.09,97.00
Sun 24/05/2026 - 16:17:24,24.61,54.83,1022.75,4.09,97.00
Sun 24/05/2026 - 16:17:58,24.60,55.18,1022.75,4.09,97.00
Sun 24/05/2026 - 16:18:32,24.58,55.36,1022.78,4.09,97.00
Sun 24/05/2026 - 16:19:06,24.58,55.69,1022.81,4.09,97.00
Sun 24/05/2026 - 16:19:40,24.56,55.17,1022.75,4.09,97.00
Sun 24/05/2026 - 16:20:14,24.54,55.34,1022.78,4.09,97.00
Sun 24/05/2026 - 16:20:48,24.54,55.13,1022.78,4.09,97.00
Sun 24/05/2026 - 16:21:22,24.53,54.74,1022.73,4.09,97.00
Sun 24/05/2026 - 16:21:56,24.51,54.97,1022.72,4.09,97.00
Sun 24/05/2026 - 16:22:30,24.51,55.77,1022.80,4.09,97.00
Sun 24/05/2026 - 16:23:04,24.49,55.61,1022.86,4.09,97.00
Sun 24/05/2026 - 16:23:38,24.47,56.06,1022.74,4.09,97.00
Sun 24/05/2026 - 16:24:12,24.47,56.33,1022.79,4.09,97.00
Sun 24/05/2026 - 16:24:46,24.46,56.12,1022.83,4.09,97.00
Sun 24/05/2026 - 16:25:20,24.45,56.18,1022.76,4.09,97.00
Sun 24/05/2026 - 16:25:54,24.44,56.54,1022.73,4.09,97.00
Sun 24/05/2026 - 16:26:28,24.43,56.76,1022.77,4.09,97.00
Sun 24/05/2026 - 16:27:02,24.41,56.03,1022.76,4.09,97.00
Sun 24/05/2026 - 16:27:36,24.39,56.73,1022.68,4.09,97.00
Sun 24/05/2026 - 16:28:10,24.38,56.37,1022.75,4.09,97.00
Sun 24/05/2026 - 16:28:44,24.36,56.43,1022.77,4.09,97.00
Sun 24/05/2026 - 16:29:18,24.38,56.18,1022.78,4.09,97.00
Sun 24/05/2026 - 16:29:52,24.37,56.67,1022.79,4.09,97.00
Sun 24/05/2026 - 16:30:25,24.36,56.38,1022.77,4.09,97.00
Sun 24/05/2026 - 16:30:59,24.36,56.61,1022.77,4.10,98.00
Sun 24/05/2026 - 16:31:33,24.35,57.16,1022.81,4.09,97.00
Sun 24/05/2026 - 16:32:07,24.34,57.13,1022.78,4.09,97.00
Sun 24/05/2026 - 16:32:41,24.32,57.28,1022.86,4.09,97.00
Sun 24/05/2026 - 16:33:15,24.30,57.39,1022.77,4.09,97.00
Sun 24/05/2026 - 16:33:49,24.30,57.31,1022.83,4.09,97.00
Sun 24/05/2026 - 16:34:23,24.29,57.53,1022.87,4.09,97.00
Sun 24/05/2026 - 16:34:57,24.27,57.33,1022.83,4.09,97.00
Sun 24/05/2026 - 16:35:31,24.26,57.47,1022.83,4.09,97.00
Sun 24/05/2026 - 16:36:05,24.24,57.41,1022.89,4.09,97.00
Sun 24/05/2026 - 16:36:39,24.24,57.45,1022.83,4.09,97.00
Sun 24/05/2026 - 16:37:13,24.23,57.36,1022.82,4.09,97.00
Sun 24/05/2026 - 16:37:47,24.20,58.05,1022.85,4.09,97.00
Sun 24/05/2026 - 16:38:21,24.19,57.99,1022.90,4.09,97.00
Sun 24/05/2026 - 16:38:55,24.19,57.52,1022.86,4.09,97.00
Sun 24/05/2026 - 16:39:29,24.17,57.83,1022.85,4.09,97.00
Sun 24/05/2026 - 16:40:03,24.17,57.78,1022.87,4.09,97.00
Sun 24/05/2026 - 16:40:37,24.14,57.70,1022.85,4.09,97.00
Sun 24/05/2026 - 16:41:11,24.13,58.03,1022.93,4.09,97.00
Sun 24/05/2026 - 16:41:45,24.11,58.01,1022.92,4.09,97.00
Sun 24/05/2026 - 16:42:19,24.09,57.98,1022.88,4.09,97.00
Sun 24/05/2026 - 16:42:53,24.08,58.34,1022.97,4.09,97.00
Sun 24/05/2026 - 16:43:27,24.06,58.32,1022.96,4.09,97.00
Sun 24/05/2026 - 16:44:01,24.06,58.31,1022.93,4.09,97.00
Sun 24/05/2026 - 16:44:35,24.04,58.63,1023.01,4.09,97.00
Sun 24/05/2026 - 16:45:09,24.01,59.19,1022.90,4.09,97.00
Sun 24/05/2026 - 16:45:43,23.99,58.60,1022.95,4.09,97.00
Sun 24/05/2026 - 16:46:17,23.98,58.62,1022.99,4.09,97.00
Sun 24/05/2026 - 16:46:51,23.96,59.01,1022.96,4.09,97.00
Sun 24/05/2026 - 16:47:25,23.94,59.22,1022.97,4.09,97.00
Sun 24/05/2026 - 16:47:59,23.91,59.88,1022.93,4.09,97.00
Sun 24/05/2026 - 16:48:33,23.89,59.14,1022.89,4.09,97.00
Sun 24/05/2026 - 16:49:07,23.87,58.31,1022.94,4.09,97.00
Sun 24/05/2026 - 16:49:41,23.86,58.76,1022.95,4.09,97.00
Sun 24/05/2026 - 16:50:15,23.84,59.42,1023.02,4.09,97.00
Sun 24/05/2026 - 16:50:49,23.81,59.33,1023.00,4.09,97.00
Sun 24/05/2026 - 16:51:23,23.81,59.27,1023.08,4.09,97.00
Sun 24/05/2026 - 16:51:57,23.78,59.34,1023.03,4.09,97.00
Sun 24/05/2026 - 16:52:31,23.76,59.59,1023.08,4.09,97.00
Sun 24/05/2026 - 16:53:05,23.74,60.17,1023.05,4.09,97.00
Sun 24/05/2026 - 16:53:39,23.72,60.11,1023.09,4.09,97.00
Sun 24/05/2026 - 16:54:13,23.70,59.89,1023.11,4.09,97.00
Sun 24/05/2026 - 16:54:47,23.69,60.06,1023.03,4.09,97.00
Sun 24/05/2026 - 16:55:20,23.67,60.14,1023.06,4.09,97.00
Sun 24/05/2026 - 16:55:54,23.64,60.41,1023.04,4.09,97.00
Sun 24/05/2026 - 16:56:29,23.63,60.18,1023.13,4.09,97.00
Sun 24/05/2026 - 16:57:03,23.60,60.44,1023.12,4.09,97.00
Sun 24/05/2026 - 16:57:37,23.57,60.51,1023.15,4.09,97.00
Sun 24/05/2026 - 16:58:11,23.55,60.33,1023.14,4.09,97.00
Sun 24/05/2026 - 16:58:44,23.54,60.71,1023.13,4.09,97.00
Sun 24/05/2026 - 16:59:18,23.51,61.16,1023.23,4.09,97.00
Sun 24/05/2026 - 16:59:52,23.48,61.09,1023.18,4.09,97.00
Sun 24/05/2026 - 17:00:26,23.45,61.52,1023.18,4.09,97.00
Sun 24/05/2026 - 17:01:00,23.44,61.56,1023.22,4.09,97.00
Sun 24/05/2026 - 17:01:34,23.41,61.53,1023.16,4.09,97.00
Sun 24/05/2026 - 17:02:08,23.40,61.55,1023.23,4.09,97.00
Sun 24/05/2026 - 17:02:42,23.37,61.51,1023.24,4.09,97.00
Sun 24/05/2026 - 17:03:16,23.35,61.64,1023.18,4.09,97.00
Sun 24/05/2026 - 17:03:50,23.33,61.72,1023.20,4.09,97.00
Sun 24/05/2026 - 17:04:24,23.31,62.01,1023.21,4.09,97.00
Sun 24/05/2026 - 17:04:58,23.29,62.23,1023.18,4.09,97.00
Sun 24/05/2026 - 17:05:32,23.27,62.28,1023.20,4.09,97.00
Sun 24/05/2026 - 17:06:06,23.24,62.45,1023.15,4.09,97.00
Sun 24/05/2026 - 17:06:40,23.20,62.50,1023.20,4.09,97.00
Sun 24/05/2026 - 17:07:14,23.18,62.82,1023.21,4.09,97.00
Sun 24/05/2026 - 17:07:48,23.17,63.01,1023.19,4.09,97.00
Sun 24/05/2026 - 17:08:22,23.15,63.14,1023.27,4.09,97.00
Sun 24/05/2026 - 17:08:56,23.13,62.93,1023.23,4.09,97.00
Sun 24/05/2026 - 17:09:30,23.10,63.05,1023.24,4.09,97.00
Sun 24/05/2026 - 17:10:04,23.07,63.27,1023.19,4.09,97.00
Sun 24/05/2026 - 17:10:38,23.07,63.59,1023.29,4.09,97.00
Sun 24/05/2026 - 17:11:12,23.03,63.73,1023.23,4.09,97.00
Sun 24/05/2026 - 17:11:46,23.02,63.98,1023.32,4.09,97.00
Sun 24/05/2026 - 17:12:20,23.00,64.37,1023.25,4.09,97.00
Sun 24/05/2026 - 17:12:54,22.97,64.58,1023.29,4.09,97.00
Sun 24/05/2026 - 17:13:28,22.96,64.76,1023.29,4.09,97.00
Sun 24/05/2026 - 17:14:02,22.93,64.91,1023.27,4.09,97.00
Sun 24/05/2026 - 17:14:36,22.91,65.13,1023.27,4.09,97.00
Sun 24/05/2026 - 17:15:10,22.89,65.34,1023.29,4.09,97.00
Sun 24/05/2026 - 17:15:44,22.86,65.41,1023.27,4.09,97.00
Sun 24/05/2026 - 17:16:18,22.85,65.45,1023.30,4.09,97.00
Sun 24/05/2026 - 17:16:52,22.83,65.77,1023.26,4.09,97.00
Sun 24/05/2026 - 17:17:26,22.80,65.85,1023.29,4.09,97.00
Sun 24/05/2026 - 17:18:00,22.79,65.90,1023.27,4.09,97.00
Sun 24/05/2026 - 17:18:34,22.75,65.81,1023.28,4.09,97.00
Sun 24/05/2026 - 17:19:08,22.74,65.92,1023.28,4.09,97.00
Sun 24/05/2026 - 17:19:42,22.71,66.12,1023.26,4.09,97.00
Sun 24/05/2026 - 17:20:16,22.70,66.27,1023.35,4.09,97.00
Sun 24/05/2026 - 17:20:50,22.67,66.35,1023.27,4.09,97.00
Sun 24/05/2026 - 17:21:24,22.65,66.57,1023.32,4.09,97.00
Sun 24/05/2026 - 17:21:58,22.62,66.80,1023.32,4.09,97.00
Sun 24/05/2026 - 17:22:32,22.61,66.93,1023.33,4.09,97.00
Sun 24/05/2026 - 17:23:06,22.59,67.20,1023.35,4.09,97.00
Sun 24/05/2026 - 17:23:40,22.57,67.33,1023.35,4.09,97.00
Sun 24/05/2026 - 17:24:14,22.56,67.56,1023.33,4.09,97.00
Sun 24/05/2026 - 17:24:48,22.53,67.55,1023.31,4.09,97.00
Sun 24/05/2026 - 17:25:22,22.51,67.73,1023.29,4.09,97.00
Sun 24/05/2026 - 17:25:56,22.49,68.06,1023.21,4.09,97.00
Sun 24/05/2026 - 17:26:30,22.47,68.08,1023.28,4.09,97.00
Sun 24/05/2026 - 17:27:04,22.46,68.27,1023.29,4.09,97.00
Sun 24/05/2026 - 17:27:38,22.44,68.39,1023.25,4.09,97.00
Sun 24/05/2026 - 17:28:11,22.42,68.65,1023.33,4.09,97.00
Sun 24/05/2026 - 17:28:45,22.39,68.84,1023.34,4.08,97.00
Sun 24/05/2026 - 17:29:19,22.39,68.68,1023.30,4.09,97.00
Sun 24/05/2026 - 17:29:53,22.37,68.84,1023.30,4.08,97.00
Sun 24/05/2026 - 17:30:27,22.34,68.89,1023.25,4.08,97.00
Sun 24/05/2026 - 17:31:01,22.34,68.96,1023.28,4.09,97.00
Sun 24/05/2026 - 17:31:35,22.31,69.19,1023.32,4.08,97.00
Sun 24/05/2026 - 17:32:09,22.30,69.24,1023.29,4.09,97.00
Sun 24/05/2026 - 17:32:43,22.28,69.25,1023.26,4.09,97.00
Sun 24/05/2026 - 17:33:17,22.25,69.39,1023.29,4.08,97.00
Sun 24/05/2026 - 17:33:51,22.24,69.49,1023.21,4.09,97.00
Sun 24/05/2026 - 17:34:25,22.23,69.40,1023.31,4.08,97.00
Sun 24/05/2026 - 17:34:59,22.21,69.81,1023.30,4.09,97.00
Sun 24/05/2026 - 17:35:33,22.19,70.43,1023.21,4.09,97.00
Sun 24/05/2026 - 17:36:07,22.16,70.58,1023.25,4.08,97.00
Sun 24/05/2026 - 17:36:41,22.16,70.48,1023.21,4.08,97.00
Sun 24/05/2026 - 17:37:15,22.14,70.54,1023.26,4.09,97.00
Sun 24/05/2026 - 17:37:49,22.12,70.86,1023.31,4.08,97.00
Sun 24/05/2026 - 17:38:23,22.11,70.76,1023.35,4.09,97.00
Sun 24/05/2026 - 17:38:57,22.10,70.84,1023.27,4.08,97.00
Sun 24/05/2026 - 17:39:31,22.08,71.01,1023.30,4.08,97.00
Sun 24/05/2026 - 17:40:05,22.07,71.10,1023.27,4.09,97.00
Sun 24/05/2026 - 17:40:39,22.06,71.20,1023.31,4.08,97.00
Sun 24/05/2026 - 17:41:13,22.04,71.15,1023.28,4.08,97.00
Sun 24/05/2026 - 17:41:47,22.03,71.41,1023.34,4.08,97.00
Sun 24/05/2026 - 17:42:21,22.00,71.74,1023.38,4.08,97.00
Sun 24/05/2026 - 17:42:55,21.99,71.65,1023.31,4.08,97.00
Sun 24/05/2026 - 17:43:29,21.98,71.80,1023.35,4.08,97.00
Sun 24/05/2026 - 17:44:03,21.96,72.09,1023.27,4.08,97.00
Sun 24/05/2026 - 17:44:37,21.95,72.23,1023.41,4.08,97.00
Sun 24/05/2026 - 17:45:11,21.93,72.28,1023.36,4.08,97.00
Sun 24/05/2026 - 17:45:45,21.90,72.44,1023.40,4.08,97.00
Sun 24/05/2026 - 17:46:19,21.89,72.38,1023.35,4.08,97.00
Sun 24/05/2026 - 17:46:53,21.87,72.55,1023.35,4.08,97.00
Sun 24/05/2026 - 17:47:27,21.85,72.65,1023.32,4.08,97.00
Sun 24/05/2026 - 17:48:01,21.84,72.78,1023.33,4.08,97.00
Sun 24/05/2026 - 17:48:35,21.84,73.01,1023.38,4.08,97.00
Sun 24/05/2026 - 17:49:09,21.82,73.11,1023.35,4.08,97.00
Sun 24/05/2026 - 17:49:43,21.81,73.20,1023.31,4.08,97.00
Sun 24/05/2026 - 17:50:17,21.81,73.34,1023.39,4.08,97.00
Sun 24/05/2026 - 17:50:51,21.79,73.48,1023.35,4.08,97.00
Sun 24/05/2026 - 17:51:25,21.78,73.46,1023.34,4.08,97.00
Sun 24/05/2026 - 17:51:59,21.76,73.60,1023.36,4.08,97.00
Sun 24/05/2026 - 17:52:33,21.76,73.64,1023.36,4.08,97.00
Sun 24/05/2026 - 17:53:07,21.75,73.80,1023.45,4.08,97.00
Sun 24/05/2026 - 17:53:41,21.74,73.74,1023.54,4.08,97.00
Sun 24/05/2026 - 17:54:15,21.73,73.99,1023.41,4.08,97.00
Sun 24/05/2026 - 17:54:49,21.71,74.02,1023.49,4.08,97.00
Sun 24/05/2026 - 17:55:23,21.70,74.07,1023.52,4.08,97.00
Sun 24/05/2026 - 17:55:57,21.69,74.25,1023.45,4.08,97.00
Sun 24/05/2026 - 17:56:31,21.69,74.33,1023.48,4.08,97.00
Sun 24/05/2026 - 17:57:05,21.67,74.35,1023.50,4.08,97.00
Sun 24/05/2026 - 17:57:39,21.67,74.53,1023.41,4.08,97.00
Sun 24/05/2026 - 17:58:13,21.65,74.55,1023.49,4.08,97.00
Sun 24/05/2026 - 17:58:47,21.64,74.73,1023.45,4.08,97.00
Sun 24/05/2026 - 17:59:21,21.63,74.61,1023.45,4.08,97.00
Sun 24/05/2026 - 17:59:55,21.61,74.81,1023.50,4.08,97.00
Sun 24/05/2026 - 18:00:28,21.62,74.86,1023.50,4.08,97.00
Sun 24/05/2026 - 18:01:02,21.61,74.99,1023.47,4.08,97.00
Sun 24/05/2026 - 18:01:36,21.59,75.17,1023.50,4.08,97.00
Sun 24/05/2026 - 18:02:10,21.59,75.25,1023.52,4.08,97.00
Sun 24/05/2026 - 18:02:44,21.57,75.38,1023.51,4.08,97.00
Sun 24/05/2026 - 18:03:18,21.56,75.50,1023.49,4.08,97.00
Sun 24/05/2026 - 18:03:52,21.54,75.93,1023.47,4.08,97.00
Sun 24/05/2026 - 18:04:26,21.53,75.85,1023.49,4.08,97.00
Sun 24/05/2026 - 18:05:00,21.53,76.29,1023.55,4.08,97.00
Sun 24/05/2026 - 18:05:34,21.52,76.82,1023.54,4.08,97.00
Sun 24/05/2026 - 18:06:08,21.51,76.90,1023.65,4.08,97.00
Sun 24/05/2026 - 18:06:42,21.50,76.87,1023.55,4.08,97.00
Sun 24/05/2026 - 18:07:16,21.48,76.73,1023.58,4.08,97.00
Sun 24/05/2026 - 18:07:50,21.47,76.68,1023.62,4.08,97.00
Sun 24/05/2026 - 18:08:24,21.46,76.81,1023.57,4.08,97.00
Sun 24/05/2026 - 18:08:58,21.45,76.76,1023.64,4.08,97.00
Sun 24/05/2026 - 18:09:32,21.44,76.58,1023.59,4.08,97.00
Sun 24/05/2026 - 18:10:06,21.43,76.47,1023.66,4.08,97.00
Sun 24/05/2026 - 18:10:40,21.42,76.46,1023.53,4.08,97.00
Sun 24/05/2026 - 18:11:14,21.41,76.46,1023.62,4.08,97.00
Sun 24/05/2026 - 18:11:48,21.41,76.31,1023.68,4.08,97.00
Sun 24/05/2026 - 18:12:22,21.39,76.15,1023.61,4.08,97.00
Sun 24/05/2026 - 18:12:56,21.39,75.96,1023.64,4.08,97.00
Sun 24/05/2026 - 18:13:30,21.37,75.75,1023.64,4.08,97.00
Sun 24/05/2026 - 18:14:04,21.35,75.61,1023.69,4.08,97.00
Sun 24/05/2026 - 18:14:38,21.34,75.47,1023.66,4.08,97.00
Sun 24/05/2026 - 18:15:12,21.33,75.30,1023.70,4.08,97.00
Sun 24/05/2026 - 18:15:46,21.33,75.03,1023.76,4.08,97.00
Sun 24/05/2026 - 18:16:20,21.31,74.96,1023.72,4.08,97.00
Sun 24/05/2026 - 18:16:54,21.31,74.84,1023.75,4.08,97.00
Sun 24/05/2026 - 18:17:28,21.29,74.75,1023.70,4.08,97.00
Sun 24/05/2026 - 18:18:02,21.28,74.69,1023.71,4.08,97.00
Sun 24/05/2026 - 18:18:36,21.28,74.56,1023.72,4.08,97.00
Sun 24/05/2026 - 18:19:10,21.27,74.49,1023.76,4.08,97.00
Sun 24/05/2026 - 18:19:44,21.26,74.44,1023.77,4.08,97.00
Sun 24/05/2026 - 18:20:18,21.25,74.46,1023.78,4.08,97.00
Sun 24/05/2026 - 18:20:52,21.22,74.39,1023.76,4.08,97.00
Sun 24/05/2026 - 18:21:26,21.22,74.36,1023.81,4.08,97.00
Sun 24/05/2026 - 18:22:00,21.22,74.32,1023.84,4.08,97.00
Sun 24/05/2026 - 18:22:34,21.20,74.32,1023.76,4.08,97.00
Sun 24/05/2026 - 18:23:08,21.19,74.22,1023.87,4.08,97.00
Sun 24/05/2026 - 18:23:42,21.18,74.25,1023.82,4.08,97.00
Sun 24/05/2026 - 18:24:16,21.17,74.44,1023.83,4.08,97.00
Sun 24/05/2026 - 18:24:50,21.16,74.65,1023.79,4.08,97.00
Sun 24/05/2026 - 18:25:24,21.15,74.67,1023.77,4.08,97.00
Sun 24/05/2026 - 18:25:58,21.14,74.91,1023.75,4.08,97.00
Sun 24/05/2026 - 18:26:32,21.14,74.99,1023.75,4.08,97.00
Sun 24/05/2026 - 18:27:06,21.13,75.07,1023.85,4.08,97.00
Sun 24/05/2026 - 18:27:40,21.12,75.32,1023.77,4.08,97.00
Sun 24/05/2026 - 18:28:14,21.11,75.40,1023.82,4.08,97.00
Sun 24/05/2026 - 18:28:48,21.10,75.53,1023.80,4.08,97.00
Sun 24/05/2026 - 18:29:22,21.10,75.60,1023.80,4.08,97.00
Sun 24/05/2026 - 18:29:56,21.09,75.55,1023.86,4.08,97.00
Sun 24/05/2026 - 18:30:30,21.08,75.66,1023.81,4.08,97.00
Sun 24/05/2026 - 18:31:04,21.08,75.63,1023.81,4.08,97.00
Sun 24/05/2026 - 18:31:38,21.07,75.70,1023.85,4.08,97.00
Sun 24/05/2026 - 18:32:12,21.06,75.87,1023.83,4.08,97.00
Sun 24/05/2026 - 18:32:46,21.05,75.91,1023.87,4.08,97.00
Sun 24/05/2026 - 18:33:20,21.04,75.94,1023.91,4.08,97.00
Sun 24/05/2026 - 18:33:54,21.03,75.96,1023.93,4.08,97.00
Sun 24/05/2026 - 18:34:28,21.03,76.18,1023.89,4.08,97.00
Sun 24/05/2026 - 18:35:02,21.02,76.31,1023.87,4.08,97.00
Sun 24/05/2026 - 18:35:36,21.00,76.42,1023.90,4.08,97.00
Sun 24/05/2026 - 18:36:10,21.01,76.47,1023.91,4.08,97.00
Sun 24/05/2026 - 18:36:44,21.00,76.70,1023.95,4.08,97.00
Sun 24/05/2026 - 18:37:18,20.99,76.72,1023.90,4.08,97.00
Sun 24/05/2026 - 18:37:52,20.99,76.90,1023.91,4.08,97.00
Sun 24/05/2026 - 18:38:26,20.96,76.96,1023.84,4.08,97.00
Sun 24/05/2026 - 18:39:00,20.96,76.98,1023.98,4.08,97.00
Sun 24/05/2026 - 18:39:34,20.95,76.93,1023.88,4.08,97.00
Sun 24/05/2026 - 18:40:08,20.94,76.91,1023.91,4.08,97.00
Sun 24/05/2026 - 18:40:42,20.95,77.08,1023.92,4.08,97.00
Sun 24/05/2026 - 18:41:16,20.94,77.15,1023.91,4.08,97.00
Sun 24/05/2026 - 18:41:49,20.93,77.13,1023.95,4.08,97.00
Sun 24/05/2026 - 18:42:23,20.91,77.19,1023.89,4.08,97.00
Sun 24/05/2026 - 18:42:57,20.91,77.21,1023.89,4.08,97.00
Sun 24/05/2026 - 18:43:31,20.90,77.33,1023.87,4.08,97.00
Sun 24/05/2026 - 18:44:05,20.90,77.36,1023.85,4.08,97.00
Sun 24/05/2026 - 18:44:39,20.90,77.46,1023.84,4.08,97.00
Sun 24/05/2026 - 18:45:13,20.88,77.48,1023.81,4.08,97.00
Sun 24/05/2026 - 18:45:47,20.87,77.65,1023.82,4.08,97.00
Sun 24/05/2026 - 18:46:21,20.86,77.71,1023.83,4.08,97.00
Sun 24/05/2026 - 18:46:55,20.86,77.86,1023.88,4.08,97.00
Sun 24/05/2026 - 18:47:29,20.86,77.83,1023.82,4.08,97.00
Sun 24/05/2026 - 18:48:03,20.84,78.00,1023.85,4.08,97.00
Sun 24/05/2026 - 18:48:37,20.83,77.95,1023.89,4.08,97.00
Sun 24/05/2026 - 18:49:11,20.83,78.16,1023.83,4.07,97.00
Sun 24/05/2026 - 18:49:45,20.82,78.27,1023.81,4.08,97.00
Sun 24/05/2026 - 18:50:19,20.81,78.36,1023.91,4.08,97.00
Sun 24/05/2026 - 18:50:53,20.81,78.49,1023.83,4.08,97.00
Sun 24/05/2026 - 18:51:27,20.80,78.64,1023.84,4.08,97.00
Sun 24/05/2026 - 18:52:01,20.80,78.68,1023.84,4.08,97.00
Sun 24/05/2026 - 18:52:35,20.79,78.83,1023.76,4.08,97.00
Sun 24/05/2026 - 18:53:09,20.78,78.96,1023.94,4.07,97.00
Sun 24/05/2026 - 18:53:43,20.78,79.11,1023.85,4.08,97.00
Sun 24/05/2026 - 18:54:17,20.78,79.24,1023.87,4.08,97.00
Sun 24/05/2026 - 18:54:51,20.76,79.29,1023.87,4.08,97.00
Sun 24/05/2026 - 18:55:25,20.75,79.58,1023.83,4.07,97.00
Sun 24/05/2026 - 18:55:59,20.74,79.79,1023.84,4.07,97.00
Sun 24/05/2026 - 18:56:33,20.75,79.90,1023.93,4.08,97.00
Sun 24/05/2026 - 18:57:07,20.73,80.08,1023.93,4.07,97.00
Sun 24/05/2026 - 18:57:41,20.73,80.27,1023.88,4.07,97.00
Sun 24/05/2026 - 18:58:15,20.72,80.40,1023.97,4.07,97.00
Sun 24/05/2026 - 18:58:49,20.71,80.56,1023.95,4.07,97.00
Sun 24/05/2026 - 18:59:23,20.71,80.91,1023.95,4.07,97.00
Sun 24/05/2026 - 18:59:57,20.70,81.09,1023.93,4.07,97.00
Sun 24/05/2026 - 19:00:31,20.69,81.46,1023.84,4.07,97.00
Sun 24/05/2026 - 19:01:05,20.68,81.59,1023.95,4.07,97.00
Sun 24/05/2026 - 19:01:39,20.68,81.76,1023.95,4.07,97.00
Sun 24/05/2026 - 19:02:13,20.66,82.00,1023.95,4.07,97.00
Sun 24/05/2026 - 19:02:47,20.67,82.25,1023.96,4.07,97.00
Sun 24/05/2026 - 19:03:21,20.66,82.76,1023.97,4.07,97.00
Sun 24/05/2026 - 19:03:55,20.65,83.53,1023.88,4.08,97.00
Sun 24/05/2026 - 19:04:29,20.65,84.46,1023.96,4.08,97.00
Sun 24/05/2026 - 19:05:03,20.64,84.77,1023.93,4.07,97.00
Sun 24/05/2026 - 19:05:37,20.63,85.07,1023.97,4.07,97.00
Sun 24/05/2026 - 19:06:11,20.62,85.20,1023.96,4.07,97.00
Sun 24/05/2026 - 19:06:45,20.62,85.12,1024.01,4.07,97.00
Sun 24/05/2026 - 19:07:19,20.61,85.28,1024.05,4.07,97.00
Sun 24/05/2026 - 19:07:53,20.61,85.39,1024.01,4.07,97.00
Sun 24/05/2026 - 19:08:27,20.58,85.69,1024.05,4.07,97.00
Sun 24/05/2026 - 19:09:01,20.58,85.81,1023.99,4.07,97.00
Sun 24/05/2026 - 19:09:35,20.54,86.24,1024.01,4.07,97.00
Sun 24/05/2026 - 19:10:09,20.53,86.26,1024.02,4.07,97.00
Sun 24/05/2026 - 19:10:43,20.52,86.79,1024.00,4.07,97.00
Sun 24/05/2026 - 19:11:17,20.50,86.69,1023.98,4.07,97.00
Sun 24/05/2026 - 19:11:51,20.49,87.05,1023.99,4.07,97.00
Sun 24/05/2026 - 19:12:25,20.49,87.34,1024.01,4.07,97.00
Sun 24/05/2026 - 19:12:59,20.48,87.36,1024.05,4.07,97.00
Sun 24/05/2026 - 19:13:33,20.47,87.68,1023.97,4.07,97.00
Sun 24/05/2026 - 19:14:07,20.46,88.21,1024.01,4.07,97.00
Sun 24/05/2026 - 19:14:41,20.45,88.46,1024.00,4.07,97.00
Sun 24/05/2026 - 19:15:15,20.44,88.78,1024.04,4.07,97.00
Sun 24/05/2026 - 19:15:49,20.44,89.14,1023.98,4.07,97.00
Sun 24/05/2026 - 19:16:22,20.44,89.69,1024.04,4.07,97.00
Sun 24/05/2026 - 19:16:56,20.43,90.24,1024.02,4.07,97.00
Sun 24/05/2026 - 19:17:30,20.43,90.64,1024.05,4.07,97.00
Sun 24/05/2026 - 19:18:04,20.42,90.96,1024.06,4.07,97.00
Sun 24/05/2026 - 19:18:38,20.42,91.26,1023.99,4.07,97.00
Sun 24/05/2026 - 19:19:12,20.41,91.77,1023.98,4.07,97.00
Sun 24/05/2026 - 19:19:46,20.40,91.65,1023.99,4.07,97.00
Sun 24/05/2026 - 19:20:20,20.41,91.83,1024.03,4.07,97.00
Sun 24/05/2026 - 19:20:54,20.39,91.98,1024.00,4.07,97.00
Sun 24/05/2026 - 19:21:28,20.39,92.19,1024.00,4.07,97.00
Sun 24/05/2026 - 19:22:02,20.40,92.38,1024.01,4.07,97.00
Sun 24/05/2026 - 19:22:36,20.38,92.55,1023.99,4.07,97.00
Sun 24/05/2026 - 19:23:10,20.39,92.70,1024.05,4.07,97.00
Sun 24/05/2026 - 19:23:44,20.38,92.76,1024.01,4.07,97.00
Sun 24/05/2026 - 19:24:18,20.38,92.93,1024.03,4.07,97.00
Sun 24/05/2026 - 19:24:52,20.37,93.19,1023.97,4.07,97.00
Sun 24/05/2026 - 19:25:26,20.35,93.81,1023.93,4.07,97.00
Sun 24/05/2026 - 19:26:00,20.36,93.69,1024.00,4.07,97.00
Sun 24/05/2026 - 19:26:34,20.35,93.54,1023.95,4.07,97.00
Sun 24/05/2026 - 19:27:08,20.35,93.69,1023.98,4.07,97.00
Sun 24/05/2026 - 19:27:42,20.35,94.04,1023.98,4.07,97.00
Sun 24/05/2026 - 19:28:16,20.34,94.15,1023.91,4.07,97.00
Sun 24/05/2026 - 19:28:50,20.32,94.12,1023.94,4.07,97.00
Sun 24/05/2026 - 19:29:24,20.33,94.28,1023.97,4.07,97.00
Sun 24/05/2026 - 19:29:58,20.31,94.49,1023.99,4.07,97.00
Sun 24/05/2026 - 19:30:32,20.30,94.43,1023.98,4.07,97.00
Sun 24/05/2026 - 19:31:06,20.30,94.64,1023.96,4.07,97.00
Sun 24/05/2026 - 19:31:40,20.31,94.58,1024.05,4.07,97.00
Sun 24/05/2026 - 19:32:14,20.30,94.63,1024.07,4.07,97.00
Sun 24/05/2026 - 19:32:48,20.30,94.70,1023.96,4.07,97.00
Sun 24/05/2026 - 19:33:22,20.29,94.79,1023.99,4.07,97.00
Sun 24/05/2026 - 19:33:56,20.29,94.79,1023.99,4.07,97.00
Sun 24/05/2026 - 19:34:30,20.29,94.86,1023.99,4.07,97.00
Sun 24/05/2026 - 19:35:04,20.29,94.92,1023.99,4.07,97.00
Sun 24/05/2026 - 19:35:38,20.27,95.04,1024.03,4.07,97.00
Sun 24/05/2026 - 19:36:12,20.27,95.02,1024.06,4.07,97.00
Sun 24/05/2026 - 19:36:46,20.27,95.13,1024.06,4.07,97.00
Sun 24/05/2026 - 19:37:20,20.26,95.28,1024.08,4.07,97.00
Sun 24/05/2026 - 19:37:54,20.26,95.28,1024.04,4.07,97.00
Sun 24/05/2026 - 19:38:28,20.26,95.46,1024.04,4.07,97.00
Sun 24/05/2026 - 19:39:02,20.26,95.68,1024.15,4.07,97.00
Sun 24/05/2026 - 19:39:36,20.24,95.81,1024.12,4.07,97.00
Sun 24/05/2026 - 19:40:10,20.22,95.90,1024.14,4.07,97.00
Sun 24/05/2026 - 19:40:44,20.22,96.06,1024.12,4.07,97.00
Sun 24/05/2026 - 19:41:18,20.21,96.40,1024.13,4.07,97.00
Sun 24/05/2026 - 19:41:52,20.20,96.38,1024.11,4.07,97.00
Sun 24/05/2026 - 19:42:26,20.21,96.62,1024.15,4.07,97.00
Sun 24/05/2026 - 19:43:00,20.20,96.57,1024.13,4.07,97.00
Sun 24/05/2026 - 19:43:34,20.20,96.68,1024.16,4.07,97.00
Sun 24/05/2026 - 19:44:08,20.20,96.73,1024.10,4.07,97.00
Sun 24/05/2026 - 19:44:42,20.20,96.77,1024.16,4.07,97.00
Sun 24/05/2026 - 19:45:16,20.18,96.86,1024.18,4.07,97.00
Sun 24/05/2026 - 19:45:49,20.18,96.82,1024.12,4.07,97.00
Sun 24/05/2026 - 19:46:23,20.17,96.88,1024.06,4.07,97.00
Sun 24/05/2026 - 19:46:57,20.18,96.95,1024.12,4.07,97.00
Sun 24/05/2026 - 19:47:31,20.17,97.04,1024.13,4.07,97.00
Sun 24/05/2026 - 19:48:05,20.16,97.06,1024.14,4.07,97.00
Sun 24/05/2026 - 19:48:39,20.15,97.01,1024.01,4.07,97.00
Sun 24/05/2026 - 19:49:13,20.15,97.06,1024.10,4.07,97.00
Sun 24/05/2026 - 19:49:47,20.14,97.14,1024.11,4.07,97.00
Sun 24/05/2026 - 19:50:21,20.14,97.09,1024.13,4.07,97.00
Sun 24/05/2026 - 19:50:55,20.13,97.23,1024.14,4.07,97.00
Sun 24/05/2026 - 19:51:29,20.13,97.24,1024.17,4.07,97.00
Sun 24/05/2026 - 19:52:03,20.11,97.29,1024.09,4.07,97.00
Sun 24/05/2026 - 19:52:37,20.11,97.43,1024.17,4.07,97.00
Sun 24/05/2026 - 19:53:11,20.11,97.48,1024.14,4.07,97.00
Sun 24/05/2026 - 19:53:45,20.10,97.50,1024.15,4.07,97.00
Sun 24/05/2026 - 19:54:19,20.10,97.56,1024.09,4.07,97.00
Sun 24/05/2026 - 19:54:53,20.09,97.53,1024.13,4.07,97.00
Sun 24/05/2026 - 19:55:27,20.07,97.69,1024.11,4.07,97.00
Sun 24/05/2026 - 19:56:01,20.07,97.67,1024.11,4.07,97.00
Sun 24/05/2026 - 19:56:35,20.06,97.75,1024.09,4.07,97.00
Sun 24/05/2026 - 19:57:09,20.07,97.72,1024.08,4.07,97.00
Sun 24/05/2026 - 19:57:43,20.05,97.81,1024.08,4.07,97.00
Sun 24/05/2026 - 19:58:17,20.05,97.90,1024.08,4.07,97.00
Sun 24/05/2026 - 19:58:51,20.04,97.95,1024.06,4.07,97.00
Sun 24/05/2026 - 19:59:25,20.03,97.97,1024.10,4.07,97.00
Sun 24/05/2026 - 19:59:59,20.02,98.00,1024.02,4.07,97.00
Sun 24/05/2026 - 20:00:33,20.02,97.99,1024.08,4.07,97.00
Sun 24/05/2026 - 20:01:07,20.01,97.96,1024.06,4.07,97.00
Sun 24/05/2026 - 20:01:41,20.01,98.05,1024.12,4.07,97.00
Sun 24/05/2026 - 20:02:15,19.99,98.07,1024.03,4.07,97.00
Sun 24/05/2026 - 20:02:49,20.00,98.02,1024.02,4.07,97.00
Sun 24/05/2026 - 20:03:23,19.99,97.99,1024.08,4.07,97.00
Sun 24/05/2026 - 20:03:57,19.99,98.05,1024.03,4.07,97.00
Sun 24/05/2026 - 20:04:31,19.99,98.05,1024.07,4.07,97.00
Sun 24/05/2026 - 20:05:05,19.98,98.14,1024.06,4.07,97.00
Sun 24/05/2026 - 20:05:39,19.97,98.19,1024.10,4.07,97.00
Sun 24/05/2026 - 20:06:13,19.97,98.14,1024.05,4.07,97.00
Sun 24/05/2026 - 20:06:47,19.97,98.32,1024.07,4.07,97.00
Sun 24/05/2026 - 20:07:21,19.96,98.33,1024.11,4.07,97.00
Sun 24/05/2026 - 20:07:55,19.96,98.33,1024.08,4.07,97.00
Sun 24/05/2026 - 20:08:29,19.94,98.43,1024.08,4.07,97.00
Sun 24/05/2026 - 20:09:03,19.93,98.37,1024.14,4.07,97.00
Sun 24/05/2026 - 20:09:37,19.93,98.42,1024.17,4.07,97.00
Sun 24/05/2026 - 20:10:11,19.93,98.39,1024.13,4.07,97.00
Sun 24/05/2026 - 20:10:45,19.93,98.45,1024.10,4.07,97.00
Sun 24/05/2026 - 20:11:19,19.91,98.48,1024.16,4.07,97.00
Sun 24/05/2026 - 20:11:53,19.91,98.61,1024.16,4.07,97.00
Sun 24/05/2026 - 20:12:27,19.90,98.50,1024.12,4.07,97.00
Sun 24/05/2026 - 20:13:01,19.90,98.59,1024.14,4.07,97.00
Sun 24/05/2026 - 20:13:34,19.89,98.61,1024.10,4.07,97.00
Sun 24/05/2026 - 20:14:08,19.89,98.61,1024.15,4.07,97.00
Sun 24/05/2026 - 20:14:42,19.89,98.66,1024.20,4.07,97.00
Sun 24/05/2026 - 20:15:16,19.89,98.71,1024.23,4.07,97.00
Sun 24/05/2026 - 20:15:50,19.88,98.69,1024.21,4.07,97.00
Sun 24/05/2026 - 20:16:24,19.87,98.79,1024.12,4.07,97.00
Sun 24/05/2026 - 20:16:58,19.88,98.79,1024.26,4.07,97.00
Sun 24/05/2026 - 20:17:32,19.87,98.89,1024.19,4.07,97.00
Sun 24/05/2026 - 20:18:06,19.86,98.80,1024.24,4.07,97.00
Sun 24/05/2026 - 20:18:40,19.86,98.84,1024.24,4.07,97.00
Sun 24/05/2026 - 20:19:14,19.86,98.87,1024.32,4.07,97.00
Sun 24/05/2026 - 20:19:48,19.85,98.85,1024.27,4.07,97.00
Sun 24/05/2026 - 20:20:22,19.84,98.95,1024.26,4.07,97.00
Sun 24/05/2026 - 20:20:56,19.84,99.00,1024.26,4.07,97.00
Sun 24/05/2026 - 20:21:30,19.85,98.97,1024.32,4.07,97.00
Sun 24/05/2026 - 20:22:04,19.83,98.98,1024.32,4.07,97.00
Sun 24/05/2026 - 20:22:38,19.83,98.98,1024.27,4.07,97.00
Sun 24/05/2026 - 20:23:12,19.83,99.01,1024.29,4.07,97.00
Sun 24/05/2026 - 20:23:46,19.83,99.04,1024.29,4.07,97.00
Sun 24/05/2026 - 20:24:20,19.83,99.10,1024.28,4.07,97.00
Sun 24/05/2026 - 20:24:54,19.81,99.19,1024.23,4.07,97.00
Sun 24/05/2026 - 20:25:28,19.81,99.34,1024.33,4.07,97.00
Sun 24/05/2026 - 20:26:02,19.79,99.31,1024.33,4.07,97.00
Sun 24/05/2026 - 20:26:36,19.80,99.51,1024.35,4.07,97.00
Sun 24/05/2026 - 20:27:10,19.79,99.62,1024.32,4.07,97.00
Sun 24/05/2026 - 20:27:44,19.79,99.70,1024.30,4.07,97.00
Sun 24/05/2026 - 20:28:18,19.78,99.77,1024.34,4.06,97.00
Sun 24/05/2026 - 20:28:52,19.79,99.81,1024.35,4.07,97.00
Sun 24/05/2026 - 20:29:26,19.77,99.97,1024.41,4.07,97.00
Sun 24/05/2026 - 20:30:00,19.78,100.00,1024.34,4.07,97.00
Sun 24/05/2026 - 20:30:34,19.78,100.00,1024.44,4.07,97.00
Sun 24/05/2026 - 20:31:08,19.78,100.00,1024.50,4.06,97.00
Sun 24/05/2026 - 20:31:42,19.76,100.00,1024.44,4.06,97.00
Sun 24/05/2026 - 20:32:16,19.77,100.00,1024.41,4.07,97.00
Sun 24/05/2026 - 20:32:50,19.77,100.00,1024.43,4.07,97.00
Sun 24/05/2026 - 20:33:24,19.77,100.00,1024.43,4.07,97.00
Sun 24/05/2026 - 20:33:58,19.77,100.00,1024.51,4.07,97.00
Sun 24/05/2026 - 20:34:32,19.77,100.00,1024.53,4.07,97.00
Sun 24/05/2026 - 20:35:06,19.76,100.00,1024.50,4.07,97.00
Sun 24/05/2026 - 20:35:40,19.76,100.00,1024.55,4.07,97.00
Sun 24/05/2026 - 20:36:14,19.77,100.00,1024.51,4.07,97.00
Sun 24/05/2026 - 20:36:48,19.77,100.00,1024.51,4.06,97.00
Sun 24/05/2026 - 20:37:22,19.76,100.00,1024.55,4.06,97.00
Sun 24/05/2026 - 20:37:56,19.76,100.00,1024.60,4.07,97.00
Sun 24/05/2026 - 20:38:30,19.76,100.00,1024.52,4.06,97.00
Sun 24/05/2026 - 20:39:04,19.77,100.00,1024.57,4.07,97.00
Sun 24/05/2026 - 20:39:38,19.76,100.00,1024.55,4.07,97.00
Sun 24/05/2026 - 20:40:12,19.76,100.00,1024.52,4.07,97.00
Sun 24/05/2026 - 20:40:46,19.75,100.00,1024.59,4.07,97.00
Sun 24/05/2026 - 20:41:20,19.74,100.00,1024.54,4.06,97.00
Sun 24/05/2026 - 20:41:54,19.75,100.00,1024.51,4.06,97.00
Sun 24/05/2026 - 20:42:28,19.76,100.00,1024.60,4.06,97.00
Sun 24/05/2026 - 20:43:02,19.77,100.00,1024.57,4.07,97.00
Sun 24/05/2026 - 20:43:36,19.78,100.00,1024.55,4.06,97.00
Sun 24/05/2026 - 20:44:09,19.78,100.00,1024.59,4.06,97.00
Sun 24/05/2026 - 20:44:43,19.78,100.00,1024.53,4.06,97.00
Sun 24/05/2026 - 20:45:17,19.79,100.00,1024.60,4.06,97.00
Sun 24/05/2026 - 20:45:51,19.78,100.00,1024.50,4.07,97.00
Sun 24/05/2026 - 20:46:25,19.79,100.00,1024.62,4.07,97.00
Sun 24/05/2026 - 20:46:59,19.79,100.00,1024.60,4.06,97.00
Sun 24/05/2026 - 20:47:33,19.79,100.00,1024.60,4.06,97.00
Sun 24/05/2026 - 20:48:07,19.80,100.00,1024.59,4.06,97.00
Sun 24/05/2026 - 20:48:41,19.79,100.00,1024.55,4.06,97.00
Sun 24/05/2026 - 20:49:15,19.80,100.00,1024.54,4.06,97.00
Sun 24/05/2026 - 20:49:49,19.81,100.00,1024.57,4.06,97.00
Sun 24/05/2026 - 20:50:23,19.81,100.00,1024.55,4.06,97.00
Sun 24/05/2026 - 20:50:57,19.79,100.00,1024.60,4.07,97.00
Sun 24/05/2026 - 20:51:31,19.80,100.00,1024.58,4.06,97.00
Sun 24/05/2026 - 20:52:05,19.79,100.00,1024.55,4.06,97.00
Sun 24/05/2026 - 20:52:39,19.78,100.00,1024.59,4.06,97.00
Sun 24/05/2026 - 20:53:13,19.77,100.00,1024.57,4.06,97.00
Sun 24/05/2026 - 20:53:47,19.78,100.00,1024.64,4.06,97.00
Sun 24/05/2026 - 20:54:21,19.78,100.00,1024.53,4.06,97.00
Sun 24/05/2026 - 20:54:55,19.78,100.00,1024.64,4.06,97.00
Sun 24/05/2026 - 20:55:29,19.79,100.00,1024.62,4.06,97.00
Sun 24/05/2026 - 20:56:03,19.77,100.00,1024.62,4.06,97.00
Sun 24/05/2026 - 20:56:37,19.76,100.00,1024.61,4.06,97.00
Sun 24/05/2026 - 20:57:11,19.78,100.00,1024.71,4.06,97.00
Sun 24/05/2026 - 20:57:45,19.77,100.00,1024.68,4.06,97.00
Sun 24/05/2026 - 20:58:19,19.76,100.00,1024.63,4.06,97.00
Sun 24/05/2026 - 20:58:53,19.76,100.00,1024.68,4.06,97.00
Sun 24/05/2026 - 20:59:27,19.76,100.00,1024.66,4.06,97.00
Sun 24/05/2026 - 21:00:01,19.75,100.00,1024.67,4.06,97.00
Sun 24/05/2026 - 21:00:35,19.75,100.00,1024.67,4.06,97.00
Sun 24/05/2026 - 21:01:09,19.75,100.00,1024.72,4.06,97.00
Sun 24/05/2026 - 21:01:43,19.75,100.00,1024.70,4.06,97.00
Sun 24/05/2026 - 21:02:17,19.74,100.00,1024.71,4.06,97.00
Sun 24/05/2026 - 21:02:51,19.73,100.00,1024.71,4.06,97.00
Sun 24/05/2026 - 21:03:25,19.72,100.00,1024.75,4.06,97.00
Sun 24/05/2026 - 21:03:59,19.72,100.00,1024.73,4.06,97.00
Sun 24/05/2026 - 21:04:33,19.71,100.00,1024.73,4.06,97.00
Sun 24/05/2026 - 21:05:07,19.68,100.00,1024.74,4.06,97.00
Sun 24/05/2026 - 21:05:41,19.68,100.00,1024.76,4.06,97.00
Sun 24/05/2026 - 21:06:15,19.67,100.00,1024.77,4.06,97.00
Sun 24/05/2026 - 21:06:49,19.66,100.00,1024.80,4.06,97.00
Sun 24/05/2026 - 21:07:23,19.67,100.00,1024.72,4.06,97.00
Sun 24/05/2026 - 21:07:57,19.68,100.00,1024.73,4.06,97.00
Sun 24/05/2026 - 21:08:31,19.67,100.00,1024.77,4.06,97.00
Sun 24/05/2026 - 21:09:05,19.67,100.00,1024.77,4.06,97.00
Sun 24/05/2026 - 21:09:39,19.66,100.00,1024.76,4.06,97.00
Sun 24/05/2026 - 21:10:13,19.67,100.00,1024.82,4.06,97.00
Sun 24/05/2026 - 21:10:47,19.65,100.00,1024.77,4.06,97.00
Sun 24/05/2026 - 21:11:21,19.65,100.00,1024.74,4.06,97.00
Sun 24/05/2026 - 21:11:55,19.65,100.00,1024.79,4.06,97.00
Sun 24/05/2026 - 21:12:29,19.65,100.00,1024.73,4.06,97.00
Sun 24/05/2026 - 21:13:03,19.65,100.00,1024.71,4.06,97.00
Sun 24/05/2026 - 21:13:36,19.66,100.00,1024.67,4.06,97.00
Sun 24/05/2026 - 21:14:10,19.66,100.00,1024.76,4.06,97.00
Sun 24/05/2026 - 21:14:44,19.66,100.00,1024.73,4.06,97.00
Sun 24/05/2026 - 21:15:18,19.66,100.00,1024.75,4.06,97.00
Sun 24/05/2026 - 21:15:52,19.66,100.00,1024.73,4.06,97.00
Sun 24/05/2026 - 21:16:26,19.66,100.00,1024.81,4.06,97.00
Sun 24/05/2026 - 21:17:00,19.67,100.00,1024.73,4.06,97.00
Sun 24/05/2026 - 21:17:34,19.66,100.00,1024.70,4.06,97.00
Sun 24/05/2026 - 21:18:08,19.68,100.00,1024.74,4.06,97.00
Sun 24/05/2026 - 21:18:42,19.67,100.00,1024.71,4.06,97.00
Sun 24/05/2026 - 21:19:16,19.67,100.00,1024.75,4.06,97.00
Sun 24/05/2026 - 21:19:50,19.67,100.00,1024.79,4.06,97.00
Sun 24/05/2026 - 21:20:24,19.66,100.00,1024.76,4.06,97.00
Sun 24/05/2026 - 21:20:58,19.66,100.00,1024.75,4.06,97.00
Sun 24/05/2026 - 21:21:32,19.67,100.00,1024.77,4.06,97.00
Sun 24/05/2026 - 21:22:06,19.67,100.00,1024.77,4.06,97.00
Sun 24/05/2026 - 21:22:40,19.66,100.00,1024.73,4.06,97.00
Sun 24/05/2026 - 21:23:14,19.66,100.00,1024.76,4.06,97.00
Sun 24/05/2026 - 21:23:48,19.67,100.00,1024.77,4.06,97.00
Sun 24/05/2026 - 21:24:22,19.66,100.00,1024.81,4.06,97.00
Sun 24/05/2026 - 21:24:56,19.66,100.00,1024.82,4.06,97.00
Sun 24/05/2026 - 21:25:30,19.65,100.00,1024.79,4.06,97.00
Sun 24/05/2026 - 21:26:04,19.66,100.00,1024.76,4.06,97.00
Sun 24/05/2026 - 21:26:38,19.66,100.00,1024.81,4.06,97.00
Sun 24/05/2026 - 21:27:12,19.66,100.00,1024.70,4.06,97.00
Sun 24/05/2026 - 21:27:46,19.65,100.00,1024.69,4.06,97.00
Sun 24/05/2026 - 21:28:20,19.65,100.00,1024.79,4.06,97.00
Sun 24/05/2026 - 21:28:54,19.65,100.00,1024.70,4.06,97.00
Sun 24/05/2026 - 21:29:28,19.65,100.00,1024.73,4.06,97.00
Sun 24/05/2026 - 21:30:02,19.65,100.00,1024.74,4.06,97.00
Sun 24/05/2026 - 21:30:36,19.65,100.00,1024.74,4.06,97.00
Sun 24/05/2026 - 21:31:10,19.65,100.00,1024.73,4.06,97.00
Sun 24/05/2026 - 21:31:44,19.64,100.00,1024.72,4.06,97.00
Sun 24/05/2026 - 21:32:18,19.64,100.00,1024.72,4.06,97.00
Sun 24/05/2026 - 21:32:52,19.64,100.00,1024.71,4.06,97.00
Sun 24/05/2026 - 21:33:26,19.64,100.00,1024.61,4.06,97.00
Sun 24/05/2026 - 21:34:00,19.65,100.00,1024.68,4.06,97.00
Sun 24/05/2026 - 21:34:34,19.63,100.00,1024.65,4.06,97.00
Sun 24/05/2026 - 21:35:08,19.64,100.00,1024.61,4.06,97.00
Sun 24/05/2026 - 21:35:42,19.63,100.00,1024.60,4.06,97.00
Sun 24/05/2026 - 21:36:16,19.62,100.00,1024.66,4.06,97.00
Sun 24/05/2026 - 21:36:50,19.62,100.00,1024.74,4.06,97.00
Sun 24/05/2026 - 21:37:24,19.62,100.00,1024.72,4.06,97.00
Sun 24/05/2026 - 21:37:58,19.62,100.00,1024.71,4.06,97.00
Sun 24/05/2026 - 21:38:32,19.61,100.00,1024.78,4.06,97.00
Sun 24/05/2026 - 21:39:06,19.61,100.00,1024.67,4.06,97.00
Sun 24/05/2026 - 21:39:40,19.60,100.00,1024.61,4.06,97.00
Sun 24/05/2026 - 21:40:14,19.59,100.00,1024.69,4.06,97.00
Sun 24/05/2026 - 21:40:47,19.58,100.00,1024.68,4.06,97.00
Sun 24/05/2026 - 21:41:21,19.59,100.00,1024.69,4.06,97.00
Sun 24/05/2026 - 21:41:55,19.59,100.00,1024.69,4.06,97.00
Sun 24/05/2026 - 21:42:29,19.58,100.00,1024.74,4.06,97.00
Sun 24/05/2026 - 21:43:03,19.57,100.00,1024.71,4.06,97.00
Sun 24/05/2026 - 21:43:37,19.59,100.00,1024.74,4.06,97.00
Sun 24/05/2026 - 21:44:11,19.59,100.00,1024.77,4.06,97.00
Sun 24/05/2026 - 21:44:45,19.59,100.00,1024.83,4.06,97.00
Sun 24/05/2026 - 21:45:19,19.58,100.00,1024.73,4.06,97.00
Sun 24/05/2026 - 21:45:53,19.57,100.00,1024.72,4.06,97.00
Sun 24/05/2026 - 21:46:27,19.56,100.00,1024.77,4.06,97.00
Sun 24/05/2026 - 21:47:01,19.56,100.00,1024.80,4.06,97.00
Sun 24/05/2026 - 21:47:35,19.55,100.00,1024.74,4.06,97.00
Sun 24/05/2026 - 21:48:09,19.56,100.00,1024.81,4.06,97.00
Sun 24/05/2026 - 21:48:43,19.56,100.00,1024.80,4.06,97.00
Sun 24/05/2026 - 21:49:17,19.55,100.00,1024.74,4.06,97.00
Sun 24/05/2026 - 21:49:51,19.55,100.00,1024.73,4.06,97.00
Sun 24/05/2026 - 21:50:25,19.54,100.00,1024.72,4.06,97.00
Sun 24/05/2026 - 21:50:59,19.53,100.00,1024.70,4.06,97.00
Sun 24/05/2026 - 21:51:33,19.54,100.00,1024.72,4.06,97.00
Sun 24/05/2026 - 21:52:07,19.53,100.00,1024.80,4.06,97.00
Sun 24/05/2026 - 21:52:41,19.53,100.00,1024.78,4.06,97.00
Sun 24/05/2026 - 21:53:15,19.52,100.00,1024.81,4.06,97.00
Sun 24/05/2026 - 21:53:49,19.52,100.00,1024.76,4.06,97.00
Sun 24/05/2026 - 21:54:23,19.52,100.00,1024.76,4.06,97.00
Sun 24/05/2026 - 21:54:57,19.51,100.00,1024.78,4.06,97.00
Sun 24/05/2026 - 21:55:31,19.50,100.00,1024.81,4.06,97.00
Sun 24/05/2026 - 21:56:05,19.50,100.00,1024.79,4.06,97.00
Sun 24/05/2026 - 21:56:39,19.50,100.00,1024.81,4.06,97.00
Sun 24/05/2026 - 21:57:13,19.49,100.00,1024.84,4.06,97.00
Sun 24/05/2026 - 21:57:47,19.50,100.00,1024.81,4.06,97.00
Sun 24/05/2026 - 21:58:21,19.49,100.00,1024.85,4.06,97.00
Sun 24/05/2026 - 21:58:55,19.50,100.00,1024.89,4.06,97.00
Sun 24/05/2026 - 21:59:29,19.49,100.00,1024.85,4.06,97.00
Sun 24/05/2026 - 22:00:03,19.49,100.00,1024.88,4.06,97.00
Sun 24/05/2026 - 22:00:37,19.48,100.00,1024.85,4.06,97.00
Sun 24/05/2026 - 22:01:11,19.48,100.00,1024.88,4.06,97.00
Sun 24/05/2026 - 22:01:45,19.47,100.00,1024.89,4.06,97.00
Sun 24/05/2026 - 22:02:19,19.47,100.00,1024.86,4.06,97.00
Sun 24/05/2026 - 22:02:53,19.47,100.00,1024.86,4.06,97.00
Sun 24/05/2026 - 22:03:27,19.46,100.00,1024.82,4.06,97.00
Sun 24/05/2026 - 22:04:01,19.45,100.00,1024.83,4.06,97.00
Sun 24/05/2026 - 22:04:35,19.46,100.00,1024.85,4.06,97.00
Sun 24/05/2026 - 22:05:09,19.44,100.00,1024.82,4.06,97.00
Sun 24/05/2026 - 22:05:43,19.44,100.00,1024.84,4.06,97.00
Sun 24/05/2026 - 22:06:17,19.44,100.00,1024.84,4.06,97.00
Sun 24/05/2026 - 22:06:51,19.44,100.00,1024.84,4.06,97.00
Sun 24/05/2026 - 22:07:25,19.43,100.00,1024.86,4.06,97.00
Sun 24/05/2026 - 22:07:59,19.43,100.00,1024.86,4.06,97.00
Sun 24/05/2026 - 22:08:33,19.44,100.00,1024.84,4.06,97.00
Sun 24/05/2026 - 22:09:07,19.42,100.00,1024.78,4.06,97.00
Sun 24/05/2026 - 22:09:41,19.43,100.00,1024.85,4.06,97.00
Sun 24/05/2026 - 22:10:15,19.41,100.00,1024.73,4.06,97.00
Sun 24/05/2026 - 22:10:49,19.41,100.00,1024.79,4.06,97.00
Sun 24/05/2026 - 22:11:22,19.40,100.00,1024.80,4.06,97.00
Sun 24/05/2026 - 22:11:56,19.40,100.00,1024.77,4.06,97.00
Sun 24/05/2026 - 22:12:30,19.40,100.00,1024.80,4.06,97.00
Sun 24/05/2026 - 22:13:04,19.40,100.00,1024.86,4.06,97.00
Sun 24/05/2026 - 22:13:38,19.40,100.00,1024.86,4.06,97.00
Sun 24/05/2026 - 22:14:13,19.38,100.00,1024.71,4.06,97.00
Sun 24/05/2026 - 22:14:47,19.39,100.00,1024.84,4.06,97.00
Sun 24/05/2026 - 22:15:21,19.38,100.00,1024.81,4.06,97.00
Sun 24/05/2026 - 22:15:54,19.38,100.00,1024.71,4.06,97.00
Sun 24/05/2026 - 22:16:28,19.38,100.00,1024.79,4.06,97.00
Sun 24/05/2026 - 22:17:02,19.36,100.00,1024.73,4.06,97.00
Sun 24/05/2026 - 22:17:36,19.36,100.00,1024.73,4.06,97.00
Sun 24/05/2026 - 22:18:10,19.35,100.00,1024.77,4.06,97.00
Sun 24/05/2026 - 22:18:44,19.35,100.00,1024.73,4.06,97.00
Sun 24/05/2026 - 22:19:18,19.35,100.00,1024.74,4.06,97.00
Sun 24/05/2026 - 22:19:52,19.34,100.00,1024.67,4.06,97.00
Sun 24/05/2026 - 22:20:26,19.34,100.00,1024.64,4.06,97.00
Sun 24/05/2026 - 22:21:00,19.34,100.00,1024.58,4.06,97.00
Sun 24/05/2026 - 22:21:34,19.34,100.00,1024.64,4.06,97.00
Sun 24/05/2026 - 22:22:08,19.33,100.00,1024.68,4.06,97.00
Sun 24/05/2026 - 22:22:42,19.33,100.00,1024.67,4.06,97.00
Sun 24/05/2026 - 22:23:16,19.31,100.00,1024.65,4.06,97.00
Sun 24/05/2026 - 22:23:50,19.32,100.00,1024.66,4.06,97.00
Sun 24/05/2026 - 22:24:24,19.31,100.00,1024.70,4.06,97.00
Sun 24/05/2026 - 22:24:58,19.31,100.00,1024.70,4.06,97.00
Sun 24/05/2026 - 22:25:32,19.31,100.00,1024.67,4.06,97.00
Sun 24/05/2026 - 22:26:06,19.29,100.00,1024.69,4.06,97.00
Sun 24/05/2026 - 22:26:40,19.29,100.00,1024.59,4.06,97.00
Sun 24/05/2026 - 22:27:14,19.28,100.00,1024.70,4.06,97.00
Sun 24/05/2026 - 22:27:48,19.29,100.00,1024.66,4.06,97.00
Sun 24/05/2026 - 22:28:22,19.27,100.00,1024.61,4.06,97.00
Sun 24/05/2026 - 22:28:56,19.27,100.00,1024.68,4.06,97.00
Sun 24/05/2026 - 22:29:30,19.26,100.00,1024.66,4.06,97.00
Sun 24/05/2026 - 22:30:04,19.25,100.00,1024.62,4.06,97.00
Sun 24/05/2026 - 22:30:38,19.25,100.00,1024.71,4.06,97.00
Sun 24/05/2026 - 22:31:12,19.24,100.00,1024.63,4.06,97.00
Sun 24/05/2026 - 22:31:46,19.24,100.00,1024.63,4.06,97.00
Sun 24/05/2026 - 22:32:20,19.24,100.00,1024.71,4.05,97.00
Sun 24/05/2026 - 22:32:54,19.24,100.00,1024.65,4.05,97.00
Sun 24/05/2026 - 22:33:28,19.23,100.00,1024.66,4.06,97.00
Sun 24/05/2026 - 22:34:02,19.23,100.00,1024.67,4.06,97.00
Sun 24/05/2026 - 22:34:36,19.22,100.00,1024.63,4.06,97.00
Sun 24/05/2026 - 22:35:10,19.22,100.00,1024.74,4.06,97.00
Sun 24/05/2026 - 22:35:44,19.22,100.00,1024.65,4.06,97.00
Sun 24/05/2026 - 22:36:18,19.22,100.00,1024.65,4.06,97.00
Sun 24/05/2026 - 22:36:52,19.21,100.00,1024.72,4.06,97.00
Sun 24/05/2026 - 22:37:26,19.21,100.00,1024.66,4.06,97.00
Sun 24/05/2026 - 22:38:00,19.21,100.00,1024.63,4.06,97.00
Sun 24/05/2026 - 22:38:33,19.20,100.00,1024.61,4.06,97.00
Sun 24/05/2026 - 22:39:07,19.20,100.00,1024.65,4.06,97.00
Sun 24/05/2026 - 22:39:41,19.20,100.00,1024.67,4.06,97.00
Sun 24/05/2026 - 22:40:15,19.20,100.00,1024.67,4.05,97.00
Sun 24/05/2026 - 22:40:49,19.19,100.00,1024.68,4.05,97.00
Sun 24/05/2026 - 22:41:23,19.18,100.00,1024.64,4.06,97.00
Sun 24/05/2026 - 22:41:57,19.17,100.00,1024.66,4.05,97.00
Sun 24/05/2026 - 22:42:31,19.17,100.00,1024.63,4.05,97.00
Sun 24/05/2026 - 22:43:05,19.17,100.00,1024.68,4.05,97.00
Sun 24/05/2026 - 22:43:39,19.17,100.00,1024.67,4.05,97.00
Sun 24/05/2026 - 22:44:13,19.15,100.00,1024.65,4.05,97.00
Sun 24/05/2026 - 22:44:47,19.16,100.00,1024.71,4.05,96.00
Sun 24/05/2026 - 22:45:21,19.16,100.00,1024.61,4.05,96.00
Sun 24/05/2026 - 22:45:55,19.15,100.00,1024.65,4.05,97.00
Sun 24/05/2026 - 22:46:29,19.16,100.00,1024.72,4.05,97.00
Sun 24/05/2026 - 22:47:03,19.14,100.00,1024.63,4.05,97.00
Sun 24/05/2026 - 22:47:37,19.15,100.00,1024.64,4.05,97.00
Sun 24/05/2026 - 22:48:11,19.14,100.00,1024.63,4.05,96.00
Sun 24/05/2026 - 22:48:45,19.12,100.00,1024.60,4.05,97.00
Sun 24/05/2026 - 22:49:19,19.13,100.00,1024.62,4.05,97.00
Sun 24/05/2026 - 22:49:53,19.12,100.00,1024.57,4.05,97.00
Sun 24/05/2026 - 22:50:27,19.12,100.00,1024.60,4.05,97.00
Sun 24/05/2026 - 22:51:01,19.11,100.00,1024.64,4.05,97.00
Sun 24/05/2026 - 22:51:35,19.12,100.00,1024.62,4.05,97.00
Sun 24/05/2026 - 22:52:09,19.11,100.00,1024.64,4.05,97.00
Sun 24/05/2026 - 22:52:43,19.10,100.00,1024.58,4.05,97.00
Sun 24/05/2026 - 22:53:17,19.10,100.00,1024.61,4.05,97.00
Sun 24/05/2026 - 22:53:51,19.10,100.00,1024.65,4.05,97.00
Sun 24/05/2026 - 22:54:25,19.09,100.00,1024.57,4.05,96.00
Sun 24/05/2026 - 22:54:59,19.09,100.00,1024.66,4.05,97.00
Sun 24/05/2026 - 22:55:33,19.08,100.00,1024.61,4.05,97.00
Sun 24/05/2026 - 22:56:07,19.08,100.00,1024.58,4.05,96.00
Sun 24/05/2026 - 22:56:41,19.07,100.00,1024.62,4.05,97.00
Sun 24/05/2026 - 22:57:15,19.07,100.00,1024.67,4.05,96.00
Sun 24/05/2026 - 22:57:49,19.06,100.00,1024.60,4.05,96.00
Sun 24/05/2026 - 22:58:23,19.06,100.00,1024.60,4.05,97.00
Sun 24/05/2026 - 22:58:57,19.05,100.00,1024.61,4.05,97.00
Sun 24/05/2026 - 22:59:31,19.05,100.00,1024.63,4.05,97.00
Sun 24/05/2026 - 23:00:05,19.04,100.00,1024.60,4.05,96.00
Sun 24/05/2026 - 23:00:39,19.05,100.00,1024.58,4.05,96.00
Sun 24/05/2026 - 23:01:13,19.04,100.00,1024.65,4.05,96.00
Sun 24/05/2026 - 23:01:47,19.04,100.00,1024.61,4.05,97.00
Sun 24/05/2026 - 23:02:21,19.02,100.00,1024.66,4.05,97.00
Sun 24/05/2026 - 23:02:55,19.03,100.00,1024.66,4.05,97.00
Sun 24/05/2026 - 23:03:28,19.02,100.00,1024.64,4.05,96.00
Sun 24/05/2026 - 23:04:02,19.01,100.00,1024.65,4.05,96.00
Sun 24/05/2026 - 23:04:36,19.01,100.00,1024.68,4.05,96.00
Sun 24/05/2026 - 23:05:10,19.00,100.00,1024.72,4.05,96.00
Sun 24/05/2026 - 23:05:44,19.00,100.00,1024.68,4.05,96.00
Sun 24/05/2026 - 23:06:18,18.99,100.00,1024.75,4.05,96.00
Sun 24/05/2026 - 23:06:52,18.99,100.00,1024.75,4.05,97.00
Sun 24/05/2026 - 23:07:26,18.98,100.00,1024.65,4.05,97.00
Sun 24/05/2026 - 23:08:00,18.97,100.00,1024.72,4.05,96.00
Sun 24/05/2026 - 23:08:34,18.97,100.00,1024.63,4.05,96.00
Sun 24/05/2026 - 23:09:08,18.95,100.00,1024.66,4.05,96.00
Sun 24/05/2026 - 23:09:42,18.96,100.00,1024.64,4.05,96.00
Sun 24/05/2026 - 23:10:16,18.95,100.00,1024.66,4.05,96.00
Sun 24/05/2026 - 23:10:50,18.95,100.00,1024.68,4.05,96.00
Sun 24/05/2026 - 23:11:24,18.94,100.00,1024.66,4.05,96.00
Sun 24/05/2026 - 23:11:58,18.93,100.00,1024.62,4.05,96.00
Sun 24/05/2026 - 23:12:32,18.92,100.00,1024.69,4.05,96.00
Sun 24/05/2026 - 23:13:06,18.92,100.00,1024.63,4.05,96.00
Sun 24/05/2026 - 23:13:40,18.92,100.00,1024.66,4.05,96.00
Sun 24/05/2026 - 23:14:14,18.92,100.00,1024.66,4.05,96.00
Sun 24/05/2026 - 23:14:48,18.91,100.00,1024.66,4.05,96.00
Sun 24/05/2026 - 23:15:22,18.90,100.00,1024.60,4.05,96.00
Sun 24/05/2026 - 23:15:56,18.90,100.00,1024.60,4.05,96.00
Sun 24/05/2026 - 23:16:30,18.89,100.00,1024.58,4.05,96.00
Sun 24/05/2026 - 23:17:04,18.90,100.00,1024.62,4.05,96.00
Sun 24/05/2026 - 23:17:38,18.89,100.00,1024.60,4.05,96.00
Sun 24/05/2026 - 23:18:12,18.89,100.00,1024.69,4.05,96.00
Sun 24/05/2026 - 23:18:46,18.88,100.00,1024.62,4.05,96.00
Sun 24/05/2026 - 23:19:20,18.86,100.00,1024.61,4.05,96.00
Sun 24/05/2026 - 23:19:54,18.87,100.00,1024.60,4.05,96.00
Sun 24/05/2026 - 23:20:28,18.87,100.00,1024.60,4.05,96.00
Sun 24/05/2026 - 23:21:02,18.86,100.00,1024.58,4.05,96.00
Sun 24/05/2026 - 23:21:36,18.86,100.00,1024.57,4.05,96.00
Sun 24/05/2026 - 23:22:10,18.84,100.00,1024.68,4.05,96.00
Sun 24/05/2026 - 23:22:44,18.83,100.00,1024.53,4.05,96.00
Sun 24/05/2026 - 23:23:18,18.84,100.00,1024.55,4.05,96.00
Sun 24/05/2026 - 23:23:52,18.84,100.00,1024.62,4.05,96.00
Sun 24/05/2026 - 23:24:26,18.83,100.00,1024.58,4.05,96.00
Sun 24/05/2026 - 23:25:00,18.83,100.00,1024.64,4.05,96.00
Sun 24/05/2026 - 23:25:34,18.82,100.00,1024.62,4.05,96.00
Sun 24/05/2026 - 23:26:08,18.81,100.00,1024.58,4.05,96.00
Sun 24/05/2026 - 23:26:42,18.82,100.00,1024.54,4.05,96.00
Sun 24/05/2026 - 23:27:16,18.81,100.00,1024.55,4.05,96.00
Sun 24/05/2026 - 23:27:49,18.81,100.00,1024.60,4.05,96.00
Sun 24/05/2026 - 23:28:23,18.80,100.00,1024.60,4.05,96.00
Sun 24/05/2026 - 23:28:57,18.80,100.00,1024.58,4.05,96.00
Sun 24/05/2026 - 23:29:31,18.79,100.00,1024.57,4.05,96.00
Sun 24/05/2026 - 23:30:05,18.78,100.00,1024.61,4.05,96.00
Sun 24/05/2026 - 23:30:39,18.78,100.00,1024.58,4.05,96.00
Sun 24/05/2026 - 23:31:13,18.78,100.00,1024.61,4.05,96.00
Sun 24/05/2026 - 23:31:47,18.78,100.00,1024.61,4.05,96.00
Sun 24/05/2026 - 23:32:21,18.77,100.00,1024.56,4.05,96.00
Sun 24/05/2026 - 23:32:55,18.76,100.00,1024.60,4.05,96.00
Sun 24/05/2026 - 23:33:29,18.75,100.00,1024.53,4.05,96.00
Sun 24/05/2026 - 23:34:03,18.75,100.00,1024.52,4.05,96.00
Sun 24/05/2026 - 23:34:37,18.75,100.00,1024.53,4.05,96.00
Sun 24/05/2026 - 23:35:11,18.75,100.00,1024.49,4.05,96.00
Sun 24/05/2026 - 23:35:45,18.75,100.00,1024.55,4.05,96.00
Sun 24/05/2026 - 23:36:19,18.74,100.00,1024.56,4.05,96.00
Sun 24/05/2026 - 23:36:53,18.74,100.00,1024.62,4.05,96.00
Sun 24/05/2026 - 23:37:27,18.73,100.00,1024.52,4.05,96.00
Sun 24/05/2026 - 23:38:01,18.73,100.00,1024.57,4.05,96.00
Sun 24/05/2026 - 23:38:35,18.73,100.00,1024.47,4.05,96.00
Sun 24/05/2026 - 23:39:09,18.72,100.00,1024.50,4.05,96.00
Sun 24/05/2026 - 23:39:43,18.71,100.00,1024.48,4.05,96.00
Sun 24/05/2026 - 23:40:17,18.72,100.00,1024.52,4.05,96.00
Sun 24/05/2026 - 23:40:51,18.72,100.00,1024.44,4.05,96.00
Sun 24/05/2026 - 23:41:25,18.71,100.00,1024.54,4.05,96.00
Sun 24/05/2026 - 23:41:59,18.72,100.00,1024.49,4.05,96.00
Sun 24/05/2026 - 23:42:33,18.72,100.00,1024.52,4.05,96.00
Sun 24/05/2026 - 23:43:07,18.70,100.00,1024.47,4.05,96.00
Sun 24/05/2026 - 23:43:41,18.70,100.00,1024.44,4.05,96.00
Sun 24/05/2026 - 23:44:15,18.70,100.00,1024.48,4.05,96.00
Sun 24/05/2026 - 23:44:49,18.70,100.00,1024.47,4.05,96.00
Sun 24/05/2026 - 23:45:23,18.68,100.00,1024.50,4.05,96.00
Sun 24/05/2026 - 23:45:57,18.69,100.00,1024.50,4.05,96.00
Sun 24/05/2026 - 23:46:31,18.68,100.00,1024.50,4.05,96.00
Sun 24/05/2026 - 23:47:05,18.68,100.00,1024.50,4.05,96.00
Sun 24/05/2026 - 23:47:39,18.69,100.00,1024.50,4.05,96.00
Sun 24/05/2026 - 23:48:13,18.68,100.00,1024.41,4.05,96.00
Sun 24/05/2026 - 23:48:47,18.67,100.00,1024.47,4.05,96.00
Sun 24/05/2026 - 23:49:21,18.67,100.00,1024.48,4.05,96.00
Sun 24/05/2026 - 23:49:55,18.67,100.00,1024.47,4.05,96.00
Sun 24/05/2026 - 23:50:29,18.66,100.00,1024.46,4.05,96.00
Sun 24/05/2026 - 23:51:03,18.67,100.00,1024.47,4.05,96.00
Sun 24/05/2026 - 23:51:37,18.66,100.00,1024.52,4.05,96.00
Sun 24/05/2026 - 23:52:11,18.67,100.00,1024.47,4.05,96.00
Sun 24/05/2026 - 23:52:45,18.65,100.00,1024.46,4.05,96.00
Sun 24/05/2026 - 23:53:19,18.65,100.00,1024.46,4.05,96.00
Sun 24/05/2026 - 23:53:53,18.66,100.00,1024.45,4.05,96.00
Sun 24/05/2026 - 23:54:26,18.64,100.00,1024.42,4.05,96.00
Sun 24/05/2026 - 23:55:00,18.65,100.00,1024.41,4.05,96.00
Sun 24/05/2026 - 23:55:34,18.64,100.00,1024.42,4.05,96.00
Sun 24/05/2026 - 23:56:08,18.64,100.00,1024.42,4.05,96.00
Sun 24/05/2026 - 23:56:42,18.63,100.00,1024.43,4.05,96.00
Sun 24/05/2026 - 23:57:16,18.63,100.00,1024.38,4.05,96.00
Sun 24/05/2026 - 23:57:50,18.63,100.00,1024.37,4.05,96.00
Sun 24/05/2026 - 23:58:24,18.63,100.00,1024.41,4.05,96.00
Sun 24/05/2026 - 23:58:58,18.62,100.00,1024.38,4.05,96.00
Sun 24/05/2026 - 23:59:32,18.62,100.00,1024.41,4.05,96.00
