Tue 26/05/2026 - 00:00:11,16.62,100.00,1023.55,4.06,97.00
Tue 26/05/2026 - 00:00:45,16.62,100.00,1023.60,4.06,97.00
Tue 26/05/2026 - 00:01:19,16.61,100.00,1023.50,4.06,97.00
Tue 26/05/2026 - 00:01:53,16.61,100.00,1023.49,4.06,97.00
Tue 26/05/2026 - 00:02:27,16.60,100.00,1023.49,4.06,97.00
Tue 26/05/2026 - 00:03:01,16.61,100.00,1023.48,4.06,97.00
Tue 26/05/2026 - 00:03:35,16.59,100.00,1023.47,4.06,97.00
Tue 26/05/2026 - 00:04:09,16.61,100.00,1023.56,4.06,97.00
Tue 26/05/2026 - 00:04:43,16.60,100.00,1023.49,4.06,97.00
Tue 26/05/2026 - 00:05:17,16.59,100.00,1023.45,4.06,97.00
Tue 26/05/2026 - 00:05:51,16.59,100.00,1023.50,4.06,97.00
Tue 26/05/2026 - 00:06:25,16.58,100.00,1023.45,4.06,97.00
Tue 26/05/2026 - 00:06:59,16.59,100.00,1023.50,4.06,97.00
Tue 26/05/2026 - 00:07:33,16.57,100.00,1023.52,4.06,97.00
Tue 26/05/2026 - 00:08:07,16.57,100.00,1023.41,4.06,97.00
Tue 26/05/2026 - 00:08:41,16.57,100.00,1023.52,4.06,97.00
Tue 26/05/2026 - 00:09:15,16.56,100.00,1023.47,4.06,97.00
Tue 26/05/2026 - 00:09:49,16.56,100.00,1023.48,4.06,97.00
Tue 26/05/2026 - 00:10:23,16.56,100.00,1023.52,4.06,97.00
Tue 26/05/2026 - 00:10:57,16.56,100.00,1023.39,4.06,97.00
Tue 26/05/2026 - 00:11:31,16.57,100.00,1023.52,4.06,97.00
Tue 26/05/2026 - 00:12:05,16.54,100.00,1023.50,4.06,97.00
Tue 26/05/2026 - 00:12:39,16.55,100.00,1023.43,4.06,97.00
Tue 26/05/2026 - 00:13:13,16.55,100.00,1023.45,4.06,97.00
Tue 26/05/2026 - 00:13:47,16.54,100.00,1023.49,4.06,97.00
Tue 26/05/2026 - 00:14:21,16.53,100.00,1023.45,4.06,97.00
Tue 26/05/2026 - 00:14:55,16.54,100.00,1023.50,4.06,97.00
Tue 26/05/2026 - 00:15:29,16.53,100.00,1023.51,4.06,97.00
Tue 26/05/2026 - 00:16:03,16.52,100.00,1023.46,4.06,97.00
Tue 26/05/2026 - 00:16:37,16.53,100.00,1023.50,4.06,97.00
Tue 26/05/2026 - 00:17:11,16.52,100.00,1023.60,4.06,97.00
Tue 26/05/2026 - 00:17:45,16.51,100.00,1023.58,4.06,97.00
Tue 26/05/2026 - 00:18:19,16.51,100.00,1023.58,4.06,97.00
Tue 26/05/2026 - 00:18:53,16.51,100.00,1023.63,4.06,97.00
Tue 26/05/2026 - 00:19:27,16.51,100.00,1023.58,4.06,97.00
Tue 26/05/2026 - 00:20:01,16.51,100.00,1023.57,4.06,97.00
Tue 26/05/2026 - 00:20:35,16.50,100.00,1023.61,4.06,97.00
Tue 26/05/2026 - 00:21:09,16.51,100.00,1023.68,4.06,97.00
Tue 26/05/2026 - 00:21:43,16.50,100.00,1023.61,4.06,97.00
Tue 26/05/2026 - 00:22:17,16.50,100.00,1023.72,4.06,97.00
Tue 26/05/2026 - 00:22:51,16.49,100.00,1023.71,4.06,97.00
Tue 26/05/2026 - 00:23:25,16.48,100.00,1023.58,4.06,97.00
Tue 26/05/2026 - 00:23:59,16.48,100.00,1023.61,4.06,97.00
Tue 26/05/2026 - 00:24:33,16.48,100.00,1023.68,4.06,97.00
Tue 26/05/2026 - 00:25:07,16.48,100.00,1023.66,4.06,97.00
Tue 26/05/2026 - 00:25:41,16.47,100.00,1023.66,4.06,97.00
Tue 26/05/2026 - 00:26:14,16.47,100.00,1023.66,4.06,97.00
Tue 26/05/2026 - 00:26:48,16.47,100.00,1023.66,4.06,97.00
Tue 26/05/2026 - 00:27:22,16.46,100.00,1023.66,4.06,97.00
Tue 26/05/2026 - 00:27:56,16.47,100.00,1023.69,4.06,97.00
Tue 26/05/2026 - 00:28:30,16.45,100.00,1023.67,4.06,97.00
Tue 26/05/2026 - 00:29:04,16.45,100.00,1023.73,4.06,97.00
Tue 26/05/2026 - 00:29:38,16.44,100.00,1023.68,4.06,97.00
Tue 26/05/2026 - 00:30:12,16.45,100.00,1023.65,4.06,97.00
Tue 26/05/2026 - 00:30:46,16.45,100.00,1023.69,4.06,97.00
Tue 26/05/2026 - 00:31:20,16.43,100.00,1023.67,4.06,97.00
Tue 26/05/2026 - 00:31:54,16.43,100.00,1023.67,4.06,97.00
Tue 26/05/2026 - 00:32:28,16.43,100.00,1023.59,4.06,97.00
Tue 26/05/2026 - 00:33:02,16.43,100.00,1023.61,4.06,97.00
Tue 26/05/2026 - 00:33:36,16.42,100.00,1023.68,4.06,97.00
Tue 26/05/2026 - 00:34:10,16.42,100.00,1023.68,4.06,97.00
Tue 26/05/2026 - 00:34:44,16.42,100.00,1023.65,4.06,97.00
Tue 26/05/2026 - 00:35:18,16.41,100.00,1023.71,4.06,97.00
Tue 26/05/2026 - 00:35:52,16.42,100.00,1023.67,4.06,97.00
Tue 26/05/2026 - 00:36:26,16.41,100.00,1023.74,4.06,97.00
Tue 26/05/2026 - 00:37:00,16.41,100.00,1023.69,4.06,97.00
Tue 26/05/2026 - 00:37:34,16.40,100.00,1023.70,4.06,97.00
Tue 26/05/2026 - 00:38:08,16.41,100.00,1023.69,4.06,97.00
Tue 26/05/2026 - 00:38:42,16.40,100.00,1023.71,4.06,97.00
Tue 26/05/2026 - 00:39:16,16.41,100.00,1023.73,4.06,97.00
Tue 26/05/2026 - 00:39:50,16.40,100.00,1023.77,4.06,97.00
Tue 26/05/2026 - 00:40:24,16.38,100.00,1023.77,4.06,97.00
Tue 26/05/2026 - 00:40:58,16.39,100.00,1023.75,4.06,97.00
Tue 26/05/2026 - 00:41:32,16.38,100.00,1023.73,4.06,97.00
Tue 26/05/2026 - 00:42:06,16.38,100.00,1023.80,4.06,97.00
Tue 26/05/2026 - 00:42:40,16.38,100.00,1023.79,4.06,97.00
Tue 26/05/2026 - 00:43:14,16.38,100.00,1023.73,4.06,97.00
Tue 26/05/2026 - 00:43:48,16.37,100.00,1023.78,4.06,97.00
Tue 26/05/2026 - 00:44:22,16.36,100.00,1023.76,4.06,97.00
Tue 26/05/2026 - 00:44:56,16.37,100.00,1023.81,4.06,97.00
Tue 26/05/2026 - 00:45:30,16.36,100.00,1023.82,4.06,97.00
Tue 26/05/2026 - 00:46:04,16.36,100.00,1023.79,4.06,97.00
Tue 26/05/2026 - 00:46:38,16.36,100.00,1023.82,4.06,97.00
Tue 26/05/2026 - 00:47:12,16.36,100.00,1023.86,4.06,97.00
Tue 26/05/2026 - 00:47:46,16.35,100.00,1023.80,4.06,97.00
Tue 26/05/2026 - 00:48:20,16.35,100.00,1023.90,4.06,97.00
Tue 26/05/2026 - 00:48:54,16.35,100.00,1023.85,4.06,97.00
Tue 26/05/2026 - 00:49:28,16.35,100.00,1023.82,4.06,97.00
Tue 26/05/2026 - 00:50:02,16.35,100.00,1023.79,4.06,97.00
Tue 26/05/2026 - 00:50:36,16.35,100.00,1023.82,4.06,97.00
Tue 26/05/2026 - 00:51:09,16.34,100.00,1023.83,4.06,97.00
Tue 26/05/2026 - 00:51:43,16.34,100.00,1023.83,4.06,97.00
Tue 26/05/2026 - 00:52:17,16.33,100.00,1023.84,4.06,97.00
Tue 26/05/2026 - 00:52:51,16.33,100.00,1023.81,4.06,97.00
Tue 26/05/2026 - 00:53:25,16.33,100.00,1023.82,4.06,97.00
Tue 26/05/2026 - 00:53:59,16.33,100.00,1023.81,4.06,97.00
Tue 26/05/2026 - 00:54:33,16.32,100.00,1023.80,4.06,97.00
Tue 26/05/2026 - 00:55:07,16.31,100.00,1023.78,4.06,97.00
Tue 26/05/2026 - 00:55:41,16.31,100.00,1023.78,4.06,97.00
Tue 26/05/2026 - 00:56:15,16.31,100.00,1023.78,4.06,97.00
Tue 26/05/2026 - 00:56:49,16.31,100.00,1023.73,4.06,97.00
Tue 26/05/2026 - 00:57:23,16.31,100.00,1023.76,4.06,97.00
Tue 26/05/2026 - 00:57:57,16.30,100.00,1023.76,4.06,97.00
Tue 26/05/2026 - 00:58:31,16.30,100.00,1023.76,4.06,97.00
Tue 26/05/2026 - 00:59:05,16.30,100.00,1023.79,4.06,97.00
Tue 26/05/2026 - 00:59:39,16.30,100.00,1023.87,4.06,97.00
Tue 26/05/2026 - 01:00:13,16.31,100.00,1023.84,4.06,97.00
Tue 26/05/2026 - 01:00:47,16.29,100.00,1023.77,4.06,97.00
Tue 26/05/2026 - 01:01:21,16.31,100.00,1023.80,4.06,97.00
Tue 26/05/2026 - 01:01:55,16.30,100.00,1023.82,4.06,97.00
Tue 26/05/2026 - 01:02:29,16.29,100.00,1023.77,4.06,97.00
Tue 26/05/2026 - 01:03:03,16.28,100.00,1023.76,4.06,97.00
Tue 26/05/2026 - 01:03:37,16.28,100.00,1023.76,4.06,97.00
Tue 26/05/2026 - 01:04:11,16.28,100.00,1023.80,4.05,97.00
Tue 26/05/2026 - 01:04:45,16.29,100.00,1023.85,4.06,97.00
Tue 26/05/2026 - 01:05:19,16.28,100.00,1023.78,4.06,97.00
Tue 26/05/2026 - 01:05:53,16.28,100.00,1023.83,4.06,97.00
Tue 26/05/2026 - 01:06:27,16.28,100.00,1023.72,4.06,97.00
Tue 26/05/2026 - 01:07:01,16.27,100.00,1023.79,4.06,97.00
Tue 26/05/2026 - 01:07:35,16.27,100.00,1023.79,4.06,97.00
Tue 26/05/2026 - 01:08:09,16.28,100.00,1023.83,4.06,97.00
Tue 26/05/2026 - 01:08:43,16.27,100.00,1023.77,4.06,97.00
Tue 26/05/2026 - 01:09:17,16.27,100.00,1023.76,4.06,97.00
Tue 26/05/2026 - 01:09:51,16.26,100.00,1023.75,4.06,97.00
Tue 26/05/2026 - 01:10:25,16.26,100.00,1023.78,4.06,97.00
Tue 26/05/2026 - 01:10:59,16.26,100.00,1023.74,4.06,97.00
Tue 26/05/2026 - 01:11:33,16.27,100.00,1023.79,4.06,97.00
Tue 26/05/2026 - 01:12:07,16.25,100.00,1023.73,4.06,97.00
Tue 26/05/2026 - 01:12:41,16.26,100.00,1023.77,4.06,97.00
Tue 26/05/2026 - 01:13:15,16.25,100.00,1023.76,4.05,97.00
Tue 26/05/2026 - 01:13:49,16.25,100.00,1023.79,4.05,97.00
Tue 26/05/2026 - 01:14:23,16.24,100.00,1023.77,4.06,97.00
Tue 26/05/2026 - 01:14:57,16.26,100.00,1023.85,4.06,97.00
Tue 26/05/2026 - 01:15:31,16.25,100.00,1023.84,4.05,97.00
Tue 26/05/2026 - 01:16:05,16.25,100.00,1023.81,4.06,97.00
Tue 26/05/2026 - 01:16:39,16.24,100.00,1023.88,4.05,97.00
Tue 26/05/2026 - 01:17:13,16.24,100.00,1023.77,4.05,97.00
Tue 26/05/2026 - 01:17:47,16.25,100.00,1023.80,4.05,97.00
Tue 26/05/2026 - 01:18:21,16.24,100.00,1023.77,4.06,97.00
Tue 26/05/2026 - 01:18:55,16.24,100.00,1023.85,4.06,97.00
Tue 26/05/2026 - 01:19:29,16.24,100.00,1023.82,4.06,97.00
Tue 26/05/2026 - 01:20:03,16.23,100.00,1023.75,4.06,97.00
Tue 26/05/2026 - 01:20:37,16.23,100.00,1023.83,4.06,97.00
Tue 26/05/2026 - 01:21:11,16.24,100.00,1023.81,4.05,97.00
Tue 26/05/2026 - 01:21:45,16.23,100.00,1023.85,4.05,97.00
Tue 26/05/2026 - 01:22:19,16.23,100.00,1023.74,4.05,97.00
Tue 26/05/2026 - 01:22:53,16.23,100.00,1023.81,4.06,97.00
Tue 26/05/2026 - 01:23:27,16.22,100.00,1023.79,4.06,97.00
Tue 26/05/2026 - 01:24:01,16.23,100.00,1023.80,4.06,97.00
Tue 26/05/2026 - 01:24:35,16.22,100.00,1023.82,4.05,97.00
Tue 26/05/2026 - 01:25:09,16.22,100.00,1023.79,4.05,97.00
Tue 26/05/2026 - 01:25:43,16.22,100.00,1023.82,4.06,97.00
Tue 26/05/2026 - 01:26:16,16.22,100.00,1023.84,4.06,97.00
Tue 26/05/2026 - 01:26:50,16.21,100.00,1023.72,4.05,97.00
Tue 26/05/2026 - 01:27:24,16.21,100.00,1023.82,4.05,97.00
Tue 26/05/2026 - 01:27:58,16.22,100.00,1023.73,4.05,97.00
Tue 26/05/2026 - 01:28:32,16.21,100.00,1023.77,4.05,97.00
Tue 26/05/2026 - 01:29:06,16.22,100.00,1023.76,4.05,97.00
Tue 26/05/2026 - 01:29:40,16.21,100.00,1023.82,4.05,97.00
Tue 26/05/2026 - 01:30:14,16.21,100.00,1023.76,4.05,97.00
Tue 26/05/2026 - 01:30:48,16.20,100.00,1023.78,4.06,97.00
Tue 26/05/2026 - 01:31:22,16.19,100.00,1023.71,4.06,97.00
Tue 26/05/2026 - 01:31:56,16.20,100.00,1023.75,4.05,97.00
Tue 26/05/2026 - 01:32:30,16.21,100.00,1023.76,4.05,97.00
Tue 26/05/2026 - 01:33:04,16.19,100.00,1023.74,4.05,97.00
Tue 26/05/2026 - 01:33:38,16.20,100.00,1023.80,4.05,97.00
Tue 26/05/2026 - 01:34:12,16.20,100.00,1023.77,4.05,97.00
Tue 26/05/2026 - 01:34:46,16.18,100.00,1023.77,4.05,96.00
Tue 26/05/2026 - 01:35:20,16.19,100.00,1023.82,4.05,97.00
Tue 26/05/2026 - 01:35:54,16.19,100.00,1023.84,4.05,97.00
Tue 26/05/2026 - 01:36:28,16.20,100.00,1023.80,4.05,97.00
Tue 26/05/2026 - 01:37:02,16.20,100.00,1023.75,4.05,97.00
Tue 26/05/2026 - 01:37:36,16.19,100.00,1023.82,4.05,97.00
Tue 26/05/2026 - 01:38:10,16.19,100.00,1023.78,4.05,97.00
Tue 26/05/2026 - 01:38:44,16.18,100.00,1023.79,4.05,97.00
Tue 26/05/2026 - 01:39:18,16.18,100.00,1023.77,4.05,96.00
Tue 26/05/2026 - 01:39:52,16.18,100.00,1023.77,4.05,96.00
Tue 26/05/2026 - 01:40:26,16.18,100.00,1023.79,4.05,97.00
Tue 26/05/2026 - 01:41:00,16.17,100.00,1023.76,4.05,97.00
Tue 26/05/2026 - 01:41:34,16.18,100.00,1023.72,4.05,96.00
Tue 26/05/2026 - 01:42:08,16.18,100.00,1023.76,4.05,96.00
Tue 26/05/2026 - 01:42:42,16.18,100.00,1023.76,4.05,97.00
Tue 26/05/2026 - 01:43:16,16.18,100.00,1023.76,4.05,96.00
Tue 26/05/2026 - 01:43:50,16.17,100.00,1023.65,4.05,96.00
Tue 26/05/2026 - 01:44:24,16.18,100.00,1023.72,4.05,97.00
Tue 26/05/2026 - 01:44:58,16.17,100.00,1023.75,4.05,97.00
Tue 26/05/2026 - 01:45:32,16.17,100.00,1023.70,4.05,97.00
Tue 26/05/2026 - 01:46:06,16.17,100.00,1023.69,4.05,96.00
Tue 26/05/2026 - 01:46:40,16.16,100.00,1023.76,4.05,97.00
Tue 26/05/2026 - 01:47:14,16.17,100.00,1023.80,4.05,96.00
Tue 26/05/2026 - 01:47:48,16.16,100.00,1023.74,4.05,97.00
Tue 26/05/2026 - 01:48:22,16.17,100.00,1023.75,4.05,97.00
Tue 26/05/2026 - 01:48:56,16.16,100.00,1023.76,4.05,96.00
Tue 26/05/2026 - 01:49:30,16.16,100.00,1023.74,4.05,96.00
Tue 26/05/2026 - 01:50:04,16.15,100.00,1023.83,4.05,97.00
Tue 26/05/2026 - 01:50:38,16.16,100.00,1023.78,4.05,97.00
Tue 26/05/2026 - 01:51:12,16.16,100.00,1023.76,4.05,97.00
Tue 26/05/2026 - 01:51:46,16.15,100.00,1023.77,4.05,96.00
Tue 26/05/2026 - 01:52:20,16.16,100.00,1023.79,4.05,96.00
Tue 26/05/2026 - 01:52:54,16.15,100.00,1023.86,4.05,96.00
Tue 26/05/2026 - 01:53:28,16.14,100.00,1023.89,4.05,96.00
Tue 26/05/2026 - 01:54:02,16.15,100.00,1023.85,4.05,96.00
Tue 26/05/2026 - 01:54:36,16.14,100.00,1023.81,4.05,97.00
Tue 26/05/2026 - 01:55:09,16.14,100.00,1023.87,4.05,96.00
Tue 26/05/2026 - 01:55:43,16.15,100.00,1023.98,4.05,97.00
Tue 26/05/2026 - 01:56:17,16.15,100.00,1023.83,4.05,96.00
Tue 26/05/2026 - 01:56:51,16.15,100.00,1023.82,4.05,96.00
Tue 26/05/2026 - 01:57:25,16.13,100.00,1023.82,4.05,96.00
Tue 26/05/2026 - 01:57:59,16.15,100.00,1023.82,4.05,96.00
Tue 26/05/2026 - 01:58:33,16.14,100.00,1023.81,4.05,96.00
Tue 26/05/2026 - 01:59:07,16.13,100.00,1023.90,4.05,96.00
Tue 26/05/2026 - 01:59:41,16.14,100.00,1023.89,4.05,96.00
Tue 26/05/2026 - 02:00:15,16.14,100.00,1023.89,4.05,96.00
Tue 26/05/2026 - 02:00:49,16.15,100.00,1023.90,4.05,96.00
Tue 26/05/2026 - 02:01:23,16.13,100.00,1023.87,4.05,96.00
Tue 26/05/2026 - 02:01:57,16.13,100.00,1023.89,4.05,96.00
Tue 26/05/2026 - 02:02:31,16.13,100.00,1023.81,4.05,96.00
Tue 26/05/2026 - 02:03:05,16.13,100.00,1023.87,4.05,96.00
Tue 26/05/2026 - 02:03:39,16.13,100.00,1023.93,4.05,96.00
Tue 26/05/2026 - 02:04:13,16.13,100.00,1023.89,4.05,96.00
Tue 26/05/2026 - 02:04:47,16.12,100.00,1023.91,4.05,96.00
Tue 26/05/2026 - 02:05:21,16.12,100.00,1023.80,4.05,96.00
Tue 26/05/2026 - 02:05:55,16.13,100.00,1023.89,4.05,96.00
Tue 26/05/2026 - 02:06:29,16.13,100.00,1023.79,4.05,96.00
Tue 26/05/2026 - 02:07:03,16.12,100.00,1023.88,4.05,96.00
Tue 26/05/2026 - 02:07:37,16.12,100.00,1023.80,4.05,96.00
Tue 26/05/2026 - 02:08:11,16.12,100.00,1023.88,4.05,96.00
Tue 26/05/2026 - 02:08:45,16.12,100.00,1023.78,4.05,96.00
Tue 26/05/2026 - 02:09:19,16.12,100.00,1023.88,4.05,96.00
Tue 26/05/2026 - 02:09:53,16.12,100.00,1023.82,4.05,96.00
Tue 26/05/2026 - 02:10:27,16.12,100.00,1023.77,4.05,96.00
Tue 26/05/2026 - 02:11:01,16.11,100.00,1023.76,4.05,96.00
Tue 26/05/2026 - 02:11:35,16.11,100.00,1023.76,4.05,96.00
Tue 26/05/2026 - 02:12:09,16.11,100.00,1023.73,4.05,96.00
Tue 26/05/2026 - 02:12:43,16.10,100.00,1023.77,4.05,96.00
Tue 26/05/2026 - 02:13:17,16.10,100.00,1023.80,4.05,96.00
Tue 26/05/2026 - 02:13:51,16.11,100.00,1023.76,4.05,96.00
Tue 26/05/2026 - 02:14:25,16.11,100.00,1023.71,4.05,96.00
Tue 26/05/2026 - 02:14:59,16.10,100.00,1023.63,4.05,96.00
Tue 26/05/2026 - 02:15:33,16.11,100.00,1023.68,4.05,96.00
Tue 26/05/2026 - 02:16:07,16.10,100.00,1023.63,4.05,96.00
Tue 26/05/2026 - 02:16:41,16.10,100.00,1023.63,4.05,96.00
Tue 26/05/2026 - 02:17:15,16.09,100.00,1023.64,4.05,96.00
Tue 26/05/2026 - 02:17:49,16.09,100.00,1023.64,4.05,96.00
Tue 26/05/2026 - 02:18:23,16.09,100.00,1023.67,4.05,96.00
Tue 26/05/2026 - 02:18:57,16.09,100.00,1023.61,4.05,96.00
Tue 26/05/2026 - 02:19:31,16.08,100.00,1023.57,4.05,96.00
Tue 26/05/2026 - 02:20:05,16.08,100.00,1023.63,4.05,96.00
Tue 26/05/2026 - 02:20:39,16.08,100.00,1023.55,4.05,96.00
Tue 26/05/2026 - 02:21:12,16.07,100.00,1023.53,4.05,96.00
Tue 26/05/2026 - 02:21:46,16.07,100.00,1023.58,4.05,96.00
Tue 26/05/2026 - 02:22:20,16.07,100.00,1023.61,4.05,96.00
Tue 26/05/2026 - 02:22:54,16.07,100.00,1023.56,4.05,96.00
Tue 26/05/2026 - 02:23:28,16.08,100.00,1023.57,4.05,96.00
Tue 26/05/2026 - 02:24:02,16.07,100.00,1023.53,4.05,96.00
Tue 26/05/2026 - 02:24:36,16.07,100.00,1023.53,4.05,96.00
Tue 26/05/2026 - 02:25:10,16.08,100.00,1023.60,4.05,96.00
Tue 26/05/2026 - 02:25:44,16.08,100.00,1023.59,4.05,96.00
Tue 26/05/2026 - 02:26:18,16.07,100.00,1023.53,4.05,96.00
Tue 26/05/2026 - 02:26:52,16.07,100.00,1023.63,4.05,96.00
Tue 26/05/2026 - 02:27:26,16.06,100.00,1023.56,4.05,96.00
Tue 26/05/2026 - 02:28:00,16.07,100.00,1023.61,4.05,96.00
Tue 26/05/2026 - 02:28:34,16.08,100.00,1023.59,4.05,96.00
Tue 26/05/2026 - 02:29:08,16.07,100.00,1023.57,4.05,96.00
Tue 26/05/2026 - 02:29:42,16.07,100.00,1023.63,4.05,96.00
Tue 26/05/2026 - 02:30:16,16.06,100.00,1023.56,4.05,96.00
Tue 26/05/2026 - 02:30:50,16.07,100.00,1023.56,4.05,96.00
Tue 26/05/2026 - 02:31:24,16.06,100.00,1023.56,4.05,96.00
Tue 26/05/2026 - 02:31:58,16.05,100.00,1023.52,4.05,96.00
Tue 26/05/2026 - 02:32:32,16.07,100.00,1023.52,4.05,96.00
Tue 26/05/2026 - 02:33:06,16.06,100.00,1023.48,4.05,96.00
Tue 26/05/2026 - 02:33:40,16.05,100.00,1023.51,4.05,96.00
Tue 26/05/2026 - 02:34:14,16.05,100.00,1023.43,4.05,96.00
Tue 26/05/2026 - 02:34:48,16.05,100.00,1023.47,4.05,96.00
Tue 26/05/2026 - 02:35:22,16.06,100.00,1023.40,4.05,96.00
Tue 26/05/2026 - 02:35:56,16.04,100.00,1023.42,4.05,96.00
Tue 26/05/2026 - 02:36:30,16.05,100.00,1023.44,4.05,96.00
Tue 26/05/2026 - 02:37:04,16.04,100.00,1023.50,4.05,96.00
Tue 26/05/2026 - 02:37:38,16.05,100.00,1023.39,4.05,96.00
Tue 26/05/2026 - 02:38:12,16.04,100.00,1023.42,4.05,96.00
Tue 26/05/2026 - 02:38:46,16.04,100.00,1023.42,4.05,96.00
Tue 26/05/2026 - 02:39:20,16.04,100.00,1023.40,4.05,96.00
Tue 26/05/2026 - 02:39:54,16.04,100.00,1023.42,4.05,96.00
Tue 26/05/2026 - 02:40:28,16.04,100.00,1023.48,4.05,96.00
Tue 26/05/2026 - 02:41:02,16.04,100.00,1023.41,4.05,96.00
Tue 26/05/2026 - 02:41:36,16.04,100.00,1023.41,4.05,96.00
Tue 26/05/2026 - 02:42:10,16.04,100.00,1023.37,4.05,96.00
Tue 26/05/2026 - 02:42:44,16.04,100.00,1023.42,4.05,96.00
Tue 26/05/2026 - 02:43:18,16.04,100.00,1023.42,4.05,96.00
Tue 26/05/2026 - 02:43:52,16.03,100.00,1023.40,4.05,96.00
Tue 26/05/2026 - 02:44:26,16.03,100.00,1023.32,4.05,96.00
Tue 26/05/2026 - 02:45:00,16.02,100.00,1023.41,4.05,96.00
Tue 26/05/2026 - 02:45:34,16.03,100.00,1023.40,4.05,96.00
Tue 26/05/2026 - 02:46:08,16.02,100.00,1023.39,4.05,96.00
Tue 26/05/2026 - 02:46:42,16.03,100.00,1023.40,4.05,96.00
Tue 26/05/2026 - 02:47:16,16.03,100.00,1023.37,4.05,96.00
Tue 26/05/2026 - 02:47:50,16.01,100.00,1023.32,4.05,96.00
Tue 26/05/2026 - 02:48:23,16.02,100.00,1023.38,4.05,96.00
Tue 26/05/2026 - 02:48:57,16.02,100.00,1023.31,4.05,96.00
Tue 26/05/2026 - 02:49:31,16.01,100.00,1023.34,4.05,96.00
Tue 26/05/2026 - 02:50:05,16.01,100.00,1023.40,4.05,96.00
Tue 26/05/2026 - 02:50:39,16.01,100.00,1023.32,4.05,96.00
Tue 26/05/2026 - 02:51:13,16.00,100.00,1023.33,4.05,96.00
Tue 26/05/2026 - 02:51:47,16.00,100.00,1023.43,4.05,96.00
Tue 26/05/2026 - 02:52:21,16.00,100.00,1023.35,4.05,96.00
Tue 26/05/2026 - 02:52:55,16.00,100.00,1023.35,4.05,96.00
Tue 26/05/2026 - 02:53:29,15.99,100.00,1023.37,4.05,96.00
Tue 26/05/2026 - 02:54:03,15.99,100.00,1023.31,4.05,96.00
Tue 26/05/2026 - 02:54:37,15.99,100.00,1023.36,4.05,96.00
Tue 26/05/2026 - 02:55:11,15.98,100.00,1023.30,4.05,96.00
Tue 26/05/2026 - 02:55:45,15.98,100.00,1023.32,4.05,96.00
Tue 26/05/2026 - 02:56:19,15.98,100.00,1023.27,4.05,96.00
Tue 26/05/2026 - 02:56:53,15.98,100.00,1023.37,4.05,96.00
Tue 26/05/2026 - 02:57:27,15.98,100.00,1023.35,4.05,96.00
Tue 26/05/2026 - 02:58:01,15.97,100.00,1023.30,4.05,96.00
Tue 26/05/2026 - 02:58:35,15.96,100.00,1023.32,4.05,96.00
Tue 26/05/2026 - 02:59:09,15.95,100.00,1023.30,4.05,96.00
Tue 26/05/2026 - 02:59:43,15.96,100.00,1023.34,4.05,96.00
Tue 26/05/2026 - 03:00:17,15.95,100.00,1023.33,4.05,96.00
Tue 26/05/2026 - 03:00:51,15.96,100.00,1023.31,4.05,96.00
Tue 26/05/2026 - 03:01:25,15.96,100.00,1023.28,4.05,96.00
Tue 26/05/2026 - 03:01:59,15.95,100.00,1023.32,4.05,96.00
Tue 26/05/2026 - 03:02:33,15.95,100.00,1023.32,4.05,96.00
Tue 26/05/2026 - 03:03:07,15.96,100.00,1023.36,4.05,96.00
Tue 26/05/2026 - 03:03:41,15.94,100.00,1023.30,4.05,96.00
Tue 26/05/2026 - 03:04:15,15.93,100.00,1023.35,4.05,96.00
Tue 26/05/2026 - 03:04:49,15.94,100.00,1023.36,4.05,96.00
Tue 26/05/2026 - 03:05:23,15.93,100.00,1023.29,4.05,96.00
Tue 26/05/2026 - 03:05:57,15.93,100.00,1023.34,4.05,96.00
Tue 26/05/2026 - 03:06:31,15.92,100.00,1023.28,4.05,96.00
Tue 26/05/2026 - 03:07:05,15.93,100.00,1023.31,4.05,96.00
Tue 26/05/2026 - 03:07:39,15.92,100.00,1023.28,4.05,96.00
Tue 26/05/2026 - 03:08:13,15.91,100.00,1023.26,4.05,96.00
Tue 26/05/2026 - 03:08:47,15.91,100.00,1023.28,4.05,96.00
Tue 26/05/2026 - 03:09:21,15.91,100.00,1023.26,4.05,96.00
Tue 26/05/2026 - 03:09:55,15.91,100.00,1023.20,4.05,96.00
Tue 26/05/2026 - 03:10:29,15.90,100.00,1023.18,4.05,96.00
Tue 26/05/2026 - 03:11:03,15.90,100.00,1023.27,4.05,96.00
Tue 26/05/2026 - 03:11:37,15.90,100.00,1023.21,4.05,96.00
Tue 26/05/2026 - 03:12:10,15.90,100.00,1023.23,4.05,96.00
Tue 26/05/2026 - 03:12:44,15.89,100.00,1023.23,4.05,96.00
Tue 26/05/2026 - 03:13:18,15.88,100.00,1023.21,4.05,96.00
Tue 26/05/2026 - 03:13:52,15.89,100.00,1023.11,4.05,96.00
Tue 26/05/2026 - 03:14:26,15.88,100.00,1023.20,4.05,96.00
Tue 26/05/2026 - 03:15:00,15.88,100.00,1023.20,4.05,96.00
Tue 26/05/2026 - 03:15:34,15.87,100.00,1023.19,4.05,96.00
Tue 26/05/2026 - 03:16:08,15.87,100.00,1023.13,4.05,96.00
Tue 26/05/2026 - 03:16:42,15.87,100.00,1023.15,4.05,96.00
Tue 26/05/2026 - 03:17:16,15.87,100.00,1023.15,4.05,96.00
Tue 26/05/2026 - 03:17:50,15.87,100.00,1023.19,4.05,96.00
Tue 26/05/2026 - 03:18:24,15.86,100.00,1023.12,4.05,96.00
Tue 26/05/2026 - 03:18:58,15.86,100.00,1023.14,4.05,96.00
Tue 26/05/2026 - 03:19:32,15.86,100.00,1023.11,4.05,96.00
Tue 26/05/2026 - 03:20:06,15.85,100.00,1023.20,4.04,96.00
Tue 26/05/2026 - 03:20:40,15.84,100.00,1023.14,4.05,96.00
Tue 26/05/2026 - 03:21:14,15.84,100.00,1023.18,4.04,96.00
Tue 26/05/2026 - 03:21:48,15.85,100.00,1023.15,4.05,96.00
Tue 26/05/2026 - 03:22:22,15.83,100.00,1023.15,4.04,96.00
Tue 26/05/2026 - 03:22:56,15.85,100.00,1023.12,4.05,96.00
Tue 26/05/2026 - 03:23:30,15.83,100.00,1023.09,4.04,96.00
Tue 26/05/2026 - 03:24:04,15.83,100.00,1023.17,4.04,96.00
Tue 26/05/2026 - 03:24:38,15.83,100.00,1023.06,4.04,96.00
Tue 26/05/2026 - 03:25:12,15.83,100.00,1023.11,4.05,96.00
Tue 26/05/2026 - 03:25:46,15.82,100.00,1023.08,4.05,96.00
Tue 26/05/2026 - 03:26:20,15.83,100.00,1023.17,4.05,96.00
Tue 26/05/2026 - 03:26:54,15.82,100.00,1023.10,4.05,96.00
Tue 26/05/2026 - 03:27:28,15.81,100.00,1023.13,4.05,96.00
Tue 26/05/2026 - 03:28:02,15.81,100.00,1023.02,4.04,96.00
Tue 26/05/2026 - 03:28:36,15.81,100.00,1023.10,4.04,96.00
Tue 26/05/2026 - 03:29:10,15.81,100.00,1023.13,4.04,96.00
Tue 26/05/2026 - 03:29:44,15.81,100.00,1023.19,4.04,96.00
Tue 26/05/2026 - 03:30:18,15.80,100.00,1023.11,4.04,96.00
Tue 26/05/2026 - 03:30:52,15.81,100.00,1023.06,4.05,96.00
Tue 26/05/2026 - 03:31:26,15.80,100.00,1023.11,4.04,96.00
Tue 26/05/2026 - 03:32:00,15.79,100.00,1023.04,4.05,96.00
Tue 26/05/2026 - 03:32:34,15.79,100.00,1023.11,4.04,96.00
Tue 26/05/2026 - 03:33:08,15.80,100.00,1023.11,4.04,96.00
Tue 26/05/2026 - 03:33:42,15.79,100.00,1023.16,4.04,96.00
Tue 26/05/2026 - 03:34:16,15.78,100.00,1023.03,4.04,96.00
Tue 26/05/2026 - 03:34:50,15.78,100.00,1023.05,4.04,96.00
Tue 26/05/2026 - 03:35:24,15.78,100.00,1023.08,4.04,96.00
Tue 26/05/2026 - 03:35:58,15.78,100.00,1023.06,4.04,96.00
Tue 26/05/2026 - 03:36:32,15.78,100.00,1023.08,4.04,96.00
Tue 26/05/2026 - 03:37:06,15.77,100.00,1023.04,4.04,96.00
Tue 26/05/2026 - 03:37:40,15.78,100.00,1023.06,4.04,96.00
Tue 26/05/2026 - 03:38:14,15.77,100.00,1023.06,4.04,96.00
Tue 26/05/2026 - 03:38:47,15.77,100.00,1023.01,4.04,96.00
Tue 26/05/2026 - 03:39:21,15.76,100.00,1022.94,4.04,96.00
Tue 26/05/2026 - 03:39:55,15.76,100.00,1022.99,4.04,96.00
Tue 26/05/2026 - 03:40:29,15.77,100.00,1022.98,4.04,96.00
Tue 26/05/2026 - 03:41:03,15.76,100.00,1022.94,4.04,96.00
Tue 26/05/2026 - 03:41:38,15.75,100.00,1022.84,4.04,96.00
Tue 26/05/2026 - 03:42:12,15.74,100.00,1022.86,4.04,96.00
Tue 26/05/2026 - 03:42:45,15.74,100.00,1022.91,4.04,96.00
Tue 26/05/2026 - 03:43:19,15.74,100.00,1022.88,4.04,96.00
Tue 26/05/2026 - 03:43:53,15.73,100.00,1022.81,4.04,96.00
Tue 26/05/2026 - 03:44:27,15.74,100.00,1022.85,4.04,96.00
Tue 26/05/2026 - 03:45:01,15.72,100.00,1022.88,4.04,96.00
Tue 26/05/2026 - 03:45:35,15.73,100.00,1022.83,4.04,96.00
Tue 26/05/2026 - 03:46:09,15.73,100.00,1022.86,4.04,96.00
Tue 26/05/2026 - 03:46:43,15.73,100.00,1022.86,4.04,96.00
Tue 26/05/2026 - 03:47:17,15.72,100.00,1022.88,4.04,96.00
Tue 26/05/2026 - 03:47:51,15.73,100.00,1022.89,4.04,96.00
Tue 26/05/2026 - 03:48:25,15.71,100.00,1022.83,4.04,96.00
Tue 26/05/2026 - 03:48:59,15.72,100.00,1022.87,4.04,96.00
Tue 26/05/2026 - 03:49:33,15.70,100.00,1022.83,4.04,96.00
Tue 26/05/2026 - 03:50:07,15.71,100.00,1022.85,4.04,96.00
Tue 26/05/2026 - 03:50:41,15.71,100.00,1022.85,4.04,96.00
Tue 26/05/2026 - 03:51:15,15.70,100.00,1022.87,4.04,96.00
Tue 26/05/2026 - 03:51:49,15.71,100.00,1022.80,4.04,96.00
Tue 26/05/2026 - 03:52:23,15.70,100.00,1022.84,4.04,96.00
Tue 26/05/2026 - 03:52:57,15.70,100.00,1022.83,4.04,96.00
Tue 26/05/2026 - 03:53:31,15.70,100.00,1022.83,4.04,96.00
Tue 26/05/2026 - 03:54:05,15.69,100.00,1022.76,4.04,96.00
Tue 26/05/2026 - 03:54:39,15.69,100.00,1022.82,4.04,96.00
Tue 26/05/2026 - 03:55:13,15.68,100.00,1022.81,4.04,96.00
Tue 26/05/2026 - 03:55:47,15.69,100.00,1022.84,4.04,96.00
Tue 26/05/2026 - 03:56:21,15.68,100.00,1022.83,4.04,96.00
Tue 26/05/2026 - 03:56:55,15.67,100.00,1022.79,4.04,96.00
Tue 26/05/2026 - 03:57:29,15.67,100.00,1022.79,4.04,96.00
Tue 26/05/2026 - 03:58:03,15.67,100.00,1022.86,4.04,96.00
Tue 26/05/2026 - 03:58:37,15.66,100.00,1022.79,4.04,96.00
Tue 26/05/2026 - 03:59:11,15.66,100.00,1022.88,4.04,96.00
Tue 26/05/2026 - 03:59:45,15.67,100.00,1022.84,4.04,96.00
Tue 26/05/2026 - 04:00:19,15.66,100.00,1022.82,4.04,96.00
Tue 26/05/2026 - 04:00:53,15.65,100.00,1022.81,4.04,96.00
Tue 26/05/2026 - 04:01:27,15.65,100.00,1022.76,4.04,96.00
Tue 26/05/2026 - 04:02:01,15.65,100.00,1022.80,4.04,96.00
Tue 26/05/2026 - 04:02:35,15.65,100.00,1022.85,4.04,96.00
Tue 26/05/2026 - 04:03:09,15.65,100.00,1022.83,4.04,96.00
Tue 26/05/2026 - 04:03:43,15.65,100.00,1022.85,4.04,96.00
Tue 26/05/2026 - 04:04:17,15.64,100.00,1022.85,4.04,96.00
Tue 26/05/2026 - 04:04:51,15.64,100.00,1022.81,4.04,96.00
Tue 26/05/2026 - 04:05:25,15.64,100.00,1022.84,4.04,96.00
Tue 26/05/2026 - 04:05:59,15.64,100.00,1022.78,4.04,96.00
Tue 26/05/2026 - 04:06:33,15.64,100.00,1022.84,4.04,96.00
Tue 26/05/2026 - 04:07:06,15.63,100.00,1022.77,4.04,96.00
Tue 26/05/2026 - 04:07:40,15.63,100.00,1022.86,4.04,96.00
Tue 26/05/2026 - 04:08:14,15.62,100.00,1022.80,4.04,96.00
Tue 26/05/2026 - 04:08:48,15.63,100.00,1022.87,4.04,96.00
Tue 26/05/2026 - 04:09:22,15.63,100.00,1022.82,4.04,96.00
Tue 26/05/2026 - 04:09:56,15.62,100.00,1022.80,4.04,96.00
Tue 26/05/2026 - 04:10:30,15.62,100.00,1022.80,4.04,96.00
Tue 26/05/2026 - 04:11:04,15.62,100.00,1022.80,4.04,96.00
Tue 26/05/2026 - 04:11:38,15.61,100.00,1022.79,4.04,96.00
Tue 26/05/2026 - 04:12:12,15.61,100.00,1022.73,4.04,96.00
Tue 26/05/2026 - 04:12:46,15.61,100.00,1022.68,4.04,96.00
Tue 26/05/2026 - 04:13:20,15.61,100.00,1022.70,4.04,96.00
Tue 26/05/2026 - 04:13:54,15.61,100.00,1022.70,4.04,96.00
Tue 26/05/2026 - 04:14:28,15.60,100.00,1022.72,4.04,96.00
Tue 26/05/2026 - 04:15:02,15.61,100.00,1022.70,4.04,96.00
Tue 26/05/2026 - 04:15:36,15.60,100.00,1022.77,4.04,96.00
Tue 26/05/2026 - 04:16:10,15.60,100.00,1022.71,4.04,96.00
Tue 26/05/2026 - 04:16:44,15.59,100.00,1022.76,4.04,96.00
Tue 26/05/2026 - 04:17:18,15.60,100.00,1022.83,4.04,96.00
Tue 26/05/2026 - 04:17:52,15.60,100.00,1022.77,4.04,96.00
Tue 26/05/2026 - 04:18:26,15.59,100.00,1022.76,4.04,96.00
Tue 26/05/2026 - 04:19:00,15.59,100.00,1022.75,4.04,96.00
Tue 26/05/2026 - 04:19:34,15.59,100.00,1022.70,4.04,96.00
Tue 26/05/2026 - 04:20:08,15.60,100.00,1022.80,4.04,96.00
Tue 26/05/2026 - 04:20:42,15.59,100.00,1022.76,4.04,96.00
Tue 26/05/2026 - 04:21:16,15.58,100.00,1022.74,4.04,96.00
Tue 26/05/2026 - 04:21:50,15.59,100.00,1022.78,4.04,96.00
Tue 26/05/2026 - 04:22:24,15.59,100.00,1022.75,4.04,96.00
Tue 26/05/2026 - 04:22:58,15.58,100.00,1022.82,4.04,96.00
Tue 26/05/2026 - 04:23:32,15.58,100.00,1022.79,4.04,96.00
Tue 26/05/2026 - 04:24:06,15.58,100.00,1022.76,4.04,96.00
Tue 26/05/2026 - 04:24:40,15.58,100.00,1022.85,4.04,96.00
Tue 26/05/2026 - 04:25:14,15.58,100.00,1022.73,4.04,96.00
Tue 26/05/2026 - 04:25:48,15.58,100.00,1022.79,4.04,96.00
Tue 26/05/2026 - 04:26:22,15.57,100.00,1022.77,4.04,96.00
Tue 26/05/2026 - 04:26:56,15.58,100.00,1022.79,4.04,96.00
Tue 26/05/2026 - 04:27:30,15.57,100.00,1022.78,4.04,96.00
Tue 26/05/2026 - 04:28:04,15.56,100.00,1022.73,4.04,96.00
Tue 26/05/2026 - 04:28:38,15.56,100.00,1022.76,4.04,96.00
Tue 26/05/2026 - 04:29:12,15.56,100.00,1022.82,4.04,96.00
Tue 26/05/2026 - 04:29:46,15.56,100.00,1022.79,4.04,96.00
Tue 26/05/2026 - 04:30:20,15.56,100.00,1022.84,4.04,96.00
Tue 26/05/2026 - 04:30:53,15.55,100.00,1022.79,4.04,96.00
Tue 26/05/2026 - 04:31:27,15.55,100.00,1022.84,4.04,96.00
Tue 26/05/2026 - 04:32:01,15.55,100.00,1022.80,4.04,96.00
Tue 26/05/2026 - 04:32:35,15.55,100.00,1022.80,4.04,96.00
Tue 26/05/2026 - 04:33:09,15.54,100.00,1022.89,4.04,96.00
Tue 26/05/2026 - 04:33:43,15.55,100.00,1022.90,4.04,96.00
Tue 26/05/2026 - 04:34:17,15.53,100.00,1022.91,4.04,96.00
Tue 26/05/2026 - 04:34:51,15.55,100.00,1022.82,4.04,96.00
Tue 26/05/2026 - 04:35:25,15.53,100.00,1022.88,4.04,96.00
Tue 26/05/2026 - 04:35:59,15.53,100.00,1022.85,4.04,96.00
Tue 26/05/2026 - 04:36:33,15.53,100.00,1022.88,4.04,96.00
Tue 26/05/2026 - 04:37:07,15.52,100.00,1022.89,4.04,96.00
Tue 26/05/2026 - 04:37:41,15.51,100.00,1022.84,4.04,96.00
Tue 26/05/2026 - 04:38:15,15.52,100.00,1022.85,4.04,96.00
Tue 26/05/2026 - 04:38:49,15.51,100.00,1022.76,4.04,96.00
Tue 26/05/2026 - 04:39:23,15.52,100.00,1022.73,4.04,96.00
Tue 26/05/2026 - 04:39:57,15.51,100.00,1022.71,4.04,96.00
Tue 26/05/2026 - 04:40:31,15.50,100.00,1022.76,4.04,96.00
Tue 26/05/2026 - 04:41:05,15.50,100.00,1022.74,4.04,96.00
Tue 26/05/2026 - 04:41:39,15.49,100.00,1022.76,4.04,96.00
Tue 26/05/2026 - 04:42:13,15.49,100.00,1022.70,4.04,96.00
Tue 26/05/2026 - 04:42:47,15.50,100.00,1022.68,4.04,96.00
Tue 26/05/2026 - 04:43:21,15.49,100.00,1022.65,4.04,96.00
Tue 26/05/2026 - 04:43:55,15.48,100.00,1022.71,4.04,96.00
Tue 26/05/2026 - 04:44:29,15.48,100.00,1022.63,4.04,96.00
Tue 26/05/2026 - 04:45:03,15.48,100.00,1022.68,4.04,96.00
Tue 26/05/2026 - 04:45:37,15.47,100.00,1022.61,4.04,96.00
Tue 26/05/2026 - 04:46:11,15.46,100.00,1022.65,4.04,96.00
Tue 26/05/2026 - 04:46:45,15.46,100.00,1022.59,4.04,96.00
Tue 26/05/2026 - 04:47:19,15.45,100.00,1022.69,4.04,96.00
Tue 26/05/2026 - 04:47:53,15.45,100.00,1022.66,4.04,96.00
Tue 26/05/2026 - 04:48:27,15.44,100.00,1022.70,4.04,96.00
Tue 26/05/2026 - 04:49:01,15.44,100.00,1022.70,4.04,96.00
Tue 26/05/2026 - 04:49:35,15.43,100.00,1022.76,4.04,96.00
Tue 26/05/2026 - 04:50:09,15.44,100.00,1022.75,4.04,96.00
Tue 26/05/2026 - 04:50:43,15.43,100.00,1022.70,4.04,96.00
Tue 26/05/2026 - 04:51:17,15.40,100.00,1022.70,4.04,96.00
Tue 26/05/2026 - 04:51:51,15.42,100.00,1022.71,4.04,96.00
Tue 26/05/2026 - 04:52:25,15.40,100.00,1022.73,4.04,96.00
Tue 26/05/2026 - 04:52:59,15.40,100.00,1022.79,4.04,96.00
Tue 26/05/2026 - 04:53:33,15.39,100.00,1022.80,4.04,96.00
Tue 26/05/2026 - 04:54:07,15.39,100.00,1022.82,4.04,96.00
Tue 26/05/2026 - 04:54:41,15.38,100.00,1022.83,4.04,96.00
Tue 26/05/2026 - 04:55:15,15.38,100.00,1022.89,4.04,96.00
Tue 26/05/2026 - 04:55:49,15.38,100.00,1022.88,4.04,96.00
Tue 26/05/2026 - 04:56:23,15.38,100.00,1022.83,4.04,96.00
Tue 26/05/2026 - 04:56:57,15.37,100.00,1022.90,4.04,96.00
Tue 26/05/2026 - 04:57:31,15.35,100.00,1022.86,4.04,96.00
Tue 26/05/2026 - 04:58:04,15.35,100.00,1022.89,4.04,96.00
Tue 26/05/2026 - 04:58:38,15.35,100.00,1022.89,4.04,96.00
Tue 26/05/2026 - 04:59:12,15.35,100.00,1022.91,4.04,96.00
Tue 26/05/2026 - 04:59:46,15.34,100.00,1022.81,4.04,96.00
Tue 26/05/2026 - 05:00:20,15.34,100.00,1022.93,4.04,96.00
Tue 26/05/2026 - 05:00:54,15.33,100.00,1022.86,4.04,96.00
Tue 26/05/2026 - 05:01:28,15.33,100.00,1022.95,4.04,96.00
Tue 26/05/2026 - 05:02:02,15.32,100.00,1022.89,4.04,96.00
Tue 26/05/2026 - 05:02:36,15.32,100.00,1022.83,4.04,96.00
Tue 26/05/2026 - 05:03:10,15.32,100.00,1022.91,4.04,96.00
Tue 26/05/2026 - 05:03:44,15.31,100.00,1022.87,4.04,96.00
Tue 26/05/2026 - 05:04:18,15.30,100.00,1022.86,4.04,96.00
Tue 26/05/2026 - 05:04:52,15.29,100.00,1022.87,4.04,96.00
Tue 26/05/2026 - 05:05:26,15.29,100.00,1022.84,4.04,96.00
Tue 26/05/2026 - 05:06:00,15.30,100.00,1022.85,4.04,96.00
Tue 26/05/2026 - 05:06:34,15.28,100.00,1022.90,4.04,96.00
Tue 26/05/2026 - 05:07:08,15.27,100.00,1022.86,4.04,96.00
Tue 26/05/2026 - 05:07:42,15.26,100.00,1022.84,4.04,96.00
Tue 26/05/2026 - 05:08:16,15.27,100.00,1022.85,4.04,96.00
Tue 26/05/2026 - 05:08:50,15.27,100.00,1022.90,4.04,96.00
Tue 26/05/2026 - 05:09:24,15.26,100.00,1022.84,4.04,96.00
Tue 26/05/2026 - 05:09:58,15.26,100.00,1022.94,4.04,96.00
Tue 26/05/2026 - 05:10:32,15.26,100.00,1022.91,4.04,96.00
Tue 26/05/2026 - 05:11:06,15.24,100.00,1022.91,4.04,96.00
Tue 26/05/2026 - 05:11:40,15.24,100.00,1022.99,4.04,96.00
Tue 26/05/2026 - 05:12:14,15.23,100.00,1022.92,4.04,96.00
Tue 26/05/2026 - 05:12:48,15.23,100.00,1022.97,4.04,96.00
Tue 26/05/2026 - 05:13:22,15.23,100.00,1022.94,4.04,96.00
Tue 26/05/2026 - 05:13:56,15.22,100.00,1022.99,4.04,96.00
Tue 26/05/2026 - 05:14:30,15.21,100.00,1022.92,4.04,96.00
Tue 26/05/2026 - 05:15:04,15.21,100.00,1023.02,4.04,96.00
Tue 26/05/2026 - 05:15:38,15.20,100.00,1022.94,4.04,96.00
Tue 26/05/2026 - 05:16:12,15.20,100.00,1023.00,4.04,96.00
Tue 26/05/2026 - 05:16:46,15.20,100.00,1023.00,4.04,96.00
Tue 26/05/2026 - 05:17:20,15.19,100.00,1022.99,4.04,96.00
Tue 26/05/2026 - 05:17:54,15.18,100.00,1023.08,4.04,96.00
Tue 26/05/2026 - 05:18:28,15.17,100.00,1023.06,4.04,96.00
Tue 26/05/2026 - 05:19:02,15.17,100.00,1023.01,4.04,96.00
Tue 26/05/2026 - 05:19:36,15.17,100.00,1022.98,4.04,96.00
Tue 26/05/2026 - 05:20:10,15.16,100.00,1023.05,4.04,96.00
Tue 26/05/2026 - 05:20:44,15.16,100.00,1022.99,4.04,96.00
Tue 26/05/2026 - 05:21:18,15.15,100.00,1023.03,4.04,96.00
Tue 26/05/2026 - 05:21:52,15.14,100.00,1023.01,4.04,96.00
Tue 26/05/2026 - 05:22:26,15.14,100.00,1023.04,4.04,96.00
Tue 26/05/2026 - 05:22:59,15.13,100.00,1023.05,4.04,96.00
Tue 26/05/2026 - 05:23:33,15.13,100.00,1023.05,4.04,96.00
Tue 26/05/2026 - 05:24:07,15.14,100.00,1023.06,4.04,96.00
Tue 26/05/2026 - 05:24:41,15.13,100.00,1023.12,4.03,96.00
Tue 26/05/2026 - 05:25:15,15.11,100.00,1023.09,4.04,96.00
Tue 26/05/2026 - 05:25:49,15.11,100.00,1023.09,4.04,96.00
Tue 26/05/2026 - 05:26:23,15.09,100.00,1023.09,4.04,96.00
Tue 26/05/2026 - 05:26:57,15.09,100.00,1023.03,4.03,96.00
Tue 26/05/2026 - 05:27:31,15.07,100.00,1023.01,4.04,96.00
Tue 26/05/2026 - 05:28:05,15.07,100.00,1023.00,4.04,96.00
Tue 26/05/2026 - 05:28:39,15.07,100.00,1023.06,4.04,96.00
Tue 26/05/2026 - 05:29:13,15.07,100.00,1023.00,4.04,96.00
Tue 26/05/2026 - 05:29:47,15.06,100.00,1023.09,4.04,96.00
Tue 26/05/2026 - 05:30:21,15.06,100.00,1023.04,4.04,96.00
Tue 26/05/2026 - 05:30:55,15.05,100.00,1023.02,4.03,96.00
Tue 26/05/2026 - 05:31:29,15.05,100.00,1023.08,4.03,96.00
Tue 26/05/2026 - 05:32:03,15.04,100.00,1023.08,4.03,96.00
Tue 26/05/2026 - 05:32:37,15.04,100.00,1022.92,4.03,96.00
Tue 26/05/2026 - 05:33:11,15.04,100.00,1023.11,4.03,96.00
Tue 26/05/2026 - 05:33:45,15.03,100.00,1023.04,4.03,96.00
Tue 26/05/2026 - 05:34:19,15.02,100.00,1023.07,4.03,96.00
Tue 26/05/2026 - 05:34:53,15.02,100.00,1023.04,4.03,96.00
Tue 26/05/2026 - 05:35:27,15.01,100.00,1023.11,4.04,96.00
Tue 26/05/2026 - 05:36:01,15.01,100.00,1023.11,4.04,96.00
Tue 26/05/2026 - 05:36:35,15.00,100.00,1023.05,4.03,96.00
Tue 26/05/2026 - 05:37:09,15.00,100.00,1023.09,4.03,96.00
Tue 26/05/2026 - 05:37:43,15.00,100.00,1023.10,4.03,96.00
Tue 26/05/2026 - 05:38:17,14.99,100.00,1023.10,4.03,96.00
Tue 26/05/2026 - 05:38:51,14.99,100.00,1023.18,4.03,96.00
Tue 26/05/2026 - 05:39:25,14.97,100.00,1023.05,4.03,96.00
Tue 26/05/2026 - 05:39:59,14.98,100.00,1023.06,4.03,96.00
Tue 26/05/2026 - 05:40:33,14.96,100.00,1023.05,4.03,96.00
Tue 26/05/2026 - 05:41:07,14.96,100.00,1023.11,4.03,96.00
Tue 26/05/2026 - 05:41:41,14.96,100.00,1023.10,4.04,96.00
Tue 26/05/2026 - 05:42:15,14.95,100.00,1023.15,4.03,96.00
Tue 26/05/2026 - 05:42:49,14.95,100.00,1023.12,4.03,96.00
Tue 26/05/2026 - 05:43:23,14.95,100.00,1023.08,4.03,96.00
Tue 26/05/2026 - 05:43:57,14.94,100.00,1023.09,4.03,96.00
Tue 26/05/2026 - 05:44:31,14.93,100.00,1023.08,4.03,96.00
Tue 26/05/2026 - 05:45:05,14.91,100.00,1023.05,4.04,96.00
Tue 26/05/2026 - 05:45:39,14.92,100.00,1023.09,4.03,96.00
Tue 26/05/2026 - 05:46:13,14.91,100.00,1023.10,4.03,96.00
Tue 26/05/2026 - 05:46:47,14.91,100.00,1023.07,4.03,96.00
Tue 26/05/2026 - 05:47:20,14.91,100.00,1023.07,4.04,96.00
Tue 26/05/2026 - 05:47:54,14.90,100.00,1023.11,4.04,96.00
Tue 26/05/2026 - 05:48:28,14.90,100.00,1023.13,4.03,96.00
Tue 26/05/2026 - 05:49:02,14.89,100.00,1023.03,4.03,96.00
Tue 26/05/2026 - 05:49:36,14.89,100.00,1023.01,4.03,96.00
Tue 26/05/2026 - 05:50:10,14.89,100.00,1023.09,4.03,96.00
Tue 26/05/2026 - 05:50:44,14.87,100.00,1023.09,4.03,96.00
Tue 26/05/2026 - 05:51:18,14.87,100.00,1023.09,4.03,96.00
Tue 26/05/2026 - 05:51:52,14.87,100.00,1023.14,4.03,96.00
Tue 26/05/2026 - 05:52:26,14.88,100.00,1023.21,4.03,96.00
Tue 26/05/2026 - 05:53:00,14.86,100.00,1023.14,4.03,96.00
Tue 26/05/2026 - 05:53:34,14.86,100.00,1023.15,4.03,96.00
Tue 26/05/2026 - 05:54:08,14.85,100.00,1023.15,4.03,96.00
Tue 26/05/2026 - 05:54:42,14.85,100.00,1023.18,4.03,96.00
Tue 26/05/2026 - 05:55:16,14.84,100.00,1023.17,4.03,96.00
Tue 26/05/2026 - 05:55:50,14.84,100.00,1023.19,4.03,96.00
Tue 26/05/2026 - 05:56:24,14.83,100.00,1023.12,4.03,96.00
Tue 26/05/2026 - 05:56:58,14.81,100.00,1023.15,4.03,96.00
Tue 26/05/2026 - 05:57:32,14.82,100.00,1023.21,4.03,96.00
Tue 26/05/2026 - 05:58:06,14.81,100.00,1023.12,4.03,96.00
Tue 26/05/2026 - 05:58:40,14.81,100.00,1023.14,4.03,96.00
Tue 26/05/2026 - 05:59:14,14.80,100.00,1023.13,4.03,96.00
Tue 26/05/2026 - 05:59:48,14.80,100.00,1023.07,4.03,96.00
Tue 26/05/2026 - 06:00:22,14.80,100.00,1023.07,4.03,96.00
Tue 26/05/2026 - 06:00:56,14.79,100.00,1023.08,4.03,96.00
Tue 26/05/2026 - 06:01:30,14.78,100.00,1023.09,4.03,96.00
Tue 26/05/2026 - 06:02:04,14.77,100.00,1023.02,4.03,96.00
Tue 26/05/2026 - 06:02:38,14.78,100.00,1023.17,4.03,96.00
Tue 26/05/2026 - 06:03:12,14.76,100.00,1023.13,4.03,96.00
Tue 26/05/2026 - 06:03:46,14.76,100.00,1023.16,4.03,96.00
Tue 26/05/2026 - 06:04:20,14.75,100.00,1023.14,4.03,96.00
Tue 26/05/2026 - 06:04:54,14.76,100.00,1023.13,4.03,96.00
Tue 26/05/2026 - 06:05:28,14.76,100.00,1023.16,4.03,96.00
Tue 26/05/2026 - 06:06:02,14.78,100.00,1023.20,4.03,96.00
Tue 26/05/2026 - 06:06:36,14.77,100.00,1023.13,4.03,96.00
Tue 26/05/2026 - 06:07:10,14.78,100.00,1023.19,4.03,96.00
Tue 26/05/2026 - 06:07:44,14.78,100.00,1023.09,4.03,96.00
Tue 26/05/2026 - 06:08:18,14.79,100.00,1023.09,4.03,96.00
Tue 26/05/2026 - 06:08:52,14.79,100.00,1023.06,4.03,96.00
Tue 26/05/2026 - 06:09:26,14.79,100.00,1023.13,4.03,96.00
Tue 26/05/2026 - 06:10:00,14.79,100.00,1023.12,4.03,96.00
Tue 26/05/2026 - 06:10:34,14.79,100.00,1023.14,4.03,96.00
Tue 26/05/2026 - 06:11:08,14.79,100.00,1023.17,4.03,96.00
Tue 26/05/2026 - 06:11:42,14.80,100.00,1023.12,4.03,96.00
Tue 26/05/2026 - 06:12:16,14.80,100.00,1023.17,4.03,96.00
Tue 26/05/2026 - 06:12:50,14.79,100.00,1023.16,4.03,96.00
Tue 26/05/2026 - 06:13:24,14.80,100.00,1023.17,4.03,96.00
Tue 26/05/2026 - 06:13:58,14.79,100.00,1023.22,4.03,96.00
Tue 26/05/2026 - 06:14:32,14.79,100.00,1023.16,4.03,96.00
Tue 26/05/2026 - 06:15:05,14.79,100.00,1023.17,4.03,96.00
Tue 26/05/2026 - 06:15:39,14.80,100.00,1023.23,4.03,96.00
Tue 26/05/2026 - 06:16:13,14.80,100.00,1023.25,4.03,96.00
Tue 26/05/2026 - 06:16:47,14.79,100.00,1023.27,4.03,96.00
Tue 26/05/2026 - 06:17:21,14.79,100.00,1023.25,4.03,96.00
Tue 26/05/2026 - 06:17:55,14.79,100.00,1023.22,4.03,96.00
Tue 26/05/2026 - 06:18:29,14.79,100.00,1023.21,4.03,96.00
Tue 26/05/2026 - 06:19:04,14.79,100.00,1023.21,4.03,96.00
Tue 26/05/2026 - 06:19:37,14.79,100.00,1023.18,4.03,96.00
Tue 26/05/2026 - 06:20:11,14.79,100.00,1023.21,4.03,96.00
Tue 26/05/2026 - 06:20:45,14.78,100.00,1023.25,4.03,96.00
Tue 26/05/2026 - 06:21:19,14.79,100.00,1023.32,4.03,96.00
Tue 26/05/2026 - 06:21:53,14.78,100.00,1023.27,4.03,96.00
Tue 26/05/2026 - 06:22:27,14.77,100.00,1023.31,4.03,96.00
Tue 26/05/2026 - 06:23:01,14.77,100.00,1023.28,4.03,96.00
Tue 26/05/2026 - 06:23:35,14.77,100.00,1023.28,4.03,96.00
Tue 26/05/2026 - 06:24:09,14.77,100.00,1023.23,4.03,96.00
Tue 26/05/2026 - 06:24:43,14.78,100.00,1023.30,4.03,96.00
Tue 26/05/2026 - 06:25:17,14.76,100.00,1023.29,4.03,96.00
Tue 26/05/2026 - 06:25:51,14.75,100.00,1023.28,4.03,96.00
Tue 26/05/2026 - 06:26:25,14.75,100.00,1023.36,4.03,96.00
Tue 26/05/2026 - 06:26:59,14.75,100.00,1023.30,4.03,96.00
Tue 26/05/2026 - 06:27:33,14.74,100.00,1023.29,4.03,96.00
Tue 26/05/2026 - 06:28:07,14.74,100.00,1023.34,4.03,96.00
Tue 26/05/2026 - 06:28:41,14.74,100.00,1023.34,4.03,96.00
Tue 26/05/2026 - 06:29:15,14.74,100.00,1023.29,4.03,96.00
Tue 26/05/2026 - 06:29:49,14.73,100.00,1023.29,4.03,96.00
Tue 26/05/2026 - 06:30:23,14.74,100.00,1023.31,4.03,96.00
Tue 26/05/2026 - 06:30:57,14.72,100.00,1023.30,4.03,96.00
Tue 26/05/2026 - 06:31:31,14.73,100.00,1023.27,4.03,96.00
Tue 26/05/2026 - 06:32:05,14.71,100.00,1023.24,4.03,96.00
Tue 26/05/2026 - 06:32:39,14.71,100.00,1023.31,4.03,96.00
Tue 26/05/2026 - 06:33:13,14.71,100.00,1023.29,4.03,96.00
Tue 26/05/2026 - 06:33:47,14.70,100.00,1023.27,4.03,96.00
Tue 26/05/2026 - 06:34:21,14.72,100.00,1023.30,4.03,96.00
Tue 26/05/2026 - 06:34:55,14.70,100.00,1023.27,4.03,96.00
Tue 26/05/2026 - 06:35:29,14.69,100.00,1023.28,4.03,96.00
Tue 26/05/2026 - 06:36:03,14.70,100.00,1023.27,4.03,96.00
Tue 26/05/2026 - 06:36:37,14.68,100.00,1023.29,4.03,96.00
Tue 26/05/2026 - 06:37:11,14.68,100.00,1023.35,4.03,96.00
Tue 26/05/2026 - 06:37:45,14.68,100.00,1023.27,4.03,96.00
Tue 26/05/2026 - 06:38:19,14.67,100.00,1023.27,4.03,96.00
Tue 26/05/2026 - 06:38:53,14.66,100.00,1023.28,4.03,96.00
Tue 26/05/2026 - 06:39:27,14.66,100.00,1023.25,4.03,96.00
Tue 26/05/2026 - 06:40:01,14.66,100.00,1023.26,4.03,96.00
Tue 26/05/2026 - 06:40:35,14.65,100.00,1023.18,4.03,96.00
Tue 26/05/2026 - 06:41:09,14.65,100.00,1023.30,4.03,96.00
Tue 26/05/2026 - 06:41:43,14.64,100.00,1023.23,4.03,96.00
Tue 26/05/2026 - 06:42:17,14.64,100.00,1023.20,4.03,96.00
Tue 26/05/2026 - 06:42:51,14.63,100.00,1023.27,4.03,96.00
Tue 26/05/2026 - 06:43:25,14.63,100.00,1023.29,4.03,96.00
Tue 26/05/2026 - 06:43:59,14.63,100.00,1023.29,4.03,96.00
Tue 26/05/2026 - 06:44:33,14.61,100.00,1023.24,4.03,96.00
Tue 26/05/2026 - 06:45:07,14.62,100.00,1023.31,4.03,96.00
Tue 26/05/2026 - 06:45:41,14.61,100.00,1023.29,4.03,96.00
Tue 26/05/2026 - 06:46:15,14.61,100.00,1023.27,4.03,96.00
Tue 26/05/2026 - 06:46:49,14.60,100.00,1023.27,4.03,96.00
Tue 26/05/2026 - 06:47:22,14.60,100.00,1023.32,4.03,96.00
Tue 26/05/2026 - 06:47:56,14.59,100.00,1023.31,4.03,96.00
Tue 26/05/2026 - 06:48:30,14.58,100.00,1023.35,4.03,96.00
Tue 26/05/2026 - 06:49:04,14.59,100.00,1023.30,4.03,96.00
Tue 26/05/2026 - 06:49:38,14.58,100.00,1023.31,4.03,96.00
Tue 26/05/2026 - 06:50:12,14.57,100.00,1023.33,4.03,96.00
Tue 26/05/2026 - 06:50:46,14.56,100.00,1023.37,4.03,96.00
Tue 26/05/2026 - 06:51:20,14.57,100.00,1023.32,4.03,96.00
Tue 26/05/2026 - 06:51:54,14.56,100.00,1023.36,4.03,96.00
Tue 26/05/2026 - 06:52:28,14.56,100.00,1023.44,4.03,96.00
Tue 26/05/2026 - 06:53:02,14.55,100.00,1023.35,4.03,96.00
Tue 26/05/2026 - 06:53:36,14.55,100.00,1023.37,4.03,96.00
Tue 26/05/2026 - 06:54:10,14.54,100.00,1023.44,4.03,96.00
Tue 26/05/2026 - 06:54:44,14.52,100.00,1023.40,4.03,96.00
Tue 26/05/2026 - 06:55:18,14.54,100.00,1023.49,4.03,96.00
Tue 26/05/2026 - 06:55:52,14.53,100.00,1023.42,4.03,96.00
Tue 26/05/2026 - 06:56:26,14.52,100.00,1023.51,4.03,96.00
Tue 26/05/2026 - 06:57:00,14.52,100.00,1023.46,4.03,96.00
Tue 26/05/2026 - 06:57:34,14.51,100.00,1023.46,4.03,96.00
Tue 26/05/2026 - 06:58:08,14.51,100.00,1023.49,4.03,96.00
Tue 26/05/2026 - 06:58:42,14.51,100.00,1023.44,4.03,96.00
Tue 26/05/2026 - 06:59:16,14.50,100.00,1023.53,4.03,96.00
Tue 26/05/2026 - 06:59:50,14.49,100.00,1023.54,4.03,96.00
Tue 26/05/2026 - 07:00:24,14.49,100.00,1023.51,4.03,96.00
Tue 26/05/2026 - 07:00:58,14.48,100.00,1023.52,4.03,96.00
Tue 26/05/2026 - 07:01:32,14.48,100.00,1023.50,4.03,96.00
Tue 26/05/2026 - 07:02:06,14.49,100.00,1023.56,4.03,96.00
Tue 26/05/2026 - 07:02:40,14.47,100.00,1023.48,4.03,96.00
Tue 26/05/2026 - 07:03:14,14.47,100.00,1023.48,4.03,96.00
Tue 26/05/2026 - 07:03:48,14.47,100.00,1023.48,4.03,96.00
Tue 26/05/2026 - 07:04:22,14.47,100.00,1023.48,4.03,96.00
Tue 26/05/2026 - 07:04:56,14.47,100.00,1023.52,4.03,96.00
Tue 26/05/2026 - 07:05:30,14.46,100.00,1023.51,4.03,96.00
Tue 26/05/2026 - 07:06:04,14.45,100.00,1023.49,4.03,96.00
Tue 26/05/2026 - 07:06:38,14.44,100.00,1023.48,4.03,96.00
Tue 26/05/2026 - 07:07:12,14.44,100.00,1023.53,4.03,96.00
Tue 26/05/2026 - 07:07:46,14.43,100.00,1023.57,4.03,96.00
Tue 26/05/2026 - 07:08:20,14.43,100.00,1023.57,4.03,96.00
Tue 26/05/2026 - 07:08:54,14.43,100.00,1023.57,4.03,96.00
Tue 26/05/2026 - 07:09:28,14.43,100.00,1023.57,4.03,96.00
Tue 26/05/2026 - 07:10:02,14.42,100.00,1023.54,4.03,96.00
Tue 26/05/2026 - 07:10:36,14.41,100.00,1023.59,4.03,96.00
Tue 26/05/2026 - 07:11:10,14.41,100.00,1023.53,4.03,96.00
Tue 26/05/2026 - 07:11:44,14.41,100.00,1023.59,4.03,96.00
Tue 26/05/2026 - 07:12:18,14.40,100.00,1023.59,4.03,96.00
Tue 26/05/2026 - 07:12:52,14.41,100.00,1023.64,4.03,96.00
Tue 26/05/2026 - 07:13:26,14.39,100.00,1023.61,4.03,96.00
Tue 26/05/2026 - 07:14:00,14.40,100.00,1023.67,4.03,96.00
Tue 26/05/2026 - 07:14:34,14.40,100.00,1023.67,4.03,96.00
Tue 26/05/2026 - 07:15:07,14.39,100.00,1023.66,4.03,96.00
Tue 26/05/2026 - 07:15:41,14.38,100.00,1023.64,4.03,96.00
Tue 26/05/2026 - 07:16:15,14.37,100.00,1023.74,4.03,96.00
Tue 26/05/2026 - 07:16:49,14.37,100.00,1023.66,4.03,96.00
Tue 26/05/2026 - 07:17:23,14.36,100.00,1023.72,4.03,96.00
Tue 26/05/2026 - 07:17:57,14.36,100.00,1023.77,4.03,96.00
Tue 26/05/2026 - 07:18:31,14.36,100.00,1023.77,4.03,96.00
Tue 26/05/2026 - 07:19:05,14.37,100.00,1023.83,4.03,96.00
Tue 26/05/2026 - 07:19:39,14.36,100.00,1023.82,4.03,96.00
Tue 26/05/2026 - 07:20:13,14.35,100.00,1023.78,4.03,96.00
Tue 26/05/2026 - 07:20:47,14.36,100.00,1023.82,4.03,96.00
Tue 26/05/2026 - 07:21:21,14.35,100.00,1023.75,4.03,96.00
Tue 26/05/2026 - 07:21:55,14.34,100.00,1023.82,4.03,96.00
Tue 26/05/2026 - 07:22:29,14.33,100.00,1023.77,4.03,96.00
Tue 26/05/2026 - 07:23:03,14.34,100.00,1023.84,4.03,96.00
Tue 26/05/2026 - 07:23:37,14.33,100.00,1023.77,4.03,96.00
Tue 26/05/2026 - 07:24:11,14.33,100.00,1023.82,4.03,96.00
Tue 26/05/2026 - 07:24:45,14.33,100.00,1023.79,4.03,96.00
Tue 26/05/2026 - 07:25:19,14.32,100.00,1023.84,4.03,96.00
Tue 26/05/2026 - 07:25:53,14.31,100.00,1023.87,4.03,96.00
Tue 26/05/2026 - 07:26:27,14.32,100.00,1023.86,4.03,96.00
Tue 26/05/2026 - 07:27:01,14.31,100.00,1023.90,4.03,96.00
Tue 26/05/2026 - 07:27:35,14.31,100.00,1023.81,4.03,96.00
Tue 26/05/2026 - 07:28:09,14.31,100.00,1023.84,4.03,96.00
Tue 26/05/2026 - 07:28:43,14.30,100.00,1023.86,4.03,96.00
Tue 26/05/2026 - 07:29:17,14.32,100.00,1023.85,4.03,96.00
Tue 26/05/2026 - 07:29:51,14.31,100.00,1023.82,4.03,96.00
Tue 26/05/2026 - 07:30:25,14.33,100.00,1023.88,4.03,96.00
Tue 26/05/2026 - 07:30:59,14.28,100.00,1023.79,4.03,96.00
Tue 26/05/2026 - 07:31:33,14.26,100.00,1023.81,4.03,96.00
Tue 26/05/2026 - 07:32:07,14.26,100.00,1023.87,4.03,96.00
Tue 26/05/2026 - 07:32:41,14.29,100.00,1023.84,4.03,96.00
Tue 26/05/2026 - 07:33:15,14.31,100.00,1023.82,4.03,96.00
Tue 26/05/2026 - 07:33:49,14.30,100.00,1023.86,4.03,96.00
Tue 26/05/2026 - 07:34:23,14.32,100.00,1023.81,4.03,96.00
Tue 26/05/2026 - 07:34:57,14.37,100.00,1023.83,4.03,96.00
Tue 26/05/2026 - 07:35:31,14.34,100.00,1023.81,4.03,96.00
Tue 26/05/2026 - 07:36:05,14.33,100.00,1023.80,4.03,96.00
Tue 26/05/2026 - 07:36:39,14.33,100.00,1023.80,4.03,96.00
Tue 26/05/2026 - 07:37:13,14.34,100.00,1023.79,4.03,96.00
Tue 26/05/2026 - 07:37:47,14.36,100.00,1023.84,4.03,96.00
Tue 26/05/2026 - 07:38:21,14.37,100.00,1023.83,4.03,96.00
Tue 26/05/2026 - 07:38:55,14.38,100.00,1023.89,4.02,96.00
Tue 26/05/2026 - 07:39:29,14.40,100.00,1023.92,4.03,96.00
Tue 26/05/2026 - 07:40:03,14.41,100.00,1023.91,4.03,96.00
Tue 26/05/2026 - 07:40:37,14.40,100.00,1023.90,4.03,96.00
Tue 26/05/2026 - 07:41:11,14.40,100.00,1023.94,4.03,96.00
Tue 26/05/2026 - 07:41:45,14.41,100.00,1023.91,4.03,96.00
Tue 26/05/2026 - 07:42:19,14.41,100.00,1023.97,4.03,96.00
Tue 26/05/2026 - 07:42:53,14.43,100.00,1023.97,4.03,96.00
Tue 26/05/2026 - 07:43:26,14.43,100.00,1023.99,4.03,96.00
Tue 26/05/2026 - 07:44:00,14.41,100.00,1023.97,4.03,96.00
Tue 26/05/2026 - 07:44:34,14.41,100.00,1023.99,4.03,96.00
Tue 26/05/2026 - 07:45:08,14.44,100.00,1024.02,4.03,96.00
Tue 26/05/2026 - 07:45:42,14.49,100.00,1024.00,4.03,96.00
Tue 26/05/2026 - 07:46:16,14.53,100.00,1024.07,4.03,96.00
Tue 26/05/2026 - 07:46:50,14.53,100.00,1024.00,4.03,96.00
Tue 26/05/2026 - 07:47:24,14.53,100.00,1024.00,4.03,96.00
Tue 26/05/2026 - 07:47:58,14.54,100.00,1024.02,4.03,96.00
Tue 26/05/2026 - 07:48:32,14.54,100.00,1024.03,4.03,96.00
Tue 26/05/2026 - 07:49:06,14.55,100.00,1024.04,4.03,96.00
Tue 26/05/2026 - 07:49:40,14.58,100.00,1024.04,4.03,96.00
Tue 26/05/2026 - 07:50:14,14.63,100.00,1024.02,4.03,96.00
Tue 26/05/2026 - 07:50:48,14.68,100.00,1024.04,4.03,96.00
Tue 26/05/2026 - 07:51:22,14.67,100.00,1024.02,4.03,96.00
Tue 26/05/2026 - 07:51:56,14.66,100.00,1024.06,4.03,96.00
Tue 26/05/2026 - 07:52:30,14.66,100.00,1024.04,4.03,96.00
Tue 26/05/2026 - 07:53:04,14.67,100.00,1024.06,4.03,96.00
Tue 26/05/2026 - 07:53:38,14.70,100.00,1024.03,4.03,96.00
Tue 26/05/2026 - 07:54:12,14.75,100.00,1024.06,4.03,96.00
Tue 26/05/2026 - 07:54:46,14.71,100.00,1024.04,4.03,96.00
Tue 26/05/2026 - 07:55:20,14.76,100.00,1024.02,4.03,96.00
Tue 26/05/2026 - 07:55:54,14.77,100.00,1024.03,4.03,96.00
Tue 26/05/2026 - 07:56:28,14.75,100.00,1024.00,4.03,96.00
Tue 26/05/2026 - 07:57:02,14.78,100.00,1023.97,4.03,96.00
Tue 26/05/2026 - 07:57:36,14.80,100.00,1023.98,4.03,96.00
Tue 26/05/2026 - 07:58:10,14.81,100.00,1023.97,4.03,96.00
Tue 26/05/2026 - 07:58:44,14.78,100.00,1024.05,4.03,96.00
Tue 26/05/2026 - 07:59:18,14.80,100.00,1024.03,4.03,96.00
Tue 26/05/2026 - 07:59:52,14.79,100.00,1024.11,4.03,96.00
Tue 26/05/2026 - 08:00:26,14.75,100.00,1024.14,4.03,96.00
Tue 26/05/2026 - 08:01:00,14.75,100.00,1024.16,4.03,96.00
Tue 26/05/2026 - 08:01:34,14.78,100.00,1024.09,4.03,96.00
Tue 26/05/2026 - 08:02:08,14.78,100.00,1024.16,4.03,96.00
Tue 26/05/2026 - 08:02:42,14.79,100.00,1024.12,4.03,96.00
Tue 26/05/2026 - 08:03:16,14.77,100.00,1024.06,4.03,96.00
Tue 26/05/2026 - 08:03:50,14.75,100.00,1024.06,4.03,96.00
Tue 26/05/2026 - 08:04:24,14.79,100.00,1024.12,4.03,96.00
Tue 26/05/2026 - 08:04:58,14.82,100.00,1024.04,4.03,96.00
Tue 26/05/2026 - 08:05:32,14.84,100.00,1024.00,4.03,96.00
Tue 26/05/2026 - 08:06:06,14.85,100.00,1023.99,4.03,96.00
Tue 26/05/2026 - 08:06:39,14.87,100.00,1024.02,4.03,96.00
Tue 26/05/2026 - 08:07:13,14.89,100.00,1023.98,4.03,96.00
Tue 26/05/2026 - 08:07:47,14.93,100.00,1024.04,4.03,96.00
Tue 26/05/2026 - 08:08:21,14.97,100.00,1024.09,4.03,96.00
Tue 26/05/2026 - 08:08:55,14.99,100.00,1024.10,4.03,96.00
Tue 26/05/2026 - 08:09:29,14.97,100.00,1024.11,4.03,96.00
Tue 26/05/2026 - 08:10:03,14.97,100.00,1024.11,4.03,96.00
Tue 26/05/2026 - 08:10:37,14.97,100.00,1024.17,4.03,96.00
Tue 26/05/2026 - 08:11:11,15.01,100.00,1024.18,4.03,96.00
Tue 26/05/2026 - 08:11:45,15.09,100.00,1024.08,4.03,96.00
Tue 26/05/2026 - 08:12:19,15.09,100.00,1024.16,4.03,96.00
Tue 26/05/2026 - 08:12:53,15.08,100.00,1024.14,4.03,96.00
Tue 26/05/2026 - 08:13:27,15.15,100.00,1024.13,4.03,96.00
Tue 26/05/2026 - 08:14:01,15.19,100.00,1024.14,4.03,96.00
Tue 26/05/2026 - 08:14:35,15.16,100.00,1024.17,4.03,96.00
Tue 26/05/2026 - 08:15:09,15.19,100.00,1024.19,4.03,96.00
Tue 26/05/2026 - 08:15:43,15.22,100.00,1024.23,4.03,96.00
Tue 26/05/2026 - 08:16:17,15.21,100.00,1024.23,4.03,96.00
Tue 26/05/2026 - 08:16:51,15.25,100.00,1024.28,4.03,96.00
Tue 26/05/2026 - 08:17:25,15.30,100.00,1024.31,4.03,96.00
Tue 26/05/2026 - 08:17:59,15.25,100.00,1024.33,4.03,96.00
Tue 26/05/2026 - 08:18:33,15.27,100.00,1024.28,4.03,96.00
Tue 26/05/2026 - 08:19:07,15.33,100.00,1024.31,4.03,96.00
Tue 26/05/2026 - 08:19:41,15.39,100.00,1024.28,4.03,96.00
Tue 26/05/2026 - 08:20:15,15.35,100.00,1024.29,4.03,96.00
Tue 26/05/2026 - 08:20:49,15.38,100.00,1024.28,4.03,96.00
Tue 26/05/2026 - 08:21:23,15.40,100.00,1024.32,4.03,96.00
Tue 26/05/2026 - 08:21:57,15.42,100.00,1024.33,4.03,96.00
Tue 26/05/2026 - 08:22:31,15.44,100.00,1024.34,4.03,96.00
Tue 26/05/2026 - 08:23:05,15.45,100.00,1024.35,4.03,96.00
Tue 26/05/2026 - 08:23:39,15.49,100.00,1024.34,4.03,96.00
Tue 26/05/2026 - 08:24:13,15.49,100.00,1024.37,4.03,96.00
Tue 26/05/2026 - 08:24:47,15.51,100.00,1024.35,4.03,96.00
Tue 26/05/2026 - 08:25:21,15.51,100.00,1024.38,4.03,96.00
Tue 26/05/2026 - 08:25:55,15.54,100.00,1024.40,4.03,96.00
Tue 26/05/2026 - 08:26:29,15.58,100.00,1024.40,4.03,96.00
Tue 26/05/2026 - 08:27:03,15.67,100.00,1024.41,4.03,96.00
Tue 26/05/2026 - 08:27:37,15.66,100.00,1024.43,4.03,96.00
Tue 26/05/2026 - 08:28:11,15.75,100.00,1024.43,4.04,96.00
Tue 26/05/2026 - 08:28:45,15.81,100.00,1024.45,4.04,96.00
Tue 26/05/2026 - 08:29:19,15.87,100.00,1024.39,4.04,96.00
Tue 26/05/2026 - 08:29:53,15.92,100.00,1024.35,4.04,96.00
Tue 26/05/2026 - 08:30:27,15.88,100.00,1024.34,4.04,96.00
Tue 26/05/2026 - 08:31:00,15.91,100.00,1024.36,4.04,96.00
Tue 26/05/2026 - 08:31:34,15.94,100.00,1024.35,4.04,96.00
Tue 26/05/2026 - 08:32:08,15.93,100.00,1024.26,4.04,96.00
Tue 26/05/2026 - 08:32:42,15.88,100.00,1024.34,4.04,96.00
Tue 26/05/2026 - 08:33:16,15.89,100.00,1024.36,4.04,96.00
Tue 26/05/2026 - 08:33:50,15.89,100.00,1024.35,4.04,96.00
Tue 26/05/2026 - 08:34:24,15.89,100.00,1024.35,4.04,96.00
Tue 26/05/2026 - 08:34:58,15.90,100.00,1024.39,4.04,96.00
Tue 26/05/2026 - 08:35:32,15.94,100.00,1024.33,4.04,96.00
Tue 26/05/2026 - 08:36:06,15.94,100.00,1024.38,4.04,96.00
Tue 26/05/2026 - 08:36:40,15.97,100.00,1024.41,4.04,96.00
Tue 26/05/2026 - 08:37:14,15.99,100.00,1024.36,4.04,96.00
Tue 26/05/2026 - 08:37:48,16.04,100.00,1024.39,4.04,96.00
Tue 26/05/2026 - 08:38:22,16.14,100.00,1024.35,4.04,96.00
Tue 26/05/2026 - 08:38:56,16.20,100.00,1024.35,4.04,96.00
Tue 26/05/2026 - 08:39:30,16.22,100.00,1024.38,4.04,96.00
Tue 26/05/2026 - 08:40:04,16.24,100.00,1024.33,4.04,96.00
Tue 26/05/2026 - 08:40:38,16.29,100.00,1024.41,4.04,96.00
Tue 26/05/2026 - 08:41:12,16.34,100.00,1024.39,4.05,96.00
Tue 26/05/2026 - 08:41:46,16.39,100.00,1024.45,4.05,96.00
Tue 26/05/2026 - 08:42:20,16.44,100.00,1024.41,4.05,96.00
Tue 26/05/2026 - 08:42:54,16.51,100.00,1024.34,4.05,96.00
Tue 26/05/2026 - 08:43:28,16.55,100.00,1024.32,4.05,96.00
Tue 26/05/2026 - 08:44:02,16.63,100.00,1024.38,4.05,96.00
Tue 26/05/2026 - 08:44:36,16.67,100.00,1024.28,4.05,96.00
Tue 26/05/2026 - 08:45:10,16.75,100.00,1024.38,4.05,96.00
Tue 26/05/2026 - 08:45:44,16.83,100.00,1024.29,4.05,96.00
Tue 26/05/2026 - 08:46:18,16.90,100.00,1024.28,4.05,96.00
Tue 26/05/2026 - 08:46:52,16.96,100.00,1024.35,4.04,96.00
Tue 26/05/2026 - 08:47:26,17.03,100.00,1024.36,4.04,96.00
Tue 26/05/2026 - 08:48:00,17.10,100.00,1024.38,4.04,96.00
Tue 26/05/2026 - 08:48:34,17.17,100.00,1024.33,4.04,96.00
Tue 26/05/2026 - 08:49:08,17.22,100.00,1024.42,4.04,96.00
Tue 26/05/2026 - 08:49:42,17.22,100.00,1024.42,4.04,96.00
Tue 26/05/2026 - 08:50:16,17.24,100.00,1024.41,4.04,96.00
Tue 26/05/2026 - 08:50:50,17.29,100.00,1024.35,4.04,96.00
Tue 26/05/2026 - 08:51:24,17.30,99.45,1024.34,4.05,96.00
Tue 26/05/2026 - 08:51:58,17.34,99.50,1024.41,4.05,96.00
Tue 26/05/2026 - 08:52:32,17.33,98.34,1024.36,4.05,96.00
Tue 26/05/2026 - 08:53:06,17.33,97.11,1024.35,4.05,96.00
Tue 26/05/2026 - 08:53:40,17.37,96.38,1024.32,4.05,97.00
Tue 26/05/2026 - 08:54:14,17.38,96.93,1024.33,4.05,96.00
Tue 26/05/2026 - 08:54:48,17.44,97.69,1024.30,4.05,96.00
Tue 26/05/2026 - 08:55:22,17.48,97.37,1024.33,4.05,96.00
Tue 26/05/2026 - 08:55:56,17.49,99.64,1024.31,4.05,96.00
Tue 26/05/2026 - 08:56:30,17.46,96.50,1024.36,4.05,96.00
Tue 26/05/2026 - 08:57:04,17.50,98.16,1024.31,4.05,96.00
Tue 26/05/2026 - 08:57:38,17.53,96.95,1024.31,4.06,97.00
Tue 26/05/2026 - 08:58:12,17.59,97.00,1024.30,4.06,97.00
Tue 26/05/2026 - 08:58:46,17.63,96.25,1024.25,4.06,97.00
Tue 26/05/2026 - 08:59:20,17.66,95.33,1024.25,4.05,97.00
Tue 26/05/2026 - 08:59:54,17.70,95.40,1024.21,4.05,97.00
Tue 26/05/2026 - 09:00:28,17.70,96.10,1024.24,4.05,97.00
Tue 26/05/2026 - 09:01:02,17.71,95.50,1024.26,4.05,97.00
Tue 26/05/2026 - 09:01:36,17.71,96.90,1024.23,4.05,97.00
Tue 26/05/2026 - 09:02:10,17.72,95.14,1024.26,4.05,96.00
Tue 26/05/2026 - 09:02:44,17.67,94.17,1024.27,4.05,97.00
Tue 26/05/2026 - 09:03:18,17.66,93.17,1024.26,4.06,97.00
Tue 26/05/2026 - 09:03:51,17.71,93.82,1024.24,4.06,97.00
Tue 26/05/2026 - 09:04:25,17.75,93.07,1024.25,4.06,97.00
Tue 26/05/2026 - 09:04:59,17.81,92.69,1024.24,4.06,97.00
Tue 26/05/2026 - 09:05:33,17.86,93.45,1024.21,4.06,97.00
Tue 26/05/2026 - 09:06:07,17.90,92.38,1024.21,4.06,97.00
Tue 26/05/2026 - 09:06:41,17.94,92.82,1024.20,4.06,97.00
Tue 26/05/2026 - 09:07:15,18.04,94.75,1024.15,4.06,97.00
Tue 26/05/2026 - 09:07:49,18.10,92.83,1024.25,4.07,97.00
Tue 26/05/2026 - 09:08:23,18.17,92.16,1024.18,4.07,97.00
Tue 26/05/2026 - 09:08:57,18.23,91.78,1024.27,4.07,97.00
Tue 26/05/2026 - 09:09:31,18.35,91.40,1024.29,4.08,97.00
Tue 26/05/2026 - 09:10:05,18.46,91.33,1024.30,4.08,97.00
Tue 26/05/2026 - 09:10:39,18.55,90.58,1024.26,4.09,97.00
Tue 26/05/2026 - 09:11:13,18.67,90.56,1024.25,4.09,97.00
Tue 26/05/2026 - 09:11:47,18.85,89.72,1024.29,4.09,97.00
Tue 26/05/2026 - 09:12:21,18.97,88.84,1024.26,4.08,97.00
Tue 26/05/2026 - 09:12:55,19.07,87.85,1024.35,4.08,97.00
Tue 26/05/2026 - 09:13:29,19.15,87.54,1024.26,4.08,97.00
Tue 26/05/2026 - 09:14:03,19.22,87.79,1024.25,4.08,97.00
Tue 26/05/2026 - 09:14:37,19.32,86.64,1024.20,4.09,97.00
Tue 26/05/2026 - 09:15:11,19.44,86.31,1024.25,4.09,97.00
Tue 26/05/2026 - 09:15:45,19.48,85.63,1024.23,4.10,98.00
Tue 26/05/2026 - 09:16:19,19.64,86.32,1024.28,4.09,97.00
Tue 26/05/2026 - 09:16:53,19.85,85.98,1024.22,4.09,97.00
Tue 26/05/2026 - 09:17:27,20.04,84.47,1024.24,4.10,98.00
Tue 26/05/2026 - 09:18:01,20.22,84.16,1024.30,4.10,98.00
Tue 26/05/2026 - 09:18:35,20.37,83.33,1024.35,4.10,98.00
Tue 26/05/2026 - 09:19:09,20.77,83.29,1024.35,4.10,98.00
Tue 26/05/2026 - 09:19:43,21.14,80.78,1024.33,4.10,98.00
Tue 26/05/2026 - 09:20:17,21.47,78.96,1024.31,4.11,98.00
Tue 26/05/2026 - 09:20:51,21.74,76.68,1024.35,4.11,98.00
Tue 26/05/2026 - 09:21:25,21.96,75.39,1024.33,4.11,98.00
Tue 26/05/2026 - 09:21:59,22.14,74.42,1024.21,4.11,98.00
Tue 26/05/2026 - 09:22:33,22.34,72.99,1024.18,4.11,98.00
Tue 26/05/2026 - 09:23:07,22.44,72.18,1024.29,4.11,98.00
Tue 26/05/2026 - 09:23:41,22.55,71.82,1024.26,4.09,97.00
Tue 26/05/2026 - 09:24:15,22.59,70.57,1024.23,4.08,97.00
Tue 26/05/2026 - 09:24:49,22.56,70.55,1024.22,4.08,97.00
Tue 26/05/2026 - 09:25:23,22.59,70.07,1024.25,4.08,97.00
Tue 26/05/2026 - 09:25:57,22.65,69.57,1024.27,4.08,97.00
Tue 26/05/2026 - 09:26:31,22.75,69.86,1024.23,4.10,98.00
Tue 26/05/2026 - 09:27:05,22.94,70.20,1024.27,4.11,98.00
Tue 26/05/2026 - 09:27:39,23.08,67.84,1024.29,4.11,98.00
Tue 26/05/2026 - 09:28:13,22.95,67.08,1024.23,4.11,98.00
Tue 26/05/2026 - 09:28:47,22.99,66.36,1024.24,4.11,98.00
Tue 26/05/2026 - 09:29:20,22.91,62.68,1024.24,4.11,98.00
Tue 26/05/2026 - 09:29:54,22.70,62.65,1024.17,4.11,98.00
Tue 26/05/2026 - 09:30:28,22.68,62.86,1024.15,4.11,98.00
Tue 26/05/2026 - 09:31:02,22.72,62.49,1024.21,4.11,98.00
Tue 26/05/2026 - 09:31:36,22.61,62.08,1024.21,4.11,98.00
Tue 26/05/2026 - 09:32:10,22.57,62.36,1024.27,4.11,98.00
Tue 26/05/2026 - 09:32:44,22.58,62.22,1024.26,4.11,98.00
Tue 26/05/2026 - 09:33:18,22.64,62.08,1024.19,4.11,98.00
Tue 26/05/2026 - 09:33:52,22.58,62.30,1024.26,4.11,98.00
Tue 26/05/2026 - 09:34:26,22.56,61.89,1024.23,4.11,98.00
Tue 26/05/2026 - 09:35:00,22.57,61.67,1024.24,4.11,98.00
Tue 26/05/2026 - 09:35:34,22.62,61.58,1024.28,4.11,98.00
Tue 26/05/2026 - 09:36:08,22.63,61.64,1024.29,4.11,98.00
Tue 26/05/2026 - 09:36:42,22.63,61.63,1024.24,4.11,98.00
Tue 26/05/2026 - 09:37:16,22.68,61.38,1024.27,4.12,98.00
Tue 26/05/2026 - 09:37:50,22.80,60.80,1024.27,4.12,98.00
Tue 26/05/2026 - 09:38:24,22.80,60.84,1024.24,4.13,98.00
Tue 26/05/2026 - 09:38:58,22.95,60.29,1024.34,4.12,98.00
Tue 26/05/2026 - 09:39:32,23.05,59.75,1024.40,4.13,98.00
Tue 26/05/2026 - 09:40:06,23.08,59.69,1024.32,4.13,98.00
Tue 26/05/2026 - 09:40:40,23.15,59.15,1024.38,4.13,98.00
Tue 26/05/2026 - 09:41:14,23.25,58.50,1024.38,4.13,98.00
Tue 26/05/2026 - 09:41:48,23.25,58.03,1024.37,4.12,98.00
Tue 26/05/2026 - 09:42:22,23.37,57.28,1024.41,4.12,98.00
Tue 26/05/2026 - 09:42:56,23.39,57.01,1024.42,4.12,98.00
Tue 26/05/2026 - 09:43:30,23.41,56.94,1024.45,4.11,98.00
Tue 26/05/2026 - 09:44:04,23.42,56.74,1024.43,4.12,98.00
Tue 26/05/2026 - 09:44:38,23.48,56.69,1024.44,4.12,98.00
Tue 26/05/2026 - 09:45:12,23.51,56.60,1024.48,4.12,98.00
Tue 26/05/2026 - 09:45:46,23.50,56.69,1024.47,4.12,98.00
Tue 26/05/2026 - 09:46:20,23.60,55.72,1024.42,4.12,98.00
Tue 26/05/2026 - 09:46:54,23.62,55.64,1024.46,4.12,98.00
Tue 26/05/2026 - 09:47:28,23.56,55.50,1024.46,4.12,98.00
Tue 26/05/2026 - 09:48:02,23.78,55.20,1024.47,4.13,98.00
Tue 26/05/2026 - 09:48:36,23.94,54.67,1024.45,4.13,98.00
Tue 26/05/2026 - 09:49:10,24.19,53.85,1024.43,4.13,98.00
Tue 26/05/2026 - 09:49:44,24.24,53.90,1024.45,4.13,98.00
Tue 26/05/2026 - 09:50:18,24.69,53.35,1024.42,4.13,98.00
Tue 26/05/2026 - 09:50:52,24.95,51.43,1024.49,4.13,98.00
Tue 26/05/2026 - 09:51:26,25.20,50.00,1024.41,4.13,98.00
Tue 26/05/2026 - 09:52:00,25.26,49.17,1024.54,4.14,99.00
Tue 26/05/2026 - 09:52:34,25.52,48.47,1024.54,4.14,98.00
Tue 26/05/2026 - 09:53:08,25.56,47.49,1024.48,4.14,99.00
Tue 26/05/2026 - 09:53:42,25.71,46.91,1024.48,4.14,99.00
Tue 26/05/2026 - 09:54:16,26.09,46.35,1024.62,4.14,99.00
Tue 26/05/2026 - 09:54:50,26.22,45.46,1024.57,4.14,99.00
Tue 26/05/2026 - 09:55:23,26.42,45.12,1024.51,4.14,99.00
Tue 26/05/2026 - 09:55:57,26.61,44.03,1024.56,4.14,99.00
Tue 26/05/2026 - 09:56:31,26.74,43.33,1024.57,4.14,99.00
Tue 26/05/2026 - 09:57:05,27.03,43.08,1024.46,4.14,99.00
Tue 26/05/2026 - 09:57:39,27.14,42.00,1024.52,4.15,99.00
Tue 26/05/2026 - 09:58:13,27.35,42.23,1024.54,4.14,99.00
Tue 26/05/2026 - 09:58:47,27.59,41.85,1024.58,4.14,99.00
Tue 26/05/2026 - 09:59:21,27.88,41.00,1024.59,4.14,99.00
Tue 26/05/2026 - 09:59:55,27.99,40.42,1024.56,4.14,99.00
Tue 26/05/2026 - 10:00:29,28.23,40.21,1024.52,4.14,99.00
Tue 26/05/2026 - 10:01:03,28.52,39.45,1024.57,4.14,99.00
Tue 26/05/2026 - 10:01:37,28.52,39.14,1024.54,4.14,99.00
Tue 26/05/2026 - 10:02:11,28.79,39.06,1024.53,4.14,99.00
Tue 26/05/2026 - 10:02:45,28.88,38.74,1024.53,4.14,99.00
Tue 26/05/2026 - 10:03:19,28.95,38.29,1024.53,4.14,99.00
Tue 26/05/2026 - 10:03:53,29.26,37.99,1024.56,4.14,99.00
Tue 26/05/2026 - 10:04:27,29.37,37.53,1024.55,4.15,99.00
Tue 26/05/2026 - 10:05:01,29.55,37.25,1024.53,4.14,99.00
Tue 26/05/2026 - 10:05:35,29.58,37.24,1024.53,4.14,99.00
Tue 26/05/2026 - 10:06:09,29.65,36.96,1024.51,4.15,99.00
Tue 26/05/2026 - 10:06:43,29.70,36.94,1024.60,4.15,99.00
Tue 26/05/2026 - 10:07:17,29.71,36.79,1024.55,4.15,99.00
Tue 26/05/2026 - 10:07:51,29.89,36.50,1024.51,4.15,99.00
Tue 26/05/2026 - 10:08:25,30.12,36.40,1024.58,4.15,99.00
Tue 26/05/2026 - 10:08:59,30.28,36.13,1024.58,4.15,99.00
Tue 26/05/2026 - 10:09:33,30.31,35.87,1024.58,4.15,99.00
Tue 26/05/2026 - 10:10:07,30.40,35.72,1024.54,4.15,99.00
Tue 26/05/2026 - 10:10:41,30.53,35.41,1024.49,4.15,99.00
Tue 26/05/2026 - 10:11:15,30.65,35.29,1024.50,4.15,99.00
Tue 26/05/2026 - 10:11:49,30.83,34.94,1024.47,4.15,99.00
Tue 26/05/2026 - 10:12:23,30.90,34.91,1024.50,4.15,99.00
Tue 26/05/2026 - 10:12:57,31.01,34.80,1024.49,4.15,99.00
Tue 26/05/2026 - 10:13:31,30.96,34.57,1024.44,4.15,99.00
Tue 26/05/2026 - 10:14:05,31.05,34.56,1024.48,4.15,99.00
Tue 26/05/2026 - 10:14:39,31.14,34.40,1024.45,4.15,99.00
Tue 26/05/2026 - 10:15:13,31.23,34.29,1024.48,4.15,99.00
Tue 26/05/2026 - 10:15:47,31.33,33.98,1024.56,4.15,99.00
Tue 26/05/2026 - 10:16:21,31.33,34.05,1024.54,4.15,99.00
Tue 26/05/2026 - 10:16:55,31.46,33.97,1024.52,4.15,99.00
Tue 26/05/2026 - 10:17:29,31.61,33.72,1024.49,4.15,99.00
Tue 26/05/2026 - 10:18:03,31.54,33.63,1024.46,4.15,99.00
Tue 26/05/2026 - 10:18:37,31.61,33.58,1024.55,4.15,99.00
Tue 26/05/2026 - 10:19:11,31.87,33.27,1024.54,4.15,99.00
Tue 26/05/2026 - 10:19:45,31.86,33.11,1024.53,4.15,99.00
Tue 26/05/2026 - 10:20:19,31.80,33.17,1024.51,4.15,99.00
Tue 26/05/2026 - 10:20:53,31.88,33.20,1024.53,4.15,99.00
Tue 26/05/2026 - 10:21:27,31.85,33.16,1024.51,4.15,99.00
Tue 26/05/2026 - 10:22:01,31.87,33.27,1024.56,4.15,99.00
Tue 26/05/2026 - 10:22:35,31.94,33.10,1024.46,4.15,99.00
Tue 26/05/2026 - 10:23:09,32.06,32.94,1024.56,4.15,99.00
Tue 26/05/2026 - 10:23:43,32.06,32.86,1024.59,4.15,99.00
Tue 26/05/2026 - 10:24:17,32.09,32.76,1024.55,4.15,99.00
Tue 26/05/2026 - 10:24:51,32.44,32.63,1024.54,4.15,99.00
Tue 26/05/2026 - 10:25:25,32.42,32.37,1024.58,4.15,99.00
Tue 26/05/2026 - 10:25:59,32.67,32.41,1024.56,4.15,99.00
Tue 26/05/2026 - 10:26:33,32.97,31.69,1024.60,4.15,99.00
Tue 26/05/2026 - 10:27:07,33.05,31.69,1024.66,4.15,99.00
Tue 26/05/2026 - 10:27:41,33.19,31.43,1024.58,4.15,99.00
Tue 26/05/2026 - 10:28:15,33.25,31.29,1024.58,4.15,99.00
Tue 26/05/2026 - 10:28:49,33.49,31.08,1024.60,4.15,99.00
Tue 26/05/2026 - 10:29:23,33.54,30.74,1024.62,4.15,99.00
Tue 26/05/2026 - 10:29:57,33.64,30.79,1024.57,4.16,99.00
Tue 26/05/2026 - 10:30:31,33.63,30.53,1024.61,4.15,99.00
Tue 26/05/2026 - 10:31:05,33.44,30.75,1024.57,4.15,99.00
Tue 26/05/2026 - 10:31:39,33.44,30.67,1024.54,4.16,99.00
Tue 26/05/2026 - 10:32:13,33.50,30.74,1024.54,4.16,99.00
Tue 26/05/2026 - 10:32:47,33.36,30.71,1024.47,4.16,99.00
Tue 26/05/2026 - 10:33:20,33.42,30.56,1024.60,4.16,99.00
Tue 26/05/2026 - 10:33:54,33.28,30.72,1024.57,4.16,99.00
Tue 26/05/2026 - 10:34:28,33.10,30.97,1024.51,4.16,99.00
Tue 26/05/2026 - 10:35:02,32.96,31.23,1024.53,4.16,99.00
Tue 26/05/2026 - 10:35:36,32.90,31.38,1024.48,4.16,99.00
Tue 26/05/2026 - 10:36:10,33.18,31.15,1024.52,4.15,99.00
Tue 26/05/2026 - 10:36:44,33.28,30.98,1024.52,4.14,99.00
Tue 26/05/2026 - 10:37:18,33.45,30.76,1024.58,4.14,98.00
Tue 26/05/2026 - 10:37:52,33.49,30.72,1024.57,4.14,98.00
Tue 26/05/2026 - 10:38:26,33.48,30.84,1024.53,4.14,98.00
Tue 26/05/2026 - 10:39:00,33.46,30.83,1024.55,4.14,99.00
Tue 26/05/2026 - 10:39:34,33.53,30.88,1024.55,4.14,99.00
Tue 26/05/2026 - 10:40:08,33.58,31.30,1024.53,4.14,99.00
Tue 26/05/2026 - 10:40:42,33.67,31.38,1024.57,4.14,99.00
Tue 26/05/2026 - 10:41:16,33.74,31.68,1024.55,4.15,99.00
Tue 26/05/2026 - 10:41:50,33.79,31.28,1024.53,4.16,99.00
Tue 26/05/2026 - 10:42:24,33.77,30.89,1024.57,4.16,99.00
Tue 26/05/2026 - 10:42:58,33.72,30.84,1024.59,4.16,99.00
Tue 26/05/2026 - 10:43:32,33.95,30.53,1024.55,4.16,99.00
Tue 26/05/2026 - 10:44:06,34.04,30.30,1024.58,4.14,99.00
Tue 26/05/2026 - 10:44:40,34.15,30.24,1024.49,4.14,99.00
Tue 26/05/2026 - 10:45:14,34.13,30.16,1024.54,4.14,99.00
Tue 26/05/2026 - 10:45:48,34.12,30.13,1024.53,4.14,99.00
Tue 26/05/2026 - 10:46:22,34.11,30.19,1024.48,4.14,99.00
Tue 26/05/2026 - 10:46:56,34.32,29.94,1024.47,4.14,99.00
Tue 26/05/2026 - 10:47:30,34.31,29.78,1024.43,4.14,99.00
Tue 26/05/2026 - 10:48:04,34.32,29.64,1024.45,4.14,99.00
Tue 26/05/2026 - 10:48:38,34.30,29.71,1024.41,4.14,99.00
Tue 26/05/2026 - 10:49:12,34.36,29.56,1024.36,4.14,99.00
Tue 26/05/2026 - 10:49:46,34.48,29.49,1024.44,4.14,99.00
Tue 26/05/2026 - 10:50:20,34.70,29.36,1024.36,4.14,99.00
Tue 26/05/2026 - 10:50:54,34.70,29.27,1024.34,4.14,99.00
Tue 26/05/2026 - 10:51:28,34.75,29.02,1024.34,4.14,99.00
Tue 26/05/2026 - 10:52:02,34.74,29.19,1024.32,4.14,99.00
Tue 26/05/2026 - 10:52:36,34.81,29.00,1024.34,4.14,99.00
Tue 26/05/2026 - 10:53:10,34.82,28.95,1024.30,4.14,99.00
Tue 26/05/2026 - 10:53:44,34.75,28.98,1024.28,4.14,99.00
Tue 26/05/2026 - 10:54:18,34.84,29.01,1024.31,4.14,99.00
Tue 26/05/2026 - 10:54:52,35.26,28.54,1024.32,4.14,99.00
Tue 26/05/2026 - 10:55:26,35.20,28.39,1024.21,4.14,99.00
Tue 26/05/2026 - 10:56:00,35.20,28.29,1024.29,4.14,99.00
Tue 26/05/2026 - 10:56:34,34.97,28.80,1024.26,4.14,99.00
Tue 26/05/2026 - 10:57:08,34.87,28.77,1024.26,4.14,99.00
Tue 26/05/2026 - 10:57:42,34.83,28.94,1024.26,4.14,99.00
Tue 26/05/2026 - 10:58:16,35.01,28.60,1024.27,4.14,99.00
Tue 26/05/2026 - 10:58:50,35.07,28.50,1024.27,4.14,99.00
Tue 26/05/2026 - 10:59:24,34.85,28.73,1024.20,4.14,99.00
Tue 26/05/2026 - 10:59:58,35.02,28.57,1024.27,4.14,99.00
Tue 26/05/2026 - 11:00:32,35.20,28.45,1024.22,4.14,99.00
Tue 26/05/2026 - 11:01:06,35.19,28.37,1024.28,4.14,99.00
Tue 26/05/2026 - 11:01:40,34.94,28.54,1024.22,4.14,99.00
Tue 26/05/2026 - 11:02:14,35.02,28.39,1024.30,4.14,99.00
Tue 26/05/2026 - 11:02:48,35.01,28.36,1024.17,4.14,99.00
Tue 26/05/2026 - 11:03:21,35.06,28.40,1024.19,4.14,99.00
Tue 26/05/2026 - 11:03:55,34.84,28.49,1024.27,4.14,99.00
Tue 26/05/2026 - 11:04:29,34.89,28.47,1024.24,4.16,99.00
Tue 26/05/2026 - 11:05:03,35.08,28.30,1024.26,4.16,99.00
Tue 26/05/2026 - 11:05:37,35.07,28.30,1024.19,4.16,99.00
Tue 26/05/2026 - 11:06:11,34.92,28.43,1024.16,4.16,99.00
Tue 26/05/2026 - 11:06:45,34.66,28.70,1024.27,4.16,99.00
Tue 26/05/2026 - 11:07:19,34.66,28.63,1024.22,4.16,99.00
Tue 26/05/2026 - 11:07:53,34.57,28.64,1024.26,4.14,99.00
Tue 26/05/2026 - 11:08:27,34.51,28.77,1024.18,4.14,99.00
Tue 26/05/2026 - 11:09:01,34.62,28.67,1024.23,4.14,99.00
Tue 26/05/2026 - 11:09:35,34.52,28.66,1024.17,4.14,99.00
Tue 26/05/2026 - 11:10:09,34.33,28.93,1024.22,4.14,99.00
Tue 26/05/2026 - 11:10:43,34.27,29.17,1024.20,4.14,99.00
Tue 26/05/2026 - 11:11:17,34.18,29.15,1024.13,4.16,99.00
Tue 26/05/2026 - 11:11:51,34.13,29.23,1024.24,4.16,99.00
Tue 26/05/2026 - 11:12:25,34.16,28.93,1024.24,4.14,99.00
Tue 26/05/2026 - 11:12:59,34.13,28.98,1024.23,4.14,99.00
Tue 26/05/2026 - 11:13:33,34.32,29.22,1024.22,4.14,99.00
Tue 26/05/2026 - 11:14:07,34.37,29.17,1024.11,4.14,99.00
Tue 26/05/2026 - 11:14:41,34.52,28.99,1024.15,4.14,99.00
Tue 26/05/2026 - 11:15:15,34.69,28.77,1024.12,4.14,99.00
Tue 26/05/2026 - 11:15:49,34.62,28.82,1024.14,4.14,99.00
Tue 26/05/2026 - 11:16:23,34.51,28.83,1024.13,4.14,99.00
Tue 26/05/2026 - 11:16:57,34.44,29.10,1024.14,4.14,99.00
Tue 26/05/2026 - 11:17:31,34.36,29.07,1024.13,4.14,99.00
Tue 26/05/2026 - 11:18:05,34.35,28.99,1024.12,4.14,99.00
Tue 26/05/2026 - 11:18:39,34.37,29.00,1024.09,4.14,99.00
Tue 26/05/2026 - 11:19:13,34.47,28.97,1024.12,4.14,99.00
Tue 26/05/2026 - 11:19:47,34.47,28.94,1024.11,4.14,99.00
Tue 26/05/2026 - 11:20:21,34.47,28.89,1024.03,4.14,99.00
Tue 26/05/2026 - 11:20:55,34.42,28.87,1024.11,4.14,99.00
Tue 26/05/2026 - 11:21:29,34.44,28.82,1024.03,4.14,99.00
Tue 26/05/2026 - 11:22:03,34.34,28.89,1024.07,4.14,99.00
Tue 26/05/2026 - 11:22:37,34.36,28.89,1024.02,4.14,99.00
Tue 26/05/2026 - 11:23:11,34.45,28.76,1024.05,4.14,99.00
Tue 26/05/2026 - 11:23:45,34.51,28.80,1024.04,4.14,99.00
Tue 26/05/2026 - 11:24:19,34.47,28.80,1023.98,4.14,99.00
Tue 26/05/2026 - 11:24:53,34.59,28.84,1024.01,4.16,99.00
Tue 26/05/2026 - 11:25:27,34.50,28.74,1023.99,4.14,99.00
Tue 26/05/2026 - 11:26:01,34.30,28.81,1023.98,4.14,99.00
Tue 26/05/2026 - 11:26:35,34.37,28.87,1024.03,4.14,99.00
Tue 26/05/2026 - 11:27:09,34.24,28.86,1024.09,4.14,99.00
Tue 26/05/2026 - 11:27:43,34.23,28.90,1023.99,4.16,99.00
Tue 26/05/2026 - 11:28:17,34.25,29.02,1024.06,4.14,99.00
Tue 26/05/2026 - 11:28:51,34.24,29.05,1023.95,4.16,99.00
Tue 26/05/2026 - 11:29:25,34.23,29.04,1023.97,4.14,99.00
Tue 26/05/2026 - 11:29:59,34.21,29.13,1023.96,4.14,99.00
Tue 26/05/2026 - 11:30:33,34.03,29.13,1023.98,4.14,99.00
Tue 26/05/2026 - 11:31:07,34.11,29.29,1023.96,4.14,99.00
Tue 26/05/2026 - 11:31:41,34.10,29.26,1023.96,4.14,99.00
Tue 26/05/2026 - 11:32:15,34.04,29.38,1023.94,4.14,99.00
Tue 26/05/2026 - 11:32:49,33.82,29.58,1023.89,4.14,99.00
Tue 26/05/2026 - 11:33:22,33.83,29.57,1023.99,4.14,99.00
Tue 26/05/2026 - 11:33:56,33.89,29.44,1024.00,4.14,99.00
Tue 26/05/2026 - 11:34:30,33.77,29.52,1023.96,4.14,99.00
Tue 26/05/2026 - 11:35:04,33.57,29.83,1024.01,4.14,99.00
Tue 26/05/2026 - 11:35:38,33.58,29.96,1023.92,4.14,99.00
Tue 26/05/2026 - 11:36:13,33.26,30.17,1023.96,4.14,99.00
Tue 26/05/2026 - 11:36:47,33.06,30.49,1023.93,4.15,99.00
Tue 26/05/2026 - 11:37:21,33.09,30.45,1023.92,4.15,99.00
Tue 26/05/2026 - 11:37:55,33.10,30.68,1023.97,4.15,99.00
Tue 26/05/2026 - 11:38:28,33.00,30.85,1023.93,4.15,99.00
Tue 26/05/2026 - 11:39:02,32.89,30.96,1023.91,4.15,99.00
Tue 26/05/2026 - 11:39:36,32.79,31.11,1023.91,4.16,99.00
Tue 26/05/2026 - 11:40:10,32.77,31.17,1023.91,4.15,99.00
Tue 26/05/2026 - 11:40:44,32.73,31.29,1023.86,4.14,99.00
Tue 26/05/2026 - 11:41:18,32.71,31.27,1023.83,4.14,99.00
Tue 26/05/2026 - 11:41:52,32.43,31.55,1023.86,4.15,99.00
Tue 26/05/2026 - 11:42:26,32.20,31.80,1023.80,4.15,99.00
Tue 26/05/2026 - 11:43:00,32.05,32.09,1023.86,4.15,99.00
Tue 26/05/2026 - 11:43:34,32.09,32.24,1023.84,4.15,99.00
Tue 26/05/2026 - 11:44:08,32.00,32.41,1023.77,4.15,99.00
Tue 26/05/2026 - 11:44:42,31.70,32.56,1023.68,4.15,99.00
Tue 26/05/2026 - 11:45:16,31.46,32.86,1023.77,4.15,99.00
Tue 26/05/2026 - 11:45:50,31.21,33.19,1023.67,4.15,99.00
Tue 26/05/2026 - 11:46:24,31.38,33.28,1023.67,4.15,99.00
Tue 26/05/2026 - 11:46:58,31.19,33.35,1023.69,4.15,99.00
Tue 26/05/2026 - 11:47:32,31.01,33.62,1023.73,4.15,99.00
Tue 26/05/2026 - 11:48:06,30.33,34.65,1023.67,4.15,99.00
Tue 26/05/2026 - 11:48:40,30.46,34.51,1023.68,4.15,99.00
Tue 26/05/2026 - 11:49:14,30.37,34.85,1023.72,4.15,99.00
Tue 26/05/2026 - 11:49:48,30.23,34.91,1023.67,4.15,99.00
Tue 26/05/2026 - 11:50:22,30.21,35.01,1023.73,4.15,99.00
Tue 26/05/2026 - 11:50:56,30.00,35.35,1023.63,4.15,99.00
Tue 26/05/2026 - 11:51:30,29.91,35.48,1023.66,4.15,99.00
Tue 26/05/2026 - 11:52:04,29.92,35.53,1023.68,4.15,99.00
Tue 26/05/2026 - 11:52:38,29.86,35.56,1023.52,4.15,99.00
Tue 26/05/2026 - 11:53:12,29.71,35.76,1023.68,4.16,99.00
Tue 26/05/2026 - 11:53:46,29.65,36.02,1023.63,4.15,99.00
Tue 26/05/2026 - 11:54:20,29.60,36.10,1023.63,4.16,99.00
Tue 26/05/2026 - 11:54:54,29.56,36.17,1023.58,4.15,99.00
Tue 26/05/2026 - 11:55:28,29.67,36.06,1023.53,4.15,99.00
Tue 26/05/2026 - 11:56:02,29.74,35.92,1023.52,4.15,99.00
Tue 26/05/2026 - 11:56:36,29.60,36.12,1023.53,4.15,99.00
Tue 26/05/2026 - 11:57:10,29.54,36.28,1023.50,4.15,99.00
Tue 26/05/2026 - 11:57:44,29.46,36.30,1023.47,4.15,99.00
Tue 26/05/2026 - 11:58:18,29.39,36.55,1023.43,4.15,99.00
Tue 26/05/2026 - 11:58:52,29.29,36.53,1023.49,4.15,99.00
Tue 26/05/2026 - 11:59:26,29.16,36.82,1023.39,4.16,99.00
Tue 26/05/2026 - 12:00:00,29.23,36.89,1023.40,4.15,99.00
Tue 26/05/2026 - 12:00:34,29.30,36.93,1023.48,4.15,99.00
Tue 26/05/2026 - 12:01:08,29.47,36.79,1023.44,4.15,99.00
Tue 26/05/2026 - 12:01:42,29.41,36.87,1023.44,4.15,99.00
Tue 26/05/2026 - 12:02:16,29.66,36.47,1023.36,4.15,99.00
Tue 26/05/2026 - 12:02:50,29.79,36.32,1023.36,4.15,99.00
Tue 26/05/2026 - 12:03:24,29.95,36.11,1023.35,4.15,99.00
Tue 26/05/2026 - 12:03:58,29.98,36.05,1023.36,4.15,99.00
Tue 26/05/2026 - 12:04:32,30.42,35.50,1023.32,4.15,99.00
Tue 26/05/2026 - 12:05:06,30.45,35.29,1023.30,4.15,99.00
Tue 26/05/2026 - 12:05:39,30.59,35.03,1023.28,4.15,99.00
Tue 26/05/2026 - 12:06:13,30.77,34.92,1023.27,4.15,99.00
Tue 26/05/2026 - 12:06:47,30.86,34.63,1023.25,4.15,99.00
Tue 26/05/2026 - 12:07:21,30.81,34.60,1023.30,4.15,99.00
Tue 26/05/2026 - 12:07:55,30.84,34.66,1023.21,4.15,99.00
Tue 26/05/2026 - 12:08:29,31.23,34.29,1023.27,4.15,99.00
Tue 26/05/2026 - 12:09:03,31.29,33.86,1023.31,4.15,99.00
Tue 26/05/2026 - 12:09:37,31.30,33.84,1023.30,4.15,99.00
Tue 26/05/2026 - 12:10:11,31.32,33.81,1023.20,4.15,99.00
Tue 26/05/2026 - 12:10:45,31.48,33.54,1023.25,4.15,99.00
Tue 26/05/2026 - 12:11:19,31.44,33.54,1023.34,4.15,99.00
Tue 26/05/2026 - 12:11:53,31.48,33.68,1023.25,4.15,99.00
Tue 26/05/2026 - 12:12:27,31.42,33.76,1023.29,4.15,99.00
Tue 26/05/2026 - 12:13:01,31.37,33.64,1023.28,4.15,99.00
Tue 26/05/2026 - 12:13:35,31.25,33.74,1023.19,4.15,99.00
Tue 26/05/2026 - 12:14:09,31.18,33.84,1023.29,4.15,99.00
Tue 26/05/2026 - 12:14:43,31.08,33.90,1023.18,4.15,99.00
Tue 26/05/2026 - 12:15:17,30.93,34.19,1023.19,4.15,99.00
Tue 26/05/2026 - 12:15:51,30.99,34.10,1023.20,4.15,99.00
Tue 26/05/2026 - 12:16:25,31.20,33.79,1023.21,4.15,99.00
Tue 26/05/2026 - 12:16:59,31.23,33.64,1023.21,4.15,99.00
Tue 26/05/2026 - 12:17:33,31.16,33.75,1023.21,4.15,99.00
Tue 26/05/2026 - 12:18:07,31.25,33.72,1023.14,4.15,99.00
Tue 26/05/2026 - 12:18:41,31.16,33.89,1023.21,4.15,99.00
Tue 26/05/2026 - 12:19:15,31.10,33.91,1023.15,4.15,99.00
Tue 26/05/2026 - 12:19:49,31.21,33.88,1023.18,4.15,99.00
Tue 26/05/2026 - 12:20:23,31.27,33.80,1023.09,4.15,99.00
Tue 26/05/2026 - 12:20:57,31.15,33.93,1023.13,4.15,99.00
Tue 26/05/2026 - 12:21:31,31.10,33.97,1023.13,4.15,99.00
Tue 26/05/2026 - 12:22:05,30.96,34.00,1023.01,4.15,99.00
Tue 26/05/2026 - 12:22:39,31.00,34.02,1022.98,4.15,99.00
Tue 26/05/2026 - 12:23:13,31.01,34.14,1022.97,4.15,99.00
Tue 26/05/2026 - 12:23:47,30.99,34.06,1023.03,4.15,99.00
Tue 26/05/2026 - 12:24:21,30.92,34.24,1023.02,4.15,99.00
Tue 26/05/2026 - 12:24:55,30.84,34.42,1022.95,4.15,99.00
Tue 26/05/2026 - 12:25:29,30.73,34.59,1022.92,4.15,99.00
Tue 26/05/2026 - 12:26:03,30.90,34.68,1022.95,4.15,99.00
Tue 26/05/2026 - 12:26:37,30.94,34.43,1022.94,4.15,99.00
Tue 26/05/2026 - 12:27:11,31.08,34.33,1022.94,4.15,99.00
Tue 26/05/2026 - 12:27:45,31.16,34.24,1022.93,4.15,99.00
Tue 26/05/2026 - 12:28:19,30.97,34.22,1022.85,4.15,99.00
Tue 26/05/2026 - 12:28:53,30.96,34.37,1022.89,4.15,99.00
Tue 26/05/2026 - 12:29:27,30.87,34.46,1022.82,4.15,99.00
Tue 26/05/2026 - 12:30:01,30.77,34.61,1022.83,4.15,99.00
Tue 26/05/2026 - 12:30:35,30.69,34.81,1022.88,4.15,99.00
Tue 26/05/2026 - 12:31:09,30.64,34.87,1022.80,4.15,99.00
Tue 26/05/2026 - 12:31:43,30.74,34.86,1022.77,4.15,99.00
Tue 26/05/2026 - 12:32:17,30.77,34.75,1022.76,4.15,99.00
Tue 26/05/2026 - 12:32:51,30.78,34.89,1022.73,4.15,99.00
Tue 26/05/2026 - 12:33:25,30.78,34.71,1022.76,4.15,99.00
Tue 26/05/2026 - 12:33:59,30.72,34.88,1022.82,4.16,99.00
Tue 26/05/2026 - 12:34:33,30.79,34.58,1022.78,4.15,99.00
Tue 26/05/2026 - 12:35:07,30.64,34.70,1022.77,4.15,99.00
Tue 26/05/2026 - 12:35:40,30.57,34.92,1022.82,4.15,99.00
Tue 26/05/2026 - 12:36:14,30.52,34.96,1022.78,4.15,99.00
Tue 26/05/2026 - 12:36:48,30.46,35.12,1022.79,4.15,99.00
Tue 26/05/2026 - 12:37:22,30.44,35.28,1022.76,4.15,99.00
Tue 26/05/2026 - 12:37:56,30.60,35.18,1022.76,4.15,99.00
Tue 26/05/2026 - 12:38:30,30.47,35.01,1022.76,4.15,99.00
Tue 26/05/2026 - 12:39:04,30.61,34.98,1022.68,4.15,99.00
Tue 26/05/2026 - 12:39:38,30.45,34.99,1022.72,4.15,99.00
Tue 26/05/2026 - 12:40:12,30.30,35.18,1022.63,4.15,99.00
Tue 26/05/2026 - 12:40:46,30.20,35.47,1022.68,4.15,99.00
Tue 26/05/2026 - 12:41:20,30.19,35.63,1022.74,4.15,99.00
Tue 26/05/2026 - 12:41:54,30.03,35.74,1022.67,4.15,99.00
Tue 26/05/2026 - 12:42:28,30.07,35.78,1022.62,4.15,99.00
Tue 26/05/2026 - 12:43:02,30.04,35.73,1022.64,4.15,99.00
Tue 26/05/2026 - 12:43:36,29.96,35.90,1022.55,4.15,99.00
Tue 26/05/2026 - 12:44:10,29.91,35.97,1022.58,4.15,99.00
Tue 26/05/2026 - 12:44:44,29.96,35.87,1022.52,4.15,99.00
Tue 26/05/2026 - 12:45:18,29.94,35.83,1022.60,4.15,99.00
Tue 26/05/2026 - 12:45:52,29.85,36.01,1022.59,4.15,99.00
Tue 26/05/2026 - 12:46:26,29.75,36.08,1022.48,4.15,99.00
Tue 26/05/2026 - 12:47:00,29.74,36.33,1022.52,4.15,99.00
Tue 26/05/2026 - 12:47:34,29.76,36.27,1022.54,4.15,99.00
Tue 26/05/2026 - 12:48:08,29.57,36.36,1022.50,4.15,99.00
Tue 26/05/2026 - 12:48:42,29.51,36.54,1022.51,4.15,99.00
Tue 26/05/2026 - 12:49:16,29.53,36.54,1022.57,4.15,99.00
Tue 26/05/2026 - 12:49:50,29.36,36.78,1022.51,4.15,99.00
Tue 26/05/2026 - 12:50:24,29.27,36.86,1022.54,4.15,99.00
Tue 26/05/2026 - 12:50:58,29.19,37.08,1022.49,4.15,99.00
Tue 26/05/2026 - 12:51:32,29.21,37.18,1022.58,4.15,99.00
Tue 26/05/2026 - 12:52:06,29.19,37.24,1022.59,4.15,99.00
Tue 26/05/2026 - 12:52:40,29.25,37.20,1022.50,4.15,99.00
Tue 26/05/2026 - 12:53:14,29.25,37.22,1022.57,4.15,99.00
Tue 26/05/2026 - 12:53:48,29.38,37.01,1022.48,4.15,99.00
Tue 26/05/2026 - 12:54:22,29.61,36.68,1022.51,4.15,99.00
Tue 26/05/2026 - 12:54:56,29.66,36.73,1022.54,4.15,99.00
Tue 26/05/2026 - 12:55:30,29.57,36.60,1022.56,4.15,99.00
Tue 26/05/2026 - 12:56:04,29.55,36.67,1022.57,4.15,99.00
Tue 26/05/2026 - 12:56:38,29.59,36.69,1022.54,4.15,99.00
Tue 26/05/2026 - 12:57:12,29.53,36.71,1022.59,4.15,99.00
Tue 26/05/2026 - 12:57:46,29.64,36.47,1022.48,4.15,99.00
Tue 26/05/2026 - 12:58:20,29.72,36.54,1022.56,4.16,99.00
Tue 26/05/2026 - 12:58:54,29.70,36.54,1022.53,4.15,99.00
Tue 26/05/2026 - 12:59:28,29.66,36.42,1022.48,4.15,99.00
Tue 26/05/2026 - 13:00:02,29.49,36.98,1022.50,4.15,99.00
Tue 26/05/2026 - 13:00:36,29.38,36.89,1022.51,4.15,99.00
Tue 26/05/2026 - 13:01:10,29.22,37.12,1022.48,4.15,99.00
Tue 26/05/2026 - 13:01:44,29.35,37.31,1022.56,4.15,99.00
Tue 26/05/2026 - 13:02:18,29.52,36.98,1022.55,4.15,99.00
Tue 26/05/2026 - 13:02:52,29.51,36.97,1022.55,4.15,99.00
Tue 26/05/2026 - 13:03:25,29.55,36.88,1022.52,4.15,99.00
Tue 26/05/2026 - 13:03:59,29.56,36.86,1022.54,4.15,99.00
Tue 26/05/2026 - 13:04:33,29.47,36.92,1022.55,4.15,99.00
Tue 26/05/2026 - 13:05:07,29.50,37.15,1022.49,4.15,99.00
Tue 26/05/2026 - 13:05:41,29.24,37.56,1022.51,4.15,99.00
Tue 26/05/2026 - 13:06:15,29.19,37.52,1022.48,4.15,99.00
Tue 26/05/2026 - 13:06:49,29.13,37.62,1022.46,4.15,99.00
Tue 26/05/2026 - 13:07:23,29.13,37.55,1022.53,4.15,99.00
Tue 26/05/2026 - 13:07:57,28.96,37.72,1022.55,4.15,99.00
Tue 26/05/2026 - 13:08:31,28.83,37.96,1022.49,4.15,99.00
Tue 26/05/2026 - 13:09:05,28.80,38.19,1022.52,4.15,99.00
Tue 26/05/2026 - 13:09:39,28.81,38.18,1022.51,4.15,99.00
Tue 26/05/2026 - 13:10:13,28.85,38.23,1022.50,4.15,99.00
Tue 26/05/2026 - 13:10:47,28.72,38.19,1022.47,4.15,99.00
Tue 26/05/2026 - 13:11:21,28.87,37.07,1022.50,4.15,99.00
Tue 26/05/2026 - 13:11:55,28.56,38.45,1022.47,4.16,99.00
Tue 26/05/2026 - 13:12:29,28.68,38.29,1022.40,4.15,99.00
Tue 26/05/2026 - 13:13:03,28.62,38.37,1022.48,4.15,99.00
Tue 26/05/2026 - 13:13:37,28.44,38.70,1022.46,4.15,99.00
Tue 26/05/2026 - 13:14:11,28.42,38.50,1022.47,4.15,99.00
Tue 26/05/2026 - 13:14:45,28.27,38.91,1022.53,4.15,99.00
Tue 26/05/2026 - 13:15:19,28.27,38.46,1022.30,4.15,99.00
Tue 26/05/2026 - 13:15:53,28.40,37.90,1022.45,4.15,99.00
Tue 26/05/2026 - 13:16:27,28.50,36.97,1022.45,4.15,99.00
Tue 26/05/2026 - 13:17:01,28.32,38.64,1022.41,4.15,99.00
Tue 26/05/2026 - 13:17:35,28.48,37.07,1022.47,4.15,99.00
Tue 26/05/2026 - 13:18:09,28.50,37.31,1022.45,4.16,99.00
Tue 26/05/2026 - 13:18:43,28.33,38.51,1022.40,4.15,99.00
Tue 26/05/2026 - 13:19:17,28.32,37.14,1022.36,4.15,99.00
Tue 26/05/2026 - 13:19:51,28.37,38.07,1022.36,4.16,99.00
Tue 26/05/2026 - 13:20:25,28.47,37.15,1022.40,4.16,99.00
Tue 26/05/2026 - 13:20:59,28.36,38.10,1022.32,4.15,99.00
Tue 26/05/2026 - 13:21:33,28.47,38.71,1022.41,4.16,99.00
Tue 26/05/2026 - 13:22:07,28.47,38.47,1022.45,4.16,99.00
Tue 26/05/2026 - 13:22:41,28.37,38.34,1022.36,4.15,99.00
Tue 26/05/2026 - 13:23:15,28.41,38.38,1022.35,4.15,99.00
Tue 26/05/2026 - 13:23:49,28.32,38.58,1022.36,4.15,99.00
Tue 26/05/2026 - 13:24:23,28.13,38.94,1022.32,4.15,99.00
Tue 26/05/2026 - 13:24:57,28.00,39.07,1022.38,4.15,99.00
Tue 26/05/2026 - 13:25:31,27.91,39.37,1022.33,4.15,99.00
Tue 26/05/2026 - 13:26:05,27.87,39.54,1022.37,4.15,99.00
Tue 26/05/2026 - 13:26:39,27.76,39.77,1022.35,4.15,99.00
Tue 26/05/2026 - 13:27:13,27.63,40.12,1022.29,4.15,99.00
Tue 26/05/2026 - 13:27:47,27.56,40.16,1022.39,4.15,99.00
Tue 26/05/2026 - 13:28:21,27.44,40.30,1022.30,4.15,99.00
Tue 26/05/2026 - 13:28:55,27.39,40.59,1022.37,4.15,99.00
Tue 26/05/2026 - 13:29:28,27.31,40.68,1022.36,4.15,99.00
Tue 26/05/2026 - 13:30:02,27.27,40.84,1022.40,4.15,99.00
Tue 26/05/2026 - 13:30:36,27.19,41.03,1022.40,4.15,99.00
Tue 26/05/2026 - 13:31:10,27.06,41.23,1022.42,4.15,99.00
Tue 26/05/2026 - 13:31:44,26.99,41.40,1022.41,4.15,99.00
Tue 26/05/2026 - 13:32:18,26.90,41.50,1022.39,4.15,99.00
Tue 26/05/2026 - 13:32:52,26.88,41.64,1022.45,4.15,99.00
Tue 26/05/2026 - 13:33:26,26.77,41.84,1022.42,4.15,99.00
Tue 26/05/2026 - 13:34:00,26.77,42.18,1022.40,4.15,99.00
Tue 26/05/2026 - 13:34:34,26.60,42.52,1022.44,4.15,99.00
Tue 26/05/2026 - 13:35:08,26.52,42.82,1022.41,4.15,99.00
Tue 26/05/2026 - 13:35:42,26.45,42.96,1022.42,4.15,99.00
Tue 26/05/2026 - 13:36:16,26.34,43.33,1022.44,4.15,99.00
Tue 26/05/2026 - 13:36:50,26.39,43.11,1022.43,4.15,99.00
Tue 26/05/2026 - 13:37:24,26.38,43.01,1022.36,4.15,99.00
Tue 26/05/2026 - 13:37:58,26.36,43.01,1022.44,4.15,99.00
Tue 26/05/2026 - 13:38:32,26.38,42.92,1022.41,4.15,99.00
Tue 26/05/2026 - 13:39:06,26.39,42.92,1022.38,4.16,99.00
Tue 26/05/2026 - 13:39:40,26.43,42.87,1022.33,4.15,99.00
Tue 26/05/2026 - 13:40:14,26.43,42.90,1022.37,4.15,99.00
Tue 26/05/2026 - 13:40:48,26.42,42.89,1022.43,4.15,99.00
Tue 26/05/2026 - 13:41:22,26.46,42.86,1022.39,4.15,99.00
Tue 26/05/2026 - 13:41:56,26.47,42.87,1022.40,4.15,99.00
Tue 26/05/2026 - 13:42:30,26.45,42.88,1022.42,4.15,99.00
Tue 26/05/2026 - 13:43:04,26.48,42.81,1022.42,4.15,99.00
Tue 26/05/2026 - 13:43:38,26.42,42.85,1022.43,4.16,99.00
Tue 26/05/2026 - 13:44:12,26.36,42.89,1022.39,4.15,99.00
Tue 26/05/2026 - 13:44:46,26.37,42.84,1022.37,4.15,99.00
Tue 26/05/2026 - 13:45:20,26.38,42.90,1022.41,4.16,99.00
Tue 26/05/2026 - 13:45:54,26.40,42.68,1022.34,4.16,99.00
Tue 26/05/2026 - 13:46:28,26.41,42.65,1022.33,4.16,99.00
Tue 26/05/2026 - 13:47:02,26.43,42.63,1022.33,4.15,99.00
Tue 26/05/2026 - 13:47:36,26.43,42.71,1022.28,4.15,99.00
Tue 26/05/2026 - 13:48:10,26.39,42.72,1022.35,4.15,99.00
Tue 26/05/2026 - 13:48:44,26.39,42.70,1022.27,4.15,99.00
Tue 26/05/2026 - 13:49:17,26.46,42.61,1022.28,4.15,99.00
Tue 26/05/2026 - 13:49:51,26.48,42.61,1022.26,4.15,99.00
Tue 26/05/2026 - 13:50:25,26.53,42.54,1022.24,4.15,99.00
Tue 26/05/2026 - 13:51:00,26.47,42.60,1022.21,4.15,99.00
Tue 26/05/2026 - 13:51:33,26.49,42.58,1022.27,4.15,99.00
Tue 26/05/2026 - 13:52:07,26.47,42.60,1022.32,4.15,99.00
Tue 26/05/2026 - 13:52:41,26.43,42.61,1022.28,4.15,99.00
Tue 26/05/2026 - 13:53:15,26.45,42.61,1022.27,4.15,99.00
Tue 26/05/2026 - 13:53:49,26.46,42.61,1022.20,4.15,99.00
Tue 26/05/2026 - 13:54:23,26.41,42.56,1022.23,4.15,99.00
Tue 26/05/2026 - 13:54:57,26.46,42.65,1022.28,4.15,99.00
Tue 26/05/2026 - 13:55:31,26.45,42.77,1022.21,4.15,99.00
Tue 26/05/2026 - 13:56:05,26.41,42.65,1022.19,4.15,99.00
Tue 26/05/2026 - 13:56:39,26.45,42.66,1022.20,4.15,99.00
Tue 26/05/2026 - 13:57:13,26.43,42.73,1022.23,4.15,99.00
Tue 26/05/2026 - 13:57:47,26.42,42.73,1022.26,4.15,99.00
Tue 26/05/2026 - 13:58:21,26.40,42.71,1022.17,4.15,99.00
Tue 26/05/2026 - 13:58:55,26.38,42.75,1022.19,4.15,99.00
Tue 26/05/2026 - 13:59:29,26.37,42.79,1022.19,4.15,99.00
Tue 26/05/2026 - 14:00:03,26.34,42.91,1022.14,4.15,99.00
Tue 26/05/2026 - 14:00:37,26.25,43.09,1022.20,4.15,99.00
Tue 26/05/2026 - 14:01:11,26.29,43.06,1022.17,4.15,99.00
Tue 26/05/2026 - 14:01:45,26.32,42.97,1022.14,4.15,99.00
Tue 26/05/2026 - 14:02:19,26.32,43.04,1022.10,4.15,99.00
Tue 26/05/2026 - 14:02:53,26.32,43.00,1022.11,4.15,99.00
Tue 26/05/2026 - 14:03:27,26.29,43.16,1022.14,4.15,99.00
Tue 26/05/2026 - 14:04:01,26.26,43.18,1022.11,4.15,99.00
Tue 26/05/2026 - 14:04:35,26.33,43.24,1022.15,4.15,99.00
Tue 26/05/2026 - 14:05:09,26.37,43.46,1022.18,4.15,99.00
Tue 26/05/2026 - 14:05:43,26.35,43.74,1022.19,4.15,99.00
Tue 26/05/2026 - 14:06:17,26.30,44.06,1022.13,4.16,99.00
Tue 26/05/2026 - 14:06:51,26.24,43.97,1022.10,4.16,99.00
Tue 26/05/2026 - 14:07:25,26.18,44.14,1022.11,4.15,99.00
Tue 26/05/2026 - 14:07:59,26.21,43.84,1022.14,4.15,99.00
Tue 26/05/2026 - 14:08:33,26.24,44.21,1022.13,4.16,99.00
Tue 26/05/2026 - 14:09:07,26.16,44.25,1022.14,4.16,99.00
Tue 26/05/2026 - 14:09:41,26.08,44.33,1022.13,4.15,99.00
Tue 26/05/2026 - 14:10:15,26.09,44.39,1022.06,4.15,99.00
Tue 26/05/2026 - 14:10:49,26.08,44.19,1022.10,4.15,99.00
Tue 26/05/2026 - 14:11:23,26.18,44.08,1022.14,4.15,99.00
Tue 26/05/2026 - 14:11:57,26.17,43.89,1022.07,4.15,99.00
Tue 26/05/2026 - 14:12:31,26.17,43.98,1022.06,4.15,99.00
Tue 26/05/2026 - 14:13:05,26.11,44.06,1022.08,4.15,99.00
Tue 26/05/2026 - 14:13:39,26.09,44.15,1022.04,4.15,99.00
Tue 26/05/2026 - 14:14:13,26.12,44.08,1022.09,4.15,99.00
Tue 26/05/2026 - 14:14:47,26.13,44.01,1022.08,4.15,99.00
Tue 26/05/2026 - 14:15:21,26.11,44.19,1022.10,4.15,99.00
Tue 26/05/2026 - 14:15:55,26.05,44.19,1022.08,4.15,99.00
Tue 26/05/2026 - 14:16:29,26.02,44.27,1022.09,4.15,99.00
Tue 26/05/2026 - 14:17:03,25.98,44.34,1022.10,4.15,99.00
Tue 26/05/2026 - 14:17:37,25.95,44.50,1022.08,4.15,99.00
Tue 26/05/2026 - 14:18:11,26.00,44.48,1022.11,4.15,99.00
Tue 26/05/2026 - 14:18:45,25.99,44.39,1022.05,4.15,99.00
Tue 26/05/2026 - 14:19:19,25.97,44.35,1022.06,4.15,99.00
Tue 26/05/2026 - 14:19:53,25.97,44.64,1021.99,4.15,99.00
Tue 26/05/2026 - 14:20:27,25.94,44.77,1022.09,4.15,99.00
Tue 26/05/2026 - 14:21:01,25.88,44.87,1022.04,4.15,99.00
Tue 26/05/2026 - 14:21:34,25.90,44.90,1022.08,4.15,99.00
Tue 26/05/2026 - 14:22:08,25.87,44.96,1022.10,4.15,99.00
Tue 26/05/2026 - 14:22:42,25.80,45.04,1022.01,4.15,99.00
Tue 26/05/2026 - 14:23:16,25.75,45.11,1022.01,4.15,99.00
Tue 26/05/2026 - 14:23:50,25.74,45.13,1021.99,4.15,99.00
Tue 26/05/2026 - 14:24:24,25.74,45.15,1022.03,4.15,99.00
Tue 26/05/2026 - 14:24:58,25.72,45.07,1022.02,4.15,99.00
Tue 26/05/2026 - 14:25:32,25.67,45.32,1022.04,4.15,99.00
Tue 26/05/2026 - 14:26:06,25.66,45.34,1022.07,4.15,99.00
Tue 26/05/2026 - 14:26:40,25.62,45.50,1022.03,4.15,99.00
Tue 26/05/2026 - 14:27:14,25.56,45.68,1022.13,4.15,99.00
Tue 26/05/2026 - 14:27:48,25.60,45.68,1022.08,4.15,99.00
Tue 26/05/2026 - 14:28:22,25.57,45.72,1022.05,4.15,99.00
Tue 26/05/2026 - 14:28:56,25.56,45.91,1022.10,4.15,99.00
Tue 26/05/2026 - 14:29:30,25.55,46.04,1022.07,4.15,99.00
Tue 26/05/2026 - 14:30:04,25.52,46.69,1022.11,4.15,99.00
Tue 26/05/2026 - 14:30:38,25.52,46.75,1022.05,4.15,99.00
Tue 26/05/2026 - 14:31:12,25.55,46.76,1022.16,4.15,99.00
Tue 26/05/2026 - 14:31:46,25.59,46.83,1022.07,4.15,99.00
Tue 26/05/2026 - 14:32:20,25.62,46.96,1022.06,4.15,99.00
Tue 26/05/2026 - 14:32:54,25.64,46.60,1022.06,4.15,99.00
Tue 26/05/2026 - 14:33:28,25.67,46.53,1022.03,4.15,99.00
Tue 26/05/2026 - 14:34:02,25.68,46.64,1022.05,4.15,99.00
Tue 26/05/2026 - 14:34:36,25.64,46.59,1022.10,4.15,99.00
Tue 26/05/2026 - 14:35:10,25.58,46.65,1022.00,4.15,99.00
Tue 26/05/2026 - 14:35:44,25.52,46.64,1021.99,4.15,99.00
Tue 26/05/2026 - 14:36:18,25.52,46.61,1022.05,4.15,99.00
Tue 26/05/2026 - 14:36:52,25.51,46.63,1022.03,4.15,99.00
Tue 26/05/2026 - 14:37:26,25.44,46.81,1022.07,4.15,99.00
Tue 26/05/2026 - 14:38:00,25.42,46.88,1022.03,4.15,99.00
Tue 26/05/2026 - 14:38:34,25.41,47.12,1021.98,4.15,99.00
Tue 26/05/2026 - 14:39:08,25.38,47.26,1022.04,4.15,99.00
Tue 26/05/2026 - 14:39:42,25.39,47.38,1022.06,4.15,99.00
Tue 26/05/2026 - 14:40:16,25.44,47.44,1022.01,4.15,99.00
Tue 26/05/2026 - 14:40:50,25.49,47.51,1022.01,4.15,99.00
Tue 26/05/2026 - 14:41:24,25.47,47.62,1022.04,4.15,99.00
Tue 26/05/2026 - 14:41:58,25.47,47.63,1022.03,4.15,99.00
Tue 26/05/2026 - 14:42:32,25.42,47.84,1022.03,4.15,99.00
Tue 26/05/2026 - 14:43:06,25.44,47.73,1022.07,4.15,99.00
Tue 26/05/2026 - 14:43:40,25.42,47.85,1021.98,4.15,99.00
Tue 26/05/2026 - 14:44:14,25.46,47.72,1022.01,4.15,99.00
Tue 26/05/2026 - 14:44:48,25.49,47.71,1022.05,4.15,99.00
Tue 26/05/2026 - 14:45:22,25.44,47.71,1022.01,4.15,99.00
Tue 26/05/2026 - 14:45:55,25.40,48.01,1022.02,4.15,99.00
Tue 26/05/2026 - 14:46:29,25.36,48.03,1022.01,4.15,99.00
Tue 26/05/2026 - 14:47:03,25.34,48.21,1021.98,4.15,99.00
Tue 26/05/2026 - 14:47:37,25.32,48.26,1022.00,4.15,99.00
Tue 26/05/2026 - 14:48:11,25.30,48.35,1021.96,4.15,99.00
Tue 26/05/2026 - 14:48:45,25.29,48.52,1021.94,4.15,99.00
Tue 26/05/2026 - 14:49:19,25.31,48.45,1022.01,4.15,99.00
Tue 26/05/2026 - 14:49:53,25.29,48.51,1022.02,4.15,99.00
Tue 26/05/2026 - 14:50:27,25.25,48.63,1022.04,4.15,99.00
Tue 26/05/2026 - 14:51:01,25.24,48.67,1022.07,4.15,99.00
Tue 26/05/2026 - 14:51:35,25.24,48.72,1022.02,4.15,99.00
Tue 26/05/2026 - 14:52:09,25.21,48.95,1021.97,4.15,99.00
Tue 26/05/2026 - 14:52:43,25.22,48.87,1021.99,4.15,99.00
Tue 26/05/2026 - 14:53:17,25.20,48.95,1022.01,4.15,99.00
Tue 26/05/2026 - 14:53:51,25.19,49.04,1021.99,4.15,99.00
Tue 26/05/2026 - 14:54:25,25.20,49.00,1021.98,4.15,99.00
Tue 26/05/2026 - 14:54:59,25.16,49.08,1022.00,4.15,99.00
Tue 26/05/2026 - 14:55:33,25.18,49.05,1022.03,4.15,99.00
Tue 26/05/2026 - 14:56:07,25.16,49.14,1021.97,4.15,99.00
Tue 26/05/2026 - 14:56:41,25.15,49.20,1021.97,4.15,99.00
Tue 26/05/2026 - 14:57:15,25.13,49.20,1021.97,4.15,99.00
Tue 26/05/2026 - 14:57:49,25.10,49.45,1022.02,4.15,99.00
Tue 26/05/2026 - 14:58:23,25.08,49.46,1022.02,4.15,99.00
Tue 26/05/2026 - 14:58:57,25.09,49.47,1022.01,4.15,99.00
Tue 26/05/2026 - 14:59:31,25.11,49.48,1021.94,4.15,99.00
Tue 26/05/2026 - 15:00:05,25.08,49.51,1022.02,4.15,99.00
Tue 26/05/2026 - 15:00:39,25.08,49.50,1021.96,4.15,99.00
Tue 26/05/2026 - 15:01:13,25.08,49.58,1021.93,4.15,99.00
Tue 26/05/2026 - 15:01:47,25.06,49.63,1021.99,4.15,99.00
Tue 26/05/2026 - 15:02:21,25.03,49.83,1022.05,4.15,99.00
Tue 26/05/2026 - 15:02:55,25.04,49.71,1021.98,4.15,99.00
Tue 26/05/2026 - 15:03:29,25.02,49.81,1021.97,4.15,99.00
Tue 26/05/2026 - 15:04:03,24.99,50.00,1021.98,4.15,99.00
Tue 26/05/2026 - 15:04:37,25.00,49.97,1021.97,4.15,99.00
Tue 26/05/2026 - 15:05:11,24.96,50.02,1022.02,4.15,99.00
Tue 26/05/2026 - 15:05:45,24.97,50.04,1021.95,4.15,99.00
Tue 26/05/2026 - 15:06:19,24.93,50.18,1021.98,4.15,99.00
Tue 26/05/2026 - 15:06:53,24.95,49.89,1021.99,4.15,99.00
Tue 26/05/2026 - 15:07:27,24.94,50.07,1021.98,4.15,99.00
Tue 26/05/2026 - 15:08:00,24.94,50.23,1021.97,4.15,99.00
Tue 26/05/2026 - 15:08:34,24.94,50.13,1021.95,4.15,99.00
Tue 26/05/2026 - 15:09:08,24.96,50.04,1022.03,4.15,99.00
Tue 26/05/2026 - 15:09:42,24.91,50.29,1021.89,4.15,99.00
Tue 26/05/2026 - 15:10:16,24.91,50.21,1021.95,4.15,99.00
Tue 26/05/2026 - 15:10:50,24.91,50.40,1021.92,4.15,99.00
Tue 26/05/2026 - 15:11:24,24.90,50.40,1021.99,4.15,99.00
Tue 26/05/2026 - 15:11:58,24.90,50.46,1021.99,4.15,99.00
Tue 26/05/2026 - 15:12:32,24.91,50.15,1022.03,4.15,99.00
Tue 26/05/2026 - 15:13:06,24.90,50.44,1021.99,4.15,99.00
Tue 26/05/2026 - 15:13:40,24.89,50.29,1021.91,4.15,99.00
Tue 26/05/2026 - 15:14:14,24.89,50.43,1021.92,4.15,99.00
Tue 26/05/2026 - 15:14:48,24.89,50.55,1021.91,4.15,99.00
Tue 26/05/2026 - 15:15:22,24.88,50.48,1021.91,4.15,99.00
Tue 26/05/2026 - 15:15:56,24.87,50.54,1021.96,4.15,99.00
Tue 26/05/2026 - 15:16:30,24.87,50.63,1021.99,4.15,99.00
Tue 26/05/2026 - 15:17:04,24.86,50.63,1021.93,4.15,99.00
Tue 26/05/2026 - 15:17:38,24.85,50.49,1022.01,4.15,99.00
Tue 26/05/2026 - 15:18:12,24.85,50.56,1021.96,4.15,99.00
Tue 26/05/2026 - 15:18:46,24.87,50.59,1021.99,4.15,99.00
Tue 26/05/2026 - 15:19:20,24.86,50.44,1021.98,4.15,99.00
Tue 26/05/2026 - 15:19:54,24.86,50.68,1021.98,4.15,99.00
Tue 26/05/2026 - 15:20:28,24.85,50.70,1021.96,4.15,99.00
Tue 26/05/2026 - 15:21:02,24.84,50.82,1022.00,4.15,99.00
Tue 26/05/2026 - 15:21:36,24.83,50.95,1021.97,4.15,99.00
Tue 26/05/2026 - 15:22:10,24.83,50.17,1021.95,4.15,99.00
Tue 26/05/2026 - 15:22:44,24.82,50.98,1021.98,4.15,99.00
Tue 26/05/2026 - 15:23:18,24.79,51.15,1021.91,4.15,99.00
Tue 26/05/2026 - 15:23:52,24.79,51.34,1021.88,4.15,99.00
Tue 26/05/2026 - 15:24:26,24.77,51.19,1021.91,4.15,99.00
Tue 26/05/2026 - 15:25:00,24.78,50.73,1021.89,4.15,99.00
Tue 26/05/2026 - 15:25:34,24.77,51.40,1021.93,4.15,99.00
Tue 26/05/2026 - 15:26:08,24.76,51.46,1021.89,4.15,99.00
Tue 26/05/2026 - 15:26:42,24.76,49.12,1021.85,4.15,99.00
Tue 26/05/2026 - 15:27:16,24.76,50.77,1021.91,4.15,99.00
Tue 26/05/2026 - 15:27:50,24.77,51.14,1021.87,4.15,99.00
Tue 26/05/2026 - 15:28:24,24.75,51.24,1021.90,4.15,99.00
Tue 26/05/2026 - 15:28:58,24.76,51.11,1021.89,4.15,99.00
Tue 26/05/2026 - 15:29:32,24.75,50.92,1022.00,4.15,99.00
Tue 26/05/2026 - 15:30:06,24.73,51.40,1021.91,4.15,99.00
Tue 26/05/2026 - 15:30:40,24.70,49.43,1021.94,4.15,99.00
Tue 26/05/2026 - 15:31:14,24.69,49.08,1021.90,4.15,99.00
Tue 26/05/2026 - 15:31:48,24.66,48.75,1021.93,4.15,99.00
Tue 26/05/2026 - 15:32:22,24.64,51.04,1021.95,4.15,99.00
Tue 26/05/2026 - 15:32:56,24.66,50.77,1021.96,4.15,99.00
Tue 26/05/2026 - 15:33:29,24.65,51.31,1021.92,4.15,99.00
Tue 26/05/2026 - 15:34:03,24.64,51.50,1021.90,4.15,99.00
Tue 26/05/2026 - 15:34:37,24.60,50.36,1021.85,4.15,99.00
Tue 26/05/2026 - 15:35:11,24.56,50.28,1021.90,4.15,99.00
Tue 26/05/2026 - 15:35:45,24.55,51.61,1021.89,4.15,99.00
Tue 26/05/2026 - 15:36:19,24.55,51.80,1021.89,4.15,99.00
Tue 26/05/2026 - 15:36:53,24.55,51.89,1021.94,4.15,99.00
Tue 26/05/2026 - 15:37:27,24.53,52.15,1021.94,4.15,99.00
Tue 26/05/2026 - 15:38:01,24.52,52.31,1022.00,4.15,99.00
Tue 26/05/2026 - 15:38:35,24.48,51.64,1021.87,4.15,99.00
Tue 26/05/2026 - 15:39:09,24.41,50.58,1021.86,4.15,99.00
Tue 26/05/2026 - 15:39:43,24.38,50.83,1021.96,4.15,99.00
Tue 26/05/2026 - 15:40:17,24.34,50.66,1021.92,4.15,99.00
Tue 26/05/2026 - 15:40:51,24.27,50.52,1021.84,4.15,99.00
Tue 26/05/2026 - 15:41:25,24.22,50.77,1021.92,4.15,99.00
Tue 26/05/2026 - 15:41:59,24.08,51.29,1021.91,4.15,99.00
Tue 26/05/2026 - 15:42:33,23.97,51.07,1021.94,4.15,99.00
Tue 26/05/2026 - 15:43:07,23.96,51.64,1021.92,4.15,99.00
Tue 26/05/2026 - 15:43:41,23.94,51.00,1021.95,4.15,99.00
Tue 26/05/2026 - 15:44:15,23.97,51.65,1022.00,4.14,99.00
Tue 26/05/2026 - 15:44:49,24.01,52.55,1021.93,4.14,99.00
Tue 26/05/2026 - 15:45:23,23.88,51.21,1021.94,4.15,99.00
Tue 26/05/2026 - 15:45:57,23.73,51.79,1021.97,4.15,99.00
Tue 26/05/2026 - 15:46:31,23.57,52.29,1022.02,4.15,99.00
Tue 26/05/2026 - 15:47:05,23.50,53.70,1022.02,4.15,99.00
Tue 26/05/2026 - 15:47:39,23.57,53.63,1022.03,4.15,99.00
Tue 26/05/2026 - 15:48:13,23.64,53.45,1022.01,4.15,99.00
Tue 26/05/2026 - 15:48:47,23.60,53.29,1021.92,4.15,99.00
Tue 26/05/2026 - 15:49:21,23.64,53.82,1022.03,4.15,99.00
Tue 26/05/2026 - 15:49:55,23.73,54.13,1022.01,4.15,99.00
Tue 26/05/2026 - 15:50:29,23.74,54.10,1021.95,4.15,99.00
Tue 26/05/2026 - 15:51:03,23.71,53.22,1022.04,4.15,99.00
Tue 26/05/2026 - 15:51:37,23.71,53.74,1022.03,4.15,99.00
Tue 26/05/2026 - 15:52:11,23.77,54.57,1022.01,4.15,99.00
Tue 26/05/2026 - 15:52:45,23.82,54.75,1022.07,4.15,99.00
Tue 26/05/2026 - 15:53:19,23.75,54.00,1022.06,4.15,99.00
Tue 26/05/2026 - 15:53:53,23.69,53.30,1022.03,4.15,99.00
Tue 26/05/2026 - 15:54:27,23.61,52.85,1022.04,4.15,99.00
Tue 26/05/2026 - 15:55:01,23.53,54.17,1022.01,4.15,99.00
Tue 26/05/2026 - 15:55:35,23.53,54.48,1022.03,4.15,99.00
Tue 26/05/2026 - 15:56:09,23.48,52.99,1022.09,4.15,99.00
Tue 26/05/2026 - 15:56:43,23.57,53.88,1022.10,4.14,99.00
Tue 26/05/2026 - 15:57:17,23.64,54.58,1022.09,4.15,99.00
Tue 26/05/2026 - 15:57:51,23.71,54.24,1022.09,4.14,99.00
Tue 26/05/2026 - 15:58:25,23.74,55.12,1022.06,4.14,99.00
Tue 26/05/2026 - 15:58:59,23.76,54.92,1022.09,4.14,99.00
Tue 26/05/2026 - 15:59:33,23.73,54.16,1022.02,4.14,99.00
Tue 26/05/2026 - 16:00:07,23.52,52.55,1022.04,4.14,99.00
Tue 26/05/2026 - 16:00:41,23.41,54.77,1021.97,4.14,99.00
Tue 26/05/2026 - 16:01:14,23.27,54.75,1021.98,4.14,99.00
Tue 26/05/2026 - 16:01:48,23.31,55.99,1021.95,4.14,99.00
Tue 26/05/2026 - 16:02:22,23.31,56.12,1022.01,4.14,99.00
Tue 26/05/2026 - 16:02:56,23.37,55.98,1022.01,4.14,99.00
Tue 26/05/2026 - 16:03:30,23.33,55.15,1022.02,4.14,99.00
Tue 26/05/2026 - 16:04:04,23.31,56.11,1022.04,4.14,99.00
Tue 26/05/2026 - 16:04:38,23.21,55.18,1022.01,4.14,99.00
Tue 26/05/2026 - 16:05:12,23.21,55.77,1022.01,4.14,99.00
Tue 26/05/2026 - 16:05:46,23.10,55.54,1022.05,4.14,99.00
Tue 26/05/2026 - 16:06:20,23.09,56.19,1022.05,4.14,99.00
Tue 26/05/2026 - 16:06:54,23.08,56.28,1021.98,4.14,99.00
Tue 26/05/2026 - 16:07:28,22.98,55.49,1022.08,4.14,99.00
Tue 26/05/2026 - 16:08:02,22.99,56.37,1022.01,4.14,99.00
Tue 26/05/2026 - 16:08:36,22.90,56.55,1022.03,4.14,99.00
Tue 26/05/2026 - 16:09:10,22.81,56.35,1021.98,4.14,99.00
Tue 26/05/2026 - 16:09:44,22.80,57.66,1022.01,4.14,99.00
Tue 26/05/2026 - 16:10:18,22.78,56.32,1022.09,4.14,99.00
Tue 26/05/2026 - 16:10:52,22.69,56.96,1021.98,4.14,99.00
Tue 26/05/2026 - 16:11:26,22.61,58.04,1021.96,4.14,99.00
Tue 26/05/2026 - 16:12:00,22.57,57.86,1022.07,4.14,99.00
Tue 26/05/2026 - 16:12:34,22.49,57.43,1022.03,4.14,99.00
Tue 26/05/2026 - 16:13:08,22.45,58.60,1022.08,4.14,99.00
Tue 26/05/2026 - 16:13:42,22.47,57.65,1022.11,4.14,99.00
Tue 26/05/2026 - 16:14:16,22.44,56.94,1022.14,4.14,99.00
Tue 26/05/2026 - 16:14:50,22.45,57.81,1022.11,4.14,99.00
Tue 26/05/2026 - 16:15:24,22.43,57.71,1022.10,4.14,99.00
Tue 26/05/2026 - 16:15:58,22.35,56.78,1022.15,4.14,99.00
Tue 26/05/2026 - 16:16:32,22.24,56.52,1022.11,4.14,99.00
Tue 26/05/2026 - 16:17:06,22.16,57.72,1022.08,4.14,99.00
Tue 26/05/2026 - 16:17:40,22.08,59.21,1022.12,4.14,99.00
Tue 26/05/2026 - 16:18:14,22.14,60.49,1021.98,4.14,99.00
Tue 26/05/2026 - 16:18:48,22.26,60.59,1022.08,4.14,99.00
Tue 26/05/2026 - 16:19:22,22.22,59.89,1022.12,4.14,99.00
Tue 26/05/2026 - 16:19:56,22.23,59.27,1022.14,4.14,99.00
Tue 26/05/2026 - 16:20:30,22.16,60.64,1022.08,4.14,99.00
Tue 26/05/2026 - 16:21:04,22.09,60.82,1022.15,4.14,99.00
Tue 26/05/2026 - 16:21:38,22.11,60.22,1022.16,4.14,99.00
Tue 26/05/2026 - 16:22:12,22.15,61.38,1022.14,4.14,99.00
Tue 26/05/2026 - 16:22:46,22.11,60.72,1022.13,4.14,99.00
Tue 26/05/2026 - 16:23:20,22.06,60.28,1022.18,4.14,99.00
Tue 26/05/2026 - 16:23:54,22.01,61.21,1022.14,4.14,99.00
Tue 26/05/2026 - 16:24:28,21.95,61.19,1022.22,4.14,99.00
Tue 26/05/2026 - 16:25:02,21.92,61.03,1022.18,4.14,99.00
Tue 26/05/2026 - 16:25:35,21.83,61.52,1022.12,4.14,99.00
Tue 26/05/2026 - 16:26:09,21.80,61.69,1022.17,4.14,99.00
Tue 26/05/2026 - 16:26:43,21.75,60.56,1022.17,4.14,99.00
Tue 26/05/2026 - 16:27:17,21.71,62.17,1022.16,4.14,99.00
Tue 26/05/2026 - 16:27:51,21.64,61.30,1022.22,4.14,99.00
Tue 26/05/2026 - 16:28:25,21.69,63.23,1022.20,4.14,99.00
Tue 26/05/2026 - 16:28:59,21.70,62.89,1022.21,4.14,99.00
Tue 26/05/2026 - 16:29:33,21.74,62.86,1022.23,4.14,99.00
Tue 26/05/2026 - 16:30:07,21.79,63.85,1022.27,4.14,99.00
Tue 26/05/2026 - 16:30:41,21.84,63.46,1022.30,4.14,99.00
Tue 26/05/2026 - 16:31:15,21.86,63.47,1022.30,4.14,99.00
Tue 26/05/2026 - 16:31:49,21.86,63.97,1022.24,4.14,99.00
Tue 26/05/2026 - 16:32:23,21.86,63.15,1022.33,4.14,99.00
Tue 26/05/2026 - 16:32:57,21.86,63.65,1022.30,4.14,99.00
Tue 26/05/2026 - 16:33:31,21.89,63.88,1022.34,4.14,99.00
Tue 26/05/2026 - 16:34:05,21.95,64.00,1022.39,4.14,99.00
Tue 26/05/2026 - 16:34:39,21.89,62.48,1022.34,4.14,99.00
Tue 26/05/2026 - 16:35:13,21.91,63.89,1022.36,4.14,99.00
Tue 26/05/2026 - 16:35:47,21.96,63.95,1022.32,4.14,99.00
Tue 26/05/2026 - 16:36:21,21.96,63.89,1022.37,4.14,99.00
Tue 26/05/2026 - 16:36:55,21.98,64.29,1022.42,4.14,99.00
Tue 26/05/2026 - 16:37:29,21.96,64.19,1022.41,4.14,99.00
Tue 26/05/2026 - 16:38:03,21.92,64.03,1022.36,4.14,99.00
Tue 26/05/2026 - 16:38:37,21.95,63.87,1022.36,4.14,99.00
Tue 26/05/2026 - 16:39:11,21.86,63.00,1022.28,4.14,99.00
Tue 26/05/2026 - 16:39:45,21.80,64.27,1022.36,4.14,98.00
Tue 26/05/2026 - 16:40:19,21.74,63.98,1022.29,4.14,99.00
Tue 26/05/2026 - 16:40:53,21.68,64.44,1022.29,4.14,98.00
Tue 26/05/2026 - 16:41:27,21.63,63.58,1022.40,4.14,98.00
Tue 26/05/2026 - 16:42:01,21.69,65.43,1022.30,4.14,99.00
Tue 26/05/2026 - 16:42:35,21.72,64.78,1022.35,4.14,99.00
Tue 26/05/2026 - 16:43:09,21.77,64.92,1022.33,4.14,98.00
Tue 26/05/2026 - 16:43:43,21.77,65.03,1022.36,4.14,98.00
Tue 26/05/2026 - 16:44:17,21.75,65.00,1022.33,4.14,98.00
Tue 26/05/2026 - 16:44:51,21.73,65.19,1022.43,4.14,99.00
Tue 26/05/2026 - 16:45:25,21.71,65.20,1022.37,4.14,99.00
Tue 26/05/2026 - 16:45:59,21.65,64.49,1022.34,4.14,99.00
Tue 26/05/2026 - 16:46:33,21.49,65.04,1022.37,4.14,98.00
Tue 26/05/2026 - 16:47:07,21.41,66.07,1022.37,4.14,98.00
Tue 26/05/2026 - 16:47:41,21.44,66.31,1022.39,4.14,99.00
Tue 26/05/2026 - 16:48:15,21.45,66.53,1022.39,4.14,99.00
Tue 26/05/2026 - 16:48:49,21.46,66.15,1022.40,4.14,99.00
Tue 26/05/2026 - 16:49:23,21.45,66.70,1022.44,4.14,98.00
Tue 26/05/2026 - 16:49:57,21.35,66.62,1022.40,4.14,99.00
Tue 26/05/2026 - 16:50:31,21.35,65.95,1022.49,4.14,98.00
Tue 26/05/2026 - 16:51:04,21.32,66.14,1022.49,4.14,98.00
Tue 26/05/2026 - 16:51:38,21.26,67.19,1022.52,4.14,98.00
Tue 26/05/2026 - 16:52:12,21.25,67.77,1022.53,4.14,98.00
Tue 26/05/2026 - 16:52:46,21.29,67.69,1022.55,4.13,98.00
Tue 26/05/2026 - 16:53:20,21.28,65.80,1022.56,4.13,98.00
Tue 26/05/2026 - 16:53:54,21.28,68.26,1022.61,4.14,98.00
Tue 26/05/2026 - 16:54:28,21.23,67.23,1022.64,4.13,98.00
Tue 26/05/2026 - 16:55:02,21.20,66.23,1022.58,4.13,98.00
Tue 26/05/2026 - 16:55:36,21.21,68.18,1022.68,4.13,98.00
Tue 26/05/2026 - 16:56:10,21.21,69.26,1022.62,4.13,98.00
Tue 26/05/2026 - 16:56:44,21.17,68.48,1022.62,4.13,98.00
Tue 26/05/2026 - 16:57:18,21.13,68.23,1022.65,4.13,98.00
Tue 26/05/2026 - 16:57:52,21.06,68.41,1022.64,4.13,98.00
Tue 26/05/2026 - 16:58:26,20.95,69.22,1022.74,4.13,98.00
Tue 26/05/2026 - 16:59:00,20.93,69.14,1022.78,4.13,98.00
Tue 26/05/2026 - 16:59:34,20.90,69.48,1022.81,4.13,98.00
Tue 26/05/2026 - 17:00:08,20.93,71.51,1022.70,4.13,98.00
Tue 26/05/2026 - 17:00:42,20.93,69.30,1022.70,4.13,98.00
Tue 26/05/2026 - 17:01:16,21.01,71.84,1022.82,4.13,98.00
Tue 26/05/2026 - 17:01:50,21.07,71.65,1022.71,4.13,98.00
Tue 26/05/2026 - 17:02:24,21.11,71.92,1022.72,4.13,98.00
Tue 26/05/2026 - 17:02:58,21.13,72.15,1022.70,4.13,98.00
Tue 26/05/2026 - 17:03:32,21.15,72.59,1022.68,4.13,98.00
Tue 26/05/2026 - 17:04:06,21.16,72.48,1022.73,4.13,98.00
Tue 26/05/2026 - 17:04:40,21.18,72.71,1022.63,4.13,98.00
Tue 26/05/2026 - 17:05:14,21.20,72.58,1022.69,4.13,98.00
Tue 26/05/2026 - 17:05:48,21.21,72.43,1022.69,4.13,98.00
Tue 26/05/2026 - 17:06:22,21.21,72.77,1022.60,4.13,98.00
Tue 26/05/2026 - 17:06:56,21.22,72.88,1022.64,4.13,98.00
Tue 26/05/2026 - 17:07:30,21.23,72.79,1022.64,4.13,98.00
Tue 26/05/2026 - 17:08:04,21.22,72.78,1022.65,4.13,98.00
Tue 26/05/2026 - 17:08:38,21.23,73.03,1022.67,4.13,98.00
Tue 26/05/2026 - 17:09:12,21.25,72.88,1022.68,4.13,98.00
Tue 26/05/2026 - 17:09:46,21.26,72.70,1022.66,4.13,98.00
Tue 26/05/2026 - 17:10:20,21.27,72.76,1022.62,4.13,98.00
Tue 26/05/2026 - 17:10:54,21.28,72.87,1022.65,4.13,98.00
Tue 26/05/2026 - 17:11:28,21.28,73.00,1022.69,4.13,98.00
Tue 26/05/2026 - 17:12:02,21.28,72.89,1022.70,4.13,98.00
Tue 26/05/2026 - 17:12:36,21.28,73.03,1022.66,4.13,98.00
Tue 26/05/2026 - 17:13:10,21.27,73.08,1022.67,4.13,98.00
Tue 26/05/2026 - 17:13:44,21.27,72.72,1022.65,4.13,98.00
Tue 26/05/2026 - 17:14:18,21.27,72.78,1022.67,4.13,98.00
Tue 26/05/2026 - 17:14:52,21.26,72.56,1022.66,4.13,98.00
Tue 26/05/2026 - 17:15:26,21.26,72.81,1022.68,4.13,98.00
Tue 26/05/2026 - 17:16:00,21.25,72.62,1022.61,4.13,98.00
Tue 26/05/2026 - 17:16:34,21.24,72.85,1022.60,4.13,98.00
Tue 26/05/2026 - 17:17:08,21.23,72.92,1022.64,4.13,98.00
Tue 26/05/2026 - 17:17:42,21.23,72.83,1022.61,4.13,98.00
Tue 26/05/2026 - 17:18:16,21.23,72.86,1022.71,4.13,98.00
Tue 26/05/2026 - 17:18:50,21.22,73.03,1022.68,4.13,98.00
Tue 26/05/2026 - 17:19:24,21.22,73.25,1022.72,4.13,98.00
Tue 26/05/2026 - 17:19:58,21.21,73.51,1022.69,4.13,98.00
Tue 26/05/2026 - 17:20:32,21.21,73.46,1022.61,4.13,98.00
Tue 26/05/2026 - 17:21:06,21.20,73.68,1022.62,4.13,98.00
Tue 26/05/2026 - 17:21:40,21.19,74.06,1022.62,4.13,98.00
Tue 26/05/2026 - 17:22:14,21.17,74.15,1022.67,4.13,98.00
Tue 26/05/2026 - 17:22:48,21.15,74.22,1022.60,4.13,98.00
Tue 26/05/2026 - 17:23:22,21.13,74.47,1022.60,4.13,98.00
Tue 26/05/2026 - 17:23:56,21.10,74.57,1022.61,4.13,98.00
Tue 26/05/2026 - 17:24:30,21.08,74.75,1022.57,4.13,98.00
Tue 26/05/2026 - 17:25:04,21.08,74.72,1022.62,4.13,98.00
Tue 26/05/2026 - 17:25:38,21.05,74.66,1022.60,4.13,98.00
Tue 26/05/2026 - 17:26:12,21.03,74.74,1022.59,4.13,98.00
Tue 26/05/2026 - 17:26:46,21.01,74.73,1022.58,4.13,98.00
Tue 26/05/2026 - 17:27:20,21.00,74.61,1022.59,4.13,98.00
Tue 26/05/2026 - 17:27:54,20.97,74.96,1022.66,4.13,98.00
Tue 26/05/2026 - 17:28:28,20.97,74.86,1022.57,4.13,98.00
Tue 26/05/2026 - 17:29:02,20.95,74.72,1022.63,4.13,98.00
Tue 26/05/2026 - 17:29:36,20.94,75.12,1022.69,4.13,98.00
Tue 26/05/2026 - 17:30:10,20.91,75.47,1022.56,4.13,98.00
Tue 26/05/2026 - 17:30:44,20.91,75.38,1022.63,4.13,98.00
Tue 26/05/2026 - 17:31:18,20.87,75.83,1022.71,4.13,98.00
Tue 26/05/2026 - 17:31:52,20.90,74.75,1022.76,4.13,98.00
Tue 26/05/2026 - 17:32:26,20.93,74.18,1022.68,4.13,98.00
Tue 26/05/2026 - 17:33:00,20.96,73.95,1022.65,4.13,98.00
Tue 26/05/2026 - 17:33:34,20.97,73.84,1022.72,4.13,98.00
Tue 26/05/2026 - 17:34:07,20.99,73.60,1022.68,4.13,98.00
Tue 26/05/2026 - 17:34:41,21.01,73.73,1022.69,4.13,98.00
Tue 26/05/2026 - 17:35:15,21.01,73.68,1022.69,4.13,98.00
Tue 26/05/2026 - 17:35:49,21.01,73.68,1022.64,4.13,98.00
Tue 26/05/2026 - 17:36:23,21.02,73.88,1022.66,4.13,98.00
Tue 26/05/2026 - 17:36:57,21.02,73.79,1022.71,4.13,98.00
Tue 26/05/2026 - 17:37:31,21.02,73.67,1022.68,4.13,98.00
Tue 26/05/2026 - 17:38:05,21.03,73.76,1022.81,4.13,98.00
Tue 26/05/2026 - 17:38:39,21.03,73.75,1022.72,4.13,98.00
Tue 26/05/2026 - 17:39:13,21.02,73.85,1022.85,4.13,98.00
Tue 26/05/2026 - 17:39:47,21.02,73.85,1022.69,4.13,98.00
Tue 26/05/2026 - 17:40:21,21.02,74.08,1022.71,4.13,98.00
Tue 26/05/2026 - 17:40:55,21.03,74.16,1022.78,4.13,98.00
Tue 26/05/2026 - 17:41:29,21.02,74.01,1022.79,4.13,98.00
Tue 26/05/2026 - 17:42:03,21.03,74.15,1022.78,4.12,98.00
Tue 26/05/2026 - 17:42:37,21.01,74.27,1022.75,4.12,98.00
Tue 26/05/2026 - 17:43:11,21.02,74.30,1022.79,4.12,98.00
Tue 26/05/2026 - 17:43:45,21.00,74.37,1022.73,4.13,98.00
Tue 26/05/2026 - 17:44:19,21.00,74.39,1022.75,4.13,98.00
Tue 26/05/2026 - 17:44:53,21.00,74.32,1022.72,4.12,98.00
Tue 26/05/2026 - 17:45:27,20.99,74.48,1022.77,4.12,98.00
Tue 26/05/2026 - 17:46:01,21.00,74.52,1022.78,4.13,98.00
Tue 26/05/2026 - 17:46:35,20.99,74.46,1022.79,4.12,98.00
Tue 26/05/2026 - 17:47:09,20.99,74.43,1022.79,4.13,98.00
Tue 26/05/2026 - 17:47:43,20.97,74.59,1022.77,4.12,98.00
Tue 26/05/2026 - 17:48:17,20.96,74.65,1022.78,4.12,98.00
Tue 26/05/2026 - 17:48:51,20.96,74.44,1022.75,4.12,98.00
Tue 26/05/2026 - 17:49:25,20.95,74.56,1022.85,4.12,98.00
Tue 26/05/2026 - 17:49:59,20.95,74.47,1022.73,4.12,98.00
Tue 26/05/2026 - 17:50:33,20.94,74.59,1022.83,4.12,98.00
Tue 26/05/2026 - 17:51:07,20.93,74.57,1022.78,4.12,98.00
Tue 26/05/2026 - 17:51:41,20.92,74.68,1022.85,4.12,98.00
Tue 26/05/2026 - 17:52:15,20.91,74.76,1022.77,4.12,98.00
Tue 26/05/2026 - 17:52:49,20.91,74.74,1022.78,4.12,98.00
Tue 26/05/2026 - 17:53:23,20.89,74.98,1022.80,4.12,98.00
Tue 26/05/2026 - 17:53:57,20.89,74.87,1022.79,4.12,98.00
Tue 26/05/2026 - 17:54:31,20.88,74.97,1022.78,4.12,98.00
Tue 26/05/2026 - 17:55:05,20.87,74.91,1022.81,4.12,98.00
Tue 26/05/2026 - 17:55:39,20.86,75.13,1022.79,4.12,98.00
Tue 26/05/2026 - 17:56:13,20.85,75.32,1022.80,4.12,98.00
Tue 26/05/2026 - 17:56:47,20.85,75.20,1022.84,4.12,98.00
Tue 26/05/2026 - 17:57:21,20.84,75.42,1022.85,4.12,98.00
Tue 26/05/2026 - 17:57:55,20.83,75.40,1022.83,4.12,98.00
Tue 26/05/2026 - 17:58:29,20.82,75.64,1022.84,4.12,98.00
Tue 26/05/2026 - 17:59:03,20.82,75.60,1022.86,4.12,98.00
Tue 26/05/2026 - 17:59:37,20.81,75.61,1022.87,4.12,98.00
Tue 26/05/2026 - 18:00:11,20.80,75.71,1022.86,4.12,98.00
Tue 26/05/2026 - 18:00:45,20.80,75.75,1022.83,4.12,98.00
Tue 26/05/2026 - 18:01:19,20.78,75.89,1022.93,4.12,98.00
Tue 26/05/2026 - 18:01:53,20.78,75.89,1022.87,4.12,98.00
Tue 26/05/2026 - 18:02:27,20.78,75.99,1022.92,4.12,98.00
Tue 26/05/2026 - 18:03:01,20.76,76.15,1022.93,4.12,98.00
Tue 26/05/2026 - 18:03:35,20.76,76.30,1022.90,4.12,98.00
Tue 26/05/2026 - 18:04:09,20.75,76.58,1022.91,4.12,98.00
Tue 26/05/2026 - 18:04:43,20.75,76.50,1023.02,4.12,98.00
Tue 26/05/2026 - 18:05:17,20.74,76.80,1022.91,4.12,98.00
Tue 26/05/2026 - 18:05:51,20.73,76.93,1022.95,4.12,98.00
Tue 26/05/2026 - 18:06:25,20.72,77.16,1022.91,4.12,98.00
Tue 26/05/2026 - 18:06:59,20.72,77.53,1022.93,4.12,98.00
Tue 26/05/2026 - 18:07:33,20.70,77.76,1023.01,4.12,98.00
Tue 26/05/2026 - 18:08:07,20.70,77.78,1023.00,4.12,98.00
Tue 26/05/2026 - 18:08:41,20.69,77.82,1022.97,4.12,98.00
Tue 26/05/2026 - 18:09:15,20.68,78.28,1022.95,4.12,98.00
Tue 26/05/2026 - 18:09:49,20.67,78.36,1022.96,4.12,98.00
Tue 26/05/2026 - 18:10:23,20.66,78.51,1022.97,4.12,98.00
Tue 26/05/2026 - 18:10:57,20.66,78.68,1022.96,4.12,98.00
Tue 26/05/2026 - 18:11:31,20.64,78.87,1022.96,4.12,98.00
Tue 26/05/2026 - 18:12:05,20.65,78.91,1023.01,4.12,98.00
Tue 26/05/2026 - 18:12:39,20.64,79.14,1023.04,4.12,98.00
Tue 26/05/2026 - 18:13:13,20.64,79.16,1023.02,4.12,98.00
Tue 26/05/2026 - 18:13:47,20.63,79.18,1022.95,4.12,98.00
Tue 26/05/2026 - 18:14:21,20.62,79.19,1023.01,4.12,98.00
Tue 26/05/2026 - 18:14:55,20.60,79.42,1023.00,4.12,98.00
Tue 26/05/2026 - 18:15:29,20.60,79.60,1023.00,4.12,98.00
Tue 26/05/2026 - 18:16:03,20.59,79.67,1022.93,4.12,98.00
Tue 26/05/2026 - 18:16:37,20.59,79.89,1023.08,4.12,98.00
Tue 26/05/2026 - 18:17:11,20.59,79.95,1023.07,4.12,98.00
Tue 26/05/2026 - 18:17:45,20.57,80.21,1023.03,4.12,98.00
Tue 26/05/2026 - 18:18:19,20.56,80.39,1022.99,4.12,98.00
Tue 26/05/2026 - 18:18:53,20.55,80.69,1023.05,4.12,98.00
Tue 26/05/2026 - 18:19:27,20.54,81.00,1022.95,4.12,98.00
Tue 26/05/2026 - 18:20:01,20.52,81.07,1022.97,4.12,98.00
Tue 26/05/2026 - 18:20:35,20.52,80.89,1023.03,4.12,98.00
Tue 26/05/2026 - 18:21:09,20.52,81.33,1023.03,4.12,98.00
Tue 26/05/2026 - 18:21:43,20.50,81.18,1022.94,4.12,98.00
Tue 26/05/2026 - 18:22:17,20.48,81.21,1022.90,4.12,98.00
Tue 26/05/2026 - 18:22:50,20.48,81.20,1022.99,4.12,98.00
Tue 26/05/2026 - 18:23:24,20.48,81.22,1022.97,4.12,98.00
Tue 26/05/2026 - 18:23:58,20.46,81.30,1023.01,4.12,98.00
Tue 26/05/2026 - 18:24:32,20.46,81.45,1022.98,4.12,98.00
Tue 26/05/2026 - 18:25:06,20.45,81.41,1023.05,4.12,98.00
Tue 26/05/2026 - 18:25:40,20.44,81.40,1023.00,4.12,98.00
Tue 26/05/2026 - 18:26:14,20.44,81.50,1023.00,4.12,98.00
Tue 26/05/2026 - 18:26:48,20.42,81.53,1023.07,4.12,98.00
Tue 26/05/2026 - 18:27:22,20.42,81.45,1023.03,4.12,98.00
Tue 26/05/2026 - 18:27:56,20.41,81.54,1023.06,4.12,98.00
Tue 26/05/2026 - 18:28:30,20.40,81.67,1022.99,4.12,98.00
Tue 26/05/2026 - 18:29:04,20.38,81.63,1023.04,4.12,98.00
Tue 26/05/2026 - 18:29:38,20.39,81.63,1023.13,4.12,98.00
Tue 26/05/2026 - 18:30:12,20.37,81.67,1023.01,4.12,98.00
Tue 26/05/2026 - 18:30:46,20.36,81.74,1023.02,4.12,98.00
Tue 26/05/2026 - 18:31:20,20.34,81.94,1023.04,4.12,98.00
Tue 26/05/2026 - 18:31:54,20.35,81.99,1023.09,4.12,98.00
Tue 26/05/2026 - 18:32:28,20.32,82.33,1023.06,4.12,98.00
Tue 26/05/2026 - 18:33:02,20.30,82.08,1023.08,4.12,98.00
Tue 26/05/2026 - 18:33:36,20.30,82.05,1023.04,4.12,98.00
Tue 26/05/2026 - 18:34:10,20.29,82.41,1022.96,4.12,98.00
Tue 26/05/2026 - 18:34:44,20.27,82.55,1023.03,4.12,98.00
Tue 26/05/2026 - 18:35:18,20.27,82.88,1023.03,4.12,98.00
Tue 26/05/2026 - 18:35:52,20.26,83.18,1023.04,4.12,98.00
Tue 26/05/2026 - 18:36:26,20.25,83.19,1023.05,4.12,98.00
Tue 26/05/2026 - 18:37:00,20.24,83.18,1023.09,4.12,98.00
Tue 26/05/2026 - 18:37:34,20.23,83.53,1023.04,4.12,98.00
Tue 26/05/2026 - 18:38:08,20.23,83.58,1023.01,4.11,98.00
Tue 26/05/2026 - 18:38:42,20.23,83.58,1023.07,4.11,98.00
Tue 26/05/2026 - 18:39:16,20.21,83.66,1023.03,4.12,98.00
Tue 26/05/2026 - 18:39:50,20.21,83.94,1023.09,4.12,98.00
Tue 26/05/2026 - 18:40:24,20.19,84.30,1023.09,4.12,98.00
Tue 26/05/2026 - 18:40:58,20.19,84.16,1023.14,4.12,98.00
Tue 26/05/2026 - 18:41:32,20.18,84.28,1023.01,4.12,98.00
Tue 26/05/2026 - 18:42:06,20.17,84.48,1023.03,4.11,98.00
Tue 26/05/2026 - 18:42:40,20.16,84.49,1023.11,4.12,98.00
Tue 26/05/2026 - 18:43:14,20.16,84.67,1023.12,4.12,98.00
Tue 26/05/2026 - 18:43:48,20.13,84.95,1023.04,4.12,98.00
Tue 26/05/2026 - 18:44:22,20.11,85.02,1023.14,4.12,98.00
Tue 26/05/2026 - 18:44:56,20.07,86.08,1023.07,4.12,98.00
Tue 26/05/2026 - 18:45:30,20.03,86.81,1023.12,4.12,98.00
Tue 26/05/2026 - 18:46:04,20.02,86.90,1023.15,4.11,98.00
Tue 26/05/2026 - 18:46:38,20.00,87.01,1023.18,4.11,98.00
Tue 26/05/2026 - 18:47:12,20.01,87.62,1023.19,4.11,98.00
Tue 26/05/2026 - 18:47:46,20.00,87.74,1023.18,4.11,98.00
Tue 26/05/2026 - 18:48:20,20.00,87.82,1023.18,4.11,98.00
Tue 26/05/2026 - 18:48:54,19.99,87.98,1023.11,4.11,98.00
Tue 26/05/2026 - 18:49:28,19.99,88.11,1023.21,4.11,98.00
Tue 26/05/2026 - 18:50:02,19.98,88.40,1023.17,4.11,98.00
Tue 26/05/2026 - 18:50:36,19.98,88.61,1023.19,4.11,98.00
Tue 26/05/2026 - 18:51:10,19.97,88.56,1023.18,4.11,98.00
Tue 26/05/2026 - 18:51:44,19.97,88.66,1023.22,4.11,98.00
Tue 26/05/2026 - 18:52:18,19.96,88.62,1023.27,4.11,98.00
Tue 26/05/2026 - 18:52:52,19.95,88.65,1023.23,4.11,98.00
Tue 26/05/2026 - 18:53:26,19.94,88.66,1023.24,4.11,98.00
Tue 26/05/2026 - 18:54:00,19.94,88.52,1023.31,4.11,98.00
Tue 26/05/2026 - 18:54:34,19.93,88.62,1023.25,4.11,98.00
Tue 26/05/2026 - 18:55:08,19.93,88.53,1023.25,4.11,98.00
Tue 26/05/2026 - 18:55:42,19.92,88.63,1023.27,4.11,98.00
Tue 26/05/2026 - 18:56:16,19.91,88.67,1023.24,4.11,98.00
Tue 26/05/2026 - 18:56:50,19.90,88.77,1023.28,4.11,98.00
Tue 26/05/2026 - 18:57:24,19.90,88.73,1023.30,4.11,98.00
Tue 26/05/2026 - 18:57:58,19.89,88.78,1023.28,4.11,98.00
Tue 26/05/2026 - 18:58:32,19.89,88.66,1023.33,4.11,98.00
Tue 26/05/2026 - 18:59:06,19.87,88.76,1023.28,4.11,98.00
Tue 26/05/2026 - 18:59:40,19.87,88.83,1023.35,4.11,98.00
Tue 26/05/2026 - 19:00:14,19.85,88.86,1023.32,4.11,98.00
Tue 26/05/2026 - 19:00:48,19.84,88.90,1023.24,4.11,98.00
Tue 26/05/2026 - 19:01:22,19.84,88.90,1023.33,4.11,98.00
Tue 26/05/2026 - 19:01:56,19.84,88.97,1023.39,4.11,98.00
Tue 26/05/2026 - 19:02:30,19.83,88.99,1023.37,4.11,98.00
Tue 26/05/2026 - 19:03:04,19.82,89.00,1023.40,4.11,98.00
Tue 26/05/2026 - 19:03:38,19.80,88.94,1023.32,4.11,98.00
Tue 26/05/2026 - 19:04:12,19.80,89.00,1023.37,4.11,98.00
Tue 26/05/2026 - 19:04:46,19.79,89.07,1023.38,4.11,98.00
Tue 26/05/2026 - 19:05:20,19.78,89.13,1023.36,4.11,98.00
Tue 26/05/2026 - 19:05:54,19.78,89.20,1023.44,4.11,98.00
Tue 26/05/2026 - 19:06:28,19.76,89.36,1023.39,4.11,98.00
Tue 26/05/2026 - 19:07:02,19.75,89.27,1023.41,4.11,98.00
Tue 26/05/2026 - 19:07:36,19.74,89.22,1023.37,4.11,98.00
Tue 26/05/2026 - 19:08:10,19.74,89.30,1023.41,4.11,98.00
Tue 26/05/2026 - 19:08:44,19.73,89.38,1023.42,4.11,98.00
Tue 26/05/2026 - 19:09:18,19.72,89.45,1023.42,4.11,98.00
Tue 26/05/2026 - 19:09:52,19.71,89.40,1023.44,4.11,98.00
Tue 26/05/2026 - 19:10:26,19.71,89.39,1023.52,4.11,98.00
Tue 26/05/2026 - 19:11:00,19.69,89.44,1023.45,4.11,98.00
Tue 26/05/2026 - 19:11:34,19.70,89.57,1023.52,4.11,98.00
Tue 26/05/2026 - 19:12:08,19.68,89.59,1023.52,4.11,98.00
Tue 26/05/2026 - 19:12:42,19.68,89.49,1023.55,4.11,98.00
Tue 26/05/2026 - 19:13:16,19.67,89.52,1023.58,4.11,98.00
Tue 26/05/2026 - 19:13:50,19.67,89.47,1023.53,4.11,98.00
Tue 26/05/2026 - 19:14:24,19.66,89.52,1023.62,4.11,98.00
Tue 26/05/2026 - 19:14:58,19.65,89.66,1023.62,4.11,98.00
Tue 26/05/2026 - 19:15:32,19.65,89.57,1023.58,4.11,98.00
Tue 26/05/2026 - 19:16:06,19.64,89.54,1023.55,4.11,98.00
Tue 26/05/2026 - 19:16:40,19.63,89.49,1023.61,4.11,98.00
Tue 26/05/2026 - 19:17:14,19.64,89.58,1023.64,4.11,98.00
Tue 26/05/2026 - 19:17:47,19.62,89.58,1023.60,4.11,98.00
Tue 26/05/2026 - 19:18:21,19.62,89.56,1023.51,4.11,98.00
Tue 26/05/2026 - 19:18:55,19.60,89.64,1023.55,4.11,98.00
Tue 26/05/2026 - 19:19:29,19.60,89.70,1023.49,4.11,98.00
Tue 26/05/2026 - 19:20:03,19.59,89.63,1023.56,4.11,98.00
Tue 26/05/2026 - 19:20:37,19.59,89.59,1023.61,4.11,98.00
Tue 26/05/2026 - 19:21:11,19.58,89.68,1023.54,4.11,98.00
Tue 26/05/2026 - 19:21:45,19.58,89.66,1023.56,4.11,98.00
Tue 26/05/2026 - 19:22:19,19.56,89.74,1023.53,4.11,98.00
Tue 26/05/2026 - 19:22:53,19.56,89.69,1023.53,4.11,98.00
Tue 26/05/2026 - 19:23:27,19.56,89.66,1023.53,4.11,98.00
Tue 26/05/2026 - 19:24:01,19.56,89.68,1023.58,4.11,98.00
Tue 26/05/2026 - 19:24:35,19.55,89.75,1023.51,4.11,98.00
Tue 26/05/2026 - 19:25:09,19.54,89.82,1023.57,4.11,98.00
Tue 26/05/2026 - 19:25:43,19.53,89.82,1023.59,4.11,98.00
Tue 26/05/2026 - 19:26:17,19.53,89.75,1023.57,4.11,98.00
Tue 26/05/2026 - 19:26:51,19.52,89.74,1023.66,4.11,98.00
Tue 26/05/2026 - 19:27:25,19.53,89.79,1023.61,4.11,98.00
Tue 26/05/2026 - 19:27:59,19.53,89.80,1023.67,4.11,98.00
Tue 26/05/2026 - 19:28:33,19.51,89.89,1023.67,4.11,98.00
Tue 26/05/2026 - 19:29:07,19.52,89.87,1023.65,4.11,98.00
Tue 26/05/2026 - 19:29:41,19.52,89.91,1023.65,4.11,98.00
Tue 26/05/2026 - 19:30:15,19.51,89.89,1023.66,4.11,98.00
Tue 26/05/2026 - 19:30:49,19.51,89.94,1023.69,4.11,98.00
Tue 26/05/2026 - 19:31:23,19.49,89.97,1023.63,4.11,98.00
Tue 26/05/2026 - 19:31:57,19.49,89.98,1023.58,4.11,98.00
Tue 26/05/2026 - 19:32:31,19.48,89.92,1023.53,4.11,98.00
Tue 26/05/2026 - 19:33:05,19.49,89.99,1023.57,4.11,98.00
Tue 26/05/2026 - 19:33:39,19.47,89.94,1023.59,4.11,98.00
Tue 26/05/2026 - 19:34:13,19.46,89.92,1023.58,4.11,98.00
Tue 26/05/2026 - 19:34:47,19.46,90.02,1023.61,4.11,98.00
Tue 26/05/2026 - 19:35:21,19.46,89.92,1023.60,4.11,98.00
Tue 26/05/2026 - 19:35:55,19.45,89.97,1023.64,4.11,98.00
Tue 26/05/2026 - 19:36:29,19.45,90.07,1023.59,4.11,98.00
Tue 26/05/2026 - 19:37:03,19.45,90.13,1023.64,4.11,98.00
Tue 26/05/2026 - 19:37:37,19.44,90.12,1023.57,4.11,98.00
Tue 26/05/2026 - 19:38:11,19.43,90.12,1023.66,4.11,98.00
Tue 26/05/2026 - 19:38:45,19.44,90.22,1023.73,4.11,98.00
Tue 26/05/2026 - 19:39:19,19.43,90.32,1023.60,4.11,98.00
Tue 26/05/2026 - 19:39:53,19.41,90.47,1023.62,4.11,98.00
Tue 26/05/2026 - 19:40:27,19.40,90.39,1023.61,4.11,98.00
Tue 26/05/2026 - 19:41:01,19.41,90.41,1023.65,4.11,98.00
Tue 26/05/2026 - 19:41:35,19.40,90.48,1023.69,4.11,98.00
Tue 26/05/2026 - 19:42:09,19.39,90.59,1023.65,4.11,98.00
Tue 26/05/2026 - 19:42:43,19.38,90.53,1023.69,4.11,98.00
Tue 26/05/2026 - 19:43:17,19.38,90.56,1023.76,4.11,98.00
Tue 26/05/2026 - 19:43:51,19.38,90.61,1023.81,4.11,98.00
Tue 26/05/2026 - 19:44:25,19.37,90.68,1023.80,4.11,98.00
Tue 26/05/2026 - 19:44:59,19.36,90.72,1023.81,4.11,98.00
Tue 26/05/2026 - 19:45:33,19.36,90.77,1023.81,4.11,98.00
Tue 26/05/2026 - 19:46:07,19.34,90.81,1023.81,4.11,98.00
Tue 26/05/2026 - 19:46:41,19.34,90.89,1023.72,4.11,98.00
Tue 26/05/2026 - 19:47:15,19.33,90.94,1023.82,4.10,98.00
Tue 26/05/2026 - 19:47:49,19.31,90.99,1023.78,4.11,98.00
Tue 26/05/2026 - 19:48:23,19.30,90.97,1023.78,4.11,98.00
Tue 26/05/2026 - 19:48:57,19.30,90.98,1023.81,4.11,98.00
Tue 26/05/2026 - 19:49:31,19.28,91.10,1023.84,4.11,98.00
Tue 26/05/2026 - 19:50:05,19.28,91.08,1023.83,4.11,98.00
Tue 26/05/2026 - 19:50:39,19.26,91.15,1023.83,4.11,98.00
Tue 26/05/2026 - 19:51:13,19.26,91.15,1023.79,4.11,98.00
Tue 26/05/2026 - 19:51:47,19.24,91.12,1023.80,4.11,98.00
Tue 26/05/2026 - 19:52:21,19.25,91.25,1023.86,4.11,98.00
Tue 26/05/2026 - 19:52:55,19.24,91.38,1023.87,4.10,98.00
Tue 26/05/2026 - 19:53:29,19.23,91.54,1023.85,4.11,98.00
Tue 26/05/2026 - 19:54:03,19.22,91.56,1023.89,4.11,98.00
Tue 26/05/2026 - 19:54:37,19.20,91.71,1023.85,4.10,98.00
Tue 26/05/2026 - 19:55:11,19.19,91.68,1023.89,4.11,98.00
Tue 26/05/2026 - 19:55:45,19.17,91.75,1023.95,4.11,98.00
Tue 26/05/2026 - 19:56:19,19.17,91.75,1023.94,4.10,98.00
Tue 26/05/2026 - 19:56:53,19.17,91.75,1023.88,4.10,98.00
Tue 26/05/2026 - 19:57:27,19.16,91.83,1023.90,4.11,98.00
Tue 26/05/2026 - 19:58:01,19.14,91.84,1023.93,4.11,98.00
Tue 26/05/2026 - 19:58:35,19.14,92.02,1023.93,4.11,98.00
Tue 26/05/2026 - 19:59:09,19.14,92.02,1023.92,4.11,98.00
Tue 26/05/2026 - 19:59:43,19.13,92.09,1023.96,4.10,98.00
Tue 26/05/2026 - 20:00:17,19.12,92.39,1023.86,4.10,98.00
Tue 26/05/2026 - 20:00:51,19.09,92.46,1023.90,4.10,98.00
Tue 26/05/2026 - 20:01:25,19.09,92.48,1023.86,4.10,98.00
Tue 26/05/2026 - 20:01:59,19.08,92.69,1023.87,4.10,98.00
Tue 26/05/2026 - 20:02:33,19.07,92.74,1023.92,4.10,98.00
Tue 26/05/2026 - 20:03:07,19.06,92.84,1023.92,4.10,98.00
Tue 26/05/2026 - 20:03:41,19.05,93.13,1023.94,4.10,98.00
Tue 26/05/2026 - 20:04:15,19.04,93.28,1023.96,4.10,98.00
Tue 26/05/2026 - 20:04:49,19.03,93.80,1024.01,4.10,98.00
Tue 26/05/2026 - 20:05:23,19.02,93.83,1023.99,4.10,98.00
Tue 26/05/2026 - 20:05:57,19.01,94.07,1023.92,4.10,98.00
Tue 26/05/2026 - 20:06:31,19.00,94.30,1024.01,4.10,98.00
Tue 26/05/2026 - 20:07:05,18.99,94.42,1023.93,4.10,98.00
Tue 26/05/2026 - 20:07:39,18.99,94.65,1023.92,4.10,98.00
Tue 26/05/2026 - 20:08:13,18.97,94.66,1023.96,4.10,98.00
Tue 26/05/2026 - 20:08:47,18.97,94.94,1023.96,4.10,98.00
Tue 26/05/2026 - 20:09:21,18.96,95.09,1023.88,4.10,98.00
Tue 26/05/2026 - 20:09:55,18.94,95.29,1023.85,4.10,98.00
Tue 26/05/2026 - 20:10:29,18.94,95.51,1023.96,4.10,98.00
Tue 26/05/2026 - 20:11:03,18.93,95.62,1023.91,4.10,98.00
Tue 26/05/2026 - 20:11:37,18.91,95.83,1023.99,4.10,98.00
Tue 26/05/2026 - 20:12:11,18.90,96.05,1023.92,4.10,98.00
Tue 26/05/2026 - 20:12:45,18.89,96.10,1023.92,4.10,98.00
Tue 26/05/2026 - 20:13:19,18.88,96.24,1023.94,4.10,98.00
Tue 26/05/2026 - 20:13:53,18.88,96.36,1023.94,4.10,98.00
Tue 26/05/2026 - 20:14:26,18.87,96.37,1023.95,4.10,98.00
Tue 26/05/2026 - 20:15:00,18.86,96.55,1023.93,4.10,98.00
Tue 26/05/2026 - 20:15:34,18.86,96.63,1023.93,4.10,98.00
Tue 26/05/2026 - 20:16:08,18.85,96.79,1023.92,4.10,98.00
Tue 26/05/2026 - 20:16:42,18.86,96.84,1023.99,4.10,98.00
Tue 26/05/2026 - 20:17:16,18.84,96.99,1024.01,4.10,98.00
Tue 26/05/2026 - 20:17:50,18.84,97.13,1023.95,4.10,98.00
Tue 26/05/2026 - 20:18:24,18.82,97.15,1024.00,4.10,98.00
Tue 26/05/2026 - 20:18:58,18.83,97.10,1023.96,4.10,98.00
Tue 26/05/2026 - 20:19:32,18.83,97.31,1023.96,4.10,98.00
Tue 26/05/2026 - 20:20:06,18.81,97.37,1023.93,4.10,98.00
Tue 26/05/2026 - 20:20:40,18.81,97.48,1023.95,4.10,98.00
Tue 26/05/2026 - 20:21:14,18.80,97.48,1023.96,4.10,98.00
Tue 26/05/2026 - 20:21:48,18.79,97.39,1023.95,4.10,98.00
Tue 26/05/2026 - 20:22:22,18.79,97.44,1023.97,4.10,98.00
Tue 26/05/2026 - 20:22:56,18.78,97.49,1023.98,4.10,98.00
Tue 26/05/2026 - 20:23:30,18.76,97.61,1024.00,4.10,98.00
Tue 26/05/2026 - 20:24:04,18.77,97.58,1023.99,4.10,98.00
Tue 26/05/2026 - 20:24:38,18.76,97.73,1023.98,4.10,98.00
Tue 26/05/2026 - 20:25:12,18.76,97.90,1024.03,4.10,98.00
Tue 26/05/2026 - 20:25:46,18.75,97.87,1024.01,4.10,98.00
Tue 26/05/2026 - 20:26:20,18.75,97.95,1024.07,4.10,98.00
Tue 26/05/2026 - 20:26:54,18.75,97.91,1024.07,4.10,98.00
Tue 26/05/2026 - 20:27:28,18.75,97.98,1024.15,4.10,98.00
Tue 26/05/2026 - 20:28:02,18.74,97.97,1024.10,4.10,98.00
Tue 26/05/2026 - 20:28:36,18.73,98.02,1024.09,4.10,98.00
Tue 26/05/2026 - 20:29:10,18.74,98.08,1024.08,4.10,98.00
Tue 26/05/2026 - 20:29:44,18.73,98.19,1024.03,4.10,98.00
Tue 26/05/2026 - 20:30:18,18.73,98.20,1024.13,4.10,98.00
Tue 26/05/2026 - 20:30:52,18.72,98.24,1024.12,4.10,98.00
Tue 26/05/2026 - 20:31:26,18.73,98.22,1024.13,4.10,98.00
Tue 26/05/2026 - 20:32:00,18.72,98.21,1024.12,4.10,98.00
Tue 26/05/2026 - 20:32:34,18.71,98.32,1024.13,4.10,98.00
Tue 26/05/2026 - 20:33:08,18.71,98.31,1024.11,4.10,98.00
Tue 26/05/2026 - 20:33:42,18.71,98.36,1024.16,4.10,98.00
Tue 26/05/2026 - 20:34:16,18.71,98.47,1024.19,4.10,98.00
Tue 26/05/2026 - 20:34:50,18.70,98.38,1024.17,4.10,98.00
Tue 26/05/2026 - 20:35:24,18.70,98.54,1024.12,4.10,98.00
Tue 26/05/2026 - 20:35:58,18.69,98.43,1024.18,4.10,98.00
Tue 26/05/2026 - 20:36:32,18.69,98.37,1024.18,4.10,98.00
Tue 26/05/2026 - 20:37:06,18.69,98.45,1024.19,4.10,98.00
Tue 26/05/2026 - 20:37:40,18.70,98.33,1024.23,4.10,98.00
Tue 26/05/2026 - 20:38:14,18.70,98.46,1024.25,4.10,98.00
Tue 26/05/2026 - 20:38:48,18.70,98.51,1024.28,4.10,98.00
Tue 26/05/2026 - 20:39:22,18.69,98.50,1024.19,4.10,98.00
Tue 26/05/2026 - 20:39:56,18.70,98.43,1024.31,4.10,98.00
Tue 26/05/2026 - 20:40:30,18.70,98.43,1024.28,4.10,98.00
Tue 26/05/2026 - 20:41:04,18.70,98.46,1024.33,4.10,98.00
Tue 26/05/2026 - 20:41:38,18.70,98.52,1024.25,4.10,98.00
Tue 26/05/2026 - 20:42:12,18.68,98.48,1024.30,4.10,98.00
Tue 26/05/2026 - 20:42:46,18.69,98.52,1024.34,4.10,98.00
Tue 26/05/2026 - 20:43:20,18.68,98.63,1024.23,4.10,98.00
Tue 26/05/2026 - 20:43:54,18.69,98.58,1024.23,4.10,98.00
Tue 26/05/2026 - 20:44:28,18.68,98.56,1024.24,4.10,98.00
Tue 26/05/2026 - 20:45:02,18.68,98.61,1024.22,4.10,98.00
Tue 26/05/2026 - 20:45:36,18.68,98.64,1024.28,4.10,98.00
Tue 26/05/2026 - 20:46:10,18.68,98.62,1024.25,4.10,98.00
Tue 26/05/2026 - 20:46:44,18.68,98.69,1024.16,4.10,98.00
Tue 26/05/2026 - 20:47:18,18.68,98.64,1024.19,4.10,98.00
Tue 26/05/2026 - 20:47:52,18.68,98.72,1024.23,4.10,98.00
Tue 26/05/2026 - 20:48:26,18.68,98.59,1024.23,4.10,98.00
Tue 26/05/2026 - 20:49:00,18.68,98.68,1024.16,4.10,98.00
Tue 26/05/2026 - 20:49:34,18.68,98.64,1024.27,4.10,98.00
Tue 26/05/2026 - 20:50:08,18.68,98.73,1024.22,4.10,98.00
Tue 26/05/2026 - 20:50:42,18.67,98.65,1024.21,4.10,98.00
Tue 26/05/2026 - 20:51:16,18.67,98.70,1024.18,4.10,98.00
Tue 26/05/2026 - 20:51:50,18.67,98.79,1024.23,4.10,98.00
Tue 26/05/2026 - 20:52:24,18.67,98.68,1024.25,4.10,98.00
Tue 26/05/2026 - 20:52:58,18.67,98.64,1024.20,4.10,98.00
Tue 26/05/2026 - 20:53:32,18.67,98.75,1024.21,4.10,98.00
Tue 26/05/2026 - 20:54:06,18.67,98.67,1024.26,4.10,98.00
Tue 26/05/2026 - 20:54:40,18.66,98.69,1024.24,4.10,98.00
Tue 26/05/2026 - 20:55:14,18.67,98.66,1024.23,4.10,98.00
Tue 26/05/2026 - 20:55:48,18.68,98.66,1024.22,4.10,98.00
Tue 26/05/2026 - 20:56:22,18.67,98.69,1024.25,4.10,98.00
Tue 26/05/2026 - 20:56:56,18.67,98.70,1024.26,4.10,98.00
Tue 26/05/2026 - 20:57:30,18.67,98.64,1024.25,4.10,98.00
Tue 26/05/2026 - 20:58:04,18.67,98.72,1024.14,4.10,98.00
Tue 26/05/2026 - 20:58:38,18.67,98.72,1024.23,4.10,98.00
Tue 26/05/2026 - 20:59:12,18.68,98.65,1024.22,4.10,98.00
Tue 26/05/2026 - 20:59:46,18.67,98.69,1024.20,4.10,98.00
Tue 26/05/2026 - 21:00:20,18.68,98.69,1024.19,4.10,98.00
Tue 26/05/2026 - 21:00:54,18.68,98.76,1024.22,4.10,98.00
Tue 26/05/2026 - 21:01:28,18.67,98.83,1024.21,4.10,98.00
Tue 26/05/2026 - 21:02:02,18.66,98.67,1024.22,4.10,98.00
Tue 26/05/2026 - 21:02:36,18.66,98.69,1024.19,4.10,98.00
Tue 26/05/2026 - 21:03:10,18.66,98.57,1024.16,4.10,98.00
Tue 26/05/2026 - 21:03:44,18.67,98.62,1024.25,4.10,98.00
Tue 26/05/2026 - 21:04:18,18.67,98.62,1024.20,4.10,98.00
Tue 26/05/2026 - 21:04:52,18.67,98.69,1024.14,4.10,98.00
Tue 26/05/2026 - 21:05:26,18.67,98.64,1024.25,4.10,98.00
Tue 26/05/2026 - 21:06:00,18.66,98.73,1024.24,4.10,98.00
Tue 26/05/2026 - 21:06:34,18.67,98.60,1024.25,4.10,98.00
Tue 26/05/2026 - 21:07:08,18.66,98.53,1024.30,4.10,98.00
Tue 26/05/2026 - 21:07:42,18.67,98.68,1024.29,4.10,98.00
Tue 26/05/2026 - 21:08:16,18.67,98.59,1024.32,4.10,98.00
Tue 26/05/2026 - 21:08:50,18.67,98.49,1024.31,4.10,98.00
Tue 26/05/2026 - 21:09:24,18.68,98.71,1024.38,4.10,98.00
Tue 26/05/2026 - 21:09:58,18.67,98.59,1024.31,4.10,98.00
Tue 26/05/2026 - 21:10:32,18.67,98.52,1024.39,4.10,98.00
Tue 26/05/2026 - 21:11:06,18.68,98.51,1024.43,4.10,98.00
Tue 26/05/2026 - 21:11:40,18.68,98.47,1024.35,4.09,97.00
Tue 26/05/2026 - 21:12:14,18.68,98.39,1024.41,4.10,98.00
Tue 26/05/2026 - 21:12:48,18.67,98.45,1024.42,4.10,98.00
Tue 26/05/2026 - 21:13:22,18.67,98.40,1024.47,4.10,98.00
Tue 26/05/2026 - 21:13:55,18.66,98.25,1024.46,4.09,97.00
Tue 26/05/2026 - 21:14:29,18.67,98.28,1024.42,4.10,98.00
Tue 26/05/2026 - 21:15:03,18.66,98.26,1024.45,4.10,98.00
Tue 26/05/2026 - 21:15:37,18.67,98.21,1024.47,4.10,98.00
Tue 26/05/2026 - 21:16:11,18.65,98.42,1024.41,4.09,97.00
Tue 26/05/2026 - 21:16:45,18.65,98.50,1024.41,4.09,97.00
Tue 26/05/2026 - 21:17:19,18.64,98.53,1024.39,4.10,98.00
Tue 26/05/2026 - 21:17:53,18.65,98.61,1024.44,4.10,98.00
Tue 26/05/2026 - 21:18:27,18.66,98.64,1024.40,4.10,98.00
Tue 26/05/2026 - 21:19:01,18.66,98.45,1024.46,4.09,97.00
Tue 26/05/2026 - 21:19:35,18.64,98.62,1024.36,4.09,97.00
Tue 26/05/2026 - 21:20:09,18.64,98.78,1024.32,4.09,97.00
Tue 26/05/2026 - 21:20:43,18.65,98.87,1024.33,4.10,98.00
Tue 26/05/2026 - 21:21:17,18.64,98.98,1024.40,4.10,98.00
Tue 26/05/2026 - 21:21:51,18.64,98.89,1024.43,4.09,97.00
Tue 26/05/2026 - 21:22:25,18.64,98.90,1024.36,4.10,98.00
Tue 26/05/2026 - 21:22:59,18.64,99.05,1024.43,4.09,97.00
Tue 26/05/2026 - 21:23:33,18.65,99.28,1024.38,4.09,97.00
Tue 26/05/2026 - 21:24:07,18.64,99.45,1024.40,4.09,97.00
Tue 26/05/2026 - 21:24:41,18.64,99.68,1024.43,4.09,97.00
Tue 26/05/2026 - 21:25:15,18.64,99.82,1024.42,4.09,97.00
Tue 26/05/2026 - 21:25:49,18.64,99.77,1024.42,4.10,98.00
Tue 26/05/2026 - 21:26:23,18.64,99.84,1024.43,4.09,97.00
Tue 26/05/2026 - 21:26:57,18.65,99.91,1024.44,4.09,97.00
Tue 26/05/2026 - 21:27:31,18.65,99.90,1024.44,4.09,97.00
Tue 26/05/2026 - 21:28:05,18.64,100.00,1024.39,4.09,97.00
Tue 26/05/2026 - 21:28:39,18.65,100.00,1024.41,4.09,97.00
Tue 26/05/2026 - 21:29:13,18.66,100.00,1024.40,4.09,97.00
Tue 26/05/2026 - 21:29:47,18.66,100.00,1024.43,4.09,97.00
Tue 26/05/2026 - 21:30:21,18.65,100.00,1024.35,4.09,97.00
Tue 26/05/2026 - 21:30:55,18.65,100.00,1024.38,4.09,97.00
Tue 26/05/2026 - 21:31:29,18.66,100.00,1024.40,4.09,97.00
Tue 26/05/2026 - 21:32:03,18.66,100.00,1024.45,4.09,97.00
Tue 26/05/2026 - 21:32:37,18.66,100.00,1024.43,4.09,97.00
Tue 26/05/2026 - 21:33:11,18.65,100.00,1024.44,4.09,97.00
Tue 26/05/2026 - 21:33:45,18.66,100.00,1024.43,4.09,97.00
Tue 26/05/2026 - 21:34:19,18.66,100.00,1024.45,4.09,97.00
Tue 26/05/2026 - 21:34:53,18.65,100.00,1024.44,4.09,97.00
Tue 26/05/2026 - 21:35:27,18.63,100.00,1024.41,4.09,97.00
Tue 26/05/2026 - 21:36:01,18.63,100.00,1024.40,4.09,97.00
Tue 26/05/2026 - 21:36:35,18.64,100.00,1024.44,4.09,97.00
Tue 26/05/2026 - 21:37:09,18.63,100.00,1024.43,4.09,97.00
Tue 26/05/2026 - 21:37:43,18.64,100.00,1024.45,4.09,97.00
Tue 26/05/2026 - 21:38:17,18.64,100.00,1024.53,4.09,97.00
Tue 26/05/2026 - 21:38:51,18.64,100.00,1024.44,4.09,97.00
Tue 26/05/2026 - 21:39:25,18.64,100.00,1024.53,4.09,97.00
Tue 26/05/2026 - 21:39:59,18.65,100.00,1024.52,4.09,97.00
Tue 26/05/2026 - 21:40:33,18.64,100.00,1024.53,4.09,97.00
Tue 26/05/2026 - 21:41:07,18.63,100.00,1024.57,4.09,97.00
Tue 26/05/2026 - 21:41:41,18.63,100.00,1024.54,4.09,97.00
Tue 26/05/2026 - 21:42:15,18.64,100.00,1024.53,4.09,97.00
Tue 26/05/2026 - 21:42:49,18.63,100.00,1024.56,4.09,97.00
Tue 26/05/2026 - 21:43:23,18.63,100.00,1024.52,4.09,97.00
Tue 26/05/2026 - 21:43:57,18.63,100.00,1024.54,4.09,97.00
Tue 26/05/2026 - 21:44:31,18.64,100.00,1024.50,4.09,97.00
Tue 26/05/2026 - 21:45:05,18.62,100.00,1024.55,4.09,97.00
Tue 26/05/2026 - 21:45:39,18.63,100.00,1024.51,4.09,97.00
Tue 26/05/2026 - 21:46:13,18.63,100.00,1024.51,4.09,97.00
Tue 26/05/2026 - 21:46:47,18.63,100.00,1024.45,4.09,97.00
Tue 26/05/2026 - 21:47:21,18.62,100.00,1024.47,4.09,97.00
Tue 26/05/2026 - 21:47:55,18.61,100.00,1024.47,4.09,97.00
Tue 26/05/2026 - 21:48:29,18.63,100.00,1024.56,4.09,97.00
Tue 26/05/2026 - 21:49:03,18.61,100.00,1024.59,4.09,97.00
Tue 26/05/2026 - 21:49:37,18.61,100.00,1024.66,4.09,97.00
Tue 26/05/2026 - 21:50:11,18.60,100.00,1024.56,4.09,97.00
Tue 26/05/2026 - 21:50:45,18.60,100.00,1024.59,4.09,97.00
Tue 26/05/2026 - 21:51:19,18.59,100.00,1024.52,4.09,97.00
Tue 26/05/2026 - 21:51:53,18.59,100.00,1024.55,4.09,97.00
Tue 26/05/2026 - 21:52:27,18.59,100.00,1024.47,4.09,97.00
Tue 26/05/2026 - 21:53:01,18.58,100.00,1024.46,4.09,97.00
Tue 26/05/2026 - 21:53:35,18.58,100.00,1024.45,4.09,97.00
Tue 26/05/2026 - 21:54:09,18.58,100.00,1024.48,4.09,97.00
Tue 26/05/2026 - 21:54:43,18.57,100.00,1024.40,4.09,97.00
Tue 26/05/2026 - 21:55:17,18.57,100.00,1024.44,4.09,97.00
Tue 26/05/2026 - 21:55:51,18.57,100.00,1024.43,4.09,97.00
Tue 26/05/2026 - 21:56:25,18.54,100.00,1024.36,4.09,97.00
Tue 26/05/2026 - 21:56:59,18.55,100.00,1024.42,4.09,97.00
Tue 26/05/2026 - 21:57:33,18.54,100.00,1024.41,4.09,97.00
Tue 26/05/2026 - 21:58:07,18.53,100.00,1024.37,4.09,97.00
Tue 26/05/2026 - 21:58:41,18.53,100.00,1024.45,4.09,97.00
Tue 26/05/2026 - 21:59:15,18.54,100.00,1024.43,4.09,97.00
Tue 26/05/2026 - 21:59:49,18.53,100.00,1024.39,4.09,97.00
Tue 26/05/2026 - 22:00:23,18.51,100.00,1024.41,4.09,97.00
Tue 26/05/2026 - 22:00:57,18.52,100.00,1024.43,4.09,97.00
Tue 26/05/2026 - 22:01:31,18.51,100.00,1024.35,4.09,97.00
Tue 26/05/2026 - 22:02:05,18.50,100.00,1024.43,4.09,97.00
Tue 26/05/2026 - 22:02:39,18.49,100.00,1024.49,4.09,97.00
Tue 26/05/2026 - 22:03:13,18.47,100.00,1024.35,4.09,97.00
Tue 26/05/2026 - 22:03:47,18.48,100.00,1024.38,4.09,97.00
Tue 26/05/2026 - 22:04:21,18.45,100.00,1024.31,4.09,97.00
Tue 26/05/2026 - 22:04:55,18.45,100.00,1024.41,4.09,97.00
Tue 26/05/2026 - 22:05:28,18.46,100.00,1024.48,4.09,97.00
Tue 26/05/2026 - 22:06:02,18.44,100.00,1024.45,4.09,97.00
Tue 26/05/2026 - 22:06:36,18.43,100.00,1024.52,4.09,97.00
Tue 26/05/2026 - 22:07:10,18.41,100.00,1024.37,4.09,97.00
Tue 26/05/2026 - 22:07:44,18.41,100.00,1024.45,4.09,97.00
Tue 26/05/2026 - 22:08:18,18.40,100.00,1024.44,4.09,97.00
Tue 26/05/2026 - 22:08:52,18.40,100.00,1024.49,4.09,97.00
Tue 26/05/2026 - 22:09:26,18.39,100.00,1024.44,4.09,97.00
Tue 26/05/2026 - 22:10:00,18.36,100.00,1024.43,4.09,97.00
Tue 26/05/2026 - 22:10:34,18.37,100.00,1024.49,4.09,97.00
Tue 26/05/2026 - 22:11:08,18.37,100.00,1024.44,4.09,97.00
Tue 26/05/2026 - 22:11:42,18.35,100.00,1024.57,4.09,97.00
Tue 26/05/2026 - 22:12:16,18.33,100.00,1024.51,4.09,97.00
Tue 26/05/2026 - 22:12:50,18.33,100.00,1024.48,4.09,97.00
Tue 26/05/2026 - 22:13:24,18.32,100.00,1024.57,4.09,97.00
Tue 26/05/2026 - 22:13:58,18.31,100.00,1024.50,4.09,97.00
Tue 26/05/2026 - 22:14:32,18.31,100.00,1024.55,4.09,97.00
Tue 26/05/2026 - 22:15:06,18.30,100.00,1024.59,4.09,97.00
Tue 26/05/2026 - 22:15:40,18.29,100.00,1024.62,4.09,97.00
Tue 26/05/2026 - 22:16:14,18.28,100.00,1024.58,4.09,97.00
Tue 26/05/2026 - 22:16:48,18.28,100.00,1024.63,4.09,97.00
Tue 26/05/2026 - 22:17:22,18.26,100.00,1024.63,4.09,97.00
Tue 26/05/2026 - 22:17:56,18.24,100.00,1024.61,4.09,97.00
Tue 26/05/2026 - 22:18:30,18.23,100.00,1024.61,4.09,97.00
Tue 26/05/2026 - 22:19:04,18.22,100.00,1024.56,4.09,97.00
Tue 26/05/2026 - 22:19:38,18.22,100.00,1024.63,4.09,97.00
Tue 26/05/2026 - 22:20:12,18.20,100.00,1024.54,4.09,97.00
Tue 26/05/2026 - 22:20:46,18.20,100.00,1024.53,4.09,97.00
Tue 26/05/2026 - 22:21:20,18.20,100.00,1024.50,4.09,97.00
Tue 26/05/2026 - 22:21:54,18.18,100.00,1024.45,4.09,97.00
Tue 26/05/2026 - 22:22:28,18.17,100.00,1024.42,4.09,97.00
Tue 26/05/2026 - 22:23:02,18.16,100.00,1024.42,4.09,97.00
Tue 26/05/2026 - 22:23:36,18.15,100.00,1024.39,4.09,97.00
Tue 26/05/2026 - 22:24:10,18.14,100.00,1024.46,4.09,97.00
Tue 26/05/2026 - 22:24:44,18.12,100.00,1024.51,4.09,97.00
Tue 26/05/2026 - 22:25:18,18.13,100.00,1024.49,4.09,97.00
Tue 26/05/2026 - 22:25:52,18.12,100.00,1024.54,4.09,97.00
Tue 26/05/2026 - 22:26:26,18.12,100.00,1024.55,4.09,97.00
Tue 26/05/2026 - 22:27:00,18.10,100.00,1024.52,4.09,97.00
Tue 26/05/2026 - 22:27:34,18.10,100.00,1024.58,4.09,97.00
Tue 26/05/2026 - 22:28:08,18.08,100.00,1024.66,4.09,97.00
Tue 26/05/2026 - 22:28:42,18.08,100.00,1024.70,4.09,97.00
Tue 26/05/2026 - 22:29:16,18.06,100.00,1024.73,4.09,97.00
Tue 26/05/2026 - 22:29:50,18.06,100.00,1024.80,4.09,97.00
Tue 26/05/2026 - 22:30:24,18.05,100.00,1024.77,4.09,97.00
Tue 26/05/2026 - 22:30:58,18.04,100.00,1024.80,4.09,97.00
Tue 26/05/2026 - 22:31:32,18.02,100.00,1024.76,4.09,97.00
Tue 26/05/2026 - 22:32:06,18.01,100.00,1024.80,4.09,97.00
Tue 26/05/2026 - 22:32:40,17.99,100.00,1024.80,4.09,97.00
Tue 26/05/2026 - 22:33:14,18.00,100.00,1024.78,4.09,97.00
Tue 26/05/2026 - 22:33:48,17.98,100.00,1024.81,4.09,97.00
Tue 26/05/2026 - 22:34:22,17.97,100.00,1024.84,4.09,97.00
Tue 26/05/2026 - 22:34:56,17.97,100.00,1024.87,4.09,97.00
Tue 26/05/2026 - 22:35:30,17.95,100.00,1024.81,4.09,97.00
Tue 26/05/2026 - 22:36:04,17.95,100.00,1024.86,4.09,97.00
Tue 26/05/2026 - 22:36:38,17.94,100.00,1024.79,4.09,97.00
Tue 26/05/2026 - 22:37:12,17.92,100.00,1024.86,4.09,97.00
Tue 26/05/2026 - 22:37:46,17.92,100.00,1024.86,4.09,97.00
Tue 26/05/2026 - 22:38:20,17.91,100.00,1024.87,4.09,97.00
Tue 26/05/2026 - 22:38:54,17.90,100.00,1024.88,4.09,97.00
Tue 26/05/2026 - 22:39:28,17.89,100.00,1024.81,4.09,97.00
Tue 26/05/2026 - 22:40:02,17.88,100.00,1024.87,4.09,97.00
Tue 26/05/2026 - 22:40:36,17.88,100.00,1024.87,4.09,97.00
Tue 26/05/2026 - 22:41:10,17.87,100.00,1024.93,4.09,97.00
Tue 26/05/2026 - 22:41:44,17.85,100.00,1024.88,4.09,97.00
Tue 26/05/2026 - 22:42:18,17.83,100.00,1024.87,4.09,97.00
Tue 26/05/2026 - 22:42:52,17.83,100.00,1024.84,4.09,97.00
Tue 26/05/2026 - 22:43:26,17.82,100.00,1024.88,4.09,97.00
Tue 26/05/2026 - 22:44:00,17.81,100.00,1024.94,4.09,97.00
Tue 26/05/2026 - 22:44:34,17.80,100.00,1024.93,4.08,97.00
Tue 26/05/2026 - 22:45:08,17.79,100.00,1024.89,4.08,97.00
Tue 26/05/2026 - 22:45:42,17.79,100.00,1024.91,4.09,97.00
Tue 26/05/2026 - 22:46:16,17.78,100.00,1024.84,4.08,97.00
Tue 26/05/2026 - 22:46:50,17.76,100.00,1024.95,4.09,97.00
Tue 26/05/2026 - 22:47:24,17.76,100.00,1024.83,4.08,97.00
Tue 26/05/2026 - 22:47:58,17.75,100.00,1024.84,4.08,97.00
Tue 26/05/2026 - 22:48:32,17.75,100.00,1024.92,4.08,97.00
Tue 26/05/2026 - 22:49:06,17.75,100.00,1024.95,4.09,97.00
Tue 26/05/2026 - 22:49:40,17.74,100.00,1024.88,4.09,97.00
Tue 26/05/2026 - 22:50:14,17.72,100.00,1024.90,4.09,97.00
Tue 26/05/2026 - 22:50:48,17.72,100.00,1024.90,4.09,97.00
Tue 26/05/2026 - 22:51:22,17.72,100.00,1024.95,4.09,97.00
Tue 26/05/2026 - 22:51:56,17.71,100.00,1024.91,4.09,97.00
Tue 26/05/2026 - 22:52:30,17.71,100.00,1024.96,4.09,97.00
Tue 26/05/2026 - 22:53:04,17.68,100.00,1024.88,4.09,97.00
Tue 26/05/2026 - 22:53:38,17.68,100.00,1024.94,4.08,97.00
Tue 26/05/2026 - 22:54:12,17.68,100.00,1024.88,4.09,97.00
Tue 26/05/2026 - 22:54:46,17.65,100.00,1024.89,4.08,97.00
Tue 26/05/2026 - 22:55:20,17.65,100.00,1024.92,4.08,97.00
Tue 26/05/2026 - 22:55:54,17.66,100.00,1024.85,4.08,97.00
Tue 26/05/2026 - 22:56:28,17.65,100.00,1024.84,4.09,97.00
Tue 26/05/2026 - 22:57:02,17.64,100.00,1024.89,4.08,97.00
Tue 26/05/2026 - 22:57:36,17.62,100.00,1024.89,4.09,97.00
Tue 26/05/2026 - 22:58:09,17.62,100.00,1024.83,4.09,97.00
Tue 26/05/2026 - 22:58:43,17.62,100.00,1024.88,4.08,97.00
Tue 26/05/2026 - 22:59:17,17.60,100.00,1024.83,4.08,97.00
Tue 26/05/2026 - 22:59:51,17.60,100.00,1024.85,4.08,97.00
Tue 26/05/2026 - 23:00:25,17.59,100.00,1024.84,4.08,97.00
Tue 26/05/2026 - 23:00:59,17.58,100.00,1024.88,4.08,97.00
Tue 26/05/2026 - 23:01:33,17.59,100.00,1024.91,4.08,97.00
Tue 26/05/2026 - 23:02:07,17.57,100.00,1024.83,4.08,97.00
Tue 26/05/2026 - 23:02:41,17.58,100.00,1024.87,4.08,97.00
Tue 26/05/2026 - 23:03:15,17.56,100.00,1024.79,4.08,97.00
Tue 26/05/2026 - 23:03:49,17.56,100.00,1024.79,4.08,97.00
Tue 26/05/2026 - 23:04:23,17.55,100.00,1024.75,4.08,97.00
Tue 26/05/2026 - 23:04:57,17.55,100.00,1024.74,4.08,97.00
Tue 26/05/2026 - 23:05:31,17.54,100.00,1024.75,4.08,97.00
Tue 26/05/2026 - 23:06:05,17.53,100.00,1024.68,4.08,97.00
Tue 26/05/2026 - 23:06:39,17.53,100.00,1024.68,4.08,97.00
Tue 26/05/2026 - 23:07:13,17.51,100.00,1024.69,4.08,97.00
Tue 26/05/2026 - 23:07:47,17.52,100.00,1024.67,4.08,97.00
Tue 26/05/2026 - 23:08:21,17.51,100.00,1024.65,4.09,97.00
Tue 26/05/2026 - 23:08:55,17.51,100.00,1024.72,4.08,97.00
Tue 26/05/2026 - 23:09:29,17.49,100.00,1024.70,4.08,97.00
Tue 26/05/2026 - 23:10:03,17.49,100.00,1024.72,4.08,97.00
Tue 26/05/2026 - 23:10:37,17.48,100.00,1024.64,4.08,97.00
Tue 26/05/2026 - 23:11:11,17.48,100.00,1024.78,4.08,97.00
Tue 26/05/2026 - 23:11:45,17.47,100.00,1024.79,4.08,97.00
Tue 26/05/2026 - 23:12:19,17.46,100.00,1024.77,4.08,97.00
Tue 26/05/2026 - 23:12:53,17.46,100.00,1024.81,4.08,97.00
Tue 26/05/2026 - 23:13:27,17.45,100.00,1024.76,4.08,97.00
Tue 26/05/2026 - 23:14:01,17.46,100.00,1024.72,4.08,97.00
Tue 26/05/2026 - 23:14:35,17.45,100.00,1024.73,4.08,97.00
Tue 26/05/2026 - 23:15:09,17.44,100.00,1024.69,4.08,97.00
Tue 26/05/2026 - 23:15:43,17.44,100.00,1024.63,4.08,97.00
Tue 26/05/2026 - 23:16:17,17.44,100.00,1024.63,4.08,97.00
Tue 26/05/2026 - 23:16:51,17.42,100.00,1024.60,4.08,97.00
Tue 26/05/2026 - 23:17:25,17.42,100.00,1024.57,4.08,97.00
Tue 26/05/2026 - 23:17:59,17.41,100.00,1024.57,4.08,97.00
Tue 26/05/2026 - 23:18:33,17.41,100.00,1024.52,4.08,97.00
Tue 26/05/2026 - 23:19:07,17.40,100.00,1024.57,4.08,97.00
Tue 26/05/2026 - 23:19:41,17.39,100.00,1024.62,4.08,97.00
Tue 26/05/2026 - 23:20:15,17.39,100.00,1024.58,4.08,97.00
Tue 26/05/2026 - 23:20:49,17.38,100.00,1024.63,4.08,97.00
Tue 26/05/2026 - 23:21:23,17.37,100.00,1024.73,4.08,97.00
Tue 26/05/2026 - 23:21:57,17.38,100.00,1024.74,4.08,97.00
Tue 26/05/2026 - 23:22:31,17.37,100.00,1024.75,4.08,97.00
Tue 26/05/2026 - 23:23:05,17.34,100.00,1024.74,4.08,97.00
Tue 26/05/2026 - 23:23:39,17.35,100.00,1024.72,4.08,97.00
Tue 26/05/2026 - 23:24:13,17.36,100.00,1024.82,4.08,97.00
Tue 26/05/2026 - 23:24:47,17.33,100.00,1024.72,4.08,97.00
Tue 26/05/2026 - 23:25:21,17.34,100.00,1024.81,4.08,97.00
Tue 26/05/2026 - 23:25:55,17.33,100.00,1024.83,4.08,97.00
Tue 26/05/2026 - 23:26:29,17.32,100.00,1024.84,4.08,97.00
Tue 26/05/2026 - 23:27:03,17.31,100.00,1024.77,4.08,97.00
Tue 26/05/2026 - 23:27:37,17.31,100.00,1024.84,4.08,97.00
Tue 26/05/2026 - 23:28:11,17.30,100.00,1024.83,4.08,97.00
Tue 26/05/2026 - 23:28:45,17.30,100.00,1024.77,4.08,97.00
Tue 26/05/2026 - 23:29:19,17.30,100.00,1024.94,4.08,97.00
Tue 26/05/2026 - 23:29:53,17.28,100.00,1024.83,4.08,97.00
Tue 26/05/2026 - 23:30:27,17.28,100.00,1024.83,4.08,97.00
Tue 26/05/2026 - 23:31:01,17.27,100.00,1024.94,4.08,97.00
Tue 26/05/2026 - 23:31:35,17.27,100.00,1024.93,4.08,97.00
Tue 26/05/2026 - 23:32:09,17.26,100.00,1024.95,4.08,97.00
Tue 26/05/2026 - 23:32:43,17.26,100.00,1024.98,4.08,97.00
Tue 26/05/2026 - 23:33:17,17.25,100.00,1024.96,4.08,97.00
Tue 26/05/2026 - 23:33:51,17.25,100.00,1024.96,4.08,97.00
Tue 26/05/2026 - 23:34:25,17.25,100.00,1024.95,4.08,97.00
Tue 26/05/2026 - 23:34:59,17.24,100.00,1025.03,4.08,97.00
Tue 26/05/2026 - 23:35:33,17.23,100.00,1024.98,4.08,97.00
Tue 26/05/2026 - 23:36:07,17.22,100.00,1025.02,4.08,97.00
Tue 26/05/2026 - 23:36:41,17.23,100.00,1025.05,4.08,97.00
Tue 26/05/2026 - 23:37:15,17.21,100.00,1025.06,4.08,97.00
Tue 26/05/2026 - 23:37:49,17.21,100.00,1025.06,4.08,97.00
Tue 26/05/2026 - 23:38:23,17.21,100.00,1025.06,4.08,97.00
Tue 26/05/2026 - 23:38:57,17.21,100.00,1025.11,4.08,97.00
Tue 26/05/2026 - 23:39:31,17.21,100.00,1025.05,4.08,97.00
Tue 26/05/2026 - 23:40:05,17.22,100.00,1025.06,4.08,97.00
Tue 26/05/2026 - 23:40:39,17.21,100.00,1025.11,4.08,97.00
Tue 26/05/2026 - 23:41:13,17.20,100.00,1025.14,4.08,97.00
Tue 26/05/2026 - 23:41:47,17.21,100.00,1025.15,4.08,97.00
Tue 26/05/2026 - 23:42:21,17.19,100.00,1025.10,4.08,97.00
Tue 26/05/2026 - 23:42:55,17.19,100.00,1025.13,4.08,97.00
Tue 26/05/2026 - 23:43:29,17.18,100.00,1025.14,4.08,97.00
Tue 26/05/2026 - 23:44:03,17.18,100.00,1025.13,4.08,97.00
Tue 26/05/2026 - 23:44:37,17.18,100.00,1025.17,4.08,97.00
Tue 26/05/2026 - 23:45:11,17.17,100.00,1025.14,4.08,97.00
Tue 26/05/2026 - 23:45:45,17.17,100.00,1025.15,4.08,97.00
Tue 26/05/2026 - 23:46:19,17.16,100.00,1025.08,4.08,97.00
Tue 26/05/2026 - 23:46:53,17.16,100.00,1025.18,4.08,97.00
Tue 26/05/2026 - 23:47:27,17.15,100.00,1025.14,4.08,97.00
Tue 26/05/2026 - 23:48:01,17.16,100.00,1025.18,4.08,97.00
Tue 26/05/2026 - 23:48:35,17.15,100.00,1025.13,4.08,97.00
Tue 26/05/2026 - 23:49:09,17.13,100.00,1025.11,4.08,97.00
Tue 26/05/2026 - 23:49:43,17.14,100.00,1025.15,4.08,97.00
Tue 26/05/2026 - 23:50:17,17.13,100.00,1025.13,4.08,97.00
Tue 26/05/2026 - 23:50:51,17.14,100.00,1025.10,4.08,97.00
Tue 26/05/2026 - 23:51:25,17.13,100.00,1025.02,4.08,97.00
Tue 26/05/2026 - 23:51:59,17.13,100.00,1025.12,4.08,97.00
Tue 26/05/2026 - 23:52:33,17.12,100.00,1025.00,4.08,97.00
Tue 26/05/2026 - 23:53:07,17.12,100.00,1025.01,4.08,97.00
Tue 26/05/2026 - 23:53:41,17.12,100.00,1025.01,4.08,97.00
Tue 26/05/2026 - 23:54:15,17.11,100.00,1025.02,4.08,97.00
Tue 26/05/2026 - 23:54:49,17.12,100.00,1025.00,4.08,97.00
Tue 26/05/2026 - 23:55:23,17.10,100.00,1024.92,4.08,97.00
Tue 26/05/2026 - 23:55:57,17.10,100.00,1025.02,4.08,97.00
Tue 26/05/2026 - 23:56:31,17.09,100.00,1024.98,4.08,97.00
Tue 26/05/2026 - 23:57:05,17.09,100.00,1024.89,4.08,97.00
Tue 26/05/2026 - 23:57:39,17.09,100.00,1024.96,4.08,97.00
Tue 26/05/2026 - 23:58:13,17.09,100.00,1024.87,4.08,97.00
Tue 26/05/2026 - 23:58:47,17.08,100.00,1024.88,4.08,97.00
Tue 26/05/2026 - 23:59:21,17.08,100.00,1024.90,4.08,97.00
Tue 26/05/2026 - 23:59:55,17.06,100.00,1024.90,4.08,97.00
