Sun 03/05/2026 - 00:00:12,23.71,63.72,1029.67,3.79,90.00
Sun 03/05/2026 - 00:00:46,23.71,63.62,1029.62,3.79,90.00
Sun 03/05/2026 - 00:01:20,23.72,63.59,1029.63,3.79,90.00
Sun 03/05/2026 - 00:01:54,23.73,63.56,1029.66,3.79,90.00
Sun 03/05/2026 - 00:02:28,23.73,63.54,1029.60,3.79,90.00
Sun 03/05/2026 - 00:03:02,23.74,63.54,1029.61,3.79,90.00
Sun 03/05/2026 - 00:03:36,23.74,63.56,1029.65,3.79,90.00
Sun 03/05/2026 - 00:04:10,23.75,63.54,1029.66,3.79,90.00
Sun 03/05/2026 - 00:04:44,23.76,63.58,1029.70,3.79,90.00
Sun 03/05/2026 - 00:05:18,23.76,63.49,1029.65,3.79,90.00
Sun 03/05/2026 - 00:05:52,23.76,63.53,1029.60,3.79,90.00
Sun 03/05/2026 - 00:06:25,23.76,63.55,1029.65,3.79,90.00
Sun 03/05/2026 - 00:06:59,23.76,63.55,1029.60,3.79,90.00
Sun 03/05/2026 - 00:07:33,23.75,63.52,1029.68,3.79,90.00
Sun 03/05/2026 - 00:08:07,23.75,63.52,1029.68,3.79,90.00
Sun 03/05/2026 - 00:08:41,23.74,63.51,1029.68,3.79,90.00
Sun 03/05/2026 - 00:09:15,23.74,63.55,1029.67,3.79,90.00
Sun 03/05/2026 - 00:09:49,23.74,63.52,1029.67,3.79,90.00
Sun 03/05/2026 - 00:10:23,23.74,63.49,1029.69,3.79,90.00
Sun 03/05/2026 - 00:10:57,23.75,63.46,1029.63,3.79,90.00
Sun 03/05/2026 - 00:11:31,23.73,63.46,1029.71,3.79,90.00
Sun 03/05/2026 - 00:12:05,23.73,63.47,1029.60,3.79,90.00
Sun 03/05/2026 - 00:12:39,23.72,63.45,1029.64,3.79,90.00
Sun 03/05/2026 - 00:13:13,23.71,63.50,1029.68,3.79,90.00
Sun 03/05/2026 - 00:13:47,23.71,63.47,1029.70,3.79,90.00
Sun 03/05/2026 - 00:14:21,23.72,63.51,1029.67,3.79,90.00
Sun 03/05/2026 - 00:14:55,23.72,63.52,1029.69,3.79,90.00
Sun 03/05/2026 - 00:15:29,23.72,63.45,1029.63,3.79,90.00
Sun 03/05/2026 - 00:16:03,23.73,63.41,1029.62,3.79,90.00
Sun 03/05/2026 - 00:16:36,23.71,63.35,1029.68,3.79,90.00
Sun 03/05/2026 - 00:17:10,23.72,63.36,1029.66,3.79,90.00
Sun 03/05/2026 - 00:17:44,23.74,63.34,1029.67,3.79,90.00
Sun 03/05/2026 - 00:18:18,23.72,63.33,1029.64,3.79,90.00
Sun 03/05/2026 - 00:18:52,23.70,63.33,1029.62,3.79,90.00
Sun 03/05/2026 - 00:19:26,23.69,63.36,1029.63,3.79,90.00
Sun 03/05/2026 - 00:20:00,23.68,63.39,1029.63,3.78,90.00
Sun 03/05/2026 - 00:20:34,23.65,63.35,1029.64,3.78,90.00
Sun 03/05/2026 - 00:21:08,23.63,63.26,1029.60,3.79,90.00
Sun 03/05/2026 - 00:21:42,23.64,63.22,1029.73,3.79,90.00
Sun 03/05/2026 - 00:22:16,23.64,63.20,1029.67,3.79,90.00
Sun 03/05/2026 - 00:22:50,23.63,63.31,1029.77,3.79,90.00
Sun 03/05/2026 - 00:23:24,23.62,63.36,1029.69,3.79,90.00
Sun 03/05/2026 - 00:23:58,23.60,63.34,1029.74,3.79,90.00
Sun 03/05/2026 - 00:24:32,23.59,63.35,1029.63,3.78,90.00
Sun 03/05/2026 - 00:25:06,23.56,63.35,1029.70,3.79,90.00
Sun 03/05/2026 - 00:25:40,23.56,63.33,1029.73,3.79,90.00
Sun 03/05/2026 - 00:26:14,23.55,63.27,1029.66,3.79,90.00
Sun 03/05/2026 - 00:26:48,23.54,63.24,1029.72,3.79,90.00
Sun 03/05/2026 - 00:27:22,23.54,63.29,1029.82,3.79,90.00
Sun 03/05/2026 - 00:27:56,23.52,63.29,1029.73,3.78,90.00
Sun 03/05/2026 - 00:28:30,23.52,63.25,1029.73,3.79,90.00
Sun 03/05/2026 - 00:29:03,23.50,63.31,1029.76,3.79,90.00
Sun 03/05/2026 - 00:29:37,23.48,63.35,1029.67,3.79,90.00
Sun 03/05/2026 - 00:30:11,23.47,63.37,1029.70,3.79,90.00
Sun 03/05/2026 - 00:30:45,23.47,63.40,1029.73,3.78,90.00
Sun 03/05/2026 - 00:31:19,23.45,63.45,1029.67,3.79,90.00
Sun 03/05/2026 - 00:31:53,23.44,63.56,1029.71,3.78,90.00
Sun 03/05/2026 - 00:32:27,23.43,63.63,1029.80,3.78,90.00
Sun 03/05/2026 - 00:33:01,23.43,63.57,1029.77,3.78,90.00
Sun 03/05/2026 - 00:33:35,23.42,63.62,1029.75,3.79,90.00
Sun 03/05/2026 - 00:34:09,23.40,63.58,1029.80,3.78,90.00
Sun 03/05/2026 - 00:34:43,23.39,63.64,1029.79,3.78,90.00
Sun 03/05/2026 - 00:35:17,23.38,63.65,1029.74,3.78,90.00
Sun 03/05/2026 - 00:35:51,23.38,63.67,1029.77,3.78,90.00
Sun 03/05/2026 - 00:36:25,23.36,63.67,1029.73,3.78,90.00
Sun 03/05/2026 - 00:36:59,23.36,63.73,1029.73,3.78,90.00
Sun 03/05/2026 - 00:37:33,23.35,63.71,1029.72,3.78,90.00
Sun 03/05/2026 - 00:38:07,23.34,63.80,1029.81,3.78,90.00
Sun 03/05/2026 - 00:38:41,23.33,63.84,1029.74,3.78,90.00
Sun 03/05/2026 - 00:39:15,23.32,64.17,1029.77,3.78,90.00
Sun 03/05/2026 - 00:39:49,23.31,64.04,1029.81,3.78,90.00
Sun 03/05/2026 - 00:40:23,23.30,64.04,1029.79,3.78,90.00
Sun 03/05/2026 - 00:40:56,23.29,63.99,1029.80,3.78,90.00
Sun 03/05/2026 - 00:41:30,23.28,64.00,1029.76,3.78,90.00
Sun 03/05/2026 - 00:42:04,23.28,64.02,1029.81,3.78,90.00
Sun 03/05/2026 - 00:42:38,23.26,64.03,1029.83,3.78,90.00
Sun 03/05/2026 - 00:43:12,23.26,64.06,1029.89,3.79,90.00
Sun 03/05/2026 - 00:43:46,23.25,64.09,1029.82,3.78,90.00
Sun 03/05/2026 - 00:44:20,23.25,64.16,1029.84,3.78,90.00
Sun 03/05/2026 - 00:44:54,23.23,64.16,1029.86,3.78,90.00
Sun 03/05/2026 - 00:45:28,23.21,64.22,1029.87,3.78,90.00
Sun 03/05/2026 - 00:46:02,23.20,64.26,1029.81,3.78,90.00
Sun 03/05/2026 - 00:46:36,23.19,64.27,1029.88,3.78,90.00
Sun 03/05/2026 - 00:47:10,23.20,64.34,1029.95,3.78,90.00
Sun 03/05/2026 - 00:47:44,23.18,64.35,1029.91,3.78,90.00
Sun 03/05/2026 - 00:48:18,23.16,64.36,1029.83,3.78,90.00
Sun 03/05/2026 - 00:48:52,23.15,64.40,1029.92,3.78,90.00
Sun 03/05/2026 - 00:49:26,23.15,64.40,1029.92,3.78,90.00
Sun 03/05/2026 - 00:50:00,23.13,64.40,1029.86,3.78,90.00
Sun 03/05/2026 - 00:50:34,23.13,64.76,1029.85,3.78,90.00
Sun 03/05/2026 - 00:51:08,23.12,64.68,1029.92,3.78,90.00
Sun 03/05/2026 - 00:51:42,23.11,64.61,1029.93,3.78,90.00
Sun 03/05/2026 - 00:52:16,23.10,64.71,1029.94,3.78,90.00
Sun 03/05/2026 - 00:52:50,23.09,64.79,1029.98,3.78,90.00
Sun 03/05/2026 - 00:53:23,23.09,64.76,1029.98,3.78,90.00
Sun 03/05/2026 - 00:53:57,23.08,64.84,1029.94,3.78,90.00
Sun 03/05/2026 - 00:54:31,23.08,65.03,1030.07,3.78,90.00
Sun 03/05/2026 - 00:55:05,23.07,64.99,1030.02,3.78,90.00
Sun 03/05/2026 - 00:55:39,23.06,65.02,1029.96,3.78,90.00
Sun 03/05/2026 - 00:56:13,23.05,65.00,1030.07,3.78,90.00
Sun 03/05/2026 - 00:56:47,23.04,65.05,1030.05,3.78,90.00
Sun 03/05/2026 - 00:57:21,23.03,65.15,1030.04,3.78,90.00
Sun 03/05/2026 - 00:57:55,23.02,65.17,1030.05,3.78,90.00
Sun 03/05/2026 - 00:58:29,23.01,65.26,1030.01,3.78,90.00
Sun 03/05/2026 - 00:59:03,23.01,65.20,1030.06,3.78,90.00
Sun 03/05/2026 - 00:59:37,23.00,65.17,1030.09,3.78,90.00
Sun 03/05/2026 - 01:00:11,22.98,65.21,1030.07,3.78,90.00
Sun 03/05/2026 - 01:00:45,22.98,65.29,1030.06,3.78,90.00
Sun 03/05/2026 - 01:01:19,22.96,65.32,1030.03,3.78,90.00
Sun 03/05/2026 - 01:01:53,22.96,65.42,1030.02,3.78,90.00
Sun 03/05/2026 - 01:02:27,22.95,65.39,1030.10,3.78,90.00
Sun 03/05/2026 - 01:03:01,22.96,65.44,1030.02,3.78,90.00
Sun 03/05/2026 - 01:03:35,22.93,65.47,1030.09,3.78,90.00
Sun 03/05/2026 - 01:04:09,22.93,65.61,1030.05,3.78,90.00
Sun 03/05/2026 - 01:04:42,22.93,65.59,1030.08,3.78,90.00
Sun 03/05/2026 - 01:05:16,22.91,65.66,1030.03,3.78,90.00
Sun 03/05/2026 - 01:05:50,22.91,65.63,1030.02,3.78,90.00
Sun 03/05/2026 - 01:06:24,22.90,65.79,1030.03,3.78,90.00
Sun 03/05/2026 - 01:06:58,22.89,65.82,1030.04,3.78,90.00
Sun 03/05/2026 - 01:07:32,22.88,65.81,1030.05,3.78,90.00
Sun 03/05/2026 - 01:08:06,22.87,65.83,1030.01,3.78,90.00
Sun 03/05/2026 - 01:08:40,22.88,65.91,1030.10,3.78,90.00
Sun 03/05/2026 - 01:09:14,22.86,65.95,1030.02,3.78,90.00
Sun 03/05/2026 - 01:09:48,22.85,65.88,1030.09,3.78,90.00
Sun 03/05/2026 - 01:10:22,22.85,65.96,1030.02,3.78,90.00
Sun 03/05/2026 - 01:10:56,22.83,66.08,1030.02,3.78,90.00
Sun 03/05/2026 - 01:11:30,22.83,66.08,1030.10,3.78,90.00
Sun 03/05/2026 - 01:12:04,22.82,66.10,1030.08,3.78,90.00
Sun 03/05/2026 - 01:12:38,22.80,66.04,1030.03,3.78,90.00
Sun 03/05/2026 - 01:13:12,22.81,66.07,1030.09,3.78,90.00
Sun 03/05/2026 - 01:13:46,22.81,66.04,1030.14,3.78,90.00
Sun 03/05/2026 - 01:14:20,22.80,66.01,1030.11,3.78,90.00
Sun 03/05/2026 - 01:14:54,22.80,66.00,1030.07,3.78,90.00
Sun 03/05/2026 - 01:15:28,22.79,66.00,1030.11,3.78,90.00
Sun 03/05/2026 - 01:16:02,22.76,66.07,1030.07,3.78,90.00
Sun 03/05/2026 - 01:16:35,22.76,66.24,1030.09,3.78,90.00
Sun 03/05/2026 - 01:17:09,22.75,66.25,1030.06,3.78,90.00
Sun 03/05/2026 - 01:17:43,22.75,66.36,1030.06,3.78,90.00
Sun 03/05/2026 - 01:18:17,22.74,66.38,1030.09,3.78,90.00
Sun 03/05/2026 - 01:18:51,22.73,66.32,1030.02,3.78,90.00
Sun 03/05/2026 - 01:19:25,22.74,66.32,1030.03,3.78,90.00
Sun 03/05/2026 - 01:19:59,22.72,66.38,1030.05,3.78,90.00
Sun 03/05/2026 - 01:20:33,22.71,66.40,1030.04,3.78,90.00
Sun 03/05/2026 - 01:21:07,22.70,66.43,1030.05,3.78,90.00
Sun 03/05/2026 - 01:21:41,22.69,66.50,1030.12,3.78,90.00
Sun 03/05/2026 - 01:22:15,22.68,66.47,1030.10,3.78,90.00
Sun 03/05/2026 - 01:22:49,22.69,66.52,1030.12,3.78,90.00
Sun 03/05/2026 - 01:23:23,22.68,66.44,1030.04,3.78,90.00
Sun 03/05/2026 - 01:23:57,22.68,66.54,1030.09,3.78,90.00
Sun 03/05/2026 - 01:24:31,22.67,66.59,1030.07,3.78,90.00
Sun 03/05/2026 - 01:25:05,22.66,66.51,1030.06,3.78,90.00
Sun 03/05/2026 - 01:25:39,22.66,66.51,1030.06,3.78,90.00
Sun 03/05/2026 - 01:26:13,22.64,66.59,1030.03,3.78,90.00
Sun 03/05/2026 - 01:26:47,22.64,66.62,1030.08,3.78,90.00
Sun 03/05/2026 - 01:27:21,22.63,66.63,1030.04,3.78,90.00
Sun 03/05/2026 - 01:27:54,22.63,66.65,1030.12,3.78,90.00
Sun 03/05/2026 - 01:28:28,22.63,66.74,1030.12,3.78,90.00
Sun 03/05/2026 - 01:29:02,22.62,66.84,1030.04,3.78,90.00
Sun 03/05/2026 - 01:29:36,22.61,66.87,1030.09,3.78,90.00
Sun 03/05/2026 - 01:30:10,22.60,66.88,1030.15,3.78,90.00
Sun 03/05/2026 - 01:30:44,22.59,66.86,1030.02,3.78,90.00
Sun 03/05/2026 - 01:31:18,22.58,66.85,1030.09,3.78,90.00
Sun 03/05/2026 - 01:31:52,22.58,66.88,1030.09,3.78,90.00
Sun 03/05/2026 - 01:32:26,22.57,66.91,1030.10,3.78,90.00
Sun 03/05/2026 - 01:33:00,22.57,66.98,1030.06,3.78,90.00
Sun 03/05/2026 - 01:33:34,22.56,67.02,1030.05,3.78,90.00
Sun 03/05/2026 - 01:34:08,22.56,66.97,1030.11,3.78,90.00
Sun 03/05/2026 - 01:34:42,22.56,67.02,1030.05,3.78,90.00
Sun 03/05/2026 - 01:35:16,22.54,67.09,1030.12,3.78,90.00
Sun 03/05/2026 - 01:35:50,22.55,67.12,1030.15,3.78,90.00
Sun 03/05/2026 - 01:36:24,22.53,67.13,1030.17,3.78,90.00
Sun 03/05/2026 - 01:36:58,22.52,67.13,1030.09,3.78,90.00
Sun 03/05/2026 - 01:37:32,22.52,67.22,1030.09,3.78,90.00
Sun 03/05/2026 - 01:38:06,22.51,67.26,1030.07,3.78,90.00
Sun 03/05/2026 - 01:38:39,22.50,67.24,1030.06,3.78,90.00
Sun 03/05/2026 - 01:39:13,22.50,67.32,1030.14,3.78,90.00
Sun 03/05/2026 - 01:39:47,22.49,67.34,1030.04,3.78,90.00
Sun 03/05/2026 - 01:40:21,22.49,67.33,1030.07,3.78,90.00
Sun 03/05/2026 - 01:40:55,22.49,67.36,1030.10,3.78,90.00
Sun 03/05/2026 - 01:41:29,22.48,67.33,1030.08,3.78,90.00
Sun 03/05/2026 - 01:42:03,22.48,67.36,1030.12,3.78,90.00
Sun 03/05/2026 - 01:42:37,22.47,67.47,1030.06,3.78,90.00
Sun 03/05/2026 - 01:43:11,22.47,67.51,1030.12,3.78,90.00
Sun 03/05/2026 - 01:43:45,22.46,67.52,1030.04,3.78,90.00
Sun 03/05/2026 - 01:44:19,22.46,67.56,1030.07,3.78,90.00
Sun 03/05/2026 - 01:44:53,22.45,67.62,1030.11,3.78,90.00
Sun 03/05/2026 - 01:45:27,22.45,67.68,1030.08,3.78,90.00
Sun 03/05/2026 - 01:46:01,22.44,67.68,1030.08,3.78,90.00
Sun 03/05/2026 - 01:46:35,22.43,67.69,1030.09,3.78,90.00
Sun 03/05/2026 - 01:47:09,22.43,67.73,1030.07,3.78,90.00
Sun 03/05/2026 - 01:47:43,22.42,67.70,1030.06,3.78,90.00
Sun 03/05/2026 - 01:48:17,22.42,67.79,1030.03,3.78,90.00
Sun 03/05/2026 - 01:48:51,22.41,67.78,1030.07,3.78,90.00
Sun 03/05/2026 - 01:49:25,22.41,67.86,1030.03,3.78,90.00
Sun 03/05/2026 - 01:49:59,22.40,67.82,1030.05,3.78,90.00
Sun 03/05/2026 - 01:50:32,22.40,67.80,1030.05,3.78,90.00
Sun 03/05/2026 - 01:51:06,22.38,67.86,1030.07,3.78,90.00
Sun 03/05/2026 - 01:51:40,22.39,67.94,1030.03,3.78,90.00
Sun 03/05/2026 - 01:52:14,22.38,67.92,1030.04,3.78,90.00
Sun 03/05/2026 - 01:52:48,22.38,67.99,1030.03,3.78,90.00
Sun 03/05/2026 - 01:53:22,22.37,67.94,1030.04,3.78,90.00
Sun 03/05/2026 - 01:53:56,22.36,67.97,1030.01,3.78,90.00
Sun 03/05/2026 - 01:54:30,22.36,68.05,1030.09,3.78,90.00
Sun 03/05/2026 - 01:55:04,22.35,68.15,1030.07,3.78,90.00
Sun 03/05/2026 - 01:55:38,22.35,68.27,1030.02,3.78,90.00
Sun 03/05/2026 - 01:56:12,22.35,68.23,1030.09,3.78,90.00
Sun 03/05/2026 - 01:56:46,22.34,68.17,1030.11,3.78,90.00
Sun 03/05/2026 - 01:57:20,22.35,68.30,1030.13,3.78,90.00
Sun 03/05/2026 - 01:57:54,22.34,68.33,1030.05,3.78,90.00
Sun 03/05/2026 - 01:58:28,22.33,68.32,1030.15,3.78,90.00
Sun 03/05/2026 - 01:59:02,22.32,68.34,1030.14,3.78,90.00
Sun 03/05/2026 - 01:59:36,22.31,68.48,1030.17,3.78,90.00
Sun 03/05/2026 - 02:00:10,22.31,68.51,1030.12,3.78,90.00
Sun 03/05/2026 - 02:00:44,22.31,68.66,1030.11,3.78,90.00
Sun 03/05/2026 - 02:01:18,22.30,68.75,1030.12,3.78,90.00
Sun 03/05/2026 - 02:01:51,22.29,68.67,1030.11,3.78,90.00
Sun 03/05/2026 - 02:02:25,22.29,68.60,1030.16,3.78,90.00
Sun 03/05/2026 - 02:02:59,22.28,68.80,1030.09,3.78,90.00
Sun 03/05/2026 - 02:03:33,22.29,68.89,1030.16,3.78,90.00
Sun 03/05/2026 - 02:04:07,22.28,68.87,1030.11,3.78,90.00
Sun 03/05/2026 - 02:04:41,22.27,68.97,1030.13,3.78,90.00
Sun 03/05/2026 - 02:05:15,22.27,69.05,1030.18,3.78,90.00
Sun 03/05/2026 - 02:05:49,22.25,68.92,1030.10,3.78,90.00
Sun 03/05/2026 - 02:06:23,22.25,69.14,1030.17,3.78,90.00
Sun 03/05/2026 - 02:06:57,22.25,69.12,1030.09,3.78,90.00
Sun 03/05/2026 - 02:07:31,22.24,69.10,1030.07,3.78,90.00
Sun 03/05/2026 - 02:08:05,22.24,69.11,1030.13,3.78,90.00
Sun 03/05/2026 - 02:08:39,22.23,69.08,1030.05,3.78,90.00
Sun 03/05/2026 - 02:09:13,22.23,69.12,1030.17,3.78,90.00
Sun 03/05/2026 - 02:09:47,22.21,69.17,1030.11,3.78,90.00
Sun 03/05/2026 - 02:10:21,22.21,69.13,1030.11,3.78,90.00
Sun 03/05/2026 - 02:10:55,22.20,69.24,1030.08,3.78,90.00
Sun 03/05/2026 - 02:11:29,22.20,69.25,1030.08,3.78,90.00
Sun 03/05/2026 - 02:12:03,22.19,69.11,1030.17,3.78,90.00
Sun 03/05/2026 - 02:12:36,22.19,69.19,1030.18,3.78,90.00
Sun 03/05/2026 - 02:13:10,22.18,69.30,1030.16,3.78,90.00
Sun 03/05/2026 - 02:13:44,22.18,69.31,1030.16,3.78,90.00
Sun 03/05/2026 - 02:14:18,22.17,69.41,1030.14,3.78,90.00
Sun 03/05/2026 - 02:14:52,22.17,69.40,1030.17,3.78,90.00
Sun 03/05/2026 - 02:15:26,22.16,69.43,1030.15,3.78,90.00
Sun 03/05/2026 - 02:16:00,22.16,69.49,1030.04,3.78,90.00
Sun 03/05/2026 - 02:16:34,22.16,69.49,1030.10,3.78,90.00
Sun 03/05/2026 - 02:17:08,22.16,69.54,1030.18,3.78,90.00
Sun 03/05/2026 - 02:17:42,22.16,69.77,1030.12,3.78,90.00
Sun 03/05/2026 - 02:18:16,22.15,69.75,1030.11,3.78,90.00
Sun 03/05/2026 - 02:18:50,22.15,69.94,1030.17,3.78,90.00
Sun 03/05/2026 - 02:19:24,22.15,70.06,1030.16,3.78,90.00
Sun 03/05/2026 - 02:19:58,22.14,70.10,1030.12,3.78,90.00
Sun 03/05/2026 - 02:20:32,22.13,70.02,1030.13,3.78,90.00
Sun 03/05/2026 - 02:21:06,22.13,70.03,1030.08,3.78,90.00
Sun 03/05/2026 - 02:21:40,22.14,70.10,1030.14,3.78,90.00
Sun 03/05/2026 - 02:22:14,22.13,70.14,1030.13,3.78,90.00
Sun 03/05/2026 - 02:22:48,22.12,70.21,1030.09,3.78,90.00
Sun 03/05/2026 - 02:23:22,22.13,70.25,1030.10,3.78,90.00
Sun 03/05/2026 - 02:23:55,22.12,70.26,1030.06,3.78,90.00
Sun 03/05/2026 - 02:24:29,22.12,70.34,1030.14,3.78,90.00
Sun 03/05/2026 - 02:25:03,22.11,70.29,1030.09,3.78,90.00
Sun 03/05/2026 - 02:25:37,22.11,70.32,1030.14,3.78,90.00
Sun 03/05/2026 - 02:26:11,22.11,70.29,1030.12,3.78,90.00
Sun 03/05/2026 - 02:26:45,22.11,70.43,1030.12,3.78,90.00
Sun 03/05/2026 - 02:27:19,22.10,70.41,1030.13,3.78,90.00
Sun 03/05/2026 - 02:27:53,22.11,70.36,1030.14,3.78,90.00
Sun 03/05/2026 - 02:28:27,22.10,70.47,1030.13,3.78,90.00
Sun 03/05/2026 - 02:29:01,22.10,70.53,1030.18,3.78,90.00
Sun 03/05/2026 - 02:29:35,22.10,70.56,1030.13,3.78,90.00
Sun 03/05/2026 - 02:30:09,22.10,70.58,1030.18,3.78,90.00
Sun 03/05/2026 - 02:30:43,22.08,70.54,1030.13,3.78,90.00
Sun 03/05/2026 - 02:31:17,22.09,70.52,1030.11,3.78,90.00
Sun 03/05/2026 - 02:31:51,22.08,70.69,1030.13,3.78,90.00
Sun 03/05/2026 - 02:32:25,22.08,70.65,1030.20,3.78,90.00
Sun 03/05/2026 - 02:32:59,22.07,70.57,1030.19,3.78,90.00
Sun 03/05/2026 - 02:33:32,22.08,70.57,1030.20,3.78,90.00
Sun 03/05/2026 - 02:34:06,22.08,70.53,1030.17,3.78,90.00
Sun 03/05/2026 - 02:34:40,22.07,70.50,1030.19,3.78,90.00
Sun 03/05/2026 - 02:35:14,22.06,70.59,1030.23,3.78,90.00
Sun 03/05/2026 - 02:35:48,22.07,70.55,1030.18,3.78,90.00
Sun 03/05/2026 - 02:36:22,22.06,70.63,1030.22,3.78,90.00
Sun 03/05/2026 - 02:36:56,22.05,70.57,1030.15,3.78,90.00
Sun 03/05/2026 - 02:37:30,22.06,70.66,1030.19,3.78,90.00
Sun 03/05/2026 - 02:38:04,22.05,70.68,1030.20,3.78,90.00
Sun 03/05/2026 - 02:38:38,22.05,70.76,1030.20,3.78,90.00
Sun 03/05/2026 - 02:39:12,22.04,70.70,1030.19,3.78,90.00
Sun 03/05/2026 - 02:39:46,22.04,70.72,1030.16,3.78,90.00
Sun 03/05/2026 - 02:40:20,22.03,70.70,1030.22,3.78,90.00
Sun 03/05/2026 - 02:40:54,22.04,70.65,1030.19,3.78,90.00
Sun 03/05/2026 - 02:41:28,22.03,70.73,1030.12,3.78,90.00
Sun 03/05/2026 - 02:42:02,22.03,70.76,1030.17,3.78,90.00
Sun 03/05/2026 - 02:42:36,22.03,70.67,1030.15,3.78,90.00
Sun 03/05/2026 - 02:43:10,22.02,70.74,1030.15,3.78,90.00
Sun 03/05/2026 - 02:43:44,22.03,70.73,1030.27,3.78,90.00
Sun 03/05/2026 - 02:44:18,22.02,70.70,1030.15,3.78,90.00
Sun 03/05/2026 - 02:44:51,22.02,70.71,1030.17,3.78,90.00
Sun 03/05/2026 - 02:45:25,22.01,70.80,1030.14,3.78,90.00
Sun 03/05/2026 - 02:45:59,22.01,70.80,1030.17,3.78,90.00
Sun 03/05/2026 - 02:46:33,22.00,70.84,1030.16,3.78,90.00
Sun 03/05/2026 - 02:47:07,22.00,70.80,1030.15,3.78,90.00
Sun 03/05/2026 - 02:47:41,22.00,70.77,1030.18,3.78,90.00
Sun 03/05/2026 - 02:48:15,22.00,70.83,1030.17,3.78,90.00
Sun 03/05/2026 - 02:48:49,21.99,70.91,1030.12,3.78,90.00
Sun 03/05/2026 - 02:49:23,21.99,70.85,1030.14,3.78,90.00
Sun 03/05/2026 - 02:49:57,21.99,70.91,1030.15,3.78,90.00
Sun 03/05/2026 - 02:50:31,21.99,70.85,1030.16,3.77,90.00
Sun 03/05/2026 - 02:51:05,21.99,70.88,1030.12,3.78,90.00
Sun 03/05/2026 - 02:51:39,21.98,70.87,1030.12,3.78,90.00
Sun 03/05/2026 - 02:52:13,21.98,70.83,1030.15,3.78,90.00
Sun 03/05/2026 - 02:52:47,21.98,70.91,1030.15,3.78,90.00
Sun 03/05/2026 - 02:53:21,21.97,71.10,1030.14,3.78,90.00
Sun 03/05/2026 - 02:53:55,21.97,71.21,1030.12,3.78,90.00
Sun 03/05/2026 - 02:54:29,21.97,71.11,1030.14,3.78,90.00
Sun 03/05/2026 - 02:55:03,21.97,71.14,1030.12,3.78,90.00
Sun 03/05/2026 - 02:55:37,21.96,71.06,1030.12,3.78,90.00
Sun 03/05/2026 - 02:56:10,21.95,71.14,1030.11,3.78,90.00
Sun 03/05/2026 - 02:56:44,21.96,71.08,1030.07,3.78,90.00
Sun 03/05/2026 - 02:57:18,21.95,71.06,1030.13,3.78,90.00
Sun 03/05/2026 - 02:57:52,21.94,71.06,1030.14,3.78,90.00
Sun 03/05/2026 - 02:58:26,21.95,71.16,1030.10,3.78,90.00
Sun 03/05/2026 - 02:59:00,21.94,71.04,1030.09,3.78,90.00
Sun 03/05/2026 - 02:59:34,21.94,71.12,1030.09,3.78,90.00
Sun 03/05/2026 - 03:00:08,21.94,71.16,1030.12,3.78,90.00
Sun 03/05/2026 - 03:00:42,21.93,71.22,1030.08,3.78,90.00
Sun 03/05/2026 - 03:01:16,21.93,71.12,1030.10,3.78,90.00
Sun 03/05/2026 - 03:01:50,21.92,71.17,1030.08,3.78,90.00
Sun 03/05/2026 - 03:02:24,21.92,71.20,1030.04,3.78,90.00
Sun 03/05/2026 - 03:02:58,21.92,71.18,1030.09,3.78,90.00
Sun 03/05/2026 - 03:03:32,21.91,71.24,1030.10,3.78,90.00
Sun 03/05/2026 - 03:04:06,21.91,71.26,1030.07,3.78,90.00
Sun 03/05/2026 - 03:04:40,21.91,71.26,1030.12,3.78,90.00
Sun 03/05/2026 - 03:05:14,21.91,71.27,1030.07,3.78,90.00
Sun 03/05/2026 - 03:05:48,21.91,71.37,1030.07,3.78,90.00
Sun 03/05/2026 - 03:06:22,21.90,71.40,1030.05,3.78,90.00
Sun 03/05/2026 - 03:06:56,21.89,71.38,1030.04,3.78,90.00
Sun 03/05/2026 - 03:07:30,21.90,71.44,1030.05,3.78,90.00
Sun 03/05/2026 - 03:08:04,21.87,71.48,1030.07,3.78,90.00
Sun 03/05/2026 - 03:08:38,21.87,71.50,1030.13,3.77,90.00
Sun 03/05/2026 - 03:09:11,21.87,71.48,1030.07,3.77,90.00
Sun 03/05/2026 - 03:09:45,21.87,71.52,1030.07,3.78,90.00
Sun 03/05/2026 - 03:10:19,21.87,71.54,1030.12,3.78,90.00
Sun 03/05/2026 - 03:10:53,21.87,71.53,1030.01,3.78,90.00
Sun 03/05/2026 - 03:11:27,21.86,71.49,1030.11,3.78,90.00
Sun 03/05/2026 - 03:12:01,21.85,71.49,1030.12,3.77,90.00
Sun 03/05/2026 - 03:12:35,21.86,71.51,1030.10,3.77,90.00
Sun 03/05/2026 - 03:13:09,21.85,71.60,1030.06,3.77,90.00
Sun 03/05/2026 - 03:13:43,21.85,71.58,1030.14,3.77,90.00
Sun 03/05/2026 - 03:14:17,21.84,71.55,1030.01,3.77,90.00
Sun 03/05/2026 - 03:14:51,21.84,71.63,1030.13,3.77,90.00
Sun 03/05/2026 - 03:15:25,21.84,71.67,1030.12,3.77,90.00
Sun 03/05/2026 - 03:15:59,21.83,71.62,1030.11,3.77,90.00
Sun 03/05/2026 - 03:16:33,21.83,71.58,1030.08,3.77,90.00
Sun 03/05/2026 - 03:17:07,21.83,71.63,1030.08,3.77,90.00
Sun 03/05/2026 - 03:17:41,21.82,71.72,1030.04,3.78,90.00
Sun 03/05/2026 - 03:18:15,21.83,71.67,1030.08,3.78,90.00
Sun 03/05/2026 - 03:18:49,21.82,71.67,1030.07,3.77,90.00
Sun 03/05/2026 - 03:19:23,21.81,71.68,1030.02,3.77,90.00
Sun 03/05/2026 - 03:19:57,21.81,71.68,1030.08,3.77,90.00
Sun 03/05/2026 - 03:20:31,21.81,71.76,1030.02,3.77,90.00
Sun 03/05/2026 - 03:21:04,21.81,71.74,1030.05,3.77,90.00
Sun 03/05/2026 - 03:21:38,21.80,71.75,1030.03,3.77,90.00
Sun 03/05/2026 - 03:22:12,21.80,71.74,1030.06,3.77,90.00
Sun 03/05/2026 - 03:22:46,21.80,71.85,1030.03,3.78,90.00
Sun 03/05/2026 - 03:23:20,21.80,71.79,1029.95,3.78,90.00
Sun 03/05/2026 - 03:23:54,21.80,71.84,1030.00,3.77,90.00
Sun 03/05/2026 - 03:24:28,21.79,71.82,1030.03,3.77,90.00
Sun 03/05/2026 - 03:25:02,21.78,71.85,1030.08,3.77,90.00
Sun 03/05/2026 - 03:25:36,21.79,71.87,1030.01,3.77,90.00
Sun 03/05/2026 - 03:26:10,21.78,71.92,1030.02,3.77,90.00
Sun 03/05/2026 - 03:26:44,21.77,71.89,1030.01,3.77,90.00
Sun 03/05/2026 - 03:27:18,21.78,71.95,1029.96,3.77,90.00
Sun 03/05/2026 - 03:27:52,21.78,71.98,1030.02,3.77,90.00
Sun 03/05/2026 - 03:28:26,21.78,71.96,1030.12,3.77,90.00
Sun 03/05/2026 - 03:29:00,21.77,72.02,1030.03,3.77,90.00
Sun 03/05/2026 - 03:29:34,21.77,72.09,1030.08,3.77,90.00
Sun 03/05/2026 - 03:30:08,21.76,72.17,1030.09,3.77,90.00
Sun 03/05/2026 - 03:30:42,21.75,72.16,1030.05,3.77,90.00
Sun 03/05/2026 - 03:31:15,21.76,72.19,1030.10,3.77,90.00
Sun 03/05/2026 - 03:31:49,21.74,72.14,1030.06,3.77,90.00
Sun 03/05/2026 - 03:32:23,21.75,72.30,1030.11,3.77,90.00
Sun 03/05/2026 - 03:32:57,21.75,72.23,1030.07,3.77,90.00
Sun 03/05/2026 - 03:33:31,21.75,72.29,1030.08,3.77,90.00
Sun 03/05/2026 - 03:34:05,21.74,72.32,1030.09,3.77,90.00
Sun 03/05/2026 - 03:34:39,21.73,72.35,1030.07,3.77,90.00
Sun 03/05/2026 - 03:35:13,21.73,72.29,1030.10,3.77,90.00
Sun 03/05/2026 - 03:35:47,21.73,72.40,1030.05,3.77,90.00
Sun 03/05/2026 - 03:36:21,21.73,72.60,1029.99,3.77,90.00
Sun 03/05/2026 - 03:36:55,21.72,72.74,1029.95,3.77,90.00
Sun 03/05/2026 - 03:37:29,21.72,72.67,1030.00,3.77,90.00
Sun 03/05/2026 - 03:38:03,21.72,72.87,1030.05,3.77,90.00
Sun 03/05/2026 - 03:38:37,21.71,72.84,1030.01,3.77,90.00
Sun 03/05/2026 - 03:39:11,21.72,72.89,1030.02,3.78,90.00
Sun 03/05/2026 - 03:39:45,21.71,72.99,1030.01,3.77,90.00
Sun 03/05/2026 - 03:40:19,21.71,73.15,1029.98,3.77,90.00
Sun 03/05/2026 - 03:40:53,21.71,73.34,1029.98,3.77,90.00
Sun 03/05/2026 - 03:41:27,21.70,73.29,1029.97,3.77,90.00
Sun 03/05/2026 - 03:42:00,21.70,73.24,1030.05,3.77,90.00
Sun 03/05/2026 - 03:42:34,21.70,73.28,1030.02,3.77,90.00
Sun 03/05/2026 - 03:43:08,21.70,73.26,1029.99,3.77,90.00
Sun 03/05/2026 - 03:43:42,21.70,73.39,1029.99,3.77,90.00
Sun 03/05/2026 - 03:44:16,21.70,73.25,1029.99,3.77,90.00
Sun 03/05/2026 - 03:44:50,21.69,73.18,1030.00,3.77,90.00
Sun 03/05/2026 - 03:45:24,21.69,73.28,1030.00,3.77,90.00
Sun 03/05/2026 - 03:45:58,21.69,73.37,1030.03,3.77,90.00
Sun 03/05/2026 - 03:46:32,21.69,73.45,1029.97,3.77,90.00
Sun 03/05/2026 - 03:47:06,21.69,73.34,1029.87,3.77,90.00
Sun 03/05/2026 - 03:47:40,21.69,73.47,1029.98,3.77,90.00
Sun 03/05/2026 - 03:48:14,21.69,73.42,1029.97,3.77,90.00
Sun 03/05/2026 - 03:48:48,21.68,73.38,1029.96,3.77,90.00
Sun 03/05/2026 - 03:49:22,21.68,73.47,1029.92,3.77,90.00
Sun 03/05/2026 - 03:49:56,21.68,73.43,1029.91,3.77,90.00
Sun 03/05/2026 - 03:50:30,21.67,73.45,1029.92,3.77,90.00
Sun 03/05/2026 - 03:51:04,21.68,73.43,1029.93,3.77,90.00
Sun 03/05/2026 - 03:51:38,21.67,73.53,1030.00,3.77,90.00
Sun 03/05/2026 - 03:52:12,21.67,73.54,1029.89,3.77,90.00
Sun 03/05/2026 - 03:52:45,21.67,73.54,1029.94,3.77,90.00
Sun 03/05/2026 - 03:53:19,21.66,73.51,1029.90,3.77,90.00
Sun 03/05/2026 - 03:53:53,21.65,73.48,1029.83,3.77,90.00
Sun 03/05/2026 - 03:54:27,21.66,73.52,1029.82,3.77,90.00
Sun 03/05/2026 - 03:55:01,21.66,73.52,1029.82,3.77,90.00
Sun 03/05/2026 - 03:55:35,21.65,73.46,1029.79,3.77,90.00
Sun 03/05/2026 - 03:56:09,21.65,73.51,1029.85,3.77,90.00
Sun 03/05/2026 - 03:56:43,21.64,73.56,1029.78,3.77,90.00
Sun 03/05/2026 - 03:57:17,21.65,73.52,1029.76,3.77,90.00
Sun 03/05/2026 - 03:57:51,21.65,73.60,1029.84,3.77,90.00
Sun 03/05/2026 - 03:58:25,21.64,73.58,1029.78,3.77,90.00
Sun 03/05/2026 - 03:58:59,21.64,73.63,1029.88,3.77,90.00
Sun 03/05/2026 - 03:59:33,21.64,73.57,1029.78,3.77,90.00
Sun 03/05/2026 - 04:00:07,21.63,73.59,1029.87,3.77,90.00
Sun 03/05/2026 - 04:00:41,21.64,73.64,1029.80,3.77,90.00
Sun 03/05/2026 - 04:01:15,21.62,73.60,1029.88,3.77,90.00
Sun 03/05/2026 - 04:01:49,21.63,73.62,1029.84,3.77,90.00
Sun 03/05/2026 - 04:02:23,21.62,73.63,1029.83,3.77,90.00
Sun 03/05/2026 - 04:02:57,21.62,73.58,1029.91,3.77,90.00
Sun 03/05/2026 - 04:03:31,21.62,73.63,1029.74,3.77,90.00
Sun 03/05/2026 - 04:04:04,21.61,73.60,1029.76,3.77,90.00
Sun 03/05/2026 - 04:04:38,21.63,73.62,1029.78,3.77,90.00
Sun 03/05/2026 - 04:05:12,21.61,73.69,1029.80,3.77,90.00
Sun 03/05/2026 - 04:05:46,21.61,73.58,1029.87,3.77,90.00
Sun 03/05/2026 - 04:06:20,21.61,73.58,1029.83,3.77,90.00
Sun 03/05/2026 - 04:06:54,21.60,73.66,1029.85,3.77,90.00
Sun 03/05/2026 - 04:07:28,21.61,73.70,1029.72,3.77,90.00
Sun 03/05/2026 - 04:08:02,21.60,73.64,1029.78,3.77,90.00
Sun 03/05/2026 - 04:08:36,21.60,73.76,1029.82,3.77,90.00
Sun 03/05/2026 - 04:09:10,21.60,73.76,1029.82,3.77,90.00
Sun 03/05/2026 - 04:09:44,21.59,73.75,1029.78,3.77,90.00
Sun 03/05/2026 - 04:10:18,21.59,73.80,1029.80,3.77,90.00
Sun 03/05/2026 - 04:10:52,21.59,73.83,1029.82,3.77,90.00
Sun 03/05/2026 - 04:11:26,21.59,73.76,1029.78,3.77,90.00
Sun 03/05/2026 - 04:12:00,21.59,73.79,1029.83,3.77,90.00
Sun 03/05/2026 - 04:12:34,21.58,73.87,1029.79,3.77,90.00
Sun 03/05/2026 - 04:13:08,21.58,73.82,1029.75,3.77,90.00
Sun 03/05/2026 - 04:13:42,21.58,73.80,1029.84,3.77,90.00
Sun 03/05/2026 - 04:14:15,21.58,73.86,1029.80,3.77,90.00
Sun 03/05/2026 - 04:14:49,21.57,73.77,1029.79,3.77,90.00
Sun 03/05/2026 - 04:15:23,21.57,73.89,1029.76,3.77,90.00
Sun 03/05/2026 - 04:15:57,21.57,73.92,1029.81,3.77,90.00
Sun 03/05/2026 - 04:16:31,21.56,73.93,1029.80,3.77,90.00
Sun 03/05/2026 - 04:17:05,21.56,73.87,1029.75,3.77,90.00
Sun 03/05/2026 - 04:17:39,21.57,73.83,1029.76,3.77,90.00
Sun 03/05/2026 - 04:18:13,21.55,73.82,1029.76,3.77,90.00
Sun 03/05/2026 - 04:18:47,21.56,73.90,1029.83,3.77,90.00
Sun 03/05/2026 - 04:19:21,21.55,73.81,1029.79,3.77,90.00
Sun 03/05/2026 - 04:19:55,21.56,73.87,1029.80,3.77,90.00
Sun 03/05/2026 - 04:20:29,21.56,73.87,1029.80,3.77,90.00
Sun 03/05/2026 - 04:21:03,21.55,73.86,1029.79,3.77,90.00
Sun 03/05/2026 - 04:21:37,21.54,73.90,1029.74,3.77,90.00
Sun 03/05/2026 - 04:22:11,21.54,73.99,1029.80,3.77,90.00
Sun 03/05/2026 - 04:22:45,21.54,73.96,1029.72,3.77,90.00
Sun 03/05/2026 - 04:23:19,21.54,73.94,1029.77,3.77,90.00
Sun 03/05/2026 - 04:23:53,21.53,73.91,1029.70,3.77,90.00
Sun 03/05/2026 - 04:24:26,21.54,73.89,1029.76,3.77,90.00
Sun 03/05/2026 - 04:25:00,21.54,73.89,1029.74,3.77,90.00
Sun 03/05/2026 - 04:25:34,21.52,73.96,1029.71,3.77,90.00
Sun 03/05/2026 - 04:26:08,21.53,73.98,1029.73,3.77,90.00
Sun 03/05/2026 - 04:26:42,21.53,73.98,1029.75,3.77,90.00
Sun 03/05/2026 - 04:27:16,21.53,73.92,1029.77,3.77,90.00
Sun 03/05/2026 - 04:27:50,21.52,73.95,1029.74,3.77,90.00
Sun 03/05/2026 - 04:28:24,21.52,73.95,1029.76,3.77,90.00
Sun 03/05/2026 - 04:28:58,21.52,73.96,1029.73,3.77,90.00
Sun 03/05/2026 - 04:29:32,21.52,74.00,1029.76,3.77,90.00
Sun 03/05/2026 - 04:30:06,21.51,74.02,1029.69,3.77,90.00
Sun 03/05/2026 - 04:30:40,21.51,74.13,1029.75,3.77,90.00
Sun 03/05/2026 - 04:31:14,21.51,74.15,1029.66,3.77,90.00
Sun 03/05/2026 - 04:31:48,21.50,74.10,1029.78,3.77,90.00
Sun 03/05/2026 - 04:32:22,21.49,74.10,1029.71,3.77,90.00
Sun 03/05/2026 - 04:32:56,21.50,74.12,1029.76,3.77,90.00
Sun 03/05/2026 - 04:33:30,21.48,74.08,1029.72,3.77,90.00
Sun 03/05/2026 - 04:34:04,21.49,74.25,1029.71,3.77,90.00
Sun 03/05/2026 - 04:34:38,21.49,74.22,1029.68,3.77,90.00
Sun 03/05/2026 - 04:35:12,21.48,74.28,1029.72,3.77,90.00
Sun 03/05/2026 - 04:35:46,21.48,74.40,1029.64,3.77,90.00
Sun 03/05/2026 - 04:36:19,21.48,74.34,1029.64,3.77,90.00
Sun 03/05/2026 - 04:36:53,21.48,74.34,1029.67,3.77,90.00
Sun 03/05/2026 - 04:37:27,21.47,74.39,1029.65,3.77,90.00
Sun 03/05/2026 - 04:38:01,21.47,74.31,1029.65,3.77,90.00
Sun 03/05/2026 - 04:38:35,21.47,74.41,1029.68,3.77,90.00
Sun 03/05/2026 - 04:39:09,21.48,74.36,1029.63,3.77,90.00
Sun 03/05/2026 - 04:39:43,21.47,74.40,1029.68,3.77,90.00
Sun 03/05/2026 - 04:40:17,21.47,74.42,1029.68,3.77,90.00
Sun 03/05/2026 - 04:40:51,21.47,74.33,1029.70,3.77,90.00
Sun 03/05/2026 - 04:41:25,21.47,74.34,1029.59,3.77,90.00
Sun 03/05/2026 - 04:41:59,21.47,74.37,1029.64,3.77,90.00
Sun 03/05/2026 - 04:42:33,21.46,74.37,1029.65,3.77,90.00
Sun 03/05/2026 - 04:43:07,21.46,74.37,1029.63,3.77,90.00
Sun 03/05/2026 - 04:43:41,21.47,74.39,1029.64,3.77,90.00
Sun 03/05/2026 - 04:44:15,21.45,74.39,1029.70,3.77,90.00
Sun 03/05/2026 - 04:44:49,21.45,74.34,1029.64,3.77,90.00
Sun 03/05/2026 - 04:45:23,21.45,74.41,1029.67,3.77,90.00
Sun 03/05/2026 - 04:45:57,21.46,74.43,1029.73,3.77,90.00
Sun 03/05/2026 - 04:46:31,21.44,74.42,1029.76,3.77,90.00
Sun 03/05/2026 - 04:47:04,21.45,74.45,1029.77,3.77,90.00
Sun 03/05/2026 - 04:47:38,21.44,74.47,1029.71,3.77,90.00
Sun 03/05/2026 - 04:48:12,21.44,74.47,1029.70,3.77,90.00
Sun 03/05/2026 - 04:48:46,21.43,74.55,1029.69,3.77,90.00
Sun 03/05/2026 - 04:49:20,21.44,74.58,1029.70,3.77,90.00
Sun 03/05/2026 - 04:49:54,21.44,74.68,1029.70,3.77,90.00
Sun 03/05/2026 - 04:50:28,21.45,74.63,1029.77,3.77,90.00
Sun 03/05/2026 - 04:51:02,21.44,74.63,1029.70,3.77,90.00
Sun 03/05/2026 - 04:51:36,21.43,74.59,1029.69,3.77,90.00
Sun 03/05/2026 - 04:52:10,21.43,74.59,1029.74,3.77,90.00
Sun 03/05/2026 - 04:52:44,21.42,74.57,1029.78,3.77,90.00
Sun 03/05/2026 - 04:53:18,21.42,74.58,1029.78,3.77,90.00
Sun 03/05/2026 - 04:53:52,21.42,74.59,1029.75,3.77,90.00
Sun 03/05/2026 - 04:54:26,21.42,74.61,1029.72,3.77,90.00
Sun 03/05/2026 - 04:55:00,21.41,74.59,1029.71,3.77,90.00
Sun 03/05/2026 - 04:55:34,21.42,74.68,1029.73,3.77,90.00
Sun 03/05/2026 - 04:56:08,21.40,74.77,1029.70,3.77,90.00
Sun 03/05/2026 - 04:56:42,21.40,74.89,1029.75,3.77,90.00
Sun 03/05/2026 - 04:57:16,21.41,74.84,1029.76,3.77,90.00
Sun 03/05/2026 - 04:57:49,21.40,74.91,1029.75,3.77,90.00
Sun 03/05/2026 - 04:58:23,21.39,74.83,1029.71,3.77,90.00
Sun 03/05/2026 - 04:58:57,21.40,74.87,1029.72,3.77,90.00
Sun 03/05/2026 - 04:59:31,21.40,74.88,1029.66,3.77,90.00
Sun 03/05/2026 - 05:00:05,21.39,74.86,1029.67,3.77,90.00
Sun 03/05/2026 - 05:00:39,21.39,74.88,1029.73,3.77,90.00
Sun 03/05/2026 - 05:01:13,21.38,74.92,1029.75,3.77,90.00
Sun 03/05/2026 - 05:01:47,21.39,74.96,1029.70,3.77,90.00
Sun 03/05/2026 - 05:02:21,21.38,74.93,1029.74,3.77,90.00
Sun 03/05/2026 - 05:02:55,21.38,74.92,1029.77,3.77,90.00
Sun 03/05/2026 - 05:03:29,21.37,74.95,1029.72,3.77,90.00
Sun 03/05/2026 - 05:04:03,21.37,74.89,1029.72,3.77,90.00
Sun 03/05/2026 - 05:04:37,21.37,74.86,1029.75,3.77,90.00
Sun 03/05/2026 - 05:05:11,21.36,74.83,1029.73,3.77,90.00
Sun 03/05/2026 - 05:05:45,21.35,74.88,1029.69,3.77,90.00
Sun 03/05/2026 - 05:06:19,21.36,74.86,1029.70,3.77,90.00
Sun 03/05/2026 - 05:06:53,21.36,74.84,1029.74,3.77,90.00
Sun 03/05/2026 - 05:07:27,21.35,74.79,1029.71,3.77,90.00
Sun 03/05/2026 - 05:08:00,21.34,74.87,1029.70,3.77,90.00
Sun 03/05/2026 - 05:08:34,21.33,74.89,1029.68,3.77,90.00
Sun 03/05/2026 - 05:09:08,21.35,74.91,1029.74,3.77,90.00
Sun 03/05/2026 - 05:09:42,21.34,74.91,1029.72,3.77,90.00
Sun 03/05/2026 - 05:10:16,21.33,74.88,1029.68,3.77,90.00
Sun 03/05/2026 - 05:10:50,21.33,74.82,1029.73,3.77,90.00
Sun 03/05/2026 - 05:11:24,21.32,74.80,1029.66,3.77,90.00
Sun 03/05/2026 - 05:11:58,21.32,74.83,1029.69,3.77,90.00
Sun 03/05/2026 - 05:12:32,21.32,74.81,1029.78,3.77,90.00
Sun 03/05/2026 - 05:13:06,21.32,74.83,1029.66,3.77,90.00
Sun 03/05/2026 - 05:13:40,21.32,74.91,1029.67,3.77,90.00
Sun 03/05/2026 - 05:14:14,21.33,75.10,1029.73,3.77,90.00
Sun 03/05/2026 - 05:14:48,21.33,75.15,1029.68,3.77,90.00
Sun 03/05/2026 - 05:15:22,21.32,75.28,1029.75,3.77,90.00
Sun 03/05/2026 - 05:15:56,21.33,75.31,1029.68,3.77,90.00
Sun 03/05/2026 - 05:16:30,21.33,75.34,1029.68,3.77,90.00
Sun 03/05/2026 - 05:17:04,21.33,75.39,1029.69,3.77,90.00
Sun 03/05/2026 - 05:17:38,21.33,75.52,1029.69,3.77,90.00
Sun 03/05/2026 - 05:18:11,21.32,75.73,1029.67,3.77,90.00
Sun 03/05/2026 - 05:18:45,21.33,75.74,1029.66,3.77,90.00
Sun 03/05/2026 - 05:19:19,21.34,75.78,1029.70,3.77,90.00
Sun 03/05/2026 - 05:19:53,21.34,75.81,1029.70,3.77,90.00
Sun 03/05/2026 - 05:20:27,21.34,75.78,1029.64,3.77,90.00
Sun 03/05/2026 - 05:21:01,21.34,75.87,1029.64,3.77,90.00
Sun 03/05/2026 - 05:21:35,21.34,75.98,1029.64,3.77,90.00
Sun 03/05/2026 - 05:22:09,21.34,75.99,1029.60,3.77,90.00
Sun 03/05/2026 - 05:22:43,21.35,75.93,1029.66,3.77,90.00
Sun 03/05/2026 - 05:23:17,21.35,75.95,1029.60,3.77,90.00
Sun 03/05/2026 - 05:23:51,21.35,76.04,1029.63,3.77,90.00
Sun 03/05/2026 - 05:24:25,21.35,76.01,1029.67,3.77,90.00
Sun 03/05/2026 - 05:24:59,21.35,75.96,1029.63,3.77,90.00
Sun 03/05/2026 - 05:25:33,21.34,75.99,1029.65,3.77,90.00
Sun 03/05/2026 - 05:26:07,21.35,76.09,1029.74,3.77,90.00
Sun 03/05/2026 - 05:26:41,21.35,76.01,1029.66,3.77,90.00
Sun 03/05/2026 - 05:27:15,21.35,75.90,1029.64,3.77,90.00
Sun 03/05/2026 - 05:27:49,21.35,75.88,1029.63,3.77,90.00
Sun 03/05/2026 - 05:28:23,21.35,75.85,1029.71,3.77,90.00
Sun 03/05/2026 - 05:28:57,21.33,75.80,1029.66,3.77,90.00
Sun 03/05/2026 - 05:29:30,21.35,75.79,1029.58,3.77,90.00
Sun 03/05/2026 - 05:30:04,21.34,75.76,1029.70,3.77,90.00
Sun 03/05/2026 - 05:30:38,21.34,75.69,1029.70,3.77,90.00
Sun 03/05/2026 - 05:31:12,21.35,75.69,1029.75,3.77,90.00
Sun 03/05/2026 - 05:31:46,21.34,75.64,1029.70,3.77,90.00
Sun 03/05/2026 - 05:32:20,21.35,75.61,1029.66,3.77,90.00
Sun 03/05/2026 - 05:32:54,21.34,75.59,1029.67,3.77,90.00
Sun 03/05/2026 - 05:33:28,21.33,75.60,1029.66,3.77,90.00
Sun 03/05/2026 - 05:34:02,21.33,75.58,1029.65,3.77,90.00
Sun 03/05/2026 - 05:34:36,21.33,75.58,1029.74,3.77,90.00
Sun 03/05/2026 - 05:35:10,21.33,75.55,1029.73,3.77,90.00
Sun 03/05/2026 - 05:35:44,21.33,75.51,1029.68,3.77,90.00
Sun 03/05/2026 - 05:36:18,21.33,75.49,1029.68,3.77,90.00
Sun 03/05/2026 - 05:36:52,21.32,75.45,1029.75,3.77,90.00
Sun 03/05/2026 - 05:37:26,21.32,75.42,1029.69,3.77,90.00
Sun 03/05/2026 - 05:38:00,21.32,75.42,1029.67,3.77,90.00
Sun 03/05/2026 - 05:38:34,21.32,75.41,1029.66,3.77,90.00
Sun 03/05/2026 - 05:39:08,21.31,75.41,1029.64,3.77,90.00
Sun 03/05/2026 - 05:39:42,21.32,75.37,1029.66,3.77,90.00
Sun 03/05/2026 - 05:40:16,21.32,75.39,1029.66,3.77,90.00
Sun 03/05/2026 - 05:40:49,21.31,75.37,1029.68,3.77,90.00
Sun 03/05/2026 - 05:41:23,21.32,75.36,1029.66,3.77,90.00
Sun 03/05/2026 - 05:41:57,21.31,75.37,1029.70,3.77,90.00
Sun 03/05/2026 - 05:42:31,21.31,75.33,1029.68,3.77,90.00
Sun 03/05/2026 - 05:43:05,21.31,75.29,1029.70,3.77,90.00
Sun 03/05/2026 - 05:43:39,21.30,75.27,1029.65,3.77,90.00
Sun 03/05/2026 - 05:44:13,21.31,75.27,1029.68,3.77,90.00
Sun 03/05/2026 - 05:44:47,21.31,75.24,1029.64,3.77,90.00
Sun 03/05/2026 - 05:45:21,21.30,75.24,1029.68,3.77,90.00
Sun 03/05/2026 - 05:45:55,21.29,75.19,1029.70,3.77,90.00
Sun 03/05/2026 - 05:46:29,21.29,75.21,1029.64,3.77,90.00
Sun 03/05/2026 - 05:47:03,21.29,75.19,1029.72,3.77,90.00
Sun 03/05/2026 - 05:47:37,21.29,75.19,1029.72,3.77,90.00
Sun 03/05/2026 - 05:48:11,21.27,75.14,1029.64,3.77,90.00
Sun 03/05/2026 - 05:48:45,21.29,75.16,1029.64,3.77,90.00
Sun 03/05/2026 - 05:49:19,21.28,75.15,1029.66,3.77,90.00
Sun 03/05/2026 - 05:49:53,21.28,75.15,1029.73,3.77,90.00
Sun 03/05/2026 - 05:50:27,21.28,75.13,1029.70,3.77,90.00
Sun 03/05/2026 - 05:51:01,21.28,75.11,1029.65,3.77,90.00
Sun 03/05/2026 - 05:51:34,21.27,75.17,1029.60,3.77,90.00
Sun 03/05/2026 - 05:52:08,21.27,75.13,1029.64,3.77,90.00
Sun 03/05/2026 - 05:52:42,21.27,75.09,1029.63,3.77,90.00
Sun 03/05/2026 - 05:53:16,21.26,75.12,1029.61,3.77,90.00
Sun 03/05/2026 - 05:53:50,21.28,75.11,1029.59,3.77,90.00
Sun 03/05/2026 - 05:54:24,21.28,75.09,1029.59,3.77,90.00
Sun 03/05/2026 - 05:54:58,21.27,75.06,1029.68,3.77,90.00
Sun 03/05/2026 - 05:55:32,21.27,75.08,1029.57,3.77,90.00
Sun 03/05/2026 - 05:56:06,21.27,75.04,1029.63,3.77,90.00
Sun 03/05/2026 - 05:56:40,21.26,75.08,1029.54,3.77,90.00
Sun 03/05/2026 - 05:57:14,21.27,75.11,1029.66,3.77,90.00
Sun 03/05/2026 - 05:57:48,21.27,75.12,1029.57,3.77,90.00
Sun 03/05/2026 - 05:58:22,21.27,75.26,1029.66,3.77,90.00
Sun 03/05/2026 - 05:58:56,21.26,75.20,1029.59,3.77,90.00
Sun 03/05/2026 - 05:59:30,21.27,75.18,1029.60,3.77,90.00
Sun 03/05/2026 - 06:00:04,21.26,75.14,1029.65,3.77,90.00
Sun 03/05/2026 - 06:00:38,21.26,75.11,1029.67,3.76,90.00
Sun 03/05/2026 - 06:01:12,21.27,75.13,1029.60,3.76,90.00
Sun 03/05/2026 - 06:01:46,21.26,75.11,1029.61,3.77,90.00
Sun 03/05/2026 - 06:02:20,21.26,75.08,1029.58,3.77,90.00
Sun 03/05/2026 - 06:02:53,21.25,75.07,1029.65,3.76,90.00
Sun 03/05/2026 - 06:03:27,21.26,75.09,1029.61,3.77,90.00
Sun 03/05/2026 - 06:04:01,21.25,75.10,1029.71,3.76,90.00
Sun 03/05/2026 - 06:04:35,21.24,75.12,1029.59,3.76,90.00
Sun 03/05/2026 - 06:05:09,21.24,75.08,1029.59,3.76,90.00
Sun 03/05/2026 - 06:05:43,21.23,75.10,1029.57,3.77,90.00
Sun 03/05/2026 - 06:06:17,21.24,75.07,1029.58,3.77,90.00
Sun 03/05/2026 - 06:06:51,21.24,75.05,1029.64,3.76,90.00
Sun 03/05/2026 - 06:07:25,21.23,75.05,1029.57,3.76,90.00
Sun 03/05/2026 - 06:07:59,21.23,75.05,1029.67,3.76,90.00
Sun 03/05/2026 - 06:08:33,21.24,75.04,1029.63,3.76,90.00
Sun 03/05/2026 - 06:09:07,21.24,75.02,1029.69,3.76,90.00
Sun 03/05/2026 - 06:09:41,21.23,75.02,1029.65,3.76,90.00
Sun 03/05/2026 - 06:10:15,21.24,75.01,1029.63,3.77,90.00
Sun 03/05/2026 - 06:10:49,21.24,75.01,1029.66,3.76,90.00
Sun 03/05/2026 - 06:11:23,21.23,74.98,1029.64,3.77,90.00
Sun 03/05/2026 - 06:11:57,21.23,74.98,1029.72,3.76,90.00
Sun 03/05/2026 - 06:12:31,21.22,74.93,1029.71,3.76,90.00
Sun 03/05/2026 - 06:13:05,21.23,74.90,1029.73,3.77,90.00
Sun 03/05/2026 - 06:13:38,21.23,74.89,1029.68,3.76,90.00
Sun 03/05/2026 - 06:14:12,21.22,74.83,1029.65,3.77,90.00
Sun 03/05/2026 - 06:14:46,21.23,74.84,1029.76,3.76,90.00
Sun 03/05/2026 - 06:15:20,21.22,74.80,1029.71,3.76,90.00
Sun 03/05/2026 - 06:15:54,21.21,74.81,1029.70,3.76,90.00
Sun 03/05/2026 - 06:16:28,21.21,74.78,1029.75,3.77,90.00
Sun 03/05/2026 - 06:17:02,21.22,74.78,1029.79,3.76,90.00
Sun 03/05/2026 - 06:17:36,21.22,74.75,1029.73,3.76,90.00
Sun 03/05/2026 - 06:18:10,21.21,74.77,1029.67,3.76,90.00
Sun 03/05/2026 - 06:18:44,21.21,74.76,1029.70,3.76,90.00
Sun 03/05/2026 - 06:19:18,21.21,74.77,1029.71,3.77,90.00
Sun 03/05/2026 - 06:19:52,21.21,74.74,1029.69,3.77,90.00
Sun 03/05/2026 - 06:20:26,21.20,74.74,1029.72,3.76,90.00
Sun 03/05/2026 - 06:21:00,21.22,74.70,1029.76,3.77,90.00
Sun 03/05/2026 - 06:21:34,21.20,74.69,1029.75,3.76,90.00
Sun 03/05/2026 - 06:22:08,21.21,74.69,1029.75,3.76,90.00
Sun 03/05/2026 - 06:22:42,21.21,74.67,1029.74,3.76,90.00
Sun 03/05/2026 - 06:23:15,21.21,74.68,1029.69,3.76,90.00
Sun 03/05/2026 - 06:23:49,21.21,74.79,1029.72,3.76,90.00
Sun 03/05/2026 - 06:24:23,21.21,74.84,1029.74,3.76,90.00
Sun 03/05/2026 - 06:24:57,21.20,74.98,1029.72,3.76,90.00
Sun 03/05/2026 - 06:25:31,21.21,74.90,1029.74,3.76,90.00
Sun 03/05/2026 - 06:26:05,21.22,74.95,1029.71,3.76,90.00
Sun 03/05/2026 - 06:26:39,21.21,74.96,1029.74,3.76,90.00
Sun 03/05/2026 - 06:27:13,21.20,74.90,1029.73,3.76,90.00
Sun 03/05/2026 - 06:27:47,21.20,74.89,1029.78,3.76,90.00
Sun 03/05/2026 - 06:28:21,21.22,74.95,1029.73,3.76,90.00
Sun 03/05/2026 - 06:28:55,21.20,74.92,1029.70,3.76,90.00
Sun 03/05/2026 - 06:29:29,21.20,74.96,1029.82,3.76,90.00
Sun 03/05/2026 - 06:30:03,21.20,74.91,1029.70,3.76,90.00
Sun 03/05/2026 - 06:30:37,21.20,74.89,1029.75,3.76,90.00
Sun 03/05/2026 - 06:31:11,21.20,74.91,1029.81,3.76,90.00
Sun 03/05/2026 - 06:31:45,21.19,74.93,1029.77,3.76,90.00
Sun 03/05/2026 - 06:32:19,21.20,74.94,1029.72,3.76,90.00
Sun 03/05/2026 - 06:32:53,21.19,74.93,1029.72,3.76,90.00
Sun 03/05/2026 - 06:33:27,21.20,74.95,1029.78,3.76,90.00
Sun 03/05/2026 - 06:34:00,21.19,74.93,1029.77,3.76,90.00
Sun 03/05/2026 - 06:34:34,21.19,74.95,1029.82,3.76,90.00
Sun 03/05/2026 - 06:35:08,21.20,74.94,1029.72,3.76,90.00
Sun 03/05/2026 - 06:35:42,21.20,74.93,1029.78,3.76,90.00
Sun 03/05/2026 - 06:36:16,21.19,74.96,1029.79,3.76,90.00
Sun 03/05/2026 - 06:36:50,21.19,74.90,1029.71,3.76,90.00
Sun 03/05/2026 - 06:37:24,21.18,74.93,1029.75,3.76,90.00
Sun 03/05/2026 - 06:37:58,21.19,74.91,1029.71,3.76,90.00
Sun 03/05/2026 - 06:38:32,21.18,74.94,1029.77,3.76,90.00
Sun 03/05/2026 - 06:39:06,21.18,74.91,1029.73,3.76,90.00
Sun 03/05/2026 - 06:39:40,21.18,74.91,1029.72,3.76,90.00
Sun 03/05/2026 - 06:40:14,21.17,74.85,1029.74,3.76,90.00
Sun 03/05/2026 - 06:40:48,21.18,74.94,1029.77,3.76,90.00
Sun 03/05/2026 - 06:41:22,21.18,74.96,1029.74,3.76,90.00
Sun 03/05/2026 - 06:41:56,21.18,74.91,1029.74,3.76,90.00
Sun 03/05/2026 - 06:42:30,21.17,74.89,1029.75,3.76,90.00
Sun 03/05/2026 - 06:43:04,21.17,74.86,1029.76,3.76,90.00
Sun 03/05/2026 - 06:43:38,21.17,74.86,1029.75,3.76,90.00
Sun 03/05/2026 - 06:44:12,21.17,74.85,1029.84,3.76,90.00
Sun 03/05/2026 - 06:44:46,21.17,74.98,1029.84,3.76,90.00
Sun 03/05/2026 - 06:45:19,21.16,74.96,1029.82,3.76,90.00
Sun 03/05/2026 - 06:45:53,21.17,74.98,1029.75,3.76,90.00
Sun 03/05/2026 - 06:46:27,21.16,74.93,1029.76,3.76,90.00
Sun 03/05/2026 - 06:47:01,21.17,74.94,1029.78,3.76,90.00
Sun 03/05/2026 - 06:47:35,21.16,74.95,1029.79,3.76,90.00
Sun 03/05/2026 - 06:48:09,21.15,74.95,1029.76,3.76,90.00
Sun 03/05/2026 - 06:48:43,21.16,74.91,1029.77,3.76,90.00
Sun 03/05/2026 - 06:49:17,21.16,74.94,1029.76,3.76,90.00
Sun 03/05/2026 - 06:49:51,21.15,74.89,1029.75,3.76,90.00
Sun 03/05/2026 - 06:50:25,21.16,74.91,1029.82,3.76,90.00
Sun 03/05/2026 - 06:50:59,21.14,74.92,1029.82,3.76,90.00
Sun 03/05/2026 - 06:51:33,21.15,74.89,1029.81,3.76,90.00
Sun 03/05/2026 - 06:52:07,21.14,74.91,1029.78,3.76,90.00
Sun 03/05/2026 - 06:52:41,21.15,74.95,1029.77,3.76,90.00
Sun 03/05/2026 - 06:53:15,21.14,74.94,1029.85,3.76,90.00
Sun 03/05/2026 - 06:53:49,21.13,75.02,1029.88,3.76,90.00
Sun 03/05/2026 - 06:54:23,21.15,74.97,1029.86,3.76,90.00
Sun 03/05/2026 - 06:54:57,21.14,74.98,1029.97,3.76,90.00
Sun 03/05/2026 - 06:55:30,21.14,74.97,1029.95,3.76,90.00
Sun 03/05/2026 - 06:56:04,21.13,75.07,1029.94,3.76,90.00
Sun 03/05/2026 - 06:56:38,21.12,75.03,1029.95,3.76,90.00
Sun 03/05/2026 - 06:57:12,21.13,75.04,1029.93,3.76,90.00
Sun 03/05/2026 - 06:57:46,21.13,75.08,1029.87,3.76,90.00
Sun 03/05/2026 - 06:58:20,21.13,75.06,1030.01,3.76,90.00
Sun 03/05/2026 - 06:58:54,21.11,75.02,1029.90,3.76,90.00
Sun 03/05/2026 - 06:59:28,21.12,75.01,1029.81,3.76,90.00
Sun 03/05/2026 - 07:00:02,21.12,75.01,1029.91,3.76,90.00
Sun 03/05/2026 - 07:00:36,21.12,75.03,1029.91,3.76,90.00
Sun 03/05/2026 - 07:01:10,21.12,75.09,1029.95,3.76,90.00
Sun 03/05/2026 - 07:01:44,21.10,75.14,1029.91,3.76,90.00
Sun 03/05/2026 - 07:02:18,21.11,75.17,1029.92,3.76,90.00
Sun 03/05/2026 - 07:02:52,21.11,75.17,1029.95,3.76,90.00
Sun 03/05/2026 - 07:03:26,21.12,75.16,1029.86,3.76,90.00
Sun 03/05/2026 - 07:04:00,21.11,75.10,1029.89,3.76,90.00
Sun 03/05/2026 - 07:04:34,21.10,75.16,1029.93,3.76,90.00
Sun 03/05/2026 - 07:05:08,21.11,75.14,1029.89,3.76,90.00
Sun 03/05/2026 - 07:05:42,21.10,75.10,1029.93,3.76,90.00
Sun 03/05/2026 - 07:06:16,21.09,75.21,1029.92,3.76,90.00
Sun 03/05/2026 - 07:06:49,21.09,75.18,1029.91,3.76,90.00
Sun 03/05/2026 - 07:07:23,21.10,75.20,1029.88,3.76,90.00
Sun 03/05/2026 - 07:07:57,21.09,75.21,1029.80,3.76,90.00
Sun 03/05/2026 - 07:08:31,21.10,75.19,1029.96,3.76,90.00
Sun 03/05/2026 - 07:09:05,21.09,75.17,1030.02,3.76,90.00
Sun 03/05/2026 - 07:09:39,21.08,75.22,1029.90,3.76,90.00
Sun 03/05/2026 - 07:10:13,21.08,75.26,1030.06,3.76,90.00
Sun 03/05/2026 - 07:10:47,21.08,75.28,1029.99,3.76,90.00
Sun 03/05/2026 - 07:11:21,21.08,75.28,1030.06,3.76,90.00
Sun 03/05/2026 - 07:11:55,21.07,75.33,1030.11,3.76,90.00
Sun 03/05/2026 - 07:12:29,21.07,75.34,1030.04,3.76,90.00
Sun 03/05/2026 - 07:13:03,21.08,75.46,1030.06,3.76,90.00
Sun 03/05/2026 - 07:13:37,21.08,75.43,1030.11,3.76,90.00
Sun 03/05/2026 - 07:14:11,21.07,75.39,1030.11,3.76,90.00
Sun 03/05/2026 - 07:14:45,21.06,75.43,1030.05,3.76,90.00
Sun 03/05/2026 - 07:15:19,21.07,75.37,1030.13,3.76,90.00
Sun 03/05/2026 - 07:15:53,21.06,75.45,1030.02,3.76,90.00
Sun 03/05/2026 - 07:16:27,21.06,75.43,1030.05,3.76,90.00
Sun 03/05/2026 - 07:17:00,21.07,75.42,1030.10,3.76,90.00
Sun 03/05/2026 - 07:17:34,21.06,75.36,1030.02,3.76,90.00
Sun 03/05/2026 - 07:18:08,21.05,75.39,1030.12,3.76,90.00
Sun 03/05/2026 - 07:18:42,21.05,75.33,1030.07,3.76,90.00
Sun 03/05/2026 - 07:19:16,21.04,75.38,1030.05,3.76,90.00
Sun 03/05/2026 - 07:19:50,21.05,75.39,1030.07,3.76,90.00
Sun 03/05/2026 - 07:20:24,21.04,75.30,1030.11,3.76,90.00
Sun 03/05/2026 - 07:20:58,21.05,75.32,1030.09,3.76,90.00
Sun 03/05/2026 - 07:21:32,21.03,75.31,1030.00,3.76,90.00
Sun 03/05/2026 - 07:22:06,21.04,75.36,1030.02,3.76,90.00
Sun 03/05/2026 - 07:22:40,21.03,75.38,1030.09,3.76,90.00
Sun 03/05/2026 - 07:23:14,21.04,75.46,1030.04,3.76,90.00
Sun 03/05/2026 - 07:23:48,21.04,75.40,1030.07,3.76,90.00
Sun 03/05/2026 - 07:24:22,21.04,75.40,1030.10,3.76,90.00
Sun 03/05/2026 - 07:24:56,21.04,75.45,1030.10,3.76,90.00
Sun 03/05/2026 - 07:25:30,21.03,75.46,1030.03,3.76,90.00
Sun 03/05/2026 - 07:26:04,21.04,75.45,1030.10,3.76,90.00
Sun 03/05/2026 - 07:26:38,21.03,75.44,1030.08,3.76,90.00
Sun 03/05/2026 - 07:27:12,21.02,75.47,1030.01,3.76,90.00
Sun 03/05/2026 - 07:27:46,21.02,75.42,1030.06,3.76,89.00
Sun 03/05/2026 - 07:28:20,21.02,75.45,1030.12,3.76,90.00
Sun 03/05/2026 - 07:28:53,21.01,75.43,1030.05,3.76,90.00
Sun 03/05/2026 - 07:29:27,21.01,75.46,1030.08,3.76,90.00
Sun 03/05/2026 - 07:30:01,21.01,75.52,1030.05,3.76,90.00
Sun 03/05/2026 - 07:30:35,21.00,75.56,1030.08,3.76,90.00
Sun 03/05/2026 - 07:31:09,20.99,75.55,1030.07,3.76,90.00
Sun 03/05/2026 - 07:31:43,20.99,75.56,1030.07,3.76,90.00
Sun 03/05/2026 - 07:32:17,21.00,75.54,1030.08,3.76,90.00
Sun 03/05/2026 - 07:32:51,20.99,75.55,1030.07,3.76,90.00
Sun 03/05/2026 - 07:33:25,20.99,75.58,1030.02,3.76,90.00
Sun 03/05/2026 - 07:33:59,20.99,75.56,1030.12,3.76,90.00
Sun 03/05/2026 - 07:34:33,20.98,75.57,1030.00,3.76,90.00
Sun 03/05/2026 - 07:35:07,20.98,75.55,1030.06,3.76,90.00
Sun 03/05/2026 - 07:35:41,20.99,75.56,1030.12,3.76,90.00
Sun 03/05/2026 - 07:36:15,20.97,75.56,1030.10,3.76,90.00
Sun 03/05/2026 - 07:36:49,20.97,75.55,1029.99,3.76,90.00
Sun 03/05/2026 - 07:37:23,20.97,75.54,1030.10,3.76,90.00
Sun 03/05/2026 - 07:37:57,20.97,75.57,1029.99,3.76,90.00
Sun 03/05/2026 - 07:38:31,20.97,75.60,1030.09,3.76,90.00
Sun 03/05/2026 - 07:39:05,20.98,75.58,1030.06,3.76,90.00
Sun 03/05/2026 - 07:39:38,20.97,75.65,1030.05,3.76,90.00
Sun 03/05/2026 - 07:40:12,20.97,75.65,1030.05,3.76,89.00
Sun 03/05/2026 - 07:40:46,20.97,75.61,1030.08,3.76,90.00
Sun 03/05/2026 - 07:41:20,20.96,75.64,1030.06,3.76,90.00
Sun 03/05/2026 - 07:41:54,20.97,75.63,1030.10,3.76,90.00
Sun 03/05/2026 - 07:42:28,20.97,75.63,1030.15,3.76,90.00
Sun 03/05/2026 - 07:43:02,20.95,75.61,1030.07,3.76,90.00
Sun 03/05/2026 - 07:43:36,20.95,75.58,1030.12,3.76,90.00
Sun 03/05/2026 - 07:44:10,20.95,75.58,1030.07,3.76,89.00
Sun 03/05/2026 - 07:44:44,20.95,75.56,1030.01,3.76,89.00
Sun 03/05/2026 - 07:45:18,20.95,75.66,1030.09,3.76,90.00
Sun 03/05/2026 - 07:45:52,20.95,75.61,1030.10,3.76,90.00
Sun 03/05/2026 - 07:46:26,20.95,75.67,1030.11,3.76,90.00
Sun 03/05/2026 - 07:47:00,20.95,75.62,1030.17,3.76,90.00
Sun 03/05/2026 - 07:47:34,20.94,75.58,1030.11,3.76,90.00
Sun 03/05/2026 - 07:48:08,20.94,75.59,1030.15,3.76,90.00
Sun 03/05/2026 - 07:48:42,20.94,75.62,1030.12,3.76,90.00
Sun 03/05/2026 - 07:49:16,20.93,75.58,1030.06,3.76,89.00
Sun 03/05/2026 - 07:49:49,20.94,75.57,1030.07,3.76,89.00
Sun 03/05/2026 - 07:50:23,20.93,75.59,1030.09,3.76,90.00
Sun 03/05/2026 - 07:50:57,20.93,75.63,1030.09,3.76,89.00
Sun 03/05/2026 - 07:51:31,20.94,75.59,1030.16,3.76,90.00
Sun 03/05/2026 - 07:52:05,20.93,75.67,1030.14,3.76,89.00
Sun 03/05/2026 - 07:52:39,20.93,75.67,1030.14,3.76,89.00
Sun 03/05/2026 - 07:53:13,20.92,75.66,1030.12,3.76,90.00
Sun 03/05/2026 - 07:53:47,20.93,75.65,1030.14,3.76,89.00
Sun 03/05/2026 - 07:54:21,20.92,75.72,1030.06,3.76,90.00
Sun 03/05/2026 - 07:54:55,20.92,75.71,1030.14,3.76,89.00
Sun 03/05/2026 - 07:55:29,20.92,75.68,1030.12,3.76,89.00
Sun 03/05/2026 - 07:56:03,20.93,75.66,1030.16,3.76,89.00
Sun 03/05/2026 - 07:56:37,20.91,75.67,1030.11,3.76,89.00
Sun 03/05/2026 - 07:57:11,20.92,75.76,1030.12,3.76,90.00
Sun 03/05/2026 - 07:57:45,20.93,75.70,1030.16,3.76,89.00
Sun 03/05/2026 - 07:58:19,20.91,75.82,1030.16,3.76,89.00
Sun 03/05/2026 - 07:58:53,20.91,75.80,1030.22,3.76,89.00
Sun 03/05/2026 - 07:59:27,20.92,75.80,1030.20,3.76,89.00
Sun 03/05/2026 - 08:00:01,20.91,75.78,1030.13,3.76,89.00
Sun 03/05/2026 - 08:00:35,20.90,75.77,1030.17,3.76,89.00
Sun 03/05/2026 - 08:01:08,20.89,75.78,1030.21,3.76,89.00
Sun 03/05/2026 - 08:01:42,20.90,75.78,1030.20,3.76,89.00
Sun 03/05/2026 - 08:02:16,20.90,75.77,1030.20,3.76,89.00
Sun 03/05/2026 - 08:02:50,20.91,75.82,1030.23,3.76,89.00
Sun 03/05/2026 - 08:03:24,20.91,75.78,1030.21,3.76,89.00
Sun 03/05/2026 - 08:03:58,20.91,75.77,1030.21,3.76,89.00
Sun 03/05/2026 - 08:04:32,20.89,75.79,1030.18,3.76,89.00
Sun 03/05/2026 - 08:05:06,20.89,75.82,1030.21,3.76,90.00
Sun 03/05/2026 - 08:05:40,20.89,75.80,1030.18,3.76,89.00
Sun 03/05/2026 - 08:06:14,20.89,75.77,1030.17,3.76,89.00
Sun 03/05/2026 - 08:06:48,20.90,75.78,1030.16,3.76,89.00
Sun 03/05/2026 - 08:07:22,20.88,75.76,1030.22,3.76,89.00
Sun 03/05/2026 - 08:07:56,20.88,75.80,1030.14,3.76,89.00
Sun 03/05/2026 - 08:08:30,20.88,75.83,1030.22,3.76,89.00
Sun 03/05/2026 - 08:09:04,20.88,75.80,1030.14,3.76,89.00
Sun 03/05/2026 - 08:09:38,20.88,75.82,1030.21,3.76,89.00
Sun 03/05/2026 - 08:10:12,20.88,75.82,1030.24,3.76,89.00
Sun 03/05/2026 - 08:10:46,20.88,75.81,1030.22,3.76,89.00
Sun 03/05/2026 - 08:11:20,20.88,75.79,1030.16,3.76,89.00
Sun 03/05/2026 - 08:11:54,20.88,75.81,1030.19,3.76,89.00
Sun 03/05/2026 - 08:12:27,20.88,75.83,1030.21,3.76,89.00
Sun 03/05/2026 - 08:13:01,20.87,75.87,1030.19,3.76,89.00
Sun 03/05/2026 - 08:13:35,20.87,75.98,1030.26,3.76,89.00
Sun 03/05/2026 - 08:14:09,20.88,75.93,1030.21,3.76,89.00
Sun 03/05/2026 - 08:14:43,20.86,75.97,1030.18,3.76,89.00
Sun 03/05/2026 - 08:15:17,20.87,76.02,1030.19,3.76,89.00
Sun 03/05/2026 - 08:15:51,20.86,76.02,1030.27,3.76,89.00
Sun 03/05/2026 - 08:16:25,20.86,76.05,1030.24,3.76,89.00
Sun 03/05/2026 - 08:16:59,20.86,76.02,1030.27,3.76,89.00
Sun 03/05/2026 - 08:17:33,20.87,76.02,1030.27,3.76,89.00
Sun 03/05/2026 - 08:18:07,20.87,75.99,1030.28,3.76,89.00
Sun 03/05/2026 - 08:18:41,20.86,76.03,1030.24,3.76,89.00
Sun 03/05/2026 - 08:19:15,20.87,76.04,1030.26,3.76,89.00
Sun 03/05/2026 - 08:19:49,20.87,76.10,1030.28,3.76,89.00
Sun 03/05/2026 - 08:20:23,20.87,76.24,1030.31,3.76,89.00
Sun 03/05/2026 - 08:20:57,20.86,76.21,1030.29,3.76,89.00
Sun 03/05/2026 - 08:21:31,20.87,76.26,1030.33,3.76,89.00
Sun 03/05/2026 - 08:22:04,20.87,76.34,1030.31,3.76,89.00
Sun 03/05/2026 - 08:22:38,20.87,76.32,1030.36,3.76,89.00
Sun 03/05/2026 - 08:23:12,20.88,76.27,1030.37,3.76,89.00
Sun 03/05/2026 - 08:23:46,20.88,76.37,1030.40,3.76,89.00
Sun 03/05/2026 - 08:24:20,20.87,76.33,1030.36,3.76,89.00
Sun 03/05/2026 - 08:24:54,20.87,76.37,1030.39,3.76,89.00
Sun 03/05/2026 - 08:25:28,20.87,76.38,1030.36,3.76,89.00
Sun 03/05/2026 - 08:26:02,20.87,76.43,1030.36,3.76,89.00
Sun 03/05/2026 - 08:26:36,20.87,76.38,1030.47,3.76,89.00
Sun 03/05/2026 - 08:27:10,20.87,76.33,1030.36,3.76,89.00
Sun 03/05/2026 - 08:27:44,20.87,76.32,1030.38,3.76,89.00
Sun 03/05/2026 - 08:28:18,20.87,76.43,1030.42,3.76,89.00
Sun 03/05/2026 - 08:28:52,20.87,76.39,1030.41,3.76,89.00
Sun 03/05/2026 - 08:29:26,20.88,76.39,1030.46,3.76,89.00
Sun 03/05/2026 - 08:30:00,20.88,76.40,1030.43,3.76,89.00
Sun 03/05/2026 - 08:30:34,20.87,76.44,1030.42,3.76,89.00
Sun 03/05/2026 - 08:31:08,20.87,76.40,1030.39,3.76,89.00
Sun 03/05/2026 - 08:31:42,20.87,76.35,1030.46,3.76,89.00
Sun 03/05/2026 - 08:32:15,20.86,76.39,1030.43,3.76,89.00
Sun 03/05/2026 - 08:32:49,20.87,76.38,1030.47,3.76,89.00
Sun 03/05/2026 - 08:33:23,20.87,76.32,1030.49,3.76,89.00
Sun 03/05/2026 - 08:33:57,20.87,76.34,1030.47,3.76,89.00
Sun 03/05/2026 - 08:34:31,20.86,76.34,1030.46,3.76,89.00
Sun 03/05/2026 - 08:35:05,20.86,76.33,1030.40,3.76,89.00
Sun 03/05/2026 - 08:35:39,20.86,76.34,1030.51,3.76,89.00
Sun 03/05/2026 - 08:36:13,20.86,76.33,1030.46,3.76,89.00
Sun 03/05/2026 - 08:36:47,20.86,76.36,1030.48,3.76,89.00
Sun 03/05/2026 - 08:37:21,20.86,76.39,1030.56,3.76,89.00
Sun 03/05/2026 - 08:37:55,20.87,76.40,1030.53,3.76,89.00
Sun 03/05/2026 - 08:38:29,20.86,76.34,1030.48,3.76,89.00
Sun 03/05/2026 - 08:39:03,20.86,76.35,1030.48,3.76,89.00
Sun 03/05/2026 - 08:39:37,20.86,76.41,1030.56,3.76,89.00
Sun 03/05/2026 - 08:40:11,20.86,76.44,1030.51,3.76,89.00
Sun 03/05/2026 - 08:40:45,20.86,76.46,1030.56,3.76,89.00
Sun 03/05/2026 - 08:41:19,20.87,76.53,1030.57,3.76,89.00
Sun 03/05/2026 - 08:41:53,20.86,76.43,1030.56,3.76,89.00
Sun 03/05/2026 - 08:42:27,20.86,76.39,1030.51,3.76,89.00
Sun 03/05/2026 - 08:43:00,20.86,76.45,1030.56,3.76,89.00
Sun 03/05/2026 - 08:43:34,20.86,76.44,1030.53,3.76,89.00
Sun 03/05/2026 - 08:44:08,20.87,76.41,1030.58,3.76,89.00
Sun 03/05/2026 - 08:44:42,20.86,76.37,1030.54,3.76,89.00
Sun 03/05/2026 - 08:45:16,20.85,76.34,1030.60,3.76,89.00
Sun 03/05/2026 - 08:45:50,20.86,76.42,1030.54,3.76,89.00
Sun 03/05/2026 - 08:46:24,20.86,76.42,1030.61,3.76,89.00
Sun 03/05/2026 - 08:46:58,20.87,76.40,1030.57,3.76,89.00
Sun 03/05/2026 - 08:47:32,20.85,76.35,1030.60,3.76,89.00
Sun 03/05/2026 - 08:48:06,20.86,76.36,1030.56,3.76,89.00
Sun 03/05/2026 - 08:48:40,20.85,76.34,1030.56,3.76,89.00
Sun 03/05/2026 - 08:49:14,20.85,76.33,1030.60,3.76,89.00
Sun 03/05/2026 - 08:49:48,20.85,76.37,1030.66,3.76,89.00
Sun 03/05/2026 - 08:50:22,20.86,76.39,1030.61,3.76,89.00
Sun 03/05/2026 - 08:50:56,20.85,76.34,1030.70,3.76,89.00
Sun 03/05/2026 - 08:51:30,20.86,76.45,1030.70,3.76,89.00
Sun 03/05/2026 - 08:52:04,20.86,76.52,1030.75,3.76,89.00
Sun 03/05/2026 - 08:52:38,20.85,76.48,1030.71,3.75,89.00
Sun 03/05/2026 - 08:53:11,20.85,76.43,1030.70,3.75,89.00
Sun 03/05/2026 - 08:53:45,20.85,76.48,1030.76,3.75,89.00
Sun 03/05/2026 - 08:54:19,20.85,76.51,1030.71,3.76,89.00
Sun 03/05/2026 - 08:54:53,20.85,76.48,1030.65,3.76,89.00
Sun 03/05/2026 - 08:55:27,20.84,76.43,1030.66,3.75,89.00
Sun 03/05/2026 - 08:56:01,20.85,76.45,1030.75,3.75,89.00
Sun 03/05/2026 - 08:56:35,20.84,76.48,1030.72,3.75,89.00
Sun 03/05/2026 - 08:57:09,20.84,76.52,1030.68,3.75,89.00
Sun 03/05/2026 - 08:57:43,20.84,76.59,1030.69,3.76,89.00
Sun 03/05/2026 - 08:58:17,20.84,76.57,1030.72,3.76,89.00
Sun 03/05/2026 - 08:58:51,20.84,76.58,1030.72,3.75,89.00
Sun 03/05/2026 - 08:59:25,20.84,76.57,1030.80,3.75,89.00
Sun 03/05/2026 - 08:59:59,20.85,76.56,1030.81,3.75,89.00
Sun 03/05/2026 - 09:00:33,20.85,76.57,1030.81,3.75,89.00
Sun 03/05/2026 - 09:01:07,20.84,76.57,1030.80,3.75,89.00
Sun 03/05/2026 - 09:01:41,20.84,76.58,1030.83,3.75,89.00
Sun 03/05/2026 - 09:02:15,20.83,76.54,1030.78,3.75,89.00
Sun 03/05/2026 - 09:02:49,20.84,76.54,1030.83,3.75,89.00
Sun 03/05/2026 - 09:03:23,20.85,76.58,1030.92,3.75,89.00
Sun 03/05/2026 - 09:03:56,20.84,76.57,1030.87,3.75,89.00
Sun 03/05/2026 - 09:04:30,20.83,76.50,1030.84,3.75,89.00
Sun 03/05/2026 - 09:05:04,20.84,76.52,1030.85,3.75,89.00
Sun 03/05/2026 - 09:05:38,20.84,76.48,1030.91,3.75,89.00
Sun 03/05/2026 - 09:06:12,20.84,76.47,1030.88,3.76,89.00
Sun 03/05/2026 - 09:06:46,20.84,76.55,1030.85,3.76,89.00
Sun 03/05/2026 - 09:07:20,20.83,76.51,1030.89,3.76,89.00
Sun 03/05/2026 - 09:07:54,20.84,76.48,1030.93,3.76,89.00
Sun 03/05/2026 - 09:08:28,20.84,76.48,1030.90,3.75,89.00
Sun 03/05/2026 - 09:09:02,20.83,76.44,1030.89,3.75,89.00
Sun 03/05/2026 - 09:09:36,20.84,76.48,1030.90,3.75,89.00
Sun 03/05/2026 - 09:10:10,20.84,76.47,1030.95,3.76,89.00
Sun 03/05/2026 - 09:10:44,20.83,76.46,1030.89,3.75,89.00
Sun 03/05/2026 - 09:11:18,20.84,76.48,1030.90,3.75,89.00
Sun 03/05/2026 - 09:11:52,20.82,76.47,1030.90,3.75,89.00
Sun 03/05/2026 - 09:12:26,20.81,76.51,1030.88,3.75,89.00
Sun 03/05/2026 - 09:13:00,20.83,76.53,1030.94,3.75,89.00
Sun 03/05/2026 - 09:13:34,20.83,76.55,1030.97,3.75,89.00
Sun 03/05/2026 - 09:14:08,20.83,76.56,1030.95,3.75,89.00
Sun 03/05/2026 - 09:14:41,20.83,76.59,1030.97,3.75,89.00
Sun 03/05/2026 - 09:15:15,20.82,76.66,1030.97,3.75,89.00
Sun 03/05/2026 - 09:15:49,20.84,76.65,1030.96,3.76,89.00
Sun 03/05/2026 - 09:16:23,20.83,76.60,1031.03,3.75,89.00
Sun 03/05/2026 - 09:16:57,20.82,76.59,1030.93,3.75,89.00
Sun 03/05/2026 - 09:17:31,20.83,76.56,1030.99,3.75,89.00
Sun 03/05/2026 - 09:18:05,20.83,76.64,1031.05,3.75,89.00
Sun 03/05/2026 - 09:18:39,20.83,76.60,1030.99,3.75,89.00
Sun 03/05/2026 - 09:19:13,20.83,76.62,1030.99,3.75,89.00
Sun 03/05/2026 - 09:19:47,20.83,76.65,1031.05,3.75,89.00
Sun 03/05/2026 - 09:20:21,20.82,76.65,1031.04,3.75,89.00
Sun 03/05/2026 - 09:20:55,20.83,76.61,1030.99,3.75,89.00
Sun 03/05/2026 - 09:21:29,20.82,76.55,1031.04,3.75,89.00
Sun 03/05/2026 - 09:22:03,20.82,76.52,1031.06,3.75,89.00
Sun 03/05/2026 - 09:22:37,20.81,76.47,1030.99,3.75,89.00
Sun 03/05/2026 - 09:23:11,20.83,76.42,1031.03,3.75,89.00
Sun 03/05/2026 - 09:23:45,20.83,76.42,1031.05,3.75,89.00
Sun 03/05/2026 - 09:24:19,20.83,76.45,1031.05,3.75,89.00
Sun 03/05/2026 - 09:24:53,20.82,76.40,1031.08,3.75,89.00
Sun 03/05/2026 - 09:25:26,20.82,76.30,1031.06,3.75,89.00
Sun 03/05/2026 - 09:26:00,20.83,76.20,1031.05,3.75,89.00
Sun 03/05/2026 - 09:26:34,20.82,76.12,1030.98,3.75,89.00
Sun 03/05/2026 - 09:27:08,20.82,76.07,1031.04,3.75,89.00
Sun 03/05/2026 - 09:27:42,20.82,76.05,1031.01,3.75,89.00
Sun 03/05/2026 - 09:28:16,20.82,76.06,1031.01,3.75,89.00
Sun 03/05/2026 - 09:28:50,20.83,76.00,1030.99,3.75,89.00
Sun 03/05/2026 - 09:29:24,20.83,75.99,1031.05,3.75,89.00
Sun 03/05/2026 - 09:29:58,20.82,76.02,1031.04,3.75,89.00
Sun 03/05/2026 - 09:30:32,20.82,75.99,1030.98,3.75,89.00
Sun 03/05/2026 - 09:31:06,20.82,75.97,1031.01,3.75,89.00
Sun 03/05/2026 - 09:31:40,20.82,75.98,1031.06,3.75,89.00
Sun 03/05/2026 - 09:32:14,20.82,75.99,1031.00,3.75,89.00
Sun 03/05/2026 - 09:32:48,20.81,75.97,1031.05,3.75,89.00
Sun 03/05/2026 - 09:33:22,20.82,75.94,1031.04,3.75,89.00
Sun 03/05/2026 - 09:33:56,20.81,75.95,1031.05,3.75,89.00
Sun 03/05/2026 - 09:34:30,20.81,75.93,1031.07,3.75,89.00
Sun 03/05/2026 - 09:35:04,20.80,75.91,1031.08,3.75,89.00
Sun 03/05/2026 - 09:35:38,20.80,75.92,1031.06,3.75,89.00
Sun 03/05/2026 - 09:36:11,20.80,75.89,1031.08,3.75,89.00
Sun 03/05/2026 - 09:36:45,20.80,75.87,1031.11,3.75,89.00
Sun 03/05/2026 - 09:37:19,20.80,75.87,1031.14,3.75,89.00
Sun 03/05/2026 - 09:37:53,20.79,75.87,1031.12,3.75,89.00
Sun 03/05/2026 - 09:38:27,20.80,75.86,1031.05,3.75,89.00
Sun 03/05/2026 - 09:39:01,20.80,75.86,1031.11,3.75,89.00
Sun 03/05/2026 - 09:39:35,20.81,75.85,1031.12,3.75,89.00
Sun 03/05/2026 - 09:40:09,20.80,75.84,1031.14,3.75,89.00
Sun 03/05/2026 - 09:40:43,20.79,75.83,1031.04,3.75,89.00
Sun 03/05/2026 - 09:41:17,20.80,75.84,1031.16,3.75,89.00
Sun 03/05/2026 - 09:41:51,20.79,75.83,1031.12,3.75,89.00
Sun 03/05/2026 - 09:42:25,20.81,75.81,1031.13,3.75,89.00
Sun 03/05/2026 - 09:42:59,20.80,75.80,1031.08,3.75,89.00
Sun 03/05/2026 - 09:43:33,20.80,75.82,1031.11,3.75,89.00
Sun 03/05/2026 - 09:44:07,20.80,75.83,1031.08,3.75,89.00
Sun 03/05/2026 - 09:44:41,20.79,75.83,1031.09,3.75,89.00
Sun 03/05/2026 - 09:45:15,20.80,75.86,1031.03,3.75,89.00
Sun 03/05/2026 - 09:45:49,20.79,75.86,1031.09,3.75,89.00
Sun 03/05/2026 - 09:46:23,20.80,75.87,1031.06,3.75,89.00
Sun 03/05/2026 - 09:46:57,20.79,75.86,1031.07,3.75,89.00
Sun 03/05/2026 - 09:47:31,20.80,75.83,1031.08,3.75,89.00
Sun 03/05/2026 - 09:48:04,20.80,75.90,1031.06,3.75,89.00
Sun 03/05/2026 - 09:48:38,20.80,75.85,1031.06,3.75,89.00
Sun 03/05/2026 - 09:49:12,20.79,75.86,1031.03,3.75,89.00
Sun 03/05/2026 - 09:49:46,20.80,75.86,1031.13,3.75,89.00
Sun 03/05/2026 - 09:50:20,20.79,75.89,1031.01,3.75,89.00
Sun 03/05/2026 - 09:50:54,20.80,75.89,1031.05,3.75,89.00
Sun 03/05/2026 - 09:51:28,20.79,75.84,1031.04,3.75,89.00
Sun 03/05/2026 - 09:52:02,20.79,75.86,1031.07,3.75,89.00
Sun 03/05/2026 - 09:52:36,20.79,75.86,1031.04,3.75,89.00
Sun 03/05/2026 - 09:53:10,20.80,75.87,1031.08,3.75,89.00
Sun 03/05/2026 - 09:53:44,20.80,75.86,1030.99,3.75,89.00
Sun 03/05/2026 - 09:54:18,20.79,75.81,1031.04,3.75,89.00
Sun 03/05/2026 - 09:54:52,20.79,75.82,1031.12,3.75,89.00
Sun 03/05/2026 - 09:55:26,20.80,75.80,1030.99,3.75,89.00
Sun 03/05/2026 - 09:56:00,20.80,75.74,1031.06,3.75,89.00
Sun 03/05/2026 - 09:56:34,20.79,75.75,1031.09,3.75,89.00
Sun 03/05/2026 - 09:57:08,20.79,75.71,1031.09,3.75,89.00
Sun 03/05/2026 - 09:57:42,20.78,75.73,1031.02,3.75,89.00
Sun 03/05/2026 - 09:58:16,20.79,75.71,1031.01,3.75,89.00
Sun 03/05/2026 - 09:58:50,20.79,75.66,1031.04,3.75,89.00
Sun 03/05/2026 - 09:59:23,20.78,75.66,1031.07,3.75,89.00
Sun 03/05/2026 - 09:59:57,20.79,75.65,1031.06,3.75,89.00
Sun 03/05/2026 - 10:00:31,20.79,75.65,1031.09,3.75,89.00
Sun 03/05/2026 - 10:01:05,20.79,75.66,1030.98,3.75,89.00
Sun 03/05/2026 - 10:01:39,20.79,75.62,1031.08,3.75,89.00
Sun 03/05/2026 - 10:02:13,20.79,75.61,1031.07,3.75,89.00
Sun 03/05/2026 - 10:02:47,20.79,75.61,1031.04,3.75,89.00
Sun 03/05/2026 - 10:03:21,20.80,75.61,1031.05,3.75,89.00
Sun 03/05/2026 - 10:03:55,20.79,75.61,1031.04,3.75,89.00
Sun 03/05/2026 - 10:04:29,20.80,75.61,1031.06,3.75,89.00
Sun 03/05/2026 - 10:05:03,20.79,75.60,1031.01,3.75,89.00
Sun 03/05/2026 - 10:05:37,20.79,75.62,1030.98,3.75,89.00
Sun 03/05/2026 - 10:06:11,20.79,75.63,1031.07,3.75,89.00
Sun 03/05/2026 - 10:06:45,20.79,75.64,1031.04,3.75,89.00
Sun 03/05/2026 - 10:07:19,20.79,75.60,1031.06,3.75,89.00
Sun 03/05/2026 - 10:07:53,20.79,75.62,1031.04,3.75,89.00
Sun 03/05/2026 - 10:08:27,20.79,75.58,1031.07,3.75,89.00
Sun 03/05/2026 - 10:09:01,20.79,75.59,1031.09,3.75,89.00
Sun 03/05/2026 - 10:09:34,20.79,75.56,1031.09,3.75,89.00
Sun 03/05/2026 - 10:10:08,20.79,75.56,1031.11,3.75,89.00
Sun 03/05/2026 - 10:10:42,20.79,75.51,1031.04,3.75,89.00
Sun 03/05/2026 - 10:11:16,20.80,75.50,1031.06,3.75,89.00
Sun 03/05/2026 - 10:11:50,20.79,75.51,1031.03,3.75,89.00
Sun 03/05/2026 - 10:12:24,20.78,75.49,1031.08,3.75,89.00
Sun 03/05/2026 - 10:12:58,20.79,75.48,1031.12,3.75,89.00
Sun 03/05/2026 - 10:13:32,20.80,75.49,1031.13,3.75,89.00
Sun 03/05/2026 - 10:14:06,20.78,75.45,1031.10,3.75,89.00
Sun 03/05/2026 - 10:14:40,20.78,75.46,1031.10,3.75,89.00
Sun 03/05/2026 - 10:15:14,20.80,75.46,1031.16,3.75,89.00
Sun 03/05/2026 - 10:15:48,20.79,75.46,1031.15,3.75,89.00
Sun 03/05/2026 - 10:16:22,20.78,75.48,1031.08,3.75,89.00
Sun 03/05/2026 - 10:16:56,20.79,75.49,1031.08,3.75,89.00
Sun 03/05/2026 - 10:17:30,20.79,75.48,1031.09,3.75,89.00
Sun 03/05/2026 - 10:18:04,20.80,75.49,1031.05,3.75,89.00
Sun 03/05/2026 - 10:18:38,20.79,75.49,1031.15,3.75,89.00
Sun 03/05/2026 - 10:19:12,20.78,75.51,1031.05,3.75,89.00
Sun 03/05/2026 - 10:19:46,20.78,75.65,1031.08,3.75,89.00
Sun 03/05/2026 - 10:20:20,20.78,75.69,1031.08,3.75,89.00
Sun 03/05/2026 - 10:20:53,20.79,75.74,1031.04,3.75,89.00
Sun 03/05/2026 - 10:21:27,20.79,75.80,1031.07,3.75,89.00
Sun 03/05/2026 - 10:22:01,20.80,75.82,1031.11,3.75,89.00
Sun 03/05/2026 - 10:22:35,20.79,75.77,1031.03,3.75,89.00
Sun 03/05/2026 - 10:23:09,20.79,75.80,1031.01,3.75,89.00
Sun 03/05/2026 - 10:23:43,20.80,75.76,1031.02,3.75,89.00
Sun 03/05/2026 - 10:24:17,20.81,75.80,1031.05,3.75,89.00
Sun 03/05/2026 - 10:24:51,20.80,75.82,1031.08,3.75,89.00
Sun 03/05/2026 - 10:25:25,20.81,75.83,1031.02,3.75,89.00
Sun 03/05/2026 - 10:25:59,20.80,75.85,1031.06,3.75,89.00
Sun 03/05/2026 - 10:26:33,20.80,75.85,1031.03,3.75,89.00
Sun 03/05/2026 - 10:27:07,20.80,75.89,1030.98,3.75,89.00
Sun 03/05/2026 - 10:27:41,20.80,75.92,1031.00,3.75,89.00
Sun 03/05/2026 - 10:28:15,20.82,75.95,1030.97,3.75,89.00
Sun 03/05/2026 - 10:28:49,20.80,75.93,1031.00,3.75,89.00
Sun 03/05/2026 - 10:29:23,20.80,75.95,1030.98,3.75,89.00
Sun 03/05/2026 - 10:29:57,20.81,75.96,1030.99,3.75,89.00
Sun 03/05/2026 - 10:30:31,20.82,75.96,1031.00,3.75,89.00
Sun 03/05/2026 - 10:31:05,20.81,75.98,1031.02,3.75,89.00
Sun 03/05/2026 - 10:31:38,20.82,76.01,1030.98,3.75,89.00
Sun 03/05/2026 - 10:32:12,20.81,76.09,1031.05,3.75,89.00
Sun 03/05/2026 - 10:32:46,20.82,76.11,1031.09,3.75,89.00
Sun 03/05/2026 - 10:33:20,20.82,76.12,1031.09,3.75,89.00
Sun 03/05/2026 - 10:33:54,20.82,76.15,1030.98,3.75,89.00
Sun 03/05/2026 - 10:34:28,20.82,76.09,1031.04,3.75,89.00
Sun 03/05/2026 - 10:35:02,20.82,76.12,1031.04,3.75,89.00
Sun 03/05/2026 - 10:35:36,20.83,76.08,1031.02,3.75,89.00
Sun 03/05/2026 - 10:36:10,20.83,76.07,1031.00,3.75,89.00
Sun 03/05/2026 - 10:36:44,20.83,76.02,1031.02,3.75,89.00
Sun 03/05/2026 - 10:37:18,20.83,76.00,1031.05,3.75,89.00
Sun 03/05/2026 - 10:37:52,20.83,75.90,1031.07,3.75,89.00
Sun 03/05/2026 - 10:38:26,20.83,75.87,1031.11,3.75,89.00
Sun 03/05/2026 - 10:39:00,20.83,75.84,1031.11,3.75,89.00
Sun 03/05/2026 - 10:39:34,20.83,75.79,1031.05,3.75,89.00
Sun 03/05/2026 - 10:40:08,20.83,75.75,1031.11,3.75,89.00
Sun 03/05/2026 - 10:40:42,20.83,75.69,1031.05,3.75,89.00
Sun 03/05/2026 - 10:41:16,20.84,75.61,1031.12,3.75,89.00
Sun 03/05/2026 - 10:41:50,20.83,75.57,1031.05,3.75,89.00
Sun 03/05/2026 - 10:42:23,20.83,75.49,1031.08,3.75,89.00
Sun 03/05/2026 - 10:42:57,20.83,75.45,1031.16,3.75,89.00
Sun 03/05/2026 - 10:43:31,20.84,75.42,1031.12,3.75,89.00
Sun 03/05/2026 - 10:44:05,20.84,75.39,1031.10,3.75,89.00
Sun 03/05/2026 - 10:44:39,20.83,75.34,1031.11,3.75,89.00
Sun 03/05/2026 - 10:45:13,20.83,75.25,1031.05,3.75,89.00
Sun 03/05/2026 - 10:45:47,20.83,75.21,1031.11,3.75,89.00
Sun 03/05/2026 - 10:46:21,20.83,75.15,1031.15,3.75,89.00
Sun 03/05/2026 - 10:46:55,20.84,75.12,1031.12,3.75,89.00
Sun 03/05/2026 - 10:47:29,20.83,75.01,1031.10,3.75,89.00
Sun 03/05/2026 - 10:48:03,20.83,75.03,1031.16,3.75,89.00
Sun 03/05/2026 - 10:48:37,20.83,75.00,1031.11,3.75,89.00
Sun 03/05/2026 - 10:49:11,20.83,74.95,1031.10,3.75,89.00
Sun 03/05/2026 - 10:49:45,20.83,74.93,1031.14,3.75,89.00
Sun 03/05/2026 - 10:50:19,20.83,74.93,1031.11,3.75,89.00
Sun 03/05/2026 - 10:50:53,20.84,74.87,1031.06,3.75,89.00
Sun 03/05/2026 - 10:51:27,20.85,74.87,1031.14,3.75,89.00
Sun 03/05/2026 - 10:52:01,20.83,74.85,1031.05,3.75,89.00
Sun 03/05/2026 - 10:52:35,20.83,74.87,1031.08,3.75,89.00
Sun 03/05/2026 - 10:53:08,20.83,74.83,1031.05,3.75,89.00
Sun 03/05/2026 - 10:53:42,20.83,74.83,1031.11,3.75,89.00
Sun 03/05/2026 - 10:54:16,20.83,74.82,1031.08,3.75,89.00
Sun 03/05/2026 - 10:54:50,20.84,74.82,1031.04,3.75,89.00
Sun 03/05/2026 - 10:55:24,20.84,74.81,1031.06,3.75,89.00
Sun 03/05/2026 - 10:55:58,20.84,74.76,1031.12,3.75,89.00
Sun 03/05/2026 - 10:56:32,20.84,74.79,1031.10,3.75,89.00
Sun 03/05/2026 - 10:57:06,20.83,74.76,1031.05,3.75,89.00
Sun 03/05/2026 - 10:57:40,20.83,74.76,1031.05,3.75,89.00
Sun 03/05/2026 - 10:58:14,20.83,74.72,1031.05,3.75,89.00
Sun 03/05/2026 - 10:58:48,20.83,74.75,1031.05,3.75,89.00
Sun 03/05/2026 - 10:59:22,20.83,74.74,1030.95,3.75,89.00
Sun 03/05/2026 - 10:59:56,20.83,74.69,1031.00,3.75,89.00
Sun 03/05/2026 - 11:00:30,20.81,74.21,1031.02,3.75,89.00
Sun 03/05/2026 - 11:01:04,20.82,73.35,1031.01,3.75,89.00
Sun 03/05/2026 - 11:01:38,20.81,72.61,1030.97,3.75,89.00
Sun 03/05/2026 - 11:02:12,20.81,72.31,1031.02,3.75,89.00
Sun 03/05/2026 - 11:02:46,20.81,72.15,1030.96,3.75,89.00
Sun 03/05/2026 - 11:03:19,20.82,72.04,1030.97,3.75,89.00
Sun 03/05/2026 - 11:03:53,20.81,71.82,1030.94,3.75,89.00
Sun 03/05/2026 - 11:04:27,20.82,71.50,1030.98,3.75,89.00
Sun 03/05/2026 - 11:05:01,20.83,71.07,1031.03,3.75,89.00
Sun 03/05/2026 - 11:05:35,20.82,70.56,1030.95,3.75,89.00
Sun 03/05/2026 - 11:06:09,20.82,70.07,1031.01,3.75,89.00
Sun 03/05/2026 - 11:06:43,20.83,69.32,1031.05,3.75,89.00
Sun 03/05/2026 - 11:07:17,20.81,68.91,1030.97,3.75,89.00
Sun 03/05/2026 - 11:07:51,20.82,68.50,1031.01,3.75,89.00
Sun 03/05/2026 - 11:08:25,20.82,68.25,1030.98,3.75,89.00
Sun 03/05/2026 - 11:08:59,20.83,67.96,1030.95,3.75,89.00
Sun 03/05/2026 - 11:09:33,20.83,67.39,1031.05,3.75,89.00
Sun 03/05/2026 - 11:10:07,20.83,67.27,1031.03,3.75,89.00
Sun 03/05/2026 - 11:10:41,20.84,66.86,1031.07,3.75,89.00
Sun 03/05/2026 - 11:11:15,20.84,67.12,1031.07,3.75,89.00
Sun 03/05/2026 - 11:11:49,20.85,66.97,1031.09,3.75,89.00
Sun 03/05/2026 - 11:12:23,20.86,66.88,1031.02,3.75,89.00
Sun 03/05/2026 - 11:12:57,20.86,66.92,1031.11,3.75,89.00
Sun 03/05/2026 - 11:13:30,20.87,66.92,1031.07,3.75,89.00
Sun 03/05/2026 - 11:14:04,20.88,66.86,1031.11,3.75,89.00
Sun 03/05/2026 - 11:14:38,20.89,66.83,1031.10,3.75,89.00
Sun 03/05/2026 - 11:15:12,20.91,66.59,1031.08,3.75,89.00
Sun 03/05/2026 - 11:15:46,20.91,66.36,1031.03,3.75,89.00
Sun 03/05/2026 - 11:16:20,20.92,66.43,1031.04,3.75,89.00
Sun 03/05/2026 - 11:16:54,20.92,66.32,1031.08,3.75,89.00
Sun 03/05/2026 - 11:17:28,20.93,66.14,1031.09,3.75,89.00
Sun 03/05/2026 - 11:18:02,20.94,66.06,1031.08,3.75,89.00
Sun 03/05/2026 - 11:18:36,20.94,66.04,1031.11,3.75,89.00
Sun 03/05/2026 - 11:19:10,20.94,66.03,1031.08,3.75,89.00
Sun 03/05/2026 - 11:19:44,20.95,66.00,1031.09,3.75,89.00
Sun 03/05/2026 - 11:20:18,20.95,65.93,1031.10,3.75,89.00
Sun 03/05/2026 - 11:20:52,20.97,65.82,1031.14,3.75,89.00
Sun 03/05/2026 - 11:21:26,20.96,65.77,1031.09,3.75,89.00
Sun 03/05/2026 - 11:22:00,20.99,65.72,1031.13,3.75,89.00
Sun 03/05/2026 - 11:22:34,20.99,65.69,1031.11,3.75,89.00
Sun 03/05/2026 - 11:23:08,20.98,65.64,1031.12,3.75,89.00
Sun 03/05/2026 - 11:23:41,21.00,65.73,1031.06,3.75,89.00
Sun 03/05/2026 - 11:24:15,21.01,65.65,1031.11,3.75,89.00
Sun 03/05/2026 - 11:24:49,21.00,65.67,1031.06,3.75,89.00
Sun 03/05/2026 - 11:25:23,21.01,65.61,1031.11,3.75,89.00
Sun 03/05/2026 - 11:25:57,21.01,65.65,1031.02,3.75,89.00
Sun 03/05/2026 - 11:26:31,21.02,65.65,1031.10,3.75,89.00
Sun 03/05/2026 - 11:27:05,21.02,65.60,1031.05,3.75,89.00
Sun 03/05/2026 - 11:27:39,21.02,65.48,1031.05,3.75,89.00
Sun 03/05/2026 - 11:28:13,21.02,65.45,1031.10,3.75,89.00
Sun 03/05/2026 - 11:28:47,21.03,65.27,1031.06,3.75,89.00
Sun 03/05/2026 - 11:29:21,21.02,65.11,1031.00,3.75,89.00
Sun 03/05/2026 - 11:29:55,21.04,65.07,1031.02,3.75,89.00
Sun 03/05/2026 - 11:30:29,21.04,64.97,1031.08,3.75,89.00
Sun 03/05/2026 - 11:31:03,21.03,64.94,1031.00,3.75,89.00
Sun 03/05/2026 - 11:31:37,21.04,64.96,1031.06,3.75,89.00
Sun 03/05/2026 - 11:32:11,21.04,65.00,1031.03,3.75,89.00
Sun 03/05/2026 - 11:32:45,21.05,64.93,1031.07,3.75,89.00
Sun 03/05/2026 - 11:33:18,21.05,64.92,1030.98,3.75,89.00
Sun 03/05/2026 - 11:33:52,21.05,64.87,1031.04,3.75,89.00
Sun 03/05/2026 - 11:34:26,21.06,64.88,1031.00,3.74,89.00
Sun 03/05/2026 - 11:35:00,21.06,64.57,1030.95,3.75,89.00
Sun 03/05/2026 - 11:35:34,21.05,64.56,1030.99,3.75,89.00
Sun 03/05/2026 - 11:36:08,21.08,64.54,1030.98,3.75,89.00
Sun 03/05/2026 - 11:36:42,21.06,64.13,1030.90,3.75,89.00
Sun 03/05/2026 - 11:37:16,21.07,64.10,1030.97,3.75,89.00
Sun 03/05/2026 - 11:37:50,21.08,63.94,1030.98,3.75,89.00
Sun 03/05/2026 - 11:38:24,21.07,63.86,1030.92,3.75,89.00
Sun 03/05/2026 - 11:38:58,21.09,63.74,1030.95,3.75,89.00
Sun 03/05/2026 - 11:39:32,21.08,63.49,1030.98,3.75,89.00
Sun 03/05/2026 - 11:40:06,21.08,63.50,1030.96,3.74,89.00
Sun 03/05/2026 - 11:40:40,21.08,63.32,1030.87,3.75,89.00
Sun 03/05/2026 - 11:41:14,21.08,62.89,1030.86,3.75,89.00
Sun 03/05/2026 - 11:41:48,21.09,62.95,1030.95,3.75,89.00
Sun 03/05/2026 - 11:42:22,21.10,62.72,1030.85,3.74,89.00
Sun 03/05/2026 - 11:42:55,21.10,62.06,1030.96,3.75,89.00
Sun 03/05/2026 - 11:43:29,21.10,61.37,1030.91,3.74,89.00
Sun 03/05/2026 - 11:44:03,21.11,61.78,1030.95,3.75,89.00
Sun 03/05/2026 - 11:44:38,21.29,63.11,1030.92,3.75,89.00
Sun 03/05/2026 - 11:45:12,22.03,74.20,1030.88,3.75,89.00
Sun 03/05/2026 - 11:45:46,21.64,61.78,1030.90,3.75,89.00
Sun 03/05/2026 - 11:46:20,21.50,59.64,1030.87,3.74,89.00
Sun 03/05/2026 - 11:46:54,21.41,58.68,1030.88,3.75,89.00
Sun 03/05/2026 - 11:47:28,21.35,59.04,1030.96,3.75,89.00
Sun 03/05/2026 - 11:48:02,21.32,59.42,1030.91,3.75,89.00
Sun 03/05/2026 - 11:48:36,21.30,59.03,1030.93,3.75,89.00
Sun 03/05/2026 - 11:49:10,21.28,58.65,1030.92,3.75,89.00
Sun 03/05/2026 - 11:49:44,21.26,58.63,1030.97,3.75,89.00
Sun 03/05/2026 - 11:50:18,21.26,58.48,1031.02,3.75,89.00
Sun 03/05/2026 - 11:50:52,21.23,57.74,1030.92,3.74,89.00
Sun 03/05/2026 - 11:51:26,21.22,57.69,1030.96,3.75,89.00
Sun 03/05/2026 - 11:52:00,21.21,57.73,1030.88,3.75,89.00
Sun 03/05/2026 - 11:52:33,21.20,57.81,1030.81,3.75,89.00
Sun 03/05/2026 - 11:53:07,21.20,57.34,1030.87,3.74,89.00
Sun 03/05/2026 - 11:53:41,21.21,57.41,1030.88,3.74,89.00
Sun 03/05/2026 - 11:54:15,21.20,57.54,1030.87,3.74,89.00
Sun 03/05/2026 - 11:54:49,21.20,57.64,1030.90,3.74,89.00
Sun 03/05/2026 - 11:55:23,21.21,57.75,1030.88,3.74,89.00
Sun 03/05/2026 - 11:55:57,21.21,57.96,1030.83,3.75,89.00
Sun 03/05/2026 - 11:56:31,21.22,58.35,1030.90,3.74,89.00
Sun 03/05/2026 - 11:57:05,21.23,58.73,1030.84,3.75,89.00
Sun 03/05/2026 - 11:57:39,21.23,59.48,1030.92,3.74,89.00
Sun 03/05/2026 - 11:58:13,21.24,59.75,1030.80,3.74,89.00
Sun 03/05/2026 - 11:58:47,21.25,60.31,1030.96,3.74,89.00
Sun 03/05/2026 - 11:59:21,21.26,60.52,1030.81,3.74,89.00
Sun 03/05/2026 - 11:59:55,21.25,60.66,1030.95,3.75,89.00
Sun 03/05/2026 - 12:00:29,21.26,60.81,1030.87,3.75,89.00
Sun 03/05/2026 - 12:01:03,21.27,61.03,1030.88,3.74,89.00
Sun 03/05/2026 - 12:01:37,21.27,61.25,1030.91,3.74,89.00
Sun 03/05/2026 - 12:02:11,21.27,61.54,1030.86,3.74,89.00
Sun 03/05/2026 - 12:02:45,21.28,61.55,1030.90,3.74,89.00
Sun 03/05/2026 - 12:03:18,21.28,61.56,1030.90,3.75,89.00
Sun 03/05/2026 - 12:03:52,21.29,61.62,1030.80,3.75,89.00
Sun 03/05/2026 - 12:04:26,21.30,62.73,1030.82,3.74,89.00
Sun 03/05/2026 - 12:05:00,21.31,62.67,1030.79,3.74,89.00
Sun 03/05/2026 - 12:05:34,21.31,62.63,1030.81,3.74,89.00
Sun 03/05/2026 - 12:06:08,21.31,62.25,1030.79,3.74,89.00
Sun 03/05/2026 - 12:06:42,21.31,61.84,1030.84,3.74,89.00
Sun 03/05/2026 - 12:07:16,21.32,61.37,1030.80,3.74,89.00
Sun 03/05/2026 - 12:07:50,21.31,61.31,1030.79,3.74,89.00
Sun 03/05/2026 - 12:08:24,21.31,61.27,1030.82,3.74,89.00
Sun 03/05/2026 - 12:08:58,21.32,61.29,1030.81,3.74,89.00
Sun 03/05/2026 - 12:09:32,21.31,61.06,1030.79,3.74,89.00
Sun 03/05/2026 - 12:10:06,21.31,60.91,1030.90,3.74,89.00
Sun 03/05/2026 - 12:10:40,21.32,61.05,1030.80,3.74,89.00
Sun 03/05/2026 - 12:11:14,21.32,61.10,1030.84,3.74,89.00
Sun 03/05/2026 - 12:11:48,21.34,61.18,1030.84,3.74,89.00
Sun 03/05/2026 - 12:12:22,21.34,61.29,1030.84,3.74,89.00
Sun 03/05/2026 - 12:12:56,21.35,61.32,1030.85,3.74,89.00
Sun 03/05/2026 - 12:13:30,21.34,61.34,1030.84,3.74,89.00
Sun 03/05/2026 - 12:14:03,21.35,61.40,1030.77,3.74,89.00
Sun 03/05/2026 - 12:14:37,21.36,61.39,1030.87,3.74,89.00
Sun 03/05/2026 - 12:15:11,21.36,61.18,1030.82,3.74,89.00
Sun 03/05/2026 - 12:15:45,21.36,61.21,1030.83,3.74,89.00
Sun 03/05/2026 - 12:16:19,21.37,61.24,1030.84,3.74,89.00
Sun 03/05/2026 - 12:16:53,21.36,61.22,1030.79,3.74,89.00
Sun 03/05/2026 - 12:17:27,21.37,61.10,1030.84,3.74,89.00
Sun 03/05/2026 - 12:18:01,21.37,61.16,1030.79,3.74,89.00
Sun 03/05/2026 - 12:18:35,21.37,61.21,1030.78,3.74,89.00
Sun 03/05/2026 - 12:19:09,21.38,61.18,1030.78,3.74,89.00
Sun 03/05/2026 - 12:19:43,21.39,61.07,1030.71,3.74,89.00
Sun 03/05/2026 - 12:20:17,21.38,60.85,1030.74,3.74,89.00
Sun 03/05/2026 - 12:20:51,21.39,60.77,1030.76,3.74,89.00
Sun 03/05/2026 - 12:21:25,21.39,60.65,1030.73,3.74,89.00
Sun 03/05/2026 - 12:21:59,21.39,60.48,1030.72,3.74,89.00
Sun 03/05/2026 - 12:22:33,21.40,60.43,1030.67,3.74,89.00
Sun 03/05/2026 - 12:23:07,21.40,60.33,1030.78,3.74,89.00
Sun 03/05/2026 - 12:23:41,21.39,60.19,1030.72,3.74,89.00
Sun 03/05/2026 - 12:24:14,21.40,60.05,1030.75,3.74,89.00
Sun 03/05/2026 - 12:24:49,21.40,60.03,1030.73,3.74,89.00
Sun 03/05/2026 - 12:25:23,21.40,59.98,1030.78,3.74,89.00
Sun 03/05/2026 - 12:25:57,21.40,59.96,1030.68,3.74,89.00
Sun 03/05/2026 - 12:26:30,21.41,59.80,1030.71,3.75,89.00
Sun 03/05/2026 - 12:27:04,21.41,59.59,1030.66,3.74,89.00
Sun 03/05/2026 - 12:27:38,21.42,59.63,1030.67,3.74,89.00
Sun 03/05/2026 - 12:28:12,21.42,59.08,1030.68,3.74,89.00
Sun 03/05/2026 - 12:28:46,21.41,57.79,1030.71,3.74,89.00
Sun 03/05/2026 - 12:29:20,21.40,57.86,1030.64,3.74,89.00
Sun 03/05/2026 - 12:29:54,21.42,58.18,1030.66,3.74,89.00
Sun 03/05/2026 - 12:30:28,21.42,58.31,1030.65,3.74,89.00
Sun 03/05/2026 - 12:31:02,21.42,58.30,1030.61,3.74,89.00
Sun 03/05/2026 - 12:31:36,21.42,58.06,1030.66,3.74,89.00
Sun 03/05/2026 - 12:32:10,21.44,57.53,1030.63,3.74,89.00
Sun 03/05/2026 - 12:32:44,21.43,57.32,1030.59,3.74,89.00
Sun 03/05/2026 - 12:33:18,21.42,57.21,1030.57,3.74,89.00
Sun 03/05/2026 - 12:33:52,21.43,57.18,1030.64,3.74,89.00
Sun 03/05/2026 - 12:34:26,21.42,56.63,1030.64,3.74,89.00
Sun 03/05/2026 - 12:35:00,21.40,56.89,1030.60,3.74,89.00
Sun 03/05/2026 - 12:35:33,21.42,57.22,1030.65,3.74,89.00
Sun 03/05/2026 - 12:36:07,21.41,57.24,1030.58,3.74,89.00
Sun 03/05/2026 - 12:36:41,21.41,57.51,1030.61,3.74,89.00
Sun 03/05/2026 - 12:37:15,21.42,58.03,1030.60,3.74,89.00
Sun 03/05/2026 - 12:37:49,21.40,58.85,1030.51,3.74,89.00
Sun 03/05/2026 - 12:38:23,21.40,58.24,1030.56,3.74,89.00
Sun 03/05/2026 - 12:38:57,21.41,58.62,1030.55,3.74,89.00
Sun 03/05/2026 - 12:39:31,21.42,58.75,1030.57,3.74,89.00
Sun 03/05/2026 - 12:40:05,21.44,58.75,1030.52,3.74,89.00
Sun 03/05/2026 - 12:40:39,21.44,58.75,1030.52,3.74,89.00
Sun 03/05/2026 - 12:41:13,21.44,57.97,1030.47,3.74,89.00
Sun 03/05/2026 - 12:41:47,21.45,58.00,1030.54,3.74,89.00
Sun 03/05/2026 - 12:42:21,21.45,57.82,1030.64,3.74,89.00
Sun 03/05/2026 - 12:42:55,21.45,57.68,1030.59,3.74,89.00
Sun 03/05/2026 - 12:43:29,21.46,57.71,1030.52,3.74,89.00
Sun 03/05/2026 - 12:44:03,21.47,57.75,1030.52,3.74,89.00
Sun 03/05/2026 - 12:44:37,21.48,57.50,1030.48,3.74,89.00
Sun 03/05/2026 - 12:45:11,21.48,57.44,1030.53,3.74,89.00
Sun 03/05/2026 - 12:45:45,21.48,57.54,1030.46,3.74,89.00
Sun 03/05/2026 - 12:46:19,21.49,57.35,1030.44,3.74,89.00
Sun 03/05/2026 - 12:46:52,21.49,57.35,1030.41,3.74,89.00
Sun 03/05/2026 - 12:47:26,21.49,57.23,1030.50,3.74,89.00
Sun 03/05/2026 - 12:48:00,21.49,56.89,1030.38,3.74,89.00
Sun 03/05/2026 - 12:48:34,21.48,56.77,1030.40,3.74,89.00
Sun 03/05/2026 - 12:49:08,21.48,56.73,1030.43,3.74,89.00
Sun 03/05/2026 - 12:49:42,21.49,56.81,1030.38,3.74,89.00
Sun 03/05/2026 - 12:50:16,21.49,56.48,1030.39,3.74,89.00
Sun 03/05/2026 - 12:50:50,21.50,56.64,1030.30,3.74,89.00
Sun 03/05/2026 - 12:51:24,21.50,56.13,1030.33,3.74,89.00
Sun 03/05/2026 - 12:51:58,21.49,55.07,1030.31,3.74,89.00
Sun 03/05/2026 - 12:52:32,21.50,55.70,1030.30,3.74,89.00
Sun 03/05/2026 - 12:53:06,21.51,55.85,1030.31,3.74,89.00
Sun 03/05/2026 - 12:53:40,21.51,55.74,1030.29,3.74,89.00
Sun 03/05/2026 - 12:54:14,21.51,55.67,1030.26,3.74,89.00
Sun 03/05/2026 - 12:54:48,21.52,55.52,1030.31,3.74,89.00
Sun 03/05/2026 - 12:55:22,21.51,54.99,1030.29,3.74,89.00
Sun 03/05/2026 - 12:55:55,21.51,55.32,1030.18,3.74,89.00
Sun 03/05/2026 - 12:56:29,21.52,55.39,1030.25,3.74,89.00
Sun 03/05/2026 - 12:57:03,21.52,55.56,1030.25,3.74,89.00
Sun 03/05/2026 - 12:57:37,21.52,55.60,1030.17,3.74,89.00
Sun 03/05/2026 - 12:58:11,21.53,55.66,1030.24,3.74,89.00
Sun 03/05/2026 - 12:58:45,21.53,55.64,1030.15,3.74,89.00
Sun 03/05/2026 - 12:59:19,21.53,55.73,1030.18,3.74,89.00
Sun 03/05/2026 - 12:59:53,21.54,55.15,1030.10,3.74,89.00
Sun 03/05/2026 - 13:00:27,21.53,54.73,1030.13,3.74,89.00
Sun 03/05/2026 - 13:01:01,21.53,55.11,1030.24,3.74,89.00
Sun 03/05/2026 - 13:01:35,21.54,55.11,1030.15,3.74,89.00
Sun 03/05/2026 - 13:02:09,21.55,54.86,1030.16,3.74,89.00
Sun 03/05/2026 - 13:02:43,21.55,54.90,1030.19,3.74,89.00
Sun 03/05/2026 - 13:03:17,21.54,55.01,1030.15,3.74,89.00
Sun 03/05/2026 - 13:03:51,21.55,55.12,1030.11,3.74,89.00
Sun 03/05/2026 - 13:04:25,21.56,55.24,1030.16,3.74,89.00
Sun 03/05/2026 - 13:04:59,21.56,54.60,1030.16,3.74,89.00
Sun 03/05/2026 - 13:05:33,21.52,53.98,1030.12,3.74,89.00
Sun 03/05/2026 - 13:06:07,21.51,54.31,1030.06,3.74,89.00
Sun 03/05/2026 - 13:06:40,21.52,54.57,1030.09,3.74,89.00
Sun 03/05/2026 - 13:07:14,21.53,54.76,1030.08,3.74,89.00
Sun 03/05/2026 - 13:07:48,21.53,54.42,1030.08,3.74,89.00
Sun 03/05/2026 - 13:08:22,21.54,54.42,1030.06,3.74,89.00
Sun 03/05/2026 - 13:08:56,21.55,54.52,1030.00,3.74,89.00
Sun 03/05/2026 - 13:09:30,21.54,54.18,1029.99,3.74,89.00
Sun 03/05/2026 - 13:10:04,21.54,53.51,1030.04,3.74,89.00
Sun 03/05/2026 - 13:10:38,21.55,53.86,1030.03,3.74,89.00
Sun 03/05/2026 - 13:11:12,21.55,54.12,1030.00,3.74,89.00
Sun 03/05/2026 - 13:11:46,21.55,54.39,1029.95,3.74,89.00
Sun 03/05/2026 - 13:12:20,21.56,54.58,1029.97,3.74,89.00
Sun 03/05/2026 - 13:12:54,21.56,54.81,1029.94,3.74,89.00
Sun 03/05/2026 - 13:13:28,21.57,54.93,1029.99,3.74,89.00
Sun 03/05/2026 - 13:14:02,21.58,55.00,1030.00,3.74,89.00
Sun 03/05/2026 - 13:14:36,21.58,55.14,1030.00,3.74,89.00
Sun 03/05/2026 - 13:15:10,21.59,55.24,1029.97,3.74,89.00
Sun 03/05/2026 - 13:15:44,21.60,55.35,1030.04,3.74,89.00
Sun 03/05/2026 - 13:16:18,21.60,55.49,1029.94,3.74,89.00
Sun 03/05/2026 - 13:16:51,21.61,55.54,1030.00,3.74,89.00
Sun 03/05/2026 - 13:17:25,21.60,55.42,1029.98,3.74,89.00
Sun 03/05/2026 - 13:17:59,21.61,55.43,1030.00,3.74,89.00
Sun 03/05/2026 - 13:18:33,21.61,55.37,1029.89,3.74,89.00
Sun 03/05/2026 - 13:19:07,21.61,55.06,1029.88,3.74,89.00
Sun 03/05/2026 - 13:19:41,21.60,54.67,1029.93,3.74,89.00
Sun 03/05/2026 - 13:20:15,21.60,54.78,1029.93,3.74,89.00
Sun 03/05/2026 - 13:20:49,21.61,54.92,1029.95,3.74,89.00
Sun 03/05/2026 - 13:21:23,21.62,55.07,1029.90,3.74,89.00
Sun 03/05/2026 - 13:21:57,21.59,54.85,1029.90,3.74,89.00
Sun 03/05/2026 - 13:22:31,21.59,55.09,1029.94,3.74,89.00
Sun 03/05/2026 - 13:23:05,21.60,54.71,1029.85,3.74,89.00
Sun 03/05/2026 - 13:23:39,21.61,54.71,1029.89,3.74,89.00
Sun 03/05/2026 - 13:24:13,21.62,54.86,1029.91,3.74,89.00
Sun 03/05/2026 - 13:24:47,21.63,54.94,1029.86,3.74,89.00
Sun 03/05/2026 - 13:25:21,21.61,54.67,1029.84,3.74,89.00
Sun 03/05/2026 - 13:25:55,21.62,54.80,1029.86,3.74,89.00
Sun 03/05/2026 - 13:26:29,21.64,54.95,1029.84,3.74,89.00
Sun 03/05/2026 - 13:27:02,21.62,55.00,1029.75,3.74,89.00
Sun 03/05/2026 - 13:27:36,21.61,54.86,1029.73,3.74,89.00
Sun 03/05/2026 - 13:28:10,21.62,54.44,1029.77,3.74,89.00
Sun 03/05/2026 - 13:28:44,21.60,54.28,1029.77,3.74,89.00
Sun 03/05/2026 - 13:29:18,21.61,54.57,1029.73,3.74,89.00
Sun 03/05/2026 - 13:29:52,21.60,54.22,1029.70,3.74,89.00
Sun 03/05/2026 - 13:30:26,21.62,54.45,1029.68,3.74,89.00
Sun 03/05/2026 - 13:31:00,21.63,54.67,1029.79,3.74,89.00
Sun 03/05/2026 - 13:31:34,21.64,54.73,1029.73,3.74,89.00
Sun 03/05/2026 - 13:32:08,21.65,54.35,1029.66,3.74,89.00
Sun 03/05/2026 - 13:32:42,21.67,54.48,1029.70,3.74,89.00
Sun 03/05/2026 - 13:33:16,21.67,54.49,1029.73,3.74,89.00
Sun 03/05/2026 - 13:33:50,21.67,54.11,1029.75,3.74,89.00
Sun 03/05/2026 - 13:34:24,21.66,54.25,1029.63,3.74,89.00
Sun 03/05/2026 - 13:34:58,21.68,54.39,1029.74,3.74,89.00
Sun 03/05/2026 - 13:35:32,21.68,54.04,1029.65,3.74,89.00
Sun 03/05/2026 - 13:36:06,21.70,54.08,1029.69,3.74,89.00
Sun 03/05/2026 - 13:36:39,21.70,53.58,1029.61,3.74,89.00
Sun 03/05/2026 - 13:37:13,21.71,53.84,1029.69,3.74,89.00
Sun 03/05/2026 - 13:37:47,21.72,53.97,1029.68,3.74,89.00
Sun 03/05/2026 - 13:38:21,21.73,54.07,1029.72,3.74,89.00
Sun 03/05/2026 - 13:38:55,21.73,54.15,1029.63,3.74,89.00
Sun 03/05/2026 - 13:39:29,21.74,54.20,1029.68,3.74,89.00
Sun 03/05/2026 - 13:40:03,21.75,54.24,1029.70,3.74,89.00
Sun 03/05/2026 - 13:40:37,21.77,54.27,1029.73,3.74,89.00
Sun 03/05/2026 - 13:41:11,21.78,54.24,1029.69,3.74,89.00
Sun 03/05/2026 - 13:41:45,21.78,54.30,1029.67,3.74,89.00
Sun 03/05/2026 - 13:42:19,21.78,54.34,1029.64,3.74,89.00
Sun 03/05/2026 - 13:42:53,21.80,54.38,1029.73,3.74,89.00
Sun 03/05/2026 - 13:43:27,21.79,54.30,1029.66,3.74,89.00
Sun 03/05/2026 - 13:44:01,21.79,54.27,1029.66,3.74,89.00
Sun 03/05/2026 - 13:44:35,21.81,54.13,1029.72,3.74,89.00
Sun 03/05/2026 - 13:45:09,21.80,53.39,1029.70,3.74,89.00
Sun 03/05/2026 - 13:45:43,21.80,53.34,1029.62,3.74,89.00
Sun 03/05/2026 - 13:46:17,21.80,53.39,1029.68,3.74,89.00
Sun 03/05/2026 - 13:46:51,21.80,53.25,1029.68,3.74,89.00
Sun 03/05/2026 - 13:47:24,21.81,53.30,1029.63,3.74,89.00
Sun 03/05/2026 - 13:47:58,21.82,53.29,1029.60,3.74,89.00
Sun 03/05/2026 - 13:48:32,21.81,52.64,1029.66,3.74,89.00
Sun 03/05/2026 - 13:49:06,21.81,52.88,1029.70,3.74,89.00
Sun 03/05/2026 - 13:49:40,21.82,52.98,1029.60,3.74,89.00
Sun 03/05/2026 - 13:50:14,21.82,53.04,1029.66,3.74,89.00
Sun 03/05/2026 - 13:50:48,21.81,52.74,1029.64,3.74,89.00
Sun 03/05/2026 - 13:51:22,21.81,52.86,1029.64,3.74,89.00
Sun 03/05/2026 - 13:51:56,21.80,52.76,1029.56,3.74,89.00
Sun 03/05/2026 - 13:52:30,21.82,52.96,1029.63,3.74,89.00
Sun 03/05/2026 - 13:53:04,21.82,53.01,1029.66,3.74,89.00
Sun 03/05/2026 - 13:53:38,21.82,52.70,1029.66,3.74,89.00
Sun 03/05/2026 - 13:54:12,21.83,52.89,1029.61,3.74,89.00
Sun 03/05/2026 - 13:54:46,21.82,52.40,1029.66,3.74,89.00
Sun 03/05/2026 - 13:55:20,21.83,52.62,1029.51,3.74,89.00
Sun 03/05/2026 - 13:55:54,21.84,52.74,1029.58,3.74,89.00
Sun 03/05/2026 - 13:56:28,21.84,52.93,1029.56,3.74,89.00
Sun 03/05/2026 - 13:57:01,21.85,52.96,1029.52,3.74,89.00
Sun 03/05/2026 - 13:57:35,21.86,52.96,1029.56,3.74,89.00
Sun 03/05/2026 - 13:58:09,21.87,53.00,1029.52,3.74,89.00
Sun 03/05/2026 - 13:58:43,21.88,53.13,1029.54,3.74,89.00
Sun 03/05/2026 - 13:59:17,21.87,53.19,1029.56,3.74,89.00
Sun 03/05/2026 - 13:59:51,21.89,53.16,1029.55,3.74,89.00
Sun 03/05/2026 - 14:00:25,21.87,53.12,1029.47,3.74,89.00
Sun 03/05/2026 - 14:00:59,21.89,52.54,1029.46,3.74,89.00
Sun 03/05/2026 - 14:01:33,21.89,52.62,1029.46,3.74,89.00
Sun 03/05/2026 - 14:02:07,21.89,52.70,1029.46,3.74,89.00
Sun 03/05/2026 - 14:02:41,21.89,52.85,1029.42,3.74,89.00
Sun 03/05/2026 - 14:03:15,21.89,52.96,1029.38,3.74,89.00
Sun 03/05/2026 - 14:03:49,21.89,53.05,1029.41,3.74,89.00
Sun 03/05/2026 - 14:04:23,21.89,53.12,1029.38,3.74,89.00
Sun 03/05/2026 - 14:04:57,21.92,53.14,1029.43,3.74,89.00
Sun 03/05/2026 - 14:05:31,21.92,53.24,1029.39,3.74,89.00
Sun 03/05/2026 - 14:06:05,21.92,53.27,1029.49,3.74,89.00
Sun 03/05/2026 - 14:06:39,21.92,53.14,1029.43,3.74,89.00
Sun 03/05/2026 - 14:07:13,21.93,53.22,1029.52,3.74,89.00
Sun 03/05/2026 - 14:07:47,21.92,53.27,1029.43,3.74,89.00
Sun 03/05/2026 - 14:08:20,21.92,53.09,1029.39,3.74,89.00
Sun 03/05/2026 - 14:08:54,21.93,52.79,1029.51,3.74,89.00
Sun 03/05/2026 - 14:09:28,21.93,52.81,1029.47,3.74,89.00
Sun 03/05/2026 - 14:10:02,21.94,52.50,1029.44,3.74,89.00
Sun 03/05/2026 - 14:10:36,21.94,52.84,1029.41,3.74,89.00
Sun 03/05/2026 - 14:11:10,21.93,52.74,1029.34,3.74,89.00
Sun 03/05/2026 - 14:11:44,21.94,52.74,1029.41,3.74,89.00
Sun 03/05/2026 - 14:12:18,21.94,52.84,1029.39,3.74,89.00
Sun 03/05/2026 - 14:12:52,21.93,52.41,1029.40,3.74,89.00
Sun 03/05/2026 - 14:13:26,21.89,52.23,1029.36,3.74,89.00
Sun 03/05/2026 - 14:14:00,21.89,52.30,1029.33,3.74,89.00
Sun 03/05/2026 - 14:14:34,21.89,52.31,1029.36,3.74,89.00
Sun 03/05/2026 - 14:15:08,21.89,52.21,1029.36,3.74,89.00
Sun 03/05/2026 - 14:15:42,21.87,52.41,1029.31,3.74,89.00
Sun 03/05/2026 - 14:16:16,21.89,52.56,1029.41,3.74,89.00
Sun 03/05/2026 - 14:16:50,21.89,52.71,1029.39,3.74,89.00
Sun 03/05/2026 - 14:17:24,21.91,52.83,1029.37,3.74,89.00
Sun 03/05/2026 - 14:17:57,21.85,52.31,1029.38,3.74,89.00
Sun 03/05/2026 - 14:18:31,21.85,52.42,1029.38,3.74,89.00
Sun 03/05/2026 - 14:19:05,21.86,52.45,1029.32,3.74,89.00
Sun 03/05/2026 - 14:19:39,21.85,52.40,1029.36,3.74,89.00
Sun 03/05/2026 - 14:20:13,21.84,52.66,1029.37,3.74,89.00
Sun 03/05/2026 - 14:20:47,21.84,52.46,1029.37,3.74,89.00
Sun 03/05/2026 - 14:21:21,21.83,52.55,1029.34,3.74,89.00
Sun 03/05/2026 - 14:21:55,21.83,52.37,1029.35,3.74,89.00
Sun 03/05/2026 - 14:22:29,21.83,52.22,1029.30,3.74,89.00
Sun 03/05/2026 - 14:23:03,21.84,52.05,1029.28,3.74,89.00
Sun 03/05/2026 - 14:23:37,21.84,51.95,1029.30,3.74,89.00
Sun 03/05/2026 - 14:24:11,21.84,51.97,1029.25,3.74,89.00
Sun 03/05/2026 - 14:24:45,21.85,52.23,1029.32,3.74,89.00
Sun 03/05/2026 - 14:25:19,21.84,52.32,1029.23,3.74,89.00
Sun 03/05/2026 - 14:25:53,21.84,52.56,1029.26,3.74,89.00
Sun 03/05/2026 - 14:26:27,21.85,52.69,1029.30,3.74,89.00
Sun 03/05/2026 - 14:27:01,21.86,52.81,1029.31,3.74,89.00
Sun 03/05/2026 - 14:27:35,21.86,52.89,1029.24,3.74,89.00
Sun 03/05/2026 - 14:28:09,21.86,53.06,1029.24,3.74,89.00
Sun 03/05/2026 - 14:28:43,21.86,52.60,1029.29,3.74,89.00
Sun 03/05/2026 - 14:29:16,21.86,52.59,1029.28,3.74,89.00
Sun 03/05/2026 - 14:29:50,21.86,52.83,1029.23,3.74,89.00
Sun 03/05/2026 - 14:30:24,21.85,52.96,1029.14,3.74,89.00
Sun 03/05/2026 - 14:30:58,21.86,52.89,1029.18,3.74,89.00
Sun 03/05/2026 - 14:31:32,21.86,52.97,1029.18,3.74,89.00
Sun 03/05/2026 - 14:32:06,21.86,52.88,1029.18,3.74,89.00
Sun 03/05/2026 - 14:32:40,21.86,52.96,1029.28,3.74,89.00
Sun 03/05/2026 - 14:33:14,21.86,52.98,1029.16,3.74,89.00
Sun 03/05/2026 - 14:33:48,21.86,53.08,1029.23,3.74,89.00
Sun 03/05/2026 - 14:34:22,21.87,53.10,1029.22,3.74,89.00
Sun 03/05/2026 - 14:34:56,21.87,53.19,1029.23,3.74,89.00
Sun 03/05/2026 - 14:35:30,21.87,53.29,1029.20,3.74,89.00
Sun 03/05/2026 - 14:36:04,21.85,52.71,1029.11,3.74,89.00
Sun 03/05/2026 - 14:36:38,21.86,52.72,1029.21,3.74,89.00
Sun 03/05/2026 - 14:37:12,21.87,52.90,1029.14,3.74,89.00
Sun 03/05/2026 - 14:37:46,21.87,53.01,1029.14,3.74,89.00
Sun 03/05/2026 - 14:38:20,21.89,53.17,1029.14,3.74,89.00
Sun 03/05/2026 - 14:38:54,21.87,53.28,1029.20,3.74,89.00
Sun 03/05/2026 - 14:39:28,21.87,53.46,1029.15,3.74,89.00
Sun 03/05/2026 - 14:40:02,21.86,53.19,1029.18,3.74,89.00
Sun 03/05/2026 - 14:40:36,21.86,52.87,1029.12,3.74,89.00
Sun 03/05/2026 - 14:41:09,21.85,53.04,1029.11,3.74,89.00
Sun 03/05/2026 - 14:41:43,21.86,52.88,1029.15,3.74,89.00
Sun 03/05/2026 - 14:42:17,21.86,52.94,1029.13,3.74,89.00
Sun 03/05/2026 - 14:42:51,21.86,53.00,1029.09,3.74,89.00
Sun 03/05/2026 - 14:43:25,21.86,53.17,1029.09,3.74,89.00
Sun 03/05/2026 - 14:43:59,21.87,53.26,1029.17,3.74,89.00
Sun 03/05/2026 - 14:44:33,21.87,53.33,1029.17,3.74,89.00
Sun 03/05/2026 - 14:45:07,21.86,53.39,1029.10,3.74,89.00
Sun 03/05/2026 - 14:45:41,21.87,53.42,1029.04,3.74,89.00
Sun 03/05/2026 - 14:46:15,21.87,53.46,1029.08,3.74,89.00
Sun 03/05/2026 - 14:46:49,21.87,52.89,1029.09,3.74,89.00
Sun 03/05/2026 - 14:47:23,21.85,52.75,1029.06,3.74,89.00
Sun 03/05/2026 - 14:47:57,21.83,52.75,1029.08,3.74,89.00
Sun 03/05/2026 - 14:48:31,21.81,52.63,1029.07,3.74,89.00
Sun 03/05/2026 - 14:49:05,21.83,52.58,1029.12,3.74,89.00
Sun 03/05/2026 - 14:49:39,21.81,52.49,1029.07,3.74,89.00
Sun 03/05/2026 - 14:50:13,21.80,52.40,1029.05,3.74,89.00
Sun 03/05/2026 - 14:50:47,21.80,52.53,1029.13,3.74,89.00
Sun 03/05/2026 - 14:51:21,21.81,52.60,1029.10,3.74,89.00
Sun 03/05/2026 - 14:51:55,21.82,52.40,1029.06,3.74,89.00
Sun 03/05/2026 - 14:52:29,21.83,52.62,1029.13,3.74,89.00
Sun 03/05/2026 - 14:53:02,21.83,52.66,1029.07,3.74,89.00
Sun 03/05/2026 - 14:53:36,21.80,52.19,1029.03,3.74,89.00
Sun 03/05/2026 - 14:54:10,21.78,52.24,1029.12,3.74,89.00
Sun 03/05/2026 - 14:54:44,21.78,52.15,1029.15,3.74,89.00
Sun 03/05/2026 - 14:55:18,21.77,52.25,1029.08,3.74,89.00
Sun 03/05/2026 - 14:55:52,21.77,52.15,1029.14,3.74,89.00
Sun 03/05/2026 - 14:56:26,21.77,52.35,1029.14,3.74,89.00
Sun 03/05/2026 - 14:57:00,21.78,52.34,1029.09,3.74,89.00
Sun 03/05/2026 - 14:57:34,21.80,52.47,1029.13,3.74,89.00
Sun 03/05/2026 - 14:58:08,21.81,52.50,1029.12,3.74,89.00
Sun 03/05/2026 - 14:58:42,21.82,52.52,1029.06,3.74,89.00
Sun 03/05/2026 - 14:59:16,21.81,52.42,1029.07,3.74,89.00
Sun 03/05/2026 - 14:59:50,21.83,52.55,1029.02,3.74,89.00
Sun 03/05/2026 - 15:00:24,21.83,52.66,1028.99,3.74,89.00
Sun 03/05/2026 - 15:00:58,21.84,52.73,1028.99,3.73,89.00
Sun 03/05/2026 - 15:01:32,21.84,52.81,1029.04,3.74,89.00
Sun 03/05/2026 - 15:02:06,21.85,52.80,1029.06,3.74,89.00
Sun 03/05/2026 - 15:02:40,21.84,52.53,1028.99,3.74,89.00
Sun 03/05/2026 - 15:03:14,21.84,52.50,1029.01,3.74,89.00
Sun 03/05/2026 - 15:03:47,21.84,52.57,1028.93,3.74,89.00
Sun 03/05/2026 - 15:04:22,21.85,52.70,1028.98,3.74,89.00
Sun 03/05/2026 - 15:04:56,21.85,52.72,1029.02,3.74,89.00
Sun 03/05/2026 - 15:05:29,21.84,52.52,1028.99,3.74,89.00
Sun 03/05/2026 - 15:06:03,21.83,52.42,1029.04,3.74,89.00
Sun 03/05/2026 - 15:06:37,21.79,52.12,1028.90,3.74,89.00
Sun 03/05/2026 - 15:07:11,21.79,52.34,1028.95,3.74,89.00
Sun 03/05/2026 - 15:07:45,21.79,52.42,1028.90,3.74,89.00
Sun 03/05/2026 - 15:08:19,21.79,52.21,1029.00,3.74,89.00
Sun 03/05/2026 - 15:08:53,21.78,52.33,1028.96,3.74,89.00
Sun 03/05/2026 - 15:09:27,21.79,52.36,1028.95,3.74,89.00
Sun 03/05/2026 - 15:10:01,21.80,52.29,1028.92,3.74,89.00
Sun 03/05/2026 - 15:10:35,21.81,52.41,1028.95,3.74,89.00
Sun 03/05/2026 - 15:11:09,21.82,52.53,1028.92,3.74,89.00
Sun 03/05/2026 - 15:11:43,21.83,52.53,1028.97,3.73,89.00
Sun 03/05/2026 - 15:12:17,21.83,52.62,1028.97,3.74,89.00
Sun 03/05/2026 - 15:12:51,21.84,52.64,1028.88,3.74,89.00
Sun 03/05/2026 - 15:13:25,21.85,52.69,1028.90,3.74,89.00
Sun 03/05/2026 - 15:13:59,21.85,52.72,1028.95,3.73,89.00
Sun 03/05/2026 - 15:14:33,21.87,52.52,1028.95,3.73,89.00
Sun 03/05/2026 - 15:15:07,21.86,51.92,1028.96,3.73,89.00
Sun 03/05/2026 - 15:15:40,21.81,51.86,1028.93,3.74,89.00
Sun 03/05/2026 - 15:16:14,21.78,51.61,1028.96,3.74,89.00
Sun 03/05/2026 - 15:16:48,21.79,51.76,1028.97,3.74,89.00
Sun 03/05/2026 - 15:17:22,21.80,51.95,1028.89,3.74,89.00
Sun 03/05/2026 - 15:17:56,21.82,52.06,1028.89,3.74,89.00
Sun 03/05/2026 - 15:18:30,21.84,52.19,1028.90,3.74,89.00
Sun 03/05/2026 - 15:19:04,21.84,52.25,1028.90,3.74,89.00
Sun 03/05/2026 - 15:19:38,21.84,52.14,1028.88,3.73,89.00
Sun 03/05/2026 - 15:20:12,21.86,52.06,1028.96,3.74,89.00
Sun 03/05/2026 - 15:20:46,21.86,52.15,1028.90,3.74,89.00
Sun 03/05/2026 - 15:21:20,21.86,52.21,1028.89,3.73,89.00
Sun 03/05/2026 - 15:21:54,21.86,52.29,1028.89,3.74,89.00
Sun 03/05/2026 - 15:22:28,21.87,52.34,1028.88,3.73,89.00
Sun 03/05/2026 - 15:23:02,21.87,52.37,1028.88,3.73,89.00
Sun 03/05/2026 - 15:23:36,21.86,52.41,1028.97,3.73,89.00
Sun 03/05/2026 - 15:24:10,21.87,52.35,1028.90,3.73,89.00
Sun 03/05/2026 - 15:24:44,21.89,52.37,1028.84,3.73,89.00
Sun 03/05/2026 - 15:25:17,21.88,52.08,1028.91,3.74,89.00
Sun 03/05/2026 - 15:25:51,21.89,52.10,1028.84,3.73,89.00
Sun 03/05/2026 - 15:26:25,21.87,52.11,1028.82,3.74,89.00
Sun 03/05/2026 - 15:26:59,21.89,52.18,1028.84,3.74,89.00
Sun 03/05/2026 - 15:27:33,21.89,52.32,1028.85,3.73,89.00
Sun 03/05/2026 - 15:28:07,21.92,52.15,1028.94,3.73,89.00
Sun 03/05/2026 - 15:28:41,21.86,51.67,1028.86,3.73,89.00
Sun 03/05/2026 - 15:29:15,21.86,51.69,1028.86,3.73,89.00
Sun 03/05/2026 - 15:29:49,21.84,51.54,1028.82,3.73,89.00
Sun 03/05/2026 - 15:30:23,21.83,51.61,1028.85,3.73,89.00
Sun 03/05/2026 - 15:30:57,21.84,51.71,1028.76,3.73,89.00
Sun 03/05/2026 - 15:31:31,21.84,51.81,1028.77,3.73,89.00
Sun 03/05/2026 - 15:32:05,21.85,51.92,1028.84,3.73,89.00
Sun 03/05/2026 - 15:32:39,21.86,51.97,1028.88,3.73,89.00
Sun 03/05/2026 - 15:33:13,21.86,52.03,1028.78,3.73,89.00
Sun 03/05/2026 - 15:33:47,21.87,52.14,1028.85,3.73,89.00
Sun 03/05/2026 - 15:34:21,21.87,52.23,1028.77,3.73,89.00
Sun 03/05/2026 - 15:34:54,21.87,51.97,1028.74,3.73,89.00
Sun 03/05/2026 - 15:35:28,21.86,52.04,1028.86,3.73,89.00
Sun 03/05/2026 - 15:36:02,21.86,51.78,1028.75,3.73,89.00
Sun 03/05/2026 - 15:36:36,21.87,51.97,1028.77,3.73,89.00
Sun 03/05/2026 - 15:37:10,21.89,52.05,1028.76,3.73,89.00
Sun 03/05/2026 - 15:37:44,21.89,51.93,1028.76,3.74,89.00
Sun 03/05/2026 - 15:38:18,21.90,52.03,1028.78,3.73,89.00
Sun 03/05/2026 - 15:38:52,21.89,52.07,1028.73,3.73,89.00
Sun 03/05/2026 - 15:39:26,21.91,52.10,1028.76,3.73,89.00
Sun 03/05/2026 - 15:40:00,21.91,52.16,1028.80,3.73,89.00
Sun 03/05/2026 - 15:40:34,21.89,52.23,1028.79,3.73,89.00
Sun 03/05/2026 - 15:41:08,21.89,52.03,1028.78,3.73,89.00
Sun 03/05/2026 - 15:41:42,21.86,51.93,1028.78,3.73,89.00
Sun 03/05/2026 - 15:42:16,21.86,52.09,1028.69,3.73,89.00
Sun 03/05/2026 - 15:42:50,21.85,51.57,1028.76,3.73,89.00
Sun 03/05/2026 - 15:43:24,21.86,51.69,1028.71,3.73,89.00
Sun 03/05/2026 - 15:43:58,21.87,51.82,1028.71,3.73,89.00
Sun 03/05/2026 - 15:44:31,21.88,51.71,1028.72,3.73,89.00
Sun 03/05/2026 - 15:45:05,21.88,51.69,1028.78,3.73,89.00
Sun 03/05/2026 - 15:45:39,21.89,51.56,1028.78,3.73,89.00
Sun 03/05/2026 - 15:46:13,21.87,51.75,1028.74,3.73,89.00
Sun 03/05/2026 - 15:46:47,21.89,51.87,1028.73,3.73,89.00
Sun 03/05/2026 - 15:47:21,21.89,51.99,1028.70,3.73,89.00
Sun 03/05/2026 - 15:47:55,21.91,52.04,1028.85,3.73,89.00
Sun 03/05/2026 - 15:48:29,21.91,52.16,1028.71,3.73,89.00
Sun 03/05/2026 - 15:49:03,21.91,52.18,1028.76,3.73,89.00
Sun 03/05/2026 - 15:49:37,21.92,52.24,1028.84,3.73,89.00
Sun 03/05/2026 - 15:50:11,21.92,52.30,1028.73,3.73,89.00
Sun 03/05/2026 - 15:50:45,21.93,52.36,1028.74,3.73,89.00
Sun 03/05/2026 - 15:51:19,21.93,52.37,1028.82,3.73,89.00
Sun 03/05/2026 - 15:51:53,21.92,52.07,1028.75,3.73,89.00
Sun 03/05/2026 - 15:52:27,21.92,52.01,1028.73,3.73,89.00
Sun 03/05/2026 - 15:53:01,21.92,52.06,1028.78,3.73,89.00
Sun 03/05/2026 - 15:53:35,21.92,52.18,1028.75,3.73,89.00
Sun 03/05/2026 - 15:54:08,21.93,52.25,1028.75,3.73,89.00
Sun 03/05/2026 - 15:54:42,21.89,52.02,1028.78,3.73,89.00
Sun 03/05/2026 - 15:55:16,21.89,51.75,1028.73,3.73,89.00
Sun 03/05/2026 - 15:55:50,21.85,51.66,1028.84,3.73,89.00
Sun 03/05/2026 - 15:56:24,21.86,51.62,1028.75,3.73,89.00
Sun 03/05/2026 - 15:56:58,21.87,51.71,1028.77,3.73,89.00
Sun 03/05/2026 - 15:57:32,21.89,51.86,1028.74,3.73,89.00
Sun 03/05/2026 - 15:58:06,21.91,51.97,1028.77,3.73,89.00
Sun 03/05/2026 - 15:58:40,21.92,52.02,1028.75,3.73,89.00
Sun 03/05/2026 - 15:59:14,21.91,51.98,1028.76,3.73,89.00
Sun 03/05/2026 - 15:59:48,21.92,52.03,1028.78,3.73,89.00
Sun 03/05/2026 - 16:00:22,21.92,52.08,1028.81,3.73,89.00
Sun 03/05/2026 - 16:00:56,21.91,51.95,1028.79,3.73,89.00
Sun 03/05/2026 - 16:01:30,21.91,51.61,1028.78,3.73,89.00
Sun 03/05/2026 - 16:02:04,21.92,51.78,1028.84,3.73,89.00
Sun 03/05/2026 - 16:02:38,21.91,51.89,1028.77,3.73,89.00
Sun 03/05/2026 - 16:03:12,21.92,51.94,1028.78,3.73,89.00
Sun 03/05/2026 - 16:03:46,21.92,52.01,1028.81,3.73,89.00
Sun 03/05/2026 - 16:04:20,21.92,52.01,1028.84,3.73,89.00
Sun 03/05/2026 - 16:04:53,21.93,52.06,1028.75,3.73,89.00
Sun 03/05/2026 - 16:05:27,21.91,51.91,1028.79,3.73,89.00
Sun 03/05/2026 - 16:06:01,21.90,52.00,1028.76,3.73,89.00
Sun 03/05/2026 - 16:06:35,21.92,51.87,1028.78,3.73,89.00
Sun 03/05/2026 - 16:07:09,21.88,51.80,1028.78,3.73,89.00
Sun 03/05/2026 - 16:07:43,21.89,51.86,1028.78,3.73,89.00
Sun 03/05/2026 - 16:08:17,21.89,51.99,1028.76,3.73,89.00
Sun 03/05/2026 - 16:08:51,21.89,52.08,1028.71,3.73,89.00
Sun 03/05/2026 - 16:09:25,21.92,52.15,1028.81,3.73,89.00
Sun 03/05/2026 - 16:09:59,21.92,52.21,1028.84,3.73,89.00
Sun 03/05/2026 - 16:10:33,21.93,52.26,1028.85,3.73,89.00
Sun 03/05/2026 - 16:11:07,21.92,52.22,1028.78,3.73,89.00
Sun 03/05/2026 - 16:11:41,21.92,52.22,1028.73,3.73,89.00
Sun 03/05/2026 - 16:12:15,21.93,52.21,1028.69,3.73,89.00
Sun 03/05/2026 - 16:12:49,21.93,52.21,1028.80,3.73,89.00
Sun 03/05/2026 - 16:13:23,21.93,52.18,1028.76,3.73,89.00
Sun 03/05/2026 - 16:13:57,21.94,51.86,1028.82,3.73,89.00
Sun 03/05/2026 - 16:14:31,21.93,51.90,1028.79,3.73,89.00
Sun 03/05/2026 - 16:15:05,21.93,51.98,1028.80,3.73,89.00
Sun 03/05/2026 - 16:15:38,21.91,51.98,1028.83,3.73,89.00
Sun 03/05/2026 - 16:16:12,21.85,52.09,1028.76,3.73,89.00
Sun 03/05/2026 - 16:16:46,21.89,52.08,1028.79,3.73,89.00
Sun 03/05/2026 - 16:17:20,21.91,52.09,1028.84,3.73,89.00
Sun 03/05/2026 - 16:17:54,21.91,52.18,1028.79,3.73,89.00
Sun 03/05/2026 - 16:18:28,21.91,52.13,1028.77,3.73,89.00
Sun 03/05/2026 - 16:19:02,21.92,52.51,1028.75,3.73,89.00
Sun 03/05/2026 - 16:19:36,21.92,52.88,1028.73,3.73,89.00
Sun 03/05/2026 - 16:20:10,21.94,52.99,1028.83,3.73,89.00
Sun 03/05/2026 - 16:20:44,21.94,53.17,1028.84,3.73,89.00
Sun 03/05/2026 - 16:21:18,21.94,53.25,1028.73,3.73,89.00
Sun 03/05/2026 - 16:21:52,21.95,53.34,1028.80,3.73,89.00
Sun 03/05/2026 - 16:22:26,21.96,53.52,1028.76,3.73,89.00
Sun 03/05/2026 - 16:23:00,21.96,53.71,1028.76,3.73,89.00
Sun 03/05/2026 - 16:23:34,21.96,53.75,1028.81,3.73,89.00
Sun 03/05/2026 - 16:24:08,21.97,53.79,1028.76,3.73,89.00
Sun 03/05/2026 - 16:24:42,21.97,53.84,1028.78,3.73,89.00
Sun 03/05/2026 - 16:25:16,21.98,53.89,1028.79,3.73,89.00
Sun 03/05/2026 - 16:25:50,21.99,54.05,1028.74,3.73,89.00
Sun 03/05/2026 - 16:26:24,21.99,54.23,1028.77,3.73,89.00
Sun 03/05/2026 - 16:26:58,22.00,54.45,1028.69,3.73,89.00
Sun 03/05/2026 - 16:27:32,21.99,54.62,1028.78,3.73,89.00
Sun 03/05/2026 - 16:28:06,22.00,54.71,1028.86,3.73,89.00
Sun 03/05/2026 - 16:28:39,22.01,54.78,1028.79,3.73,89.00
Sun 03/05/2026 - 16:29:13,22.01,54.85,1028.84,3.73,89.00
Sun 03/05/2026 - 16:29:47,22.02,54.86,1028.79,3.73,89.00
Sun 03/05/2026 - 16:30:21,22.02,54.95,1028.83,3.73,89.00
Sun 03/05/2026 - 16:30:55,22.03,55.21,1028.82,3.73,89.00
Sun 03/05/2026 - 16:31:29,22.04,55.16,1028.91,3.73,89.00
Sun 03/05/2026 - 16:32:03,22.03,55.30,1028.87,3.73,89.00
Sun 03/05/2026 - 16:32:37,22.04,55.33,1028.86,3.73,89.00
Sun 03/05/2026 - 16:33:11,22.05,55.40,1028.88,3.73,89.00
Sun 03/05/2026 - 16:33:45,22.05,55.46,1028.85,3.73,89.00
Sun 03/05/2026 - 16:34:19,22.05,55.50,1028.80,3.73,89.00
Sun 03/05/2026 - 16:34:53,22.07,55.55,1028.91,3.73,89.00
Sun 03/05/2026 - 16:35:27,22.07,55.54,1028.88,3.73,89.00
Sun 03/05/2026 - 16:36:01,22.07,55.67,1028.85,3.73,89.00
Sun 03/05/2026 - 16:36:35,22.07,55.66,1028.94,3.73,89.00
Sun 03/05/2026 - 16:37:09,22.08,55.73,1028.90,3.73,89.00
Sun 03/05/2026 - 16:37:43,22.09,55.79,1028.94,3.73,89.00
Sun 03/05/2026 - 16:38:17,22.10,55.88,1028.96,3.73,89.00
Sun 03/05/2026 - 16:38:50,22.08,55.75,1028.96,3.73,89.00
Sun 03/05/2026 - 16:39:25,22.10,55.81,1028.98,3.73,89.00
Sun 03/05/2026 - 16:39:58,22.10,55.65,1028.98,3.73,89.00
Sun 03/05/2026 - 16:40:32,22.10,55.55,1028.96,3.73,89.00
Sun 03/05/2026 - 16:41:06,22.11,55.37,1028.96,3.73,89.00
Sun 03/05/2026 - 16:41:40,22.12,55.08,1028.99,3.73,89.00
Sun 03/05/2026 - 16:42:14,22.12,55.07,1028.97,3.73,89.00
Sun 03/05/2026 - 16:42:48,22.12,54.98,1028.91,3.73,89.00
Sun 03/05/2026 - 16:43:22,22.12,54.96,1029.03,3.73,89.00
Sun 03/05/2026 - 16:43:56,22.12,54.90,1028.91,3.73,89.00
Sun 03/05/2026 - 16:44:30,22.12,54.59,1028.97,3.73,89.00
Sun 03/05/2026 - 16:45:04,22.13,54.51,1028.98,3.73,89.00
Sun 03/05/2026 - 16:45:38,22.12,54.30,1028.91,3.73,89.00
Sun 03/05/2026 - 16:46:12,22.12,54.25,1028.95,3.73,89.00
Sun 03/05/2026 - 16:46:46,22.13,54.20,1028.99,3.73,89.00
Sun 03/05/2026 - 16:47:20,22.13,54.25,1028.98,3.73,89.00
Sun 03/05/2026 - 16:47:54,22.14,54.23,1028.89,3.73,89.00
Sun 03/05/2026 - 16:48:28,22.14,54.27,1028.92,3.73,89.00
Sun 03/05/2026 - 16:49:02,22.14,54.33,1028.93,3.73,89.00
Sun 03/05/2026 - 16:49:36,22.15,54.45,1029.02,3.73,89.00
Sun 03/05/2026 - 16:50:10,22.14,55.17,1029.01,3.73,89.00
Sun 03/05/2026 - 16:50:44,22.15,55.29,1028.96,3.73,89.00
Sun 03/05/2026 - 16:51:17,22.16,55.33,1028.95,3.73,89.00
Sun 03/05/2026 - 16:51:51,22.16,55.28,1028.99,3.73,89.00
Sun 03/05/2026 - 16:52:25,22.17,55.32,1029.00,3.73,89.00
Sun 03/05/2026 - 16:52:59,22.18,55.75,1029.01,3.73,89.00
Sun 03/05/2026 - 16:53:33,22.18,55.94,1028.93,3.73,89.00
Sun 03/05/2026 - 16:54:07,22.18,56.05,1028.88,3.73,89.00
Sun 03/05/2026 - 16:54:41,22.19,56.35,1028.90,3.73,89.00
Sun 03/05/2026 - 16:55:15,22.19,56.67,1028.96,3.73,89.00
Sun 03/05/2026 - 16:55:49,22.20,56.77,1028.89,3.73,89.00
Sun 03/05/2026 - 16:56:23,22.21,56.83,1028.90,3.73,89.00
Sun 03/05/2026 - 16:56:57,22.21,57.02,1028.86,3.73,89.00
Sun 03/05/2026 - 16:57:31,22.23,57.13,1028.95,3.73,89.00
Sun 03/05/2026 - 16:58:05,22.24,57.16,1028.96,3.73,89.00
Sun 03/05/2026 - 16:58:39,22.24,57.24,1028.90,3.73,89.00
Sun 03/05/2026 - 16:59:13,22.24,57.32,1028.88,3.73,89.00
Sun 03/05/2026 - 16:59:47,22.25,57.44,1028.82,3.73,89.00
Sun 03/05/2026 - 17:00:21,22.26,57.56,1028.83,3.73,89.00
Sun 03/05/2026 - 17:00:55,22.26,57.62,1028.84,3.73,89.00
Sun 03/05/2026 - 17:01:29,22.26,57.81,1028.89,3.73,89.00
Sun 03/05/2026 - 17:02:03,22.27,57.88,1028.80,3.73,89.00
Sun 03/05/2026 - 17:02:36,22.27,57.87,1028.80,3.73,89.00
Sun 03/05/2026 - 17:03:10,22.29,57.97,1028.80,3.73,89.00
Sun 03/05/2026 - 17:03:44,22.29,58.01,1028.89,3.73,89.00
Sun 03/05/2026 - 17:04:18,22.29,58.12,1028.78,3.73,89.00
Sun 03/05/2026 - 17:04:52,22.31,58.13,1028.91,3.73,89.00
Sun 03/05/2026 - 17:05:26,22.31,58.19,1028.81,3.73,89.00
Sun 03/05/2026 - 17:06:00,22.31,58.29,1028.79,3.73,89.00
Sun 03/05/2026 - 17:06:34,22.33,58.40,1028.87,3.73,89.00
Sun 03/05/2026 - 17:07:08,22.32,58.48,1028.82,3.73,89.00
Sun 03/05/2026 - 17:07:42,22.33,58.54,1028.84,3.73,89.00
Sun 03/05/2026 - 17:08:16,22.33,58.58,1028.84,3.73,89.00
Sun 03/05/2026 - 17:08:50,22.35,58.73,1028.87,3.73,89.00
Sun 03/05/2026 - 17:09:24,22.35,58.86,1028.82,3.73,89.00
Sun 03/05/2026 - 17:09:58,22.36,58.92,1028.81,3.73,89.00
Sun 03/05/2026 - 17:10:32,22.36,59.10,1028.84,3.73,89.00
Sun 03/05/2026 - 17:11:06,22.37,59.21,1028.85,3.73,89.00
Sun 03/05/2026 - 17:11:40,22.38,59.27,1028.93,3.73,89.00
Sun 03/05/2026 - 17:12:14,22.39,59.33,1028.86,3.73,89.00
Sun 03/05/2026 - 17:12:48,22.39,59.37,1028.92,3.73,89.00
Sun 03/05/2026 - 17:13:22,22.40,59.56,1028.90,3.73,89.00
Sun 03/05/2026 - 17:13:56,22.40,59.63,1028.82,3.73,89.00
Sun 03/05/2026 - 17:14:30,22.41,59.75,1028.87,3.73,89.00
Sun 03/05/2026 - 17:15:04,22.42,59.77,1028.89,3.73,89.00
Sun 03/05/2026 - 17:15:38,22.42,59.87,1028.88,3.73,89.00
Sun 03/05/2026 - 17:16:11,22.43,59.85,1028.90,3.73,89.00
Sun 03/05/2026 - 17:16:45,22.44,59.93,1028.98,3.73,89.00
Sun 03/05/2026 - 17:17:19,22.45,60.06,1028.93,3.73,89.00
Sun 03/05/2026 - 17:17:53,22.45,60.12,1028.99,3.73,89.00
Sun 03/05/2026 - 17:18:27,22.47,60.23,1028.94,3.73,89.00
Sun 03/05/2026 - 17:19:01,22.47,60.29,1029.00,3.73,89.00
Sun 03/05/2026 - 17:19:35,22.47,60.33,1028.95,3.73,89.00
Sun 03/05/2026 - 17:20:09,22.48,60.38,1028.93,3.73,89.00
Sun 03/05/2026 - 17:20:43,22.48,60.38,1028.83,3.73,89.00
Sun 03/05/2026 - 17:21:17,22.50,60.48,1028.85,3.73,89.00
Sun 03/05/2026 - 17:21:51,22.50,60.52,1028.86,3.73,89.00
Sun 03/05/2026 - 17:22:25,22.51,60.33,1028.88,3.73,89.00
Sun 03/05/2026 - 17:22:59,22.55,60.46,1028.94,3.73,89.00
Sun 03/05/2026 - 17:23:33,22.58,60.82,1028.89,3.73,89.00
Sun 03/05/2026 - 17:24:07,22.61,60.82,1028.83,3.73,89.00
Sun 03/05/2026 - 17:24:41,22.62,60.58,1028.85,3.73,89.00
Sun 03/05/2026 - 17:25:15,22.65,61.23,1028.87,3.73,89.00
Sun 03/05/2026 - 17:25:49,22.65,61.14,1028.84,3.73,89.00
Sun 03/05/2026 - 17:26:23,22.65,60.80,1028.85,3.73,89.00
Sun 03/05/2026 - 17:26:57,22.68,60.17,1028.85,3.73,89.00
Sun 03/05/2026 - 17:27:31,22.69,59.95,1028.84,3.73,89.00
Sun 03/05/2026 - 17:28:05,22.70,60.15,1028.83,3.73,89.00
Sun 03/05/2026 - 17:28:38,22.73,60.21,1028.87,3.73,89.00
Sun 03/05/2026 - 17:29:12,22.73,60.21,1028.85,3.73,89.00
Sun 03/05/2026 - 17:29:46,22.75,60.32,1028.86,3.73,89.00
Sun 03/05/2026 - 17:30:20,22.79,60.40,1028.86,3.73,89.00
Sun 03/05/2026 - 17:30:54,22.79,60.38,1028.80,3.73,89.00
Sun 03/05/2026 - 17:31:28,22.81,60.30,1028.78,3.73,89.00
Sun 03/05/2026 - 17:32:02,22.81,60.40,1028.90,3.73,89.00
Sun 03/05/2026 - 17:32:36,22.83,60.39,1028.74,3.73,89.00
Sun 03/05/2026 - 17:33:10,22.86,60.29,1028.81,3.73,89.00
Sun 03/05/2026 - 17:33:44,22.88,60.55,1028.77,3.73,89.00
Sun 03/05/2026 - 17:34:18,22.90,60.56,1028.84,3.73,89.00
Sun 03/05/2026 - 17:34:52,22.93,60.53,1028.80,3.73,89.00
Sun 03/05/2026 - 17:35:26,22.95,60.54,1028.78,3.73,89.00
Sun 03/05/2026 - 17:36:00,22.98,60.62,1028.80,3.73,89.00
Sun 03/05/2026 - 17:36:34,22.99,60.48,1028.80,3.73,89.00
Sun 03/05/2026 - 17:37:08,23.02,60.42,1028.88,3.73,89.00
Sun 03/05/2026 - 17:37:42,23.04,60.40,1028.77,3.73,89.00
Sun 03/05/2026 - 17:38:16,23.05,60.39,1028.79,3.73,89.00
Sun 03/05/2026 - 17:38:50,23.06,60.39,1028.71,3.73,89.00
Sun 03/05/2026 - 17:39:24,23.08,60.41,1028.70,3.73,89.00
Sun 03/05/2026 - 17:39:58,23.09,60.34,1028.86,3.73,89.00
Sun 03/05/2026 - 17:40:32,23.10,60.29,1028.77,3.73,89.00
Sun 03/05/2026 - 17:41:05,23.09,60.26,1028.78,3.73,89.00
Sun 03/05/2026 - 17:41:39,23.09,60.03,1028.89,3.73,89.00
Sun 03/05/2026 - 17:42:13,23.09,59.82,1028.83,3.73,89.00
Sun 03/05/2026 - 17:42:47,23.07,59.55,1028.80,3.73,89.00
Sun 03/05/2026 - 17:43:21,23.07,59.14,1028.82,3.73,89.00
Sun 03/05/2026 - 17:43:55,23.07,58.52,1028.91,3.73,89.00
Sun 03/05/2026 - 17:44:29,23.05,57.92,1028.71,3.73,89.00
Sun 03/05/2026 - 17:45:03,23.04,57.43,1028.75,3.73,89.00
Sun 03/05/2026 - 17:45:37,23.02,54.85,1028.72,3.73,89.00
Sun 03/05/2026 - 17:46:11,23.03,55.34,1028.74,3.73,89.00
Sun 03/05/2026 - 17:46:45,23.06,55.67,1028.83,3.73,89.00
Sun 03/05/2026 - 17:47:19,23.08,56.13,1028.76,3.73,89.00
Sun 03/05/2026 - 17:47:53,23.08,55.68,1028.77,3.73,89.00
Sun 03/05/2026 - 17:48:27,23.08,55.25,1028.71,3.73,89.00
Sun 03/05/2026 - 17:49:01,23.11,55.35,1028.76,3.73,89.00
Sun 03/05/2026 - 17:49:35,23.10,55.37,1028.75,3.73,89.00
Sun 03/05/2026 - 17:50:09,23.10,55.51,1028.74,3.73,89.00
Sun 03/05/2026 - 17:50:43,23.09,55.64,1028.76,3.73,89.00
Sun 03/05/2026 - 17:51:17,23.08,55.57,1028.76,3.73,89.00
Sun 03/05/2026 - 17:51:51,23.07,55.55,1028.78,3.73,89.00
Sun 03/05/2026 - 17:52:25,23.06,55.67,1028.79,3.73,89.00
Sun 03/05/2026 - 17:52:59,23.06,55.77,1028.72,3.73,89.00
Sun 03/05/2026 - 17:53:33,23.05,55.71,1028.82,3.73,89.00
Sun 03/05/2026 - 17:54:07,23.05,55.59,1028.82,3.73,89.00
Sun 03/05/2026 - 17:54:40,23.03,55.49,1028.79,3.73,89.00
Sun 03/05/2026 - 17:55:14,23.03,55.53,1028.78,3.73,89.00
Sun 03/05/2026 - 17:55:48,23.03,55.44,1028.67,3.73,89.00
Sun 03/05/2026 - 17:56:22,23.01,55.47,1028.67,3.73,89.00
Sun 03/05/2026 - 17:56:56,23.02,55.40,1028.66,3.73,89.00
Sun 03/05/2026 - 17:57:30,23.02,55.34,1028.68,3.72,89.00
Sun 03/05/2026 - 17:58:04,23.01,55.37,1028.72,3.72,89.00
Sun 03/05/2026 - 17:58:38,23.00,55.33,1028.70,3.73,89.00
Sun 03/05/2026 - 17:59:12,22.99,55.26,1028.78,3.73,89.00
Sun 03/05/2026 - 17:59:46,22.99,55.22,1028.74,3.73,89.00
Sun 03/05/2026 - 18:00:20,22.98,55.20,1028.70,3.73,89.00
Sun 03/05/2026 - 18:00:54,22.99,55.19,1028.63,3.73,89.00
Sun 03/05/2026 - 18:01:28,22.97,55.18,1028.69,3.73,89.00
Sun 03/05/2026 - 18:02:02,22.97,55.17,1028.71,3.73,89.00
Sun 03/05/2026 - 18:02:36,22.96,55.13,1028.70,3.73,89.00
Sun 03/05/2026 - 18:03:10,22.96,55.11,1028.72,3.73,89.00
Sun 03/05/2026 - 18:03:44,22.96,55.05,1028.69,3.73,89.00
Sun 03/05/2026 - 18:04:18,22.95,55.04,1028.68,3.73,89.00
Sun 03/05/2026 - 18:04:52,22.94,55.02,1028.69,3.73,89.00
Sun 03/05/2026 - 18:05:26,22.92,54.99,1028.71,3.72,89.00
Sun 03/05/2026 - 18:06:00,22.93,54.96,1028.67,3.73,89.00
Sun 03/05/2026 - 18:06:33,22.93,54.92,1028.66,3.72,89.00
Sun 03/05/2026 - 18:07:07,22.91,54.90,1028.69,3.72,89.00
Sun 03/05/2026 - 18:07:41,22.92,54.92,1028.76,3.72,89.00
Sun 03/05/2026 - 18:08:15,22.91,54.89,1028.71,3.72,89.00
Sun 03/05/2026 - 18:08:49,22.90,54.86,1028.72,3.72,89.00
Sun 03/05/2026 - 18:09:23,22.89,54.80,1028.71,3.72,89.00
Sun 03/05/2026 - 18:09:57,22.89,54.92,1028.71,3.72,89.00
Sun 03/05/2026 - 18:10:31,22.88,55.11,1028.69,3.72,89.00
Sun 03/05/2026 - 18:11:05,22.89,55.23,1028.70,3.73,89.00
Sun 03/05/2026 - 18:11:39,22.88,55.32,1028.69,3.73,89.00
Sun 03/05/2026 - 18:12:13,22.89,55.45,1028.76,3.72,89.00
Sun 03/05/2026 - 18:12:47,22.88,55.49,1028.82,3.72,89.00
Sun 03/05/2026 - 18:13:21,22.87,55.57,1028.81,3.72,89.00
Sun 03/05/2026 - 18:13:55,22.86,55.56,1028.80,3.73,89.00
Sun 03/05/2026 - 18:14:29,22.86,55.66,1028.71,3.72,89.00
Sun 03/05/2026 - 18:15:03,22.86,55.76,1028.77,3.72,89.00
Sun 03/05/2026 - 18:15:37,22.86,55.70,1028.71,3.72,89.00
Sun 03/05/2026 - 18:16:11,22.85,55.77,1028.74,3.72,89.00
Sun 03/05/2026 - 18:16:45,22.86,55.75,1028.84,3.72,89.00
Sun 03/05/2026 - 18:17:19,22.84,55.70,1028.78,3.72,89.00
Sun 03/05/2026 - 18:17:53,22.84,55.68,1028.73,3.72,89.00
Sun 03/05/2026 - 18:18:26,22.84,55.64,1028.78,3.72,89.00
Sun 03/05/2026 - 18:19:00,22.83,55.65,1028.85,3.72,89.00
Sun 03/05/2026 - 18:19:34,22.83,55.58,1028.82,3.72,89.00
Sun 03/05/2026 - 18:20:08,22.83,55.64,1028.74,3.72,89.00
Sun 03/05/2026 - 18:20:42,22.83,55.63,1028.76,3.72,89.00
Sun 03/05/2026 - 18:21:16,22.82,55.66,1028.83,3.72,89.00
Sun 03/05/2026 - 18:21:50,22.82,55.64,1028.81,3.72,89.00
Sun 03/05/2026 - 18:22:24,22.81,55.62,1028.81,3.72,89.00
Sun 03/05/2026 - 18:22:58,22.81,55.66,1028.73,3.72,89.00
Sun 03/05/2026 - 18:23:32,22.81,55.63,1028.76,3.72,89.00
Sun 03/05/2026 - 18:24:06,22.81,55.66,1028.78,3.72,89.00
Sun 03/05/2026 - 18:24:40,22.81,55.72,1028.73,3.72,89.00
Sun 03/05/2026 - 18:25:14,22.80,55.67,1028.76,3.72,89.00
Sun 03/05/2026 - 18:25:48,22.79,55.66,1028.80,3.72,89.00
Sun 03/05/2026 - 18:26:22,22.80,55.69,1028.82,3.72,89.00
Sun 03/05/2026 - 18:26:56,22.79,55.74,1028.77,3.72,89.00
Sun 03/05/2026 - 18:27:30,22.78,55.68,1028.79,3.72,89.00
Sun 03/05/2026 - 18:28:04,22.78,55.70,1028.78,3.72,89.00
Sun 03/05/2026 - 18:28:37,22.78,55.69,1028.74,3.72,89.00
Sun 03/05/2026 - 18:29:11,22.78,55.75,1028.78,3.72,89.00
Sun 03/05/2026 - 18:29:45,22.77,55.74,1028.79,3.72,89.00
Sun 03/05/2026 - 18:30:19,22.76,55.83,1028.81,3.72,89.00
Sun 03/05/2026 - 18:30:53,22.75,55.83,1028.89,3.72,89.00
Sun 03/05/2026 - 18:31:27,22.75,55.89,1028.85,3.72,89.00
Sun 03/05/2026 - 18:32:01,22.74,55.90,1028.84,3.72,89.00
Sun 03/05/2026 - 18:32:35,22.74,55.98,1028.87,3.72,89.00
Sun 03/05/2026 - 18:33:09,22.74,56.00,1028.89,3.72,89.00
Sun 03/05/2026 - 18:33:43,22.74,56.05,1028.90,3.72,89.00
Sun 03/05/2026 - 18:34:17,22.73,56.08,1028.87,3.72,89.00
Sun 03/05/2026 - 18:34:51,22.73,56.12,1028.82,3.72,89.00
Sun 03/05/2026 - 18:35:25,22.71,56.12,1028.84,3.72,89.00
Sun 03/05/2026 - 18:35:59,22.71,56.15,1028.82,3.72,89.00
Sun 03/05/2026 - 18:36:33,22.71,56.21,1028.78,3.72,89.00
Sun 03/05/2026 - 18:37:07,22.71,56.23,1028.86,3.72,89.00
Sun 03/05/2026 - 18:37:41,22.70,56.20,1028.83,3.72,89.00
Sun 03/05/2026 - 18:38:15,22.69,56.22,1028.81,3.72,89.00
Sun 03/05/2026 - 18:38:48,22.69,56.25,1028.76,3.72,89.00
Sun 03/05/2026 - 18:39:22,22.69,56.29,1028.86,3.72,89.00
Sun 03/05/2026 - 18:39:56,22.68,56.29,1028.79,3.72,89.00
Sun 03/05/2026 - 18:40:30,22.68,56.32,1028.90,3.72,89.00
Sun 03/05/2026 - 18:41:04,22.67,56.34,1028.93,3.72,89.00
Sun 03/05/2026 - 18:41:38,22.67,56.37,1028.83,3.72,89.00
Sun 03/05/2026 - 18:42:12,22.66,56.32,1028.87,3.72,89.00
Sun 03/05/2026 - 18:42:46,22.66,56.34,1028.86,3.72,89.00
Sun 03/05/2026 - 18:43:20,22.65,56.35,1028.85,3.72,89.00
Sun 03/05/2026 - 18:43:54,22.65,56.36,1028.84,3.72,89.00
Sun 03/05/2026 - 18:44:28,22.64,56.35,1028.91,3.72,89.00
Sun 03/05/2026 - 18:45:02,22.64,56.39,1028.91,3.72,89.00
Sun 03/05/2026 - 18:45:36,22.64,56.39,1028.93,3.72,89.00
Sun 03/05/2026 - 18:46:10,22.63,56.40,1028.84,3.72,89.00
Sun 03/05/2026 - 18:46:44,22.62,56.41,1028.91,3.72,89.00
Sun 03/05/2026 - 18:47:18,22.63,56.48,1028.87,3.72,89.00
Sun 03/05/2026 - 18:47:52,22.61,56.49,1028.89,3.72,89.00
Sun 03/05/2026 - 18:48:26,22.62,56.52,1028.90,3.72,89.00
Sun 03/05/2026 - 18:49:00,22.61,56.60,1028.86,3.72,89.00
Sun 03/05/2026 - 18:49:33,22.62,56.60,1028.80,3.72,89.00
Sun 03/05/2026 - 18:50:07,22.61,56.75,1028.89,3.72,89.00
Sun 03/05/2026 - 18:50:41,22.70,58.33,1028.88,3.72,89.00
Sun 03/05/2026 - 18:51:15,22.74,60.05,1028.90,3.72,89.00
Sun 03/05/2026 - 18:51:49,22.73,58.20,1028.88,3.72,89.00
Sun 03/05/2026 - 18:52:23,22.71,57.48,1028.84,3.72,89.00
Sun 03/05/2026 - 18:52:57,22.69,57.34,1028.92,3.72,89.00
Sun 03/05/2026 - 18:53:31,22.69,57.38,1028.86,3.72,89.00
Sun 03/05/2026 - 18:54:05,22.68,57.34,1028.85,3.72,89.00
Sun 03/05/2026 - 18:54:39,22.69,57.58,1028.86,3.72,89.00
Sun 03/05/2026 - 18:55:13,22.70,57.60,1028.85,3.72,89.00
Sun 03/05/2026 - 18:55:47,22.70,57.22,1028.88,3.72,89.00
Sun 03/05/2026 - 18:56:21,22.70,57.49,1028.77,3.72,89.00
Sun 03/05/2026 - 18:56:55,22.71,57.34,1028.95,3.72,89.00
Sun 03/05/2026 - 18:57:29,22.70,57.43,1028.77,3.72,89.00
Sun 03/05/2026 - 18:58:03,22.70,57.61,1028.88,3.72,89.00
Sun 03/05/2026 - 18:58:37,22.71,57.66,1028.78,3.72,89.00
Sun 03/05/2026 - 18:59:11,22.71,57.60,1028.84,3.72,89.00
Sun 03/05/2026 - 18:59:44,22.72,57.69,1028.88,3.72,89.00
Sun 03/05/2026 - 19:00:18,22.72,57.62,1028.80,3.72,89.00
Sun 03/05/2026 - 19:00:52,22.72,57.68,1028.83,3.72,89.00
Sun 03/05/2026 - 19:01:26,22.72,57.78,1028.81,3.72,89.00
Sun 03/05/2026 - 19:02:00,22.73,57.88,1028.82,3.72,89.00
Sun 03/05/2026 - 19:02:34,22.73,58.16,1028.82,3.72,89.00
Sun 03/05/2026 - 19:03:08,22.75,58.31,1028.80,3.72,89.00
Sun 03/05/2026 - 19:03:42,22.74,58.19,1028.83,3.72,89.00
Sun 03/05/2026 - 19:04:16,22.75,58.20,1028.90,3.72,89.00
Sun 03/05/2026 - 19:04:50,22.77,58.19,1028.83,3.72,89.00
Sun 03/05/2026 - 19:05:24,22.77,58.12,1028.85,3.72,89.00
Sun 03/05/2026 - 19:05:58,22.75,58.02,1028.86,3.72,89.00
Sun 03/05/2026 - 19:06:32,22.77,58.08,1028.82,3.72,89.00
Sun 03/05/2026 - 19:07:06,22.76,58.09,1028.87,3.72,89.00
Sun 03/05/2026 - 19:07:40,22.75,57.94,1028.85,3.72,89.00
Sun 03/05/2026 - 19:08:14,22.74,58.00,1028.84,3.72,89.00
Sun 03/05/2026 - 19:08:48,22.78,58.06,1028.89,3.72,89.00
Sun 03/05/2026 - 19:09:22,22.78,58.00,1028.87,3.72,89.00
Sun 03/05/2026 - 19:09:56,22.78,57.93,1028.81,3.72,89.00
Sun 03/05/2026 - 19:10:29,22.78,57.54,1028.87,3.72,89.00
Sun 03/05/2026 - 19:11:03,22.76,57.63,1028.90,3.72,89.00
Sun 03/05/2026 - 19:11:37,22.77,57.71,1028.83,3.72,89.00
Sun 03/05/2026 - 19:12:11,22.78,57.51,1028.88,3.72,89.00
Sun 03/05/2026 - 19:12:45,22.79,57.59,1028.86,3.72,89.00
Sun 03/05/2026 - 19:13:19,22.80,57.21,1028.87,3.72,89.00
Sun 03/05/2026 - 19:13:53,22.80,57.39,1028.93,3.72,89.00
Sun 03/05/2026 - 19:14:27,22.80,57.10,1028.87,3.72,89.00
Sun 03/05/2026 - 19:15:01,22.80,57.11,1028.87,3.72,89.00
Sun 03/05/2026 - 19:15:35,22.80,56.74,1028.93,3.72,89.00
Sun 03/05/2026 - 19:16:09,22.79,57.05,1028.87,3.72,89.00
Sun 03/05/2026 - 19:16:43,22.81,56.98,1028.86,3.72,89.00
Sun 03/05/2026 - 19:17:17,22.81,57.06,1028.84,3.72,89.00
Sun 03/05/2026 - 19:17:51,22.79,56.75,1028.86,3.72,89.00
Sun 03/05/2026 - 19:18:25,22.80,56.73,1028.90,3.72,89.00
Sun 03/05/2026 - 19:18:59,22.78,56.58,1028.84,3.72,89.00
Sun 03/05/2026 - 19:19:33,22.78,56.62,1028.89,3.72,89.00
Sun 03/05/2026 - 19:20:07,22.79,56.76,1028.89,3.72,89.00
Sun 03/05/2026 - 19:20:41,22.80,56.96,1028.87,3.72,89.00
Sun 03/05/2026 - 19:21:14,22.80,56.90,1028.96,3.72,89.00
Sun 03/05/2026 - 19:21:48,22.80,56.98,1028.90,3.72,89.00
Sun 03/05/2026 - 19:22:22,22.80,57.25,1028.87,3.72,89.00
Sun 03/05/2026 - 19:22:56,22.79,57.36,1028.88,3.72,89.00
Sun 03/05/2026 - 19:23:30,22.80,57.21,1028.93,3.72,89.00
Sun 03/05/2026 - 19:24:04,22.80,57.11,1028.93,3.72,89.00
Sun 03/05/2026 - 19:24:38,22.79,56.97,1028.89,3.72,89.00
Sun 03/05/2026 - 19:25:12,22.80,57.05,1028.93,3.72,89.00
Sun 03/05/2026 - 19:25:46,22.80,57.11,1028.93,3.72,89.00
Sun 03/05/2026 - 19:26:20,22.81,57.06,1028.95,3.72,89.00
Sun 03/05/2026 - 19:26:54,22.80,56.93,1028.98,3.72,89.00
Sun 03/05/2026 - 19:27:28,22.80,56.93,1028.96,3.72,89.00
Sun 03/05/2026 - 19:28:02,22.79,56.92,1028.92,3.72,89.00
Sun 03/05/2026 - 19:28:36,22.79,56.86,1028.94,3.72,89.00
Sun 03/05/2026 - 19:29:10,22.80,56.88,1028.96,3.72,89.00
Sun 03/05/2026 - 19:29:44,22.79,56.89,1028.97,3.72,89.00
Sun 03/05/2026 - 19:30:18,22.79,56.85,1029.03,3.72,89.00
Sun 03/05/2026 - 19:30:52,22.79,56.88,1028.97,3.72,89.00
Sun 03/05/2026 - 19:31:26,22.78,56.85,1028.96,3.72,89.00
Sun 03/05/2026 - 19:31:59,22.79,56.84,1029.02,3.72,89.00
Sun 03/05/2026 - 19:32:34,22.79,56.88,1028.97,3.72,89.00
Sun 03/05/2026 - 19:33:07,22.78,56.80,1029.07,3.72,89.00
Sun 03/05/2026 - 19:33:41,22.77,56.83,1029.02,3.72,89.00
Sun 03/05/2026 - 19:34:15,22.78,56.86,1029.00,3.72,89.00
Sun 03/05/2026 - 19:34:49,22.78,56.86,1029.06,3.72,89.00
Sun 03/05/2026 - 19:35:23,22.75,56.88,1029.08,3.72,89.00
Sun 03/05/2026 - 19:35:57,22.78,56.94,1029.06,3.72,89.00
Sun 03/05/2026 - 19:36:31,22.74,56.88,1028.97,3.72,89.00
Sun 03/05/2026 - 19:37:05,22.74,57.08,1029.01,3.72,89.00
Sun 03/05/2026 - 19:37:39,22.75,57.26,1029.08,3.72,89.00
Sun 03/05/2026 - 19:38:13,22.75,57.21,1029.05,3.72,89.00
Sun 03/05/2026 - 19:38:47,22.74,57.73,1029.01,3.72,89.00
Sun 03/05/2026 - 19:39:21,22.77,57.60,1029.04,3.72,89.00
Sun 03/05/2026 - 19:39:55,22.77,57.48,1029.04,3.72,89.00
Sun 03/05/2026 - 19:40:29,22.77,57.45,1028.99,3.72,89.00
Sun 03/05/2026 - 19:41:03,22.77,57.36,1029.02,3.72,89.00
Sun 03/05/2026 - 19:41:37,22.77,57.37,1029.04,3.72,89.00
Sun 03/05/2026 - 19:42:11,22.75,57.36,1029.02,3.72,89.00
Sun 03/05/2026 - 19:42:45,22.77,57.29,1029.07,3.72,89.00
Sun 03/05/2026 - 19:43:19,22.77,57.29,1029.09,3.72,89.00
Sun 03/05/2026 - 19:43:53,22.76,57.28,1029.14,3.72,89.00
Sun 03/05/2026 - 19:44:27,22.75,57.33,1028.97,3.72,89.00
Sun 03/05/2026 - 19:45:00,22.77,57.30,1029.15,3.72,89.00
Sun 03/05/2026 - 19:45:34,22.74,57.29,1029.09,3.72,89.00
Sun 03/05/2026 - 19:46:08,22.76,57.33,1029.11,3.72,89.00
Sun 03/05/2026 - 19:46:42,22.75,57.38,1029.10,3.72,89.00
Sun 03/05/2026 - 19:47:16,22.75,57.34,1029.08,3.72,89.00
Sun 03/05/2026 - 19:47:50,22.75,57.40,1029.13,3.72,89.00
Sun 03/05/2026 - 19:48:24,22.75,57.36,1029.07,3.72,89.00
Sun 03/05/2026 - 19:48:58,22.74,57.42,1029.06,3.72,89.00
Sun 03/05/2026 - 19:49:32,22.74,57.39,1029.13,3.72,89.00
Sun 03/05/2026 - 19:50:06,22.74,57.44,1029.11,3.72,89.00
Sun 03/05/2026 - 19:50:40,22.74,57.42,1029.11,3.72,88.00
Sun 03/05/2026 - 19:51:14,22.73,57.47,1029.10,3.72,88.00
Sun 03/05/2026 - 19:51:48,22.73,57.39,1029.04,3.72,89.00
Sun 03/05/2026 - 19:52:22,22.73,57.46,1029.10,3.72,89.00
Sun 03/05/2026 - 19:52:56,22.73,57.49,1029.09,3.72,89.00
Sun 03/05/2026 - 19:53:30,22.73,57.49,1029.04,3.72,89.00
Sun 03/05/2026 - 19:54:04,22.73,57.46,1029.10,3.72,89.00
Sun 03/05/2026 - 19:54:38,22.73,57.50,1029.21,3.72,88.00
Sun 03/05/2026 - 19:55:11,22.71,57.72,1029.23,3.72,88.00
Sun 03/05/2026 - 19:55:45,22.71,57.98,1029.14,3.72,89.00
Sun 03/05/2026 - 19:56:19,22.72,57.97,1029.11,3.72,89.00
Sun 03/05/2026 - 19:56:53,22.72,58.09,1029.13,3.72,88.00
Sun 03/05/2026 - 19:57:27,22.73,58.23,1029.12,3.72,89.00
Sun 03/05/2026 - 19:58:01,22.72,58.07,1029.13,3.72,89.00
Sun 03/05/2026 - 19:58:35,22.73,58.43,1029.04,3.72,88.00
Sun 03/05/2026 - 19:59:09,22.74,58.51,1029.06,3.72,89.00
Sun 03/05/2026 - 19:59:43,22.76,58.40,1029.11,3.72,88.00
Sun 03/05/2026 - 20:00:17,22.77,58.44,1029.08,3.72,89.00
Sun 03/05/2026 - 20:00:51,22.79,58.58,1028.99,3.72,89.00
Sun 03/05/2026 - 20:01:25,22.81,58.58,1029.11,3.72,88.00
Sun 03/05/2026 - 20:01:59,22.81,58.59,1029.05,3.72,88.00
Sun 03/05/2026 - 20:02:33,22.82,58.57,1029.02,3.72,89.00
Sun 03/05/2026 - 20:03:07,22.82,58.60,1029.07,3.72,89.00
Sun 03/05/2026 - 20:03:41,22.83,58.59,1029.04,3.72,89.00
Sun 03/05/2026 - 20:04:15,22.84,58.58,1029.08,3.72,89.00
Sun 03/05/2026 - 20:04:49,22.85,58.64,1029.02,3.72,89.00
Sun 03/05/2026 - 20:05:22,22.85,58.73,1029.02,3.72,88.00
Sun 03/05/2026 - 20:05:56,22.89,58.74,1029.14,3.72,88.00
Sun 03/05/2026 - 20:06:30,22.90,58.68,1029.05,3.72,89.00
Sun 03/05/2026 - 20:07:04,22.91,58.85,1029.10,3.72,89.00
Sun 03/05/2026 - 20:07:38,22.91,58.79,1029.06,3.72,89.00
Sun 03/05/2026 - 20:08:12,22.93,58.75,1029.10,3.72,89.00
Sun 03/05/2026 - 20:08:46,22.94,58.81,1029.15,3.72,89.00
Sun 03/05/2026 - 20:09:20,22.93,58.64,1029.11,3.72,89.00
Sun 03/05/2026 - 20:09:54,22.94,58.65,1029.13,3.71,88.00
Sun 03/05/2026 - 20:10:28,22.96,58.84,1029.12,3.72,89.00
Sun 03/05/2026 - 20:11:02,22.99,58.80,1029.15,3.71,88.00
Sun 03/05/2026 - 20:11:36,23.00,58.69,1029.17,3.71,88.00
Sun 03/05/2026 - 20:12:10,23.00,58.76,1029.19,3.71,88.00
Sun 03/05/2026 - 20:12:44,23.01,58.82,1029.13,3.71,88.00
Sun 03/05/2026 - 20:13:18,23.01,58.80,1029.21,3.72,88.00
Sun 03/05/2026 - 20:13:52,23.02,58.85,1029.23,3.71,88.00
Sun 03/05/2026 - 20:14:26,23.01,58.91,1029.19,3.71,88.00
Sun 03/05/2026 - 20:15:00,23.02,58.99,1029.24,3.71,88.00
Sun 03/05/2026 - 20:15:34,23.02,59.05,1029.21,3.71,88.00
Sun 03/05/2026 - 20:16:08,23.04,58.95,1029.29,3.71,88.00
Sun 03/05/2026 - 20:16:41,23.05,58.89,1029.21,3.71,88.00
Sun 03/05/2026 - 20:17:15,23.06,58.98,1029.27,3.72,88.00
Sun 03/05/2026 - 20:17:49,23.07,58.99,1029.18,3.72,89.00
Sun 03/05/2026 - 20:18:23,23.07,58.95,1029.23,3.71,88.00
Sun 03/05/2026 - 20:18:57,23.08,58.89,1029.28,3.72,88.00
Sun 03/05/2026 - 20:19:31,23.08,58.78,1029.34,3.72,89.00
Sun 03/05/2026 - 20:20:05,23.09,58.92,1029.27,3.71,88.00
Sun 03/05/2026 - 20:20:39,23.08,58.91,1029.30,3.72,89.00
Sun 03/05/2026 - 20:21:13,23.09,58.92,1029.27,3.72,89.00
Sun 03/05/2026 - 20:21:47,23.09,58.97,1029.28,3.72,88.00
Sun 03/05/2026 - 20:22:21,23.11,58.92,1029.30,3.72,88.00
Sun 03/05/2026 - 20:22:55,23.10,58.87,1029.26,3.72,88.00
Sun 03/05/2026 - 20:23:29,23.09,59.11,1029.30,3.71,88.00
Sun 03/05/2026 - 20:24:03,23.10,59.04,1029.23,3.72,88.00
Sun 03/05/2026 - 20:24:37,23.09,59.04,1029.22,3.71,88.00
Sun 03/05/2026 - 20:25:11,23.11,59.13,1029.34,3.72,89.00
Sun 03/05/2026 - 20:25:45,23.11,59.18,1029.26,3.72,88.00
Sun 03/05/2026 - 20:26:19,23.12,59.13,1029.30,3.72,88.00
Sun 03/05/2026 - 20:26:53,23.12,59.01,1029.27,3.71,88.00
Sun 03/05/2026 - 20:27:27,23.13,59.15,1029.40,3.72,88.00
Sun 03/05/2026 - 20:28:01,23.12,59.28,1029.26,3.71,88.00
Sun 03/05/2026 - 20:28:35,23.13,59.35,1029.28,3.72,88.00
Sun 03/05/2026 - 20:29:09,23.14,59.30,1029.35,3.72,88.00
Sun 03/05/2026 - 20:29:43,23.14,59.34,1029.35,3.71,88.00
Sun 03/05/2026 - 20:30:16,23.14,59.33,1029.33,3.72,88.00
Sun 03/05/2026 - 20:30:50,23.14,59.38,1029.36,3.72,88.00
Sun 03/05/2026 - 20:31:24,23.16,59.28,1029.33,3.72,89.00
Sun 03/05/2026 - 20:31:58,23.17,59.32,1029.36,3.72,88.00
Sun 03/05/2026 - 20:32:32,23.17,59.46,1029.38,3.72,89.00
Sun 03/05/2026 - 20:33:06,23.17,59.54,1029.35,3.72,88.00
Sun 03/05/2026 - 20:33:40,23.17,59.60,1029.35,3.72,88.00
Sun 03/05/2026 - 20:34:14,23.17,59.57,1029.33,3.72,89.00
Sun 03/05/2026 - 20:34:48,23.17,59.75,1029.36,3.72,88.00
Sun 03/05/2026 - 20:35:22,23.19,59.71,1029.44,3.71,88.00
Sun 03/05/2026 - 20:35:56,23.17,59.70,1029.35,3.71,88.00
Sun 03/05/2026 - 20:36:30,23.17,59.69,1029.39,3.72,88.00
Sun 03/05/2026 - 20:37:04,23.16,59.62,1029.42,3.71,88.00
Sun 03/05/2026 - 20:37:38,23.15,59.61,1029.43,3.72,88.00
Sun 03/05/2026 - 20:38:12,23.11,59.74,1029.42,3.71,88.00
Sun 03/05/2026 - 20:38:46,23.11,59.67,1029.45,3.71,88.00
Sun 03/05/2026 - 20:39:20,23.11,59.74,1029.47,3.71,88.00
Sun 03/05/2026 - 20:39:54,23.12,59.69,1029.49,3.72,88.00
Sun 03/05/2026 - 20:40:28,23.11,59.68,1029.52,3.72,88.00
Sun 03/05/2026 - 20:41:02,23.09,59.50,1029.54,3.72,88.00
Sun 03/05/2026 - 20:41:36,23.09,59.57,1029.51,3.71,88.00
Sun 03/05/2026 - 20:42:10,23.07,59.53,1029.49,3.71,88.00
Sun 03/05/2026 - 20:42:43,23.08,59.53,1029.47,3.71,88.00
Sun 03/05/2026 - 20:43:17,23.08,59.47,1029.52,3.71,88.00
Sun 03/05/2026 - 20:43:51,23.07,59.46,1029.51,3.71,88.00
Sun 03/05/2026 - 20:44:25,23.06,59.44,1029.52,3.71,88.00
Sun 03/05/2026 - 20:44:59,23.06,59.46,1029.57,3.71,88.00
Sun 03/05/2026 - 20:45:33,23.06,59.45,1029.57,3.71,88.00
Sun 03/05/2026 - 20:46:07,23.05,59.46,1029.58,3.71,88.00
Sun 03/05/2026 - 20:46:41,23.05,59.42,1029.64,3.71,88.00
Sun 03/05/2026 - 20:47:15,23.04,59.40,1029.59,3.71,88.00
Sun 03/05/2026 - 20:47:49,23.03,59.40,1029.57,3.71,88.00
Sun 03/05/2026 - 20:48:23,23.02,59.40,1029.61,3.71,88.00
Sun 03/05/2026 - 20:48:57,23.01,59.46,1029.63,3.71,88.00
Sun 03/05/2026 - 20:49:31,23.00,59.42,1029.61,3.71,88.00
Sun 03/05/2026 - 20:50:05,23.01,59.42,1029.63,3.71,88.00
Sun 03/05/2026 - 20:50:39,22.99,59.49,1029.64,3.71,88.00
Sun 03/05/2026 - 20:51:13,22.98,59.49,1029.65,3.71,88.00
Sun 03/05/2026 - 20:51:47,22.99,59.40,1029.67,3.71,88.00
Sun 03/05/2026 - 20:52:21,22.97,59.48,1029.67,3.71,88.00
Sun 03/05/2026 - 20:52:55,22.96,59.45,1029.65,3.71,88.00
Sun 03/05/2026 - 20:53:29,22.97,59.47,1029.63,3.71,88.00
Sun 03/05/2026 - 20:54:03,22.96,59.48,1029.72,3.71,88.00
Sun 03/05/2026 - 20:54:37,22.95,59.55,1029.62,3.71,88.00
Sun 03/05/2026 - 20:55:10,22.96,59.62,1029.75,3.71,88.00
Sun 03/05/2026 - 20:55:44,22.95,59.60,1029.62,3.71,88.00
Sun 03/05/2026 - 20:56:18,22.94,59.55,1029.74,3.70,88.00
Sun 03/05/2026 - 20:56:52,22.93,59.59,1029.70,3.71,88.00
Sun 03/05/2026 - 20:57:26,22.92,59.69,1029.74,3.70,88.00
Sun 03/05/2026 - 20:58:00,22.90,59.82,1029.70,3.71,88.00
Sun 03/05/2026 - 20:58:34,22.90,59.75,1029.70,3.71,88.00
Sun 03/05/2026 - 20:59:08,22.90,60.00,1029.73,3.70,88.00
Sun 03/05/2026 - 20:59:42,22.89,60.11,1029.66,3.70,88.00
Sun 03/05/2026 - 21:00:16,22.89,60.37,1029.63,3.71,88.00
Sun 03/05/2026 - 21:00:50,22.88,60.58,1029.69,3.70,88.00
Sun 03/05/2026 - 21:01:24,22.87,60.55,1029.66,3.71,88.00
Sun 03/05/2026 - 21:01:58,22.88,60.68,1029.72,3.71,88.00
Sun 03/05/2026 - 21:02:32,22.89,60.73,1029.71,3.71,88.00
Sun 03/05/2026 - 21:03:06,22.87,60.87,1029.71,3.71,88.00
Sun 03/05/2026 - 21:03:40,22.88,61.04,1029.72,3.71,88.00
Sun 03/05/2026 - 21:04:14,22.87,61.26,1029.65,3.70,88.00
Sun 03/05/2026 - 21:04:48,22.88,61.29,1029.69,3.71,88.00
Sun 03/05/2026 - 21:05:21,22.86,61.61,1029.58,3.71,88.00
Sun 03/05/2026 - 21:05:55,22.86,61.63,1029.69,3.70,88.00
Sun 03/05/2026 - 21:06:29,22.86,61.51,1029.64,3.70,88.00
Sun 03/05/2026 - 21:07:03,22.86,61.45,1029.63,3.70,88.00
Sun 03/05/2026 - 21:07:37,22.86,61.87,1029.63,3.70,88.00
Sun 03/05/2026 - 21:08:11,22.86,61.82,1029.69,3.70,88.00
Sun 03/05/2026 - 21:08:45,22.88,61.77,1029.67,3.71,88.00
Sun 03/05/2026 - 21:09:19,22.86,61.91,1029.69,3.70,88.00
Sun 03/05/2026 - 21:09:53,22.85,61.80,1029.70,3.70,88.00
Sun 03/05/2026 - 21:10:27,22.86,61.88,1029.71,3.71,88.00
Sun 03/05/2026 - 21:11:01,22.86,61.87,1029.69,3.70,88.00
Sun 03/05/2026 - 21:11:35,22.86,61.80,1029.69,3.70,88.00
Sun 03/05/2026 - 21:12:09,22.88,61.88,1029.72,3.70,88.00
Sun 03/05/2026 - 21:12:43,22.87,61.97,1029.77,3.70,88.00
Sun 03/05/2026 - 21:13:17,22.86,62.00,1029.75,3.70,88.00
Sun 03/05/2026 - 21:13:51,22.86,62.04,1029.80,3.70,88.00
Sun 03/05/2026 - 21:14:25,22.85,62.17,1029.78,3.70,88.00
Sun 03/05/2026 - 21:14:59,22.86,62.21,1029.74,3.70,88.00
Sun 03/05/2026 - 21:15:33,22.86,62.22,1029.74,3.70,88.00
Sun 03/05/2026 - 21:16:06,22.85,62.29,1029.68,3.71,88.00
Sun 03/05/2026 - 21:16:40,22.85,62.22,1029.73,3.70,88.00
Sun 03/05/2026 - 21:17:14,22.86,62.19,1029.75,3.70,88.00
Sun 03/05/2026 - 21:17:48,22.86,62.47,1029.74,3.70,88.00
Sun 03/05/2026 - 21:18:22,22.88,62.37,1029.73,3.70,88.00
Sun 03/05/2026 - 21:18:56,22.88,62.43,1029.75,3.70,88.00
Sun 03/05/2026 - 21:19:30,22.89,62.41,1029.74,3.70,88.00
Sun 03/05/2026 - 21:20:04,22.89,62.36,1029.69,3.70,88.00
Sun 03/05/2026 - 21:20:38,22.89,62.47,1029.79,3.70,88.00
Sun 03/05/2026 - 21:21:12,22.91,62.38,1029.75,3.70,88.00
Sun 03/05/2026 - 21:21:46,22.90,62.41,1029.76,3.70,88.00
Sun 03/05/2026 - 21:22:20,22.91,62.32,1029.66,3.70,88.00
Sun 03/05/2026 - 21:22:54,22.91,62.51,1029.72,3.70,88.00
Sun 03/05/2026 - 21:23:28,22.92,62.41,1029.74,3.70,88.00
Sun 03/05/2026 - 21:24:02,22.91,62.42,1029.75,3.70,88.00
Sun 03/05/2026 - 21:24:36,22.92,62.34,1029.77,3.70,88.00
Sun 03/05/2026 - 21:25:10,22.92,62.43,1029.68,3.70,88.00
Sun 03/05/2026 - 21:25:44,22.93,62.34,1029.71,3.70,88.00
Sun 03/05/2026 - 21:26:18,22.93,62.35,1029.75,3.70,88.00
Sun 03/05/2026 - 21:26:52,22.93,62.28,1029.75,3.70,88.00
Sun 03/05/2026 - 21:27:26,22.94,62.44,1029.72,3.70,88.00
Sun 03/05/2026 - 21:27:59,22.94,62.42,1029.72,3.70,88.00
Sun 03/05/2026 - 21:28:33,22.90,62.33,1029.70,3.70,88.00
Sun 03/05/2026 - 21:29:07,22.89,62.75,1029.77,3.70,88.00
Sun 03/05/2026 - 21:29:41,22.90,62.72,1029.67,3.70,88.00
Sun 03/05/2026 - 21:30:15,22.92,62.80,1029.71,3.70,88.00
Sun 03/05/2026 - 21:30:49,22.94,62.72,1029.72,3.70,88.00
Sun 03/05/2026 - 21:31:23,22.92,62.55,1029.74,3.70,88.00
Sun 03/05/2026 - 21:31:57,22.94,62.76,1029.77,3.70,88.00
Sun 03/05/2026 - 21:32:31,22.94,62.59,1029.78,3.70,88.00
Sun 03/05/2026 - 21:33:05,22.95,62.43,1029.80,3.70,88.00
Sun 03/05/2026 - 21:33:39,22.95,62.43,1029.79,3.70,88.00
Sun 03/05/2026 - 21:34:13,22.96,62.26,1029.75,3.70,88.00
Sun 03/05/2026 - 21:34:47,22.94,62.29,1029.80,3.70,88.00
Sun 03/05/2026 - 21:35:21,22.95,62.34,1029.79,3.70,88.00
Sun 03/05/2026 - 21:35:55,22.97,62.35,1029.88,3.70,88.00
Sun 03/05/2026 - 21:36:29,22.96,62.46,1029.80,3.70,88.00
Sun 03/05/2026 - 21:37:03,22.97,62.44,1029.85,3.70,88.00
Sun 03/05/2026 - 21:37:37,22.98,62.45,1029.87,3.70,88.00
Sun 03/05/2026 - 21:38:10,22.99,62.45,1029.86,3.70,88.00
Sun 03/05/2026 - 21:38:44,22.98,62.36,1029.81,3.70,88.00
Sun 03/05/2026 - 21:39:18,22.97,62.23,1029.89,3.70,88.00
Sun 03/05/2026 - 21:39:52,22.98,62.35,1029.87,3.70,88.00
Sun 03/05/2026 - 21:40:26,22.99,62.40,1029.88,3.70,88.00
Sun 03/05/2026 - 21:41:00,22.98,62.36,1029.84,3.70,88.00
Sun 03/05/2026 - 21:41:34,22.98,62.43,1029.87,3.70,88.00
Sun 03/05/2026 - 21:42:08,22.99,62.36,1029.83,3.70,88.00
Sun 03/05/2026 - 21:42:42,22.93,62.68,1029.87,3.70,88.00
Sun 03/05/2026 - 21:43:16,22.89,62.82,1029.86,3.70,88.00
Sun 03/05/2026 - 21:43:50,22.91,62.94,1029.94,3.70,88.00
Sun 03/05/2026 - 21:44:24,22.93,63.00,1029.86,3.70,88.00
Sun 03/05/2026 - 21:44:58,22.95,63.04,1029.90,3.70,88.00
Sun 03/05/2026 - 21:45:32,22.97,62.96,1029.82,3.69,88.00
Sun 03/05/2026 - 21:46:06,22.99,62.98,1029.86,3.70,88.00
Sun 03/05/2026 - 21:46:40,22.99,62.95,1029.83,3.70,88.00
Sun 03/05/2026 - 21:47:14,23.01,62.98,1029.86,3.70,88.00
Sun 03/05/2026 - 21:47:48,23.02,63.04,1029.91,3.70,88.00
Sun 03/05/2026 - 21:48:22,23.02,63.01,1029.85,3.70,88.00
Sun 03/05/2026 - 21:48:56,23.02,63.08,1029.86,3.70,88.00
Sun 03/05/2026 - 21:49:30,23.05,63.01,1029.91,3.70,88.00
Sun 03/05/2026 - 21:50:04,23.05,63.08,1029.80,3.69,88.00
Sun 03/05/2026 - 21:50:37,23.06,63.10,1029.90,3.70,88.00
Sun 03/05/2026 - 21:51:11,23.07,63.15,1029.86,3.70,88.00
Sun 03/05/2026 - 21:51:45,23.06,63.15,1029.88,3.70,88.00
Sun 03/05/2026 - 21:52:19,23.07,63.17,1029.90,3.70,88.00
Sun 03/05/2026 - 21:52:53,23.07,63.22,1029.89,3.69,88.00
Sun 03/05/2026 - 21:53:27,23.09,63.26,1029.81,3.69,88.00
Sun 03/05/2026 - 21:54:01,23.08,63.24,1029.80,3.70,88.00
Sun 03/05/2026 - 21:54:35,23.09,63.27,1029.84,3.70,88.00
Sun 03/05/2026 - 21:55:09,23.09,63.44,1029.87,3.69,88.00
Sun 03/05/2026 - 21:55:43,23.10,63.42,1029.88,3.70,88.00
Sun 03/05/2026 - 21:56:17,23.11,63.58,1029.91,3.70,88.00
Sun 03/05/2026 - 21:56:51,23.12,63.69,1029.86,3.70,88.00
Sun 03/05/2026 - 21:57:25,23.13,63.64,1029.94,3.69,88.00
Sun 03/05/2026 - 21:57:59,23.14,63.58,1029.90,3.70,88.00
Sun 03/05/2026 - 21:58:33,23.15,63.70,1029.97,3.70,88.00
Sun 03/05/2026 - 21:59:07,23.15,63.64,1029.95,3.70,88.00
Sun 03/05/2026 - 21:59:41,23.17,63.63,1029.92,3.69,88.00
Sun 03/05/2026 - 22:00:15,23.16,63.59,1029.96,3.69,88.00
Sun 03/05/2026 - 22:00:49,23.16,63.49,1029.88,3.69,88.00
Sun 03/05/2026 - 22:01:22,23.16,63.40,1029.99,3.70,88.00
Sun 03/05/2026 - 22:01:56,23.17,63.42,1029.92,3.69,88.00
Sun 03/05/2026 - 22:02:30,23.17,63.41,1029.95,3.69,88.00
Sun 03/05/2026 - 22:03:04,23.16,63.39,1029.99,3.70,88.00
Sun 03/05/2026 - 22:03:38,23.16,63.35,1029.93,3.70,88.00
Sun 03/05/2026 - 22:04:12,23.18,63.33,1030.00,3.70,88.00
Sun 03/05/2026 - 22:04:46,23.18,63.27,1030.02,3.69,88.00
Sun 03/05/2026 - 22:05:20,23.17,63.24,1030.01,3.69,88.00
Sun 03/05/2026 - 22:05:54,23.17,63.24,1030.01,3.69,88.00
Sun 03/05/2026 - 22:06:28,23.17,63.15,1030.01,3.69,88.00
Sun 03/05/2026 - 22:07:02,23.18,63.14,1030.02,3.69,88.00
Sun 03/05/2026 - 22:07:36,23.18,63.09,1029.98,3.70,88.00
Sun 03/05/2026 - 22:08:10,23.17,63.08,1030.01,3.69,88.00
Sun 03/05/2026 - 22:08:44,23.17,63.08,1030.01,3.69,88.00
Sun 03/05/2026 - 22:09:18,23.14,63.15,1030.04,3.69,88.00
Sun 03/05/2026 - 22:09:52,23.16,63.17,1029.99,3.69,88.00
Sun 03/05/2026 - 22:10:26,23.16,63.15,1030.04,3.69,88.00
Sun 03/05/2026 - 22:11:00,23.18,63.13,1030.00,3.69,88.00
Sun 03/05/2026 - 22:11:34,23.17,63.06,1030.01,3.69,88.00
Sun 03/05/2026 - 22:12:07,23.17,63.04,1030.01,3.70,88.00
Sun 03/05/2026 - 22:12:41,23.15,63.03,1030.08,3.69,88.00
Sun 03/05/2026 - 22:13:15,23.15,63.16,1030.09,3.69,88.00
Sun 03/05/2026 - 22:13:49,23.15,63.15,1029.98,3.69,88.00
Sun 03/05/2026 - 22:14:23,23.16,63.05,1030.05,3.69,88.00
Sun 03/05/2026 - 22:14:57,23.13,63.28,1030.05,3.69,88.00
Sun 03/05/2026 - 22:15:31,23.14,63.61,1030.09,3.69,88.00
Sun 03/05/2026 - 22:16:05,23.16,63.80,1030.10,3.69,88.00
Sun 03/05/2026 - 22:16:39,23.18,63.72,1030.10,3.69,88.00
Sun 03/05/2026 - 22:17:13,23.20,63.68,1030.11,3.69,88.00
Sun 03/05/2026 - 22:17:47,23.21,63.81,1029.97,3.69,88.00
Sun 03/05/2026 - 22:18:21,23.22,63.74,1030.05,3.69,88.00
Sun 03/05/2026 - 22:18:55,23.24,63.87,1030.04,3.69,88.00
Sun 03/05/2026 - 22:19:29,23.26,63.87,1030.11,3.69,88.00
Sun 03/05/2026 - 22:20:03,23.26,63.90,1030.02,3.69,88.00
Sun 03/05/2026 - 22:20:37,23.28,63.97,1030.08,3.69,88.00
Sun 03/05/2026 - 22:21:11,23.29,64.08,1030.07,3.69,88.00
Sun 03/05/2026 - 22:21:45,23.29,63.79,1030.05,3.69,88.00
Sun 03/05/2026 - 22:22:19,23.29,63.90,1030.02,3.69,88.00
Sun 03/05/2026 - 22:22:52,23.30,63.94,1029.96,3.69,88.00
Sun 03/05/2026 - 22:23:26,23.31,63.92,1030.06,3.70,88.00
Sun 03/05/2026 - 22:24:00,23.32,63.91,1030.05,3.69,88.00
Sun 03/05/2026 - 22:24:34,23.35,64.00,1030.04,3.69,88.00
Sun 03/05/2026 - 22:25:08,23.35,63.98,1030.09,3.69,88.00
Sun 03/05/2026 - 22:25:42,23.37,63.94,1030.10,3.69,88.00
Sun 03/05/2026 - 22:26:16,23.36,64.01,1030.09,3.69,88.00
Sun 03/05/2026 - 22:26:50,23.37,64.19,1030.08,3.69,88.00
Sun 03/05/2026 - 22:27:24,23.37,64.13,1030.08,3.69,88.00
Sun 03/05/2026 - 22:27:58,23.37,64.20,1030.13,3.69,88.00
Sun 03/05/2026 - 22:28:32,23.37,64.20,1030.16,3.69,88.00
Sun 03/05/2026 - 22:29:06,23.39,64.21,1030.14,3.69,88.00
Sun 03/05/2026 - 22:29:40,23.38,64.29,1030.10,3.69,88.00
Sun 03/05/2026 - 22:30:14,23.39,64.32,1030.11,3.69,88.00
Sun 03/05/2026 - 22:30:48,23.38,64.37,1030.14,3.69,88.00
Sun 03/05/2026 - 22:31:22,23.39,64.46,1030.20,3.69,88.00
Sun 03/05/2026 - 22:31:56,23.38,64.50,1030.15,3.69,88.00
Sun 03/05/2026 - 22:32:30,23.39,64.41,1030.17,3.69,88.00
Sun 03/05/2026 - 22:33:04,23.40,64.53,1030.19,3.69,88.00
Sun 03/05/2026 - 22:33:38,23.41,64.55,1030.09,3.69,88.00
Sun 03/05/2026 - 22:34:12,23.41,64.60,1030.09,3.69,88.00
Sun 03/05/2026 - 22:34:45,23.43,64.56,1030.13,3.69,88.00
Sun 03/05/2026 - 22:35:19,23.43,64.52,1030.13,3.69,88.00
Sun 03/05/2026 - 22:35:53,23.44,64.45,1030.12,3.69,88.00
Sun 03/05/2026 - 22:36:27,23.44,64.33,1030.04,3.69,88.00
Sun 03/05/2026 - 22:37:01,23.46,64.48,1030.10,3.69,88.00
Sun 03/05/2026 - 22:37:35,23.47,64.44,1030.14,3.69,88.00
Sun 03/05/2026 - 22:38:09,23.49,64.45,1030.20,3.69,88.00
Sun 03/05/2026 - 22:38:43,23.49,64.53,1030.21,3.69,88.00
Sun 03/05/2026 - 22:39:17,23.49,64.63,1030.18,3.69,88.00
Sun 03/05/2026 - 22:39:51,23.48,64.56,1030.13,3.69,88.00
Sun 03/05/2026 - 22:40:25,23.50,64.67,1030.19,3.69,88.00
Sun 03/05/2026 - 22:40:59,23.51,64.72,1030.23,3.69,88.00
Sun 03/05/2026 - 22:41:33,23.52,64.90,1030.23,3.69,88.00
Sun 03/05/2026 - 22:42:07,23.53,64.94,1030.27,3.69,88.00
Sun 03/05/2026 - 22:42:41,23.53,65.13,1030.19,3.69,88.00
Sun 03/05/2026 - 22:43:15,23.53,65.16,1030.25,3.69,88.00
Sun 03/05/2026 - 22:43:49,23.53,65.10,1030.17,3.69,88.00
Sun 03/05/2026 - 22:44:23,23.54,64.97,1030.26,3.69,88.00
Sun 03/05/2026 - 22:44:57,23.55,65.14,1030.23,3.69,88.00
Sun 03/05/2026 - 22:45:31,23.54,65.12,1030.24,3.69,88.00
Sun 03/05/2026 - 22:46:05,23.53,65.18,1030.19,3.69,88.00
Sun 03/05/2026 - 22:46:39,23.54,65.10,1030.21,3.69,88.00
Sun 03/05/2026 - 22:47:12,23.55,65.14,1030.22,3.69,88.00
Sun 03/05/2026 - 22:47:46,23.55,65.38,1030.23,3.69,88.00
Sun 03/05/2026 - 22:48:20,23.54,65.30,1030.21,3.69,88.00
Sun 03/05/2026 - 22:48:54,23.55,65.21,1030.17,3.69,88.00
Sun 03/05/2026 - 22:49:28,23.57,65.23,1030.20,3.69,88.00
Sun 03/05/2026 - 22:50:02,23.58,65.26,1030.16,3.69,88.00
Sun 03/05/2026 - 22:50:36,23.56,65.29,1030.14,3.69,88.00
Sun 03/05/2026 - 22:51:10,23.58,65.35,1030.20,3.69,88.00
Sun 03/05/2026 - 22:51:44,23.60,65.30,1030.14,3.69,88.00
Sun 03/05/2026 - 22:52:18,23.60,65.40,1030.14,3.69,88.00
Sun 03/05/2026 - 22:52:52,23.61,65.14,1030.21,3.69,88.00
Sun 03/05/2026 - 22:53:26,23.61,65.17,1030.19,3.69,88.00
Sun 03/05/2026 - 22:54:00,23.61,65.29,1030.16,3.69,88.00
Sun 03/05/2026 - 22:54:34,23.61,65.26,1030.19,3.69,88.00
Sun 03/05/2026 - 22:55:08,23.60,65.27,1030.20,3.69,88.00
Sun 03/05/2026 - 22:55:42,23.61,65.43,1030.17,3.69,88.00
Sun 03/05/2026 - 22:56:16,23.62,65.35,1030.13,3.69,88.00
Sun 03/05/2026 - 22:56:50,23.62,65.21,1030.12,3.69,88.00
Sun 03/05/2026 - 22:57:24,23.63,65.10,1030.20,3.69,88.00
Sun 03/05/2026 - 22:57:58,23.63,65.04,1030.26,3.69,88.00
Sun 03/05/2026 - 22:58:32,23.62,64.84,1030.20,3.69,88.00
Sun 03/05/2026 - 22:59:05,23.61,64.73,1030.22,3.69,88.00
Sun 03/05/2026 - 22:59:39,23.62,64.83,1030.23,3.69,88.00
Sun 03/05/2026 - 23:00:13,23.61,64.84,1030.21,3.69,88.00
Sun 03/05/2026 - 23:00:47,23.60,64.84,1030.20,3.69,88.00
Sun 03/05/2026 - 23:01:21,23.60,64.74,1030.31,3.69,88.00
Sun 03/05/2026 - 23:01:55,23.60,64.69,1030.22,3.69,88.00
Sun 03/05/2026 - 23:02:29,23.60,64.56,1030.25,3.69,88.00
Sun 03/05/2026 - 23:03:03,23.58,64.80,1030.28,3.69,88.00
Sun 03/05/2026 - 23:03:37,23.58,65.39,1030.33,3.69,88.00
Sun 03/05/2026 - 23:04:11,23.60,65.47,1030.26,3.69,88.00
Sun 03/05/2026 - 23:04:45,23.62,65.28,1030.29,3.69,88.00
Sun 03/05/2026 - 23:05:19,23.61,65.06,1030.25,3.69,88.00
Sun 03/05/2026 - 23:05:53,23.63,65.18,1030.28,3.69,88.00
Sun 03/05/2026 - 23:06:27,23.63,65.16,1030.28,3.69,88.00
Sun 03/05/2026 - 23:07:01,23.64,65.20,1030.27,3.69,88.00
Sun 03/05/2026 - 23:07:35,23.64,65.15,1030.27,3.69,88.00
Sun 03/05/2026 - 23:08:09,23.65,65.14,1030.21,3.69,88.00
Sun 03/05/2026 - 23:08:43,23.67,65.21,1030.31,3.69,88.00
Sun 03/05/2026 - 23:09:17,23.68,65.21,1030.36,3.69,88.00
Sun 03/05/2026 - 23:09:51,23.69,65.21,1030.29,3.69,88.00
Sun 03/05/2026 - 23:10:25,23.70,65.13,1030.36,3.69,88.00
Sun 03/05/2026 - 23:10:59,23.69,64.99,1030.37,3.69,88.00
Sun 03/05/2026 - 23:11:33,23.68,64.84,1030.31,3.69,88.00
Sun 03/05/2026 - 23:12:07,23.67,64.64,1030.35,3.69,88.00
Sun 03/05/2026 - 23:12:41,23.66,64.56,1030.33,3.69,88.00
Sun 03/05/2026 - 23:13:14,23.65,64.52,1030.43,3.69,88.00
Sun 03/05/2026 - 23:13:48,23.66,64.50,1030.36,3.69,88.00
Sun 03/05/2026 - 23:14:22,23.66,64.50,1030.38,3.69,88.00
Sun 03/05/2026 - 23:14:56,23.65,64.43,1030.32,3.69,88.00
Sun 03/05/2026 - 23:15:30,23.67,64.38,1030.34,3.69,88.00
Sun 03/05/2026 - 23:16:04,23.65,64.39,1030.40,3.69,88.00
Sun 03/05/2026 - 23:16:38,23.64,64.33,1030.41,3.69,88.00
Sun 03/05/2026 - 23:17:12,23.65,64.29,1030.35,3.69,88.00
Sun 03/05/2026 - 23:17:46,23.64,64.26,1030.36,3.69,88.00
Sun 03/05/2026 - 23:18:20,23.64,64.22,1030.33,3.69,88.00
Sun 03/05/2026 - 23:18:54,23.65,64.19,1030.39,3.69,88.00
Sun 03/05/2026 - 23:19:28,23.64,64.17,1030.44,3.69,88.00
Sun 03/05/2026 - 23:20:02,23.63,64.13,1030.39,3.69,88.00
Sun 03/05/2026 - 23:20:36,23.63,64.13,1030.42,3.69,88.00
Sun 03/05/2026 - 23:21:10,23.63,64.08,1030.37,3.69,88.00
Sun 03/05/2026 - 23:21:44,23.63,64.05,1030.37,3.69,88.00
Sun 03/05/2026 - 23:22:18,23.62,64.06,1030.35,3.69,88.00
Sun 03/05/2026 - 23:22:52,23.62,64.07,1030.38,3.69,88.00
Sun 03/05/2026 - 23:23:26,23.61,64.04,1030.36,3.69,88.00
Sun 03/05/2026 - 23:24:00,23.62,64.01,1030.32,3.69,88.00
Sun 03/05/2026 - 23:24:34,23.62,63.99,1030.29,3.69,88.00
Sun 03/05/2026 - 23:25:08,23.61,63.94,1030.33,3.69,88.00
Sun 03/05/2026 - 23:25:41,23.60,63.94,1030.31,3.69,88.00
Sun 03/05/2026 - 23:26:15,23.61,63.91,1030.33,3.69,88.00
Sun 03/05/2026 - 23:26:49,23.60,63.92,1030.28,3.69,88.00
Sun 03/05/2026 - 23:27:23,23.60,63.93,1030.40,3.69,88.00
Sun 03/05/2026 - 23:27:57,23.60,63.93,1030.36,3.69,88.00
Sun 03/05/2026 - 23:28:31,23.59,63.90,1030.30,3.69,88.00
Sun 03/05/2026 - 23:29:05,23.57,63.88,1030.34,3.69,88.00
Sun 03/05/2026 - 23:29:39,23.59,63.88,1030.41,3.69,88.00
Sun 03/05/2026 - 23:30:13,23.57,63.87,1030.34,3.69,88.00
Sun 03/05/2026 - 23:30:47,23.57,63.90,1030.40,3.69,88.00
Sun 03/05/2026 - 23:31:21,23.58,63.89,1030.38,3.69,88.00
Sun 03/05/2026 - 23:31:55,23.57,63.87,1030.43,3.69,88.00
Sun 03/05/2026 - 23:32:29,23.56,63.86,1030.38,3.69,88.00
Sun 03/05/2026 - 23:33:03,23.57,63.83,1030.32,3.69,88.00
Sun 03/05/2026 - 23:33:37,23.56,63.89,1030.41,3.69,88.00
Sun 03/05/2026 - 23:34:11,23.56,63.86,1030.43,3.69,88.00
Sun 03/05/2026 - 23:34:45,23.56,63.89,1030.41,3.69,88.00
Sun 03/05/2026 - 23:35:19,23.57,63.85,1030.42,3.69,88.00
Sun 03/05/2026 - 23:35:53,23.56,63.85,1030.49,3.69,88.00
Sun 03/05/2026 - 23:36:27,23.55,63.70,1030.39,3.69,88.00
Sun 03/05/2026 - 23:37:01,23.54,63.67,1030.48,3.69,88.00
Sun 03/05/2026 - 23:37:35,23.53,63.66,1030.41,3.69,88.00
Sun 03/05/2026 - 23:38:09,23.52,63.71,1030.45,3.69,88.00
Sun 03/05/2026 - 23:38:42,23.52,63.66,1030.49,3.69,88.00
Sun 03/05/2026 - 23:39:16,23.51,63.63,1030.53,3.69,88.00
Sun 03/05/2026 - 23:39:50,23.49,63.68,1030.42,3.69,88.00
Sun 03/05/2026 - 23:40:24,23.49,63.70,1030.45,3.69,88.00
Sun 03/05/2026 - 23:40:58,23.50,63.69,1030.44,3.69,88.00
Sun 03/05/2026 - 23:41:32,23.48,63.65,1030.38,3.69,88.00
Sun 03/05/2026 - 23:42:06,23.47,63.65,1030.36,3.69,88.00
Sun 03/05/2026 - 23:42:40,23.47,63.67,1030.41,3.69,88.00
Sun 03/05/2026 - 23:43:14,23.47,63.69,1030.42,3.69,88.00
Sun 03/05/2026 - 23:43:48,23.45,63.67,1030.44,3.69,88.00
Sun 03/05/2026 - 23:44:22,23.46,63.67,1030.36,3.69,88.00
Sun 03/05/2026 - 23:44:56,23.46,63.63,1030.40,3.69,88.00
Sun 03/05/2026 - 23:45:30,23.43,63.64,1030.43,3.69,88.00
Sun 03/05/2026 - 23:46:04,23.41,63.65,1030.41,3.69,88.00
Sun 03/05/2026 - 23:46:38,23.38,64.06,1030.45,3.69,88.00
Sun 03/05/2026 - 23:47:12,23.34,64.32,1030.45,3.69,88.00
Sun 03/05/2026 - 23:47:46,23.36,64.34,1030.44,3.69,88.00
Sun 03/05/2026 - 23:48:20,23.36,64.32,1030.49,3.69,88.00
Sun 03/05/2026 - 23:48:54,23.36,64.37,1030.42,3.69,88.00
Sun 03/05/2026 - 23:49:28,23.37,64.43,1030.40,3.69,88.00
Sun 03/05/2026 - 23:50:02,23.37,64.51,1030.49,3.69,88.00
Sun 03/05/2026 - 23:50:36,23.39,64.65,1030.51,3.69,88.00
Sun 03/05/2026 - 23:51:10,23.37,64.70,1030.46,3.69,88.00
Sun 03/05/2026 - 23:51:44,23.36,64.61,1030.47,3.69,88.00
Sun 03/05/2026 - 23:52:18,23.36,64.65,1030.49,3.69,88.00
Sun 03/05/2026 - 23:52:52,23.36,64.79,1030.44,3.69,88.00
Sun 03/05/2026 - 23:53:25,23.37,65.06,1030.45,3.69,88.00
Sun 03/05/2026 - 23:53:59,23.35,65.03,1030.53,3.69,88.00
Sun 03/05/2026 - 23:54:33,23.34,65.05,1030.52,3.69,88.00
Sun 03/05/2026 - 23:55:07,23.36,65.21,1030.54,3.69,88.00
Sun 03/05/2026 - 23:55:41,23.34,65.18,1030.57,3.69,88.00
Sun 03/05/2026 - 23:56:15,23.33,65.06,1030.47,3.69,88.00
Sun 03/05/2026 - 23:56:49,23.33,65.13,1030.49,3.69,88.00
Sun 03/05/2026 - 23:57:23,23.34,65.10,1030.45,3.69,88.00
Sun 03/05/2026 - 23:57:57,23.33,65.11,1030.49,3.69,88.00
Sun 03/05/2026 - 23:58:31,23.33,65.23,1030.50,3.69,88.00
Sun 03/05/2026 - 23:59:05,23.33,65.24,1030.53,3.69,88.00
Sun 03/05/2026 - 23:59:39,23.32,65.35,1030.45,3.69,88.00
